eid1,uid1,start1,delta1,flags1,eid2,uid2,start2,delta2,flags2,gap,eid_diff
223334,2000078761,162632,556,460041,221229,2000070539,185432,556,000000,22800,-2105
221229,2000070539,185432,556,000000,222481,2000076293,271600,534,320032,86168,1252
222481,2000076293,271600,534,320032,223011,2000077664,337360,417,000000,65760,530
223011,2000077664,337360,417,000000,224654,2000082879,439849,596,420042,102489,1643
224654,2000082879,439849,596,420042,223590,2000079360,445492,546,0a000a,5643,-1064
223590,2000079360,445492,546,0a000a,224638,2000082847,490717,586,370037,45225,1048
224638,2000082847,490717,586,370037,224346,2000082153,495052,551,2d002d,4335,-292
224346,2000082153,495052,551,2d002d,221015,2000069697,510257,652,000000,15205,-3331
221015,2000069697,510257,652,000000,221304,2000070696,511491,645,000000,1234,289
221304,2000070696,511491,645,000000,220941,2000069276,512148,556,000000,657,-363
220941,2000069276,512148,556,000000,221634,2000072019,512993,652,000000,845,693
221634,2000072019,512993,652,000000,222029,2000073577,728898,605,240047,215905,395
222029,2000073577,728898,605,240047,221265,2000070592,807719,580,000000,78821,-764
221265,2000070592,807719,580,000000,222775,2000077000,893731,564,4b0064,86012,1510
222775,2000077000,893731,564,4b0064,223582,2000079343,901652,527,500055,7921,807
223582,2000079343,901652,527,500055,224112,2000081317,936412,556,410046,34760,530
224112,2000081317,936412,556,410046,222623,2000076610,1003345,546,000000,66933,-1489
222623,2000076610,1003345,546,000000,222730,2000076887,1025757,417,000000,22412,107
222730,2000076887,1025757,417,000000,224497,2000082535,1885634,534,3d003d,859877,1767
224497,2000082535,1885634,534,3d003d,224974,2000083552,1910442,571,3a003a,24808,477
224974,2000083552,1910442,571,3a003a,222570,2000076467,1915399,534,3a003a,4957,-2404
222570,2000076467,1915399,534,3a003a,223038,2000077735,2052325,532,300030,136926,468
223038,2000077735,2052325,532,300030,220833,2000068955,2065895,534,3b003b,13570,-2205
220833,2000068955,2065895,534,3b003b,222369,2000075968,2139118,534,3a003a,73223,1536
222369,2000075968,2139118,534,3a003a,223805,2000079966,2184987,534,380038,45869,1436
223805,2000079966,2184987,534,380038,222567,2000076461,2188093,534,380038,3106,-1238
222567,2000076461,2188093,534,380038,224801,2000083176,2284686,534,360036,96593,2234
224801,2000083176,2284686,534,360036,222611,2000076574,2285232,534,360036,546,-2190
222611,2000076574,2285232,534,360036,222097,2000073917,2285778,564,2d002d,546,-514
222097,2000073917,2285778,564,2d002d,222096,2000073916,2286354,564,310031,576,-1
222096,2000073916,2286354,564,310031,220832,2000068954,2286930,534,3b003b,576,-1264
220832,2000068954,2286930,534,3b003b,223036,2000077731,2357738,532,2d002d,70808,2204
223036,2000077731,2357738,532,2d002d,222956,2000077483,2433789,539,2d002d,76051,-80
222956,2000077483,2433789,539,2d002d,224360,2000082202,2473241,571,2b002b,39452,1404
224360,2000082202,2473241,571,2b002b,224362,2000082211,2501741,534,230023,28500,2
224362,2000082211,2501741,534,230023,221550,2000071799,2517821,564,2d002d,16080,-2812
221550,2000071799,2517821,564,2d002d,222951,2000077469,2528667,534,370037,10846,1401
222951,2000077469,2528667,534,370037,222704,2000076813,2570027,564,280028,41360,-247
222704,2000076813,2570027,564,280028,221730,2000072273,2577545,564,2c002c,7518,-974
221730,2000072273,2577545,564,2c002c,223026,2000077703,2612738,527,2b002b,35193,1296
223026,2000077703,2612738,527,2b002b,223804,2000079965,2622113,564,280028,9375,778
223804,2000079965,2622113,564,280028,224499,2000082543,2629180,557,2b002b,7067,695
224499,2000082543,2629180,557,2b002b,224501,2000082549,2649511,556,260026,20331,2
224501,2000082549,2649511,556,260026,223031,2000077724,2651133,564,2a002a,1622,-1470
223031,2000077724,2651133,564,2a002a,222092,2000073899,2665619,564,230023,14486,-939
222092,2000073899,2665619,564,230023,221970,2000073241,2672796,564,240024,7177,-122
221970,2000073241,2672796,564,240024,222955,2000077482,2695397,538,290029,22601,985
222955,2000077482,2695397,538,290029,223039,2000077737,2705330,534,3d003d,9933,84
223039,2000077737,2705330,534,3d003d,221971,2000073243,2761355,564,280028,56025,-1068
221971,2000073243,2761355,564,280028,223802,2000079948,2802977,564,270027,41622,1831
223802,2000079948,2802977,564,270027,220956,2000069345,2859022,564,240024,56045,-2846
220956,2000069345,2859022,564,240024,222571,2000076468,2902975,564,1e001e,43953,1615
222571,2000076468,2902975,564,1e001e,222091,2000073897,2937852,564,190019,34877,-480
222091,2000073897,2937852,564,190019,221875,2000072602,2964026,564,190019,26174,-216
221875,2000072602,2964026,564,190019,221901,2000072699,2967860,564,1d001d,3834,26
221901,2000072699,2967860,564,1d001d,221897,2000072689,2970436,564,1c001c,2576,-4
221897,2000072689,2970436,564,1c001c,222055,2000073778,2974842,527,1c001c,4406,158
222055,2000073778,2974842,527,1c001c,220893,2000069154,2981945,564,1a001a,7103,-1162
220893,2000069154,2981945,564,1a001a,222093,2000073903,2984160,527,140014,2215,1200
222093,2000073903,2984160,527,140014,222090,2000073892,2997791,564,160016,13631,-3
222090,2000073892,2997791,564,160016,221917,2000072815,2998943,564,140014,1152,-173
221917,2000072815,2998943,564,140014,221899,2000072691,3003467,564,150015,4524,-18
221899,2000072691,3003467,564,150015,221921,2000072829,3009673,564,140014,6206,22
221921,2000072829,3009673,564,140014,221918,2000072826,3010249,564,130013,576,-3
221918,2000072826,3010249,564,130013,220840,2000068970,3011303,564,160016,1054,-1078
220840,2000068970,3011303,564,160016,221898,2000072690,3013439,564,140014,2136,1058
221898,2000072690,3013439,564,140014,221900,2000072698,3014591,564,120012,1152,2
221900,2000072698,3014591,564,120012,221920,2000072828,3019188,564,100010,4597,20
221920,2000072828,3019188,564,100010,221919,2000072827,3022041,534,110011,2853,-1
221919,2000072827,3022041,534,110011,224575,2000082730,3416602,574,590059,394561,2656
224575,2000082730,3416602,574,590059,224536,2000082637,3417188,544,590059,586,-39
224536,2000082637,3417188,544,590059,223632,2000079445,3726230,569,4c004c,309042,-904
223632,2000079445,3726230,569,4c004c,223437,2000078961,3730091,539,4c004c,3861,-195
223437,2000078961,3730091,539,4c004c,224192,2000081582,3808918,532,4a004a,78827,755
224192,2000081582,3808918,532,4a004a,221154,2000070322,3887478,569,480048,78560,-3038
221154,2000070322,3887478,569,480048,224166,2000081470,4065807,532,430043,178329,3012
224166,2000081470,4065807,532,430043,223157,2000078100,4176202,534,410041,110395,-1009
223157,2000078100,4176202,534,410041,224616,2000082792,4212244,574,400040,36042,1459
224616,2000082792,4212244,574,400040,225267,2000084369,4520363,534,460046,308119,651
225267,2000084369,4520363,534,460046,222954,2000077479,5380217,539,460050,859854,-2313
222954,2000077479,5380217,539,460050,223212,2000078254,5661406,124,230000,281189,258
223212,2000078254,5661406,124,230000,224083,2000081136,5667302,534,4b0055,5896,871
224083,2000081136,5667302,534,4b0055,223363,2000078824,5733618,534,550055,66316,-720
223363,2000078824,5733618,534,550055,224479,2000082490,5754969,534,580058,21351,1116
224479,2000082490,5754969,534,580058,222631,2000076624,5757506,131,230000,2537,-1848
222631,2000076624,5757506,131,230000,222218,2000074810,5759813,527,580058,2307,-413
222218,2000074810,5759813,527,580058,222619,2000076606,5762500,534,580058,2687,401
222619,2000076606,5762500,534,580058,223598,2000079386,5787732,124,230000,25232,979
223598,2000079386,5787732,124,230000,224122,2000081339,5787868,534,580058,136,524
224122,2000081339,5787868,534,580058,224121,2000081336,5798256,527,580058,10388,-1
224121,2000081336,5798256,527,580058,222327,2000075691,5803085,534,580058,4829,-1794
222327,2000075691,5803085,534,580058,222336,2000075722,5803631,534,580058,546,9
222336,2000075722,5803631,534,580058,222325,2000075662,5811635,534,580058,8004,-11
222325,2000075662,5811635,534,580058,223863,2000080156,5815437,527,580058,3802,1538
223863,2000080156,5815437,527,580058,220867,2000069049,5822508,534,580058,7071,-2996
220867,2000069049,5822508,534,580058,223817,2000080039,5823435,534,580058,927,2950
223817,2000080039,5823435,534,580058,220993,2000069647,5824993,417,580058,1558,-2824
220993,2000069647,5824993,417,580058,220994,2000069651,5825422,534,580058,429,1
220994,2000069651,5825422,534,580058,220995,2000069652,5825968,534,580058,546,1
220995,2000069652,5825968,534,580058,220996,2000069653,5826514,534,580058,546,1
220996,2000069653,5826514,534,580058,222357,2000075881,5830295,534,550055,3781,1361
222357,2000075881,5830295,534,550055,222625,2000076614,5847556,534,580058,17261,268
222625,2000076614,5847556,534,580058,222957,2000077484,5848919,534,580058,1363,332
222957,2000077484,5848919,534,580058,225136,2000084078,5852137,537,580058,3218,2179
225136,2000084078,5852137,537,580058,222801,2000077103,5854726,534,580058,2589,-2335
222801,2000077103,5854726,534,580058,222633,2000076630,5859447,124,230000,4721,-168
222633,2000076630,5859447,124,230000,222632,2000076626,5859986,131,230000,539,-1
222632,2000076626,5859986,131,230000,221504,2000071493,5869129,623,580058,9143,-1128
221504,2000071493,5869129,623,580058,221788,2000072405,5870310,527,500050,1181,284
221788,2000072405,5870310,527,500050,222126,2000074122,5875450,534,550055,5140,338
222126,2000074122,5875450,534,550055,222127,2000074123,5876579,534,550055,1129,1
222127,2000074123,5876579,534,550055,222147,2000074290,5878082,527,580058,1503,20
222147,2000074290,5878082,527,580058,222167,2000074469,5879087,527,550055,1005,20
222167,2000074469,5879087,527,550055,222199,2000074670,5880748,534,580058,1661,32
222199,2000074670,5880748,534,580058,222621,2000076608,5881294,534,580058,546,422
222621,2000076608,5881294,534,580058,224633,2000082841,5882845,534,580058,1551,2012
224633,2000082841,5882845,534,580058,221001,2000069658,5900433,534,570057,17588,-3632
221001,2000069658,5900433,534,570057,223920,2000080415,5911205,534,570057,10772,2919
223920,2000080415,5911205,534,570057,222234,2000074925,5972821,534,550055,61616,-1686
222234,2000074925,5972821,534,550055,222235,2000074926,5975538,534,550055,2717,1
222235,2000074926,5975538,534,550055,222237,2000074946,5977211,527,550055,1673,2
222237,2000074946,5977211,527,550055,223116,2000078019,5992729,527,550055,15518,879
223116,2000078019,5992729,527,550055,222996,2000077633,5995632,532,550055,2903,-120
222996,2000077633,5995632,532,550055,222800,2000077100,5998868,534,550055,3236,-196
222800,2000077100,5998868,534,550055,225074,2000083929,5999897,534,550055,1029,2274
225074,2000083929,5999897,534,550055,225073,2000083928,6009452,527,550055,9555,-1
225073,2000083928,6009452,527,550055,224632,2000082840,6014345,534,550055,4893,-441
224632,2000082840,6014345,534,550055,224477,2000082482,6020700,534,550055,6355,-155
224477,2000082482,6020700,534,550055,224185,2000081556,6026846,534,550055,6146,-292
224185,2000081556,6026846,534,550055,224085,2000081150,6036712,534,550055,9866,-100
224085,2000081150,6036712,534,550055,224084,2000081149,6038112,534,550055,1400,-1
224084,2000081149,6038112,534,550055,224076,2000081100,6039131,534,550055,1019,-8
224076,2000081100,6039131,534,550055,223921,2000080417,6040284,551,550055,1153,-155
223921,2000080417,6040284,551,550055,223819,2000080041,6042032,534,550055,1748,-102
223819,2000080041,6042032,534,550055,223818,2000080040,6043806,534,550055,1774,-1
223818,2000080040,6043806,534,550055,222418,2000076078,6070662,534,550055,26856,-1400
222418,2000076078,6070662,534,550055,223526,2000079187,6074629,546,550055,3967,1108
223526,2000079187,6074629,546,550055,223525,2000079186,6075187,534,550055,558,-1
223525,2000079186,6075187,534,550055,223524,2000079185,6084046,534,550055,8859,-1
223524,2000079185,6084046,534,550055,222610,2000076569,6088548,527,550055,4502,-914
222610,2000076569,6088548,527,550055,222417,2000076077,6092995,527,550055,4447,-193
222417,2000076077,6092995,527,550055,222618,2000076604,6093534,534,550055,539,201
222618,2000076604,6093534,534,550055,223323,2000078699,6100271,534,550055,6737,705
223323,2000078699,6100271,534,550055,220997,2000069654,6113683,527,550055,13412,-2326
220997,2000069654,6113683,527,550055,220998,2000069655,6114222,534,550055,539,1
220998,2000069655,6114222,534,550055,220999,2000069656,6114768,534,550055,546,1
220999,2000069656,6114768,534,550055,221000,2000069657,6115314,534,550055,546,1
221000,2000069657,6115314,534,550055,221002,2000069659,6118979,534,550055,3665,2
221002,2000069659,6118979,534,550055,221021,2000069714,6119525,534,550055,546,19
221021,2000069714,6119525,534,550055,222609,2000076567,6120918,534,550055,1393,1588
222609,2000076567,6120918,534,550055,221022,2000069727,6123015,534,550055,2097,-1587
221022,2000069727,6123015,534,550055,222573,2000076474,6123561,527,550055,546,1551
222573,2000076474,6123561,527,550055,221025,2000069740,6125408,534,550055,1847,-1548
221025,2000069740,6125408,534,550055,222519,2000076393,6128081,527,550055,2673,1494
222519,2000076393,6128081,527,550055,222485,2000076313,6136742,534,550055,8661,-34
222485,2000076313,6136742,534,550055,221026,2000069744,6139275,534,550055,2533,-1459
221026,2000069744,6139275,534,550055,222399,2000076050,6143196,527,550055,3921,1373
222399,2000076050,6143196,527,550055,221182,2000070422,6147329,534,550055,4133,-1217
221182,2000070422,6147329,534,550055,222397,2000076045,6153054,527,550055,5725,1215
222397,2000076045,6153054,527,550055,222484,2000076312,6156413,534,550055,3359,87
222484,2000076312,6156413,534,550055,221185,2000070425,6159639,534,550055,3226,-1299
221185,2000070425,6159639,534,550055,225143,2000084098,6164336,534,550055,4697,3958
225143,2000084098,6164336,534,550055,222483,2000076308,6164882,527,550055,546,-2660
222483,2000076308,6164882,527,550055,222470,2000076278,6172986,527,550055,8104,-13
222470,2000076278,6172986,527,550055,222215,2000074784,6180678,527,550055,7692,-255
222215,2000074784,6180678,527,550055,222216,2000074786,6182144,541,550055,1466,1
222216,2000074786,6182144,541,550055,222435,2000076139,6185904,527,550055,3760,219
222435,2000076139,6185904,527,550055,222419,2000076080,6186916,527,550055,1012,-16
222419,2000076080,6186916,527,550055,222367,2000075960,6190215,527,550055,3299,-52
222367,2000075960,6190215,527,550055,221183,2000070423,6203215,534,550055,13000,-1184
221183,2000070423,6203215,534,550055,221181,2000070413,6295404,534,500050,92189,-2
221181,2000070413,6295404,534,500050,222179,2000074525,6408029,527,4c004c,112625,998
222179,2000074525,6408029,527,4c004c,222601,2000076535,6420258,417,410041,12229,422
222601,2000076535,6420258,417,410041,221891,2000072665,6473039,561,0f0032,52781,-710
221891,2000072665,6473039,561,0f0032,224356,2000082193,6475168,527,000000,2129,2465
224356,2000082193,6475168,527,000000,224996,2000083632,6485158,527,000000,9990,640
224996,2000083632,6485158,527,000000,223564,2000079314,7081388,551,410041,596230,-1432
223564,2000079314,7081388,551,410041,222209,2000074731,7169571,534,460046,88183,-1355
222209,2000074731,7169571,534,460046,223445,2000078987,7170117,534,460046,546,1236
223445,2000078987,7170117,534,460046,222768,2000076984,7237256,534,460046,67139,-677
222768,2000076984,7237256,534,460046,223462,2000079010,7344077,534,410041,106821,694
223462,2000079010,7344077,534,410041,222208,2000074723,7367057,534,410041,22980,-1254
222208,2000074723,7367057,534,410041,223472,2000079028,7520352,534,3c003c,153295,1264
223472,2000079028,7520352,534,3c003c,223785,2000079895,7538296,534,460046,17944,313
223785,2000079895,7538296,534,460046,223449,2000078997,7582925,534,370037,44629,-336
223449,2000078997,7582925,534,370037,223480,2000079040,7586729,534,3c003c,3804,31
223480,2000079040,7586729,534,3c003c,223477,2000079037,7587821,534,3c003c,1092,-3
223477,2000079037,7587821,534,3c003c,223448,2000078993,7588367,534,3c003c,546,-29
223448,2000078993,7588367,534,3c003c,223469,2000079024,7736699,534,370037,148332,21
223469,2000079024,7736699,534,370037,223481,2000079044,7737612,417,320032,913,12
223481,2000079044,7737612,417,320032,223456,2000079004,7919001,534,2d002d,181389,-25
223456,2000079004,7919001,534,2d002d,223119,2000078026,8146275,593,0f001e,227274,-337
223119,2000078026,8146275,593,0f001e,224325,2000082087,8181552,561,05001f,35277,1206
224325,2000082087,8181552,561,05001f,223294,2000078593,9281311,562,550055,1099759,-1031
223294,2000078593,9281311,562,550055,221355,2000070854,10205762,544,610061,924451,-1939
221355,2000070854,10205762,544,610061,223037,2000077732,10751885,588,3f003f,546123,1682
223037,2000077732,10751885,588,3f003f,223775,2000079854,11266320,564,580058,514435,738
223775,2000079854,11266320,564,580058,221954,2000073171,11457561,544,570057,191241,-1821
221954,2000073171,11457561,544,570057,222171,2000074506,11461348,574,570057,3787,217
222171,2000074506,11461348,574,570057,221947,2000073107,11652542,546,550055,191194,-224
221947,2000073107,11652542,546,550055,224721,2000083028,11661678,581,4b004b,9136,2774
224721,2000083028,11661678,581,4b004b,223979,2000080755,11739497,422,550055,77819,-742
223979,2000080755,11739497,422,550055,223974,2000080737,11745767,539,550055,6270,-5
223974,2000080737,11745767,539,550055,221915,2000072793,11753164,544,550055,7397,-2059
221915,2000072793,11753164,544,550055,223495,2000079066,11897440,544,540054,144276,1580
223495,2000079066,11897440,544,540054,224741,2000083064,11926352,557,540054,28912,1246
224741,2000083064,11926352,557,540054,224729,2000083038,12020163,576,4b004b,93811,-12
224729,2000083038,12020163,576,4b004b,221906,2000072706,12023382,582,530053,3219,-2823
221906,2000072706,12023382,582,530053,221869,2000072571,12027135,563,530053,3753,-37
221869,2000072571,12027135,563,530053,221709,2000072214,12129068,534,520052,101933,-160
221709,2000072214,12129068,534,520052,221774,2000072360,12129614,539,520052,546,65
221774,2000072360,12129614,539,520052,221965,2000073225,12134271,539,520052,4657,191
221965,2000073225,12134271,539,520052,223568,2000079323,12164574,539,520052,30303,1603
223568,2000079323,12164574,539,520052,225178,2000084238,12383253,556,510051,218679,1610
225178,2000084238,12383253,556,510051,224897,2000083400,12453877,532,500050,70624,-281
224897,2000083400,12453877,532,500050,222006,2000073455,12470726,417,500050,16849,-2891
222006,2000073455,12470726,417,500050,221708,2000072213,12621671,581,4e004e,150945,-298
221708,2000072213,12621671,581,4e004e,221953,2000073167,12671145,544,4d004d,49474,245
221953,2000073167,12671145,544,4d004d,223569,2000079325,12704552,534,4c004c,33407,1616
223569,2000079325,12704552,534,4c004c,223586,2000079353,12828478,532,4a004a,123926,17
223586,2000079353,12828478,532,4a004a,223570,2000079326,12845796,532,490049,17318,-16
223570,2000079326,12845796,532,490049,224447,2000082429,12853941,534,490049,8145,877
224447,2000082429,12853941,534,490049,224182,2000081549,12877087,532,480048,23146,-265
224182,2000081549,12877087,532,480048,222015,2000073487,12984745,532,460046,107658,-2167
222015,2000073487,12984745,532,460046,225249,2000084344,13040527,574,450045,55782,3234
225249,2000084344,13040527,574,450045,224452,2000082436,13109117,539,430043,68590,-797
224452,2000082436,13109117,539,430043,221905,2000072703,13134594,551,420042,25477,-2547
221905,2000072703,13134594,551,420042,225022,2000083706,13136111,537,420042,1517,3117
225022,2000083706,13136111,537,420042,224153,2000081425,13144024,549,420042,7913,-869
224153,2000081425,13144024,549,420042,224042,2000081001,13150027,544,420042,6003,-111
224042,2000081001,13150027,544,420042,222135,2000074217,13164233,532,410041,14206,-1907
222135,2000074217,13164233,532,410041,224802,2000083177,13181682,532,410041,17449,2667
224802,2000083177,13181682,532,410041,224181,2000081544,13183862,532,410041,2180,-621
224181,2000081544,13183862,532,410041,224082,2000081122,13212016,544,410041,28154,-99
224082,2000081122,13212016,544,410041,222137,2000074224,13228906,532,410041,16890,-1945
222137,2000074224,13228906,532,410041,221937,2000072949,13229450,580,410041,544,-200
221937,2000072949,13229450,580,410041,222136,2000074222,13235371,532,410041,5921,199
222136,2000074222,13235371,532,410041,224041,2000080993,13274418,544,3f003f,39047,1905
224041,2000080993,13274418,544,3f003f,224631,2000082839,13287117,544,3e003e,12699,590
224631,2000082839,13287117,544,3e003e,222189,2000074570,13330456,556,3c003c,43339,-2442
222189,2000074570,13330456,556,3c003c,224639,2000082848,13341296,549,3c003c,10840,2450
224639,2000082848,13341296,549,3c003c,224991,2000083605,13345595,539,3c003c,4299,352
224991,2000083605,13345595,539,3c003c,225026,2000083721,13349696,532,320037,4101,35
225026,2000083721,13349696,532,320037,224156,2000081432,13370174,574,3c003c,20478,-870
224156,2000081432,13370174,574,3c003c,221512,2000071609,13376480,544,3c003c,6306,-2644
221512,2000071609,13376480,544,3c003c,222366,2000075953,13393865,532,3c003c,17385,854
222366,2000075953,13393865,532,3c003c,225021,2000083705,13440132,532,3a003a,46267,2655
225021,2000083705,13440132,532,3a003a,223184,2000078174,13481349,537,370037,41217,-1837
223184,2000078174,13481349,537,370037,223587,2000079356,13495670,574,370037,14321,403
223587,2000079356,13495670,574,370037,224311,2000082049,13503750,539,370037,8080,724
224311,2000082049,13503750,539,370037,221372,2000071099,13552143,539,320032,48393,-2939
221372,2000071099,13552143,539,320032,225010,2000083670,13583970,527,320032,31827,3638
225010,2000083670,13583970,527,320032,222363,2000075890,13627485,544,2d002d,43515,-2647
222363,2000075890,13627485,544,2d002d,224314,2000082063,13632013,478,2c002c,4528,1951
224314,2000082063,13632013,478,2c002c,223860,2000080148,13640524,551,2a002a,8511,-454
223860,2000080148,13640524,551,2a002a,223849,2000080125,13641087,546,2a002a,563,-11
223849,2000080125,13641087,546,2a002a,222925,2000077364,13809371,422,000000,168284,-924
222925,2000077364,13809371,422,000000,221435,2000071257,16305738,564,610061,2496367,-1490
221435,2000071257,16305738,564,610061,225050,2000083817,16358425,588,500050,52687,3615
225050,2000083817,16358425,588,500050,224353,2000082178,16371556,570,530053,13131,-697
224353,2000082178,16371556,570,530053,222747,2000076931,16803024,571,000000,431468,-1606
222747,2000076931,16803024,571,000000,224582,2000082749,16843308,547,500050,40284,1835
224582,2000082749,16843308,547,500050,223733,2000079695,16846775,546,5d005d,3467,-849
223733,2000079695,16846775,546,5d005d,223366,2000078829,16994959,564,000000,148184,-367
223366,2000078829,16994959,564,000000,222595,2000076527,17272135,571,550055,277176,-771
222595,2000076527,17272135,571,550055,221455,2000071319,17274134,534,5a005a,1999,-1140
221455,2000071319,17274134,534,5a005a,225115,2000084019,17632831,534,280028,358697,3660
225115,2000084019,17632831,534,280028,222921,2000077346,17634567,564,000000,1736,-2194
222921,2000077346,17634567,564,000000,223752,2000079785,17659965,527,500050,25398,831
223752,2000079785,17659965,527,500050,223675,2000079530,17777469,534,580058,117504,-77
223675,2000079530,17777469,534,580058,224132,2000081374,17790970,534,460046,13501,457
224132,2000081374,17790970,534,460046,221453,2000071315,17961563,534,570057,170593,-2679
221453,2000071315,17961563,534,570057,221457,2000071321,17962109,546,570057,546,4
221457,2000071321,17962109,546,570057,222767,2000076982,17970825,564,000000,8716,1310
222767,2000076982,17970825,564,000000,225016,2000083691,17977306,534,570057,6481,2249
225016,2000083691,17977306,534,570057,225011,2000083679,17977852,564,570057,546,-5
225011,2000083679,17977852,564,570057,223033,2000077727,17979004,527,460046,1152,-1978
223033,2000077727,17979004,527,460046,223584,2000079348,17990608,564,000000,11604,551
223584,2000079348,17990608,564,000000,224124,2000081347,18000662,564,570057,10054,540
224124,2000081347,18000662,564,570057,221051,2000069800,18144197,564,320032,143535,-3073
221051,2000069800,18144197,564,320032,223029,2000077718,18151080,534,460046,6883,1978
223029,2000077718,18151080,534,460046,223260,2000078444,18155414,571,500050,4334,231
223260,2000078444,18155414,571,500050,223676,2000079534,18156597,558,560056,1183,416
223676,2000079534,18156597,558,560056,222170,2000074482,18325314,534,4c004c,168717,-1506
222170,2000074482,18325314,534,4c004c,225112,2000084011,18333383,534,280028,8069,2942
225112,2000084011,18333383,534,280028,225023,2000083708,18339909,564,550055,6526,-89
225023,2000083708,18339909,564,550055,222953,2000077478,18341460,454,480048,1551,-2070
222953,2000077478,18341460,454,480048,223111,2000077996,18345378,571,500050,3918,158
223111,2000077996,18345378,571,500050,223181,2000078166,18349247,534,550055,3869,70
223181,2000078166,18349247,534,550055,223183,2000078173,18357031,564,550055,7784,2
223183,2000078173,18357031,564,550055,223189,2000078187,18357607,534,550055,576,6
223189,2000078187,18357607,534,550055,223204,2000078235,18358582,564,460046,975,15
223204,2000078235,18358582,564,460046,223211,2000078252,18359158,534,460046,576,7
223211,2000078252,18359158,534,460046,224580,2000082745,18360726,559,460046,1568,1369
224580,2000082745,18360726,559,460046,223762,2000079816,18363056,534,550055,2330,-818
223762,2000079816,18363056,534,550055,223807,2000079970,18367958,564,410041,4902,45
223807,2000079970,18367958,564,410041,223899,2000080302,18371699,527,4a004a,3741,92
223899,2000080302,18371699,527,4a004a,223375,2000078845,18726164,600,000000,354465,-524
223375,2000078845,18726164,600,000000,223112,2000077997,18726776,564,4b004b,612,-263
223112,2000077997,18726776,564,4b004b,223109,2000077990,18727940,564,4b004b,1164,-3
223109,2000077990,18727940,564,4b004b,223073,2000077882,18728516,564,460046,576,-36
223073,2000077882,18728516,564,460046,223032,2000077725,18730275,534,460046,1759,-41
223032,2000077725,18730275,534,460046,223030,2000077720,18730821,534,410041,546,-2
223030,2000077720,18730821,534,410041,222599,2000076532,18731367,570,4b004b,546,-431
222599,2000076532,18731367,570,4b004b,223806,2000079967,18844650,564,3c003c,113283,1207
223806,2000079967,18844650,564,3c003c,221456,2000071320,18854546,534,530053,9896,-2350
221456,2000071320,18854546,534,530053,223986,2000080794,18856594,534,4b004b,2048,2530
223986,2000080794,18856594,534,4b004b,223957,2000080646,18864190,534,3c002d,7596,-29
223957,2000080646,18864190,534,3c002d,222794,2000077068,18876743,534,530053,12553,-1163
222794,2000077068,18876743,534,530053,223946,2000080609,18879355,564,3c0032,2612,1152
223946,2000080609,18879355,564,3c0032,224133,2000081379,18935971,534,400040,56616,187
224133,2000081379,18935971,534,400040,223209,2000078250,18957109,564,460046,21138,-924
223209,2000078250,18957109,564,460046,223155,2000078092,18971243,454,460046,14134,-54
223155,2000078092,18971243,454,460046,225109,2000084003,18972797,534,530053,1554,1954
225109,2000084003,18972797,534,530053,223105,2000077983,18985845,564,4b004b,13048,-2004
223105,2000077983,18985845,564,4b004b,223063,2000077841,19008674,534,530053,22829,-42
223063,2000077841,19008674,534,530053,223034,2000077728,19015063,527,400040,6389,-29
223034,2000077728,19015063,527,400040,224295,2000082012,19064380,527,520052,49317,1261
224295,2000082012,19064380,527,520052,224545,2000082660,19145240,564,520052,80860,250
224545,2000082660,19145240,564,520052,223201,2000078232,19148077,527,460046,2837,-1344
223201,2000078232,19148077,527,460046,224546,2000082662,19164423,564,520052,16346,1345
224546,2000082662,19164423,564,520052,224556,2000082688,19166004,564,520052,1581,10
224556,2000082688,19166004,564,520052,222572,2000076469,19227654,534,520052,61650,-1984
222572,2000076469,19227654,534,520052,222677,2000076748,19230566,534,460046,2912,105
222677,2000076748,19230566,534,460046,222088,2000073876,19291165,551,460046,60599,-589
222088,2000073876,19291165,551,460046,222908,2000077316,19294480,534,510051,3315,820
222908,2000077316,19294480,534,510051,223200,2000078231,19303282,564,460046,8802,292
223200,2000078231,19303282,564,460046,223064,2000077844,19311908,534,510051,8626,-136
223064,2000077844,19311908,534,510051,223206,2000078243,19325402,564,460046,13494,142
223206,2000078243,19325402,564,460046,222927,2000077373,19327573,534,510051,2171,-279
222927,2000077373,19327573,534,510051,223803,2000079961,19416308,534,320032,88735,876
223803,2000079961,19416308,534,320032,224983,2000083568,19419251,534,460046,2943,1180
224983,2000083568,19419251,534,460046,225243,2000084330,19422336,534,280028,3085,260
225243,2000084330,19422336,534,280028,222089,2000073887,19423170,576,410041,834,-3154
222089,2000073887,19423170,576,410041,221147,2000070248,19423758,546,320032,588,-942
221147,2000070248,19423758,546,320032,223898,2000080297,19499393,527,440044,75635,2751
223898,2000080297,19499393,527,440044,221641,2000072056,19571087,571,2f002f,71694,-2257
221641,2000072056,19571087,571,2f002f,224120,2000081335,19581255,417,460046,10168,2479
224120,2000081335,19581255,417,460046,224389,2000082283,19770385,534,3b003b,189130,269
224389,2000082283,19770385,534,3b003b,225116,2000084027,19842542,558,280028,72157,727
225116,2000084027,19842542,558,280028,223529,2000079194,19865969,534,31002a,23427,-1587
223529,2000079194,19865969,534,31002a,222204,2000074706,19936895,564,3a003a,70926,-1325
222204,2000074706,19936895,564,3a003a,222207,2000074713,19995154,534,370037,58259,3
222207,2000074713,19995154,534,370037,222286,2000075364,19995700,541,000000,546,79
222286,2000075364,19995700,541,000000,224635,2000082844,20000094,617,370037,4394,2349
224635,2000082844,20000094,617,370037,222617,2000076603,20004880,534,320032,4786,-2018
222617,2000076603,20004880,534,320032,223504,2000079107,20015095,551,000000,10215,887
223504,2000079107,20015095,551,000000,222205,2000074707,20025287,534,370037,10192,-1299
222205,2000074707,20025287,534,370037,223879,2000080204,20128570,417,000000,103283,1674
223879,2000080204,20128570,417,000000,222722,2000076867,21230187,534,000000,1101617,-1157
222722,2000076867,21230187,534,000000,222637,2000076652,21243036,534,000000,12849,-85
222637,2000076652,21243036,534,000000,222385,2000076001,21244697,590,000000,1661,-252
222385,2000076001,21244697,590,000000,223279,2000078510,21252764,527,000000,8067,894
223279,2000078510,21252764,527,000000,223278,2000078504,21278295,558,000000,25531,-1
223278,2000078504,21278295,558,000000,222489,2000076323,21294234,534,000000,15939,-789
222489,2000076323,21294234,534,000000,222426,2000076101,21325449,534,000000,31215,-63
222426,2000076101,21325449,534,000000,222636,2000076651,21330980,534,000000,5531,210
222636,2000076651,21330980,534,000000,222812,2000077146,21339410,534,000000,8430,176
222812,2000077146,21339410,534,000000,222810,2000077141,21349470,434,000000,10060,-2
222810,2000077141,21349470,434,000000,222473,2000076281,21351615,581,000000,2145,-337
222473,2000076281,21351615,581,000000,222726,2000076873,21352791,534,000000,1176,253
222726,2000076873,21352791,534,000000,222488,2000076321,21354478,564,000000,1687,-238
222488,2000076321,21354478,564,000000,222434,2000076135,21371300,534,000000,16822,-54
222434,2000076135,21371300,534,000000,221547,2000071795,21373580,534,000000,2280,-887
221547,2000071795,21373580,534,000000,222263,2000075141,21383409,534,000000,9829,716
222263,2000075141,21383409,534,000000,222386,2000076008,21383955,534,000000,546,123
222386,2000076008,21383955,534,000000,222469,2000076277,21386216,534,000000,2261,83
222469,2000076277,21386216,534,000000,222809,2000077140,21386762,534,000000,546,340
222809,2000077140,21386762,534,000000,222724,2000076870,21410473,534,000000,23711,-85
222724,2000076870,21410473,534,000000,222384,2000075997,21412593,527,000000,2120,-340
222384,2000075997,21412593,527,000000,222468,2000076275,21414315,534,000000,1722,84
222468,2000076275,21414315,534,000000,222811,2000077142,21415407,534,000000,1092,343
222811,2000077142,21415407,534,000000,221544,2000071782,21432402,558,000000,16995,-1267
221544,2000071782,21432402,558,000000,221082,2000069957,21460024,587,000000,27622,-462
221082,2000069957,21460024,587,000000,221131,2000070191,21463513,546,000000,3489,49
221131,2000070191,21463513,546,000000,222261,2000075123,21490034,534,000000,26521,1130
222261,2000075123,21490034,534,000000,222378,2000075984,21490580,534,000000,546,117
222378,2000075984,21490580,534,000000,222425,2000076100,21491126,534,000000,546,47
222425,2000076100,21491126,534,000000,222634,2000076649,21491672,546,000000,546,209
222634,2000076649,21491672,546,000000,222429,2000076119,21514905,546,000000,23233,-205
222429,2000076119,21514905,546,000000,222635,2000076650,21521783,534,000000,6878,206
222635,2000076650,21521783,534,000000,224064,2000081070,21522652,534,000000,869,1429
224064,2000081070,21522652,534,000000,222479,2000076288,21524829,534,000000,2177,-1585
222479,2000076288,21524829,534,000000,221642,2000072063,21529732,534,000000,4903,-837
221642,2000072063,21529732,534,000000,222471,2000076279,21539614,534,000000,9882,829
222471,2000076279,21539614,534,000000,221549,2000071797,21551173,534,000000,11559,-922
221549,2000071797,21551173,534,000000,222262,2000075131,21585484,534,000000,34311,713
222262,2000075131,21585484,534,000000,222383,2000075993,21586030,534,000000,546,121
222383,2000075993,21586030,534,000000,222432,2000076133,21588349,534,000000,2319,49
222432,2000076133,21588349,534,000000,222476,2000076285,21598644,534,000000,10295,44
222476,2000076285,21598644,534,000000,222475,2000076284,21600195,534,000000,1551,-1
222475,2000076284,21600195,534,000000,221132,2000070197,21605618,534,000000,5423,-1343
221132,2000070197,21605618,534,000000,222433,2000076134,21619067,534,000000,13449,1301
222433,2000076134,21619067,534,000000,221548,2000071796,21666848,534,000000,47781,-885
221548,2000071796,21666848,534,000000,222445,2000076160,21679164,534,000000,12316,897
222445,2000076160,21679164,534,000000,221133,2000070198,21680273,534,000000,1109,-1312
221133,2000070198,21680273,534,000000,222472,2000076280,21689876,534,000000,9603,1339
222472,2000076280,21689876,534,000000,221519,2000071676,21705514,558,000000,15638,-953
221519,2000071676,21705514,558,000000,221130,2000070190,21721355,534,000000,15841,-389
221130,2000070190,21721355,534,000000,221134,2000070201,21722294,534,000000,939,4
221134,2000070201,21722294,534,000000,222806,2000077127,21733669,534,000000,11375,1672
222806,2000077127,21733669,534,000000,222474,2000076282,21749780,551,000000,16111,-332
222474,2000076282,21749780,551,000000,221135,2000070204,21750343,534,000000,563,-1339
221135,2000070204,21750343,534,000000,221137,2000070206,21758920,534,000000,8577,2
221137,2000070206,21758920,534,000000,221128,2000070188,21759466,534,000000,546,-9
221128,2000070188,21759466,534,000000,221129,2000070189,21760012,534,000000,546,1
221129,2000070189,21760012,534,000000,221127,2000070186,21763024,534,000000,3012,-2
221127,2000070186,21763024,534,000000,222370,2000075969,22426502,598,380038,663478,1243
222370,2000075969,22426502,598,380038,223208,2000078246,22486124,634,4c0053,59622,838
223208,2000078246,22486124,634,4c0053,223362,2000078821,22710212,571,000000,224088,154
223362,2000078821,22710212,571,000000,223047,2000077787,22822341,527,000000,112129,-315
223047,2000077787,22822341,527,000000,221518,2000071673,23180155,564,000000,357814,-1529
221518,2000071673,23180155,564,000000,221552,2000071814,23475020,571,000000,294865,34
221552,2000071814,23475020,571,000000,224086,2000081153,23475603,583,000000,583,2534
224086,2000081153,23475603,583,000000,221789,2000072409,23477906,561,190019,2303,-2297
221789,2000072409,23477906,561,190019,222976,2000077574,23644988,551,140014,167082,1187
222976,2000077574,23644988,551,140014,223117,2000078024,23645551,556,280028,563,141
223117,2000078024,23645551,556,280028,222975,2000077571,23917070,534,230023,271519,-142
222975,2000077571,23917070,534,230023,223252,2000078378,23919258,534,00002b,2188,277
223252,2000078378,23919258,534,00002b,223929,2000080482,23941864,564,000000,22606,677
223929,2000080482,23941864,564,000000,221991,2000073293,24022934,581,000000,81070,-1938
221991,2000073293,24022934,581,000000,221992,2000073294,24045156,564,000000,22222,1
221992,2000073294,24045156,564,000000,221988,2000073286,24088078,557,000000,42922,-4
221988,2000073286,24088078,557,000000,222705,2000076815,24092592,551,230023,4514,717
222705,2000076815,24092592,551,230023,221983,2000073267,24272965,539,000000,180373,-722
221983,2000073267,24272965,539,000000,221979,2000073263,24277591,564,000000,4626,-4
221979,2000073263,24277591,564,000000,221993,2000073295,24278167,576,000000,576,14
221993,2000073295,24278167,576,000000,221995,2000073300,24312278,571,000000,34111,2
221995,2000073300,24312278,571,000000,221987,2000073279,24411558,576,000000,99280,-8
221987,2000073279,24411558,576,000000,222057,2000073780,24546065,564,000000,134507,70
222057,2000073780,24546065,564,000000,222398,2000076046,25691173,547,500050,1145108,341
222398,2000076046,25691173,547,500050,222407,2000076066,25712726,554,500050,21553,9
222407,2000076066,25712726,554,500050,222405,2000076063,25719774,554,4a004a,7048,-2
222405,2000076063,25719774,554,4a004a,222538,2000076419,25768279,547,50004e,48505,133
222538,2000076419,25768279,547,50004e,223377,2000078854,25897975,584,4e004e,129696,839
223377,2000078854,25897975,584,4e004e,222408,2000076067,25900104,554,4a004a,2129,-969
222408,2000076067,25900104,554,4a004a,222413,2000076073,25995682,554,480048,95578,5
222413,2000076073,25995682,554,480048,222598,2000076530,26001570,564,460046,5888,185
222598,2000076530,26001570,564,460046,223542,2000079245,26021169,547,460046,19599,944
223542,2000079245,26021169,547,460046,224909,2000083425,26026657,584,460046,5488,1367
224909,2000083425,26026657,584,460046,224864,2000083338,26044674,554,460046,18017,-45
224864,2000083338,26044674,554,460046,222403,2000076059,26052018,549,430043,7344,-2461
222403,2000076059,26052018,549,430043,222406,2000076064,26052579,549,460046,561,3
222406,2000076064,26052579,549,460046,222409,2000076068,26053762,554,4a004a,1183,3
222409,2000076068,26053762,554,4a004a,224910,2000083427,26261506,584,410041,207744,2501
224910,2000083427,26261506,584,410041,224873,2000083354,26262698,549,440044,1192,-37
224873,2000083354,26262698,549,440044,222604,2000076539,26263259,549,460046,561,-2269
222604,2000076539,26263259,549,460046,223911,2000080392,26272144,549,410041,8885,1307
223911,2000080392,26272144,549,410041,224862,2000083333,26292493,559,410041,20349,951
224862,2000083333,26292493,559,410041,224429,2000082395,26305093,554,000000,12600,-433
224429,2000082395,26305093,554,000000,224151,2000081422,26313914,554,410041,8821,-278
224151,2000081422,26313914,554,410041,222606,2000076544,26335522,549,410041,21608,-1545
222606,2000076544,26335522,549,410041,222603,2000076538,26336576,561,3c003c,1054,-3
222603,2000076538,26336576,561,3c003c,222400,2000076052,26342107,542,3c003c,5531,-203
222400,2000076052,26342107,542,3c003c,224867,2000083346,26351976,549,3e003e,9869,2467
224867,2000083346,26351976,549,3e003e,224895,2000083393,26388134,549,3c003c,36158,28
224895,2000083393,26388134,549,3c003c,224512,2000082580,26445473,564,000000,57339,-383
224512,2000082580,26445473,564,000000,224908,2000083423,26468094,595,370037,22621,396
224908,2000083423,26468094,595,370037,224640,2000082849,26473150,613,370037,5056,-268
224640,2000082849,26473150,613,370037,221800,2000072441,26494657,555,2d002d,21507,-2840
221800,2000072441,26494657,555,2d002d,225169,2000084181,26498025,562,280028,3368,3369
225169,2000084181,26498025,562,280028,220915,2000069207,26512129,566,000000,14104,-4254
220915,2000069207,26512129,566,000000,222315,2000075502,27022284,551,120012,510155,1400
222315,2000075502,27022284,551,120012,221045,2000069783,27293139,539,000000,270855,-1270
221045,2000069783,27293139,539,000000,221046,2000069786,27294792,539,000000,1653,1
221046,2000069786,27294792,539,000000,221047,2000069787,27324880,539,000000,30088,1
221047,2000069787,27324880,539,000000,221048,2000069788,27325431,539,000000,551,1
221048,2000069788,27325431,539,000000,221049,2000069790,27329118,539,000000,3687,1
221049,2000069790,27329118,539,000000,224128,2000081356,27334731,532,000000,5613,3079
224128,2000081356,27334731,532,000000,221358,2000071049,27335493,534,000000,762,-2770
221358,2000071049,27335493,534,000000,221053,2000069813,27353815,539,000000,18322,-305
221053,2000069813,27353815,539,000000,221054,2000069830,27363422,539,000000,9607,1
221054,2000069830,27363422,539,000000,222213,2000074778,27374493,539,000000,11071,1159
222213,2000074778,27374493,539,000000,224397,2000082304,27386675,564,000000,12182,2184
224397,2000082304,27386675,564,000000,224264,2000081950,27391659,534,000000,4984,-133
224264,2000081950,27391659,534,000000,224189,2000081571,27396887,546,000000,5228,-75
224189,2000081571,27396887,546,000000,222924,2000077357,27457858,557,000000,60971,-1265
222924,2000077357,27457858,557,000000,223707,2000079585,27520100,527,000000,62242,783
223707,2000079585,27520100,527,000000,223716,2000079604,27520639,527,000000,539,9
223716,2000079604,27520639,527,000000,223751,2000079784,27523958,532,000000,3319,35
223751,2000079784,27523958,532,000000,221027,2000069749,27664122,539,000000,140164,-2724
221027,2000069749,27664122,539,000000,221028,2000069750,27666064,551,000000,1942,1
221028,2000069750,27666064,551,000000,225122,2000084050,28424282,576,320032,758218,4094
225122,2000084050,28424282,576,320032,223388,2000078874,28444259,532,37003c,19977,-1734
223388,2000078874,28444259,532,37003c,224109,2000081313,28519394,576,320032,75135,721
224109,2000081313,28519394,576,320032,225278,2000084397,28591650,575,000000,72256,1169
225278,2000084397,28591650,575,000000,224328,2000082103,28784189,546,2d002d,192539,-950
224328,2000082103,28784189,546,2d002d,222823,2000077179,30028390,534,4f004f,1244201,-1505
222823,2000077179,30028390,534,4f004f,222827,2000077192,30031800,546,520052,3410,4
222827,2000077192,30031800,546,520052,222836,2000077207,30160413,534,490049,128613,9
222836,2000077207,30160413,534,490049,222826,2000077189,30161658,534,4b004b,1245,-10
222826,2000077189,30161658,534,4b004b,221925,2000072841,30164711,557,460046,3053,-901
221925,2000072841,30164711,557,460046,223274,2000078469,30236650,539,480048,71939,1349
223274,2000078469,30236650,539,480048,224247,2000081873,30242303,534,4a004a,5653,973
224247,2000081873,30242303,534,4a004a,224706,2000083000,30251912,527,000000,9609,459
224706,2000083000,30251912,527,000000,225134,2000084073,30252451,534,3f003f,539,428
225134,2000084073,30252451,534,3f003f,222832,2000077202,30272605,131,0d0000,20154,-2302
222832,2000077202,30272605,131,0d0000,222848,2000077225,30282720,534,480048,10115,16
222848,2000077225,30282720,534,480048,222838,2000077209,30302397,534,450045,19677,-10
222838,2000077209,30302397,534,450045,223267,2000078459,30303324,527,430043,927,429
223267,2000078459,30303324,527,430043,222842,2000077214,30308766,527,430043,5442,-425
222842,2000077214,30308766,527,430043,223963,2000080708,30327108,544,430043,18342,1121
223963,2000080708,30327108,544,430043,224020,2000080924,30331929,563,400040,4821,57
224020,2000080924,30331929,563,400040,222830,2000077199,30372516,534,3f003f,40587,-1190
222830,2000077199,30372516,534,3f003f,222840,2000077212,30384515,534,410041,11999,10
222840,2000077212,30384515,534,410041,222844,2000077217,30385061,534,440044,546,4
222844,2000077217,30385061,534,440044,223269,2000078462,30409963,534,440044,24902,425
223269,2000078462,30409963,534,440044,223264,2000078456,30423546,534,3f003f,13583,-5
223264,2000078456,30423546,534,3f003f,222859,2000077241,30428106,534,3c003c,4560,-405
222859,2000077241,30428106,534,3c003c,224236,2000081850,30446215,527,440044,18109,1377
224236,2000081850,30446215,527,440044,224245,2000081870,30451105,534,3f003f,4890,9
224245,2000081870,30451105,534,3f003f,224531,2000082622,30453995,534,3c003c,2890,286
224531,2000082622,30453995,534,3c003c,222837,2000077208,30482893,534,3e003e,28898,-1694
222837,2000077208,30482893,534,3e003e,223971,2000080723,30497283,534,430043,14390,1134
223971,2000080723,30497283,534,430043,224532,2000082623,30515311,534,400040,18028,561
224532,2000082623,30515311,534,400040,222824,2000077180,30535628,534,3b003b,20317,-1708
222824,2000077180,30535628,534,3b003b,223742,2000079736,30542158,534,3b003b,6530,918
223742,2000079736,30542158,534,3b003b,224255,2000081899,30560442,527,350035,18284,513
224255,2000081899,30560442,527,350035,224260,2000081923,30560981,532,320032,539,5
224260,2000081923,30560981,532,320032,224529,2000082620,30561525,534,350035,544,269
224529,2000082620,30561525,534,350035,223271,2000078464,30585139,534,3c003c,23614,-1258
223271,2000078464,30585139,534,3c003c,223266,2000078458,30587834,527,320032,2695,-5
223266,2000078458,30587834,527,320032,223739,2000079723,30589186,527,320032,1352,473
223739,2000079723,30589186,527,320032,223850,2000080126,30589725,527,320032,539,111
223850,2000080126,30589725,527,320032,222860,2000077242,30612060,534,350035,22335,-990
222860,2000077242,30612060,534,350035,224418,2000082359,30652319,534,2c002c,40259,1558
224418,2000082359,30652319,534,2c002c,224250,2000081892,30659048,544,310031,6729,-168
224250,2000081892,30659048,544,310031,224242,2000081862,30660972,527,2f002f,1924,-8
224242,2000081862,30660972,527,2f002f,223268,2000078460,30661511,527,2f002f,539,-974
223268,2000078460,30661511,527,2f002f,223741,2000079735,30662050,534,360036,539,473
223741,2000079735,30662050,534,360036,223272,2000078466,30665822,527,310031,3772,-469
223272,2000078466,30665822,527,310031,222852,2000077231,30667247,534,2f002f,1425,-420
222852,2000077231,30667247,534,2f002f,223736,2000079715,30691830,532,2f002f,24583,884
223736,2000079715,30691830,532,2f002f,222833,2000077203,30700006,534,310031,8176,-903
222833,2000077203,30700006,534,310031,222828,2000077195,30701915,534,360036,1909,-5
222828,2000077195,30701915,534,360036,222680,2000076764,30712373,546,2f002f,10458,-148
222680,2000076764,30712373,546,2f002f,223973,2000080729,30726524,527,2f002f,14151,1293
223973,2000080729,30726524,527,2f002f,223966,2000080712,30735305,527,2f002f,8781,-7
223966,2000080712,30735305,527,2f002f,223737,2000079716,30743979,532,2f002f,8674,-229
223737,2000079716,30743979,532,2f002f,223743,2000079740,30752320,534,280028,8341,6
223743,2000079740,30752320,534,280028,223967,2000080714,30757502,534,000000,5182,224
223967,2000080714,30757502,534,000000,222857,2000077236,30758638,534,2b002b,1136,-1110
222857,2000077236,30758638,534,2b002b,223273,2000078468,30762757,534,300030,4119,416
223273,2000078468,30762757,534,300030,223970,2000080720,30764151,527,2b002b,1394,697
223970,2000080720,30764151,527,2b002b,222843,2000077215,30774906,527,2b002b,10755,-1127
222843,2000077215,30774906,527,2b002b,223261,2000078450,30776263,534,260026,1357,418
223261,2000078450,30776263,534,260026,223972,2000080728,30791384,527,2b002b,15121,711
223972,2000080728,30791384,527,2b002b,223740,2000079731,30798229,527,2b002b,6845,-232
223740,2000079731,30798229,527,2b002b,222849,2000077227,30799608,534,2b002b,1379,-891
222849,2000077227,30799608,534,2b002b,222850,2000077228,30801269,534,2b002b,1661,1
222850,2000077228,30801269,534,2b002b,222853,2000077232,30812156,534,2b002b,10887,3
222853,2000077232,30812156,534,2b002b,222856,2000077235,30814520,534,2b002b,2364,3
222856,2000077235,30814520,534,2b002b,223968,2000080718,30816788,534,2b002b,2268,1112
223968,2000080718,30816788,534,2b002b,222829,2000077196,30833215,534,280028,16427,-1139
222829,2000077196,30833215,534,280028,222858,2000077237,30833761,534,2b002b,546,29
222858,2000077237,30833761,534,2b002b,222825,2000077182,30837884,534,2b002b,4123,-33
222825,2000077182,30837884,534,2b002b,222854,2000077233,30838969,534,2b002b,1085,29
222854,2000077233,30838969,534,2b002b,222855,2000077234,30844183,534,2b002b,5214,1
222855,2000077234,30844183,534,2b002b,224239,2000081857,30846741,527,2b002b,2558,1384
224239,2000081857,30846741,527,2b002b,224259,2000081917,30855334,527,2b002b,8593,20
224259,2000081917,30855334,527,2b002b,224258,2000081913,30857229,534,2b002b,1895,-1
224258,2000081913,30857229,534,2b002b,224254,2000081898,30857775,527,2d002d,546,-4
224254,2000081898,30857775,527,2d002d,224252,2000081894,30858314,544,2b002b,539,-2
224252,2000081894,30858314,544,2b002b,224251,2000081893,30859416,527,2b002b,1102,-1
224251,2000081893,30859416,527,2b002b,224240,2000081859,30859955,527,2b002b,539,-11
224240,2000081859,30859955,527,2b002b,224248,2000081885,30861733,527,2d002d,1778,8
224248,2000081885,30861733,527,2d002d,224244,2000081868,30863903,527,2b002b,2170,-4
224244,2000081868,30863903,527,2b002b,222851,2000077229,30866950,534,270027,3047,-1393
222851,2000077229,30866950,534,270027,222847,2000077224,30871032,534,270027,4082,-4
222847,2000077224,30871032,534,270027,222846,2000077223,30871578,534,270027,546,-1
222846,2000077223,30871578,534,270027,222845,2000077222,30872124,534,270027,546,-1
222845,2000077222,30872124,534,270027,222839,2000077211,30876921,534,270027,4797,-6
222839,2000077211,30876921,534,270027,224237,2000081852,30878442,527,270027,1521,1398
224237,2000081852,30878442,527,270027,223744,2000079750,30880502,527,270027,2060,-493
223744,2000079750,30880502,527,270027,222861,2000077243,30886096,534,250025,5594,-883
222861,2000077243,30886096,534,250025,223853,2000080130,30896021,527,270027,9925,992
223853,2000080130,30896021,527,270027,223265,2000078457,30900585,534,220022,4564,-588
223265,2000078457,30900585,534,220022,224253,2000081895,30916365,527,270027,15780,988
224253,2000081895,30916365,527,270027,224246,2000081872,30921677,527,270027,5312,-7
224246,2000081872,30921677,527,270027,224232,2000081842,30924896,527,270027,3219,-14
224232,2000081842,30924896,527,270027,222834,2000077205,30928122,534,1e001e,3226,-1398
222834,2000077205,30928122,534,1e001e,222831,2000077201,30930531,534,210021,2409,-3
222831,2000077201,30930531,534,210021,223262,2000078451,30938431,527,210021,7900,431
223262,2000078451,30938431,527,210021,222841,2000077213,30938970,534,230023,539,-421
222841,2000077213,30938970,534,230023,223854,2000080132,30939516,527,230023,546,1013
223854,2000080132,30939516,527,230023,223275,2000078471,30942494,534,260026,2978,-579
223275,2000078471,30942494,534,260026,223745,2000079751,30943928,534,210021,1434,470
223745,2000079751,30943928,534,210021,224243,2000081864,30959137,527,230023,15209,498
224243,2000081864,30959137,527,230023,222835,2000077206,30974330,534,1b001b,15193,-1408
222835,2000077206,30974330,534,1b001b,224023,2000080936,31143471,124,0d0000,169141,1188
224023,2000080936,31143471,124,0d0000,223969,2000080719,31143607,527,000000,136,-54
223969,2000080719,31143607,527,000000,223965,2000080710,31144146,527,000000,539,-4
223965,2000080710,31144146,527,000000,223852,2000080129,31144685,534,000000,539,-113
223852,2000080129,31144685,534,000000,223851,2000080128,31145231,527,000000,546,-1
223851,2000080128,31145231,527,000000,223635,2000079448,31148779,124,0d0000,3548,-216
223635,2000079448,31148779,124,0d0000,223270,2000078463,31148915,534,000000,136,-365
223270,2000078463,31148915,534,000000,223263,2000078453,31149461,534,000000,546,-7
223263,2000078453,31149461,534,000000,221835,2000072525,31151975,640,000000,2514,-1428
221835,2000072525,31151975,640,000000,221809,2000072477,31152627,546,000000,652,-26
221809,2000072477,31152627,546,000000,221341,2000070801,31153507,546,000000,880,-468
221341,2000070801,31153507,546,000000,221337,2000070797,31154065,551,000000,558,-4
221337,2000070797,31154065,551,000000,221263,2000070590,31154628,640,000000,563,-74
221263,2000070590,31154628,640,000000,220987,2000069587,31155666,647,000000,1038,-276
220987,2000069587,31155666,647,000000,220973,2000069558,31156325,551,000000,659,-14
220973,2000069558,31156325,551,000000,224227,2000081833,31194731,527,000000,38406,3254
224227,2000081833,31194731,527,000000,224231,2000081840,31195270,527,000000,539,4
224231,2000081840,31195270,527,000000,224233,2000081843,31195809,527,000000,539,2
224233,2000081843,31195809,527,000000,224234,2000081844,31196348,527,000000,539,1
224234,2000081844,31196348,527,000000,224235,2000081847,31196887,527,000000,539,1
224235,2000081847,31196887,527,000000,224238,2000081856,31197426,527,000000,539,3
224238,2000081856,31197426,527,000000,224241,2000081860,31197965,527,000000,539,3
224241,2000081860,31197965,527,000000,224249,2000081889,31198504,527,000000,539,8
224249,2000081889,31198504,527,000000,224256,2000081902,31199043,534,000000,539,7
224256,2000081902,31199043,534,000000,224257,2000081911,31199589,527,000000,546,1
224257,2000081911,31199589,527,000000,224413,2000082353,31200128,544,000000,539,156
224413,2000082353,31200128,544,000000,224414,2000082354,31200684,544,000000,556,1
224414,2000082354,31200684,544,000000,224415,2000082355,31201240,544,000000,556,1
224415,2000082355,31201240,544,000000,224530,2000082621,31201796,534,000000,556,115
224530,2000082621,31201796,534,000000,223490,2000079057,31775225,618,4c004c,573429,-1040
223490,2000079057,31775225,618,4c004c,223772,2000079833,31876532,574,480048,101307,282
223772,2000079833,31876532,574,480048,224810,2000083188,32055870,588,370037,179338,1038
224810,2000083188,32055870,588,370037,224817,2000083202,32153724,574,320032,97854,7
224817,2000083202,32153724,574,320032,224552,2000082681,32201180,586,2d002d,47456,-265
224552,2000082681,32201180,586,2d002d,224154,2000081427,32333448,574,3d003d,132268,-398
224154,2000081427,32333448,574,3d003d,225015,2000083689,32397272,615,370037,63824,861
225015,2000083689,32397272,615,370037,224080,2000081106,32419328,554,3c003c,22056,-935
224080,2000081106,32419328,554,3c003c,223884,2000080211,32420480,567,3c003c,1152,-196
223884,2000080211,32420480,567,3c003c,224111,2000081316,32432315,591,3a003a,11835,227
224111,2000081316,32432315,591,3a003a,224021,2000080927,32435290,574,370037,2975,-90
224021,2000080927,32435290,574,370037,224104,2000081301,32491875,537,3c003c,56585,83
224104,2000081301,32491875,537,3c003c,224815,2000083200,32538474,574,2d002d,46599,711
224815,2000083200,32538474,574,2d002d,224634,2000082843,32539616,574,370037,1142,-181
224634,2000082843,32539616,574,370037,222274,2000075212,32549082,598,370037,9466,-2360
222274,2000075212,32549082,598,370037,224051,2000081034,32593545,544,370037,44463,1777
224051,2000081034,32593545,544,370037,224343,2000082143,32609663,544,2d002d,16118,292
224343,2000082143,32609663,544,2d002d,224812,2000083194,32610219,544,2d002d,556,469
224812,2000083194,32610219,544,2d002d,224818,2000083204,32655751,581,320032,45532,6
224818,2000083204,32655751,581,320032,220843,2000068973,32699481,544,2d002d,43730,-3975
220843,2000068973,32699481,544,2d002d,220841,2000068971,32710177,544,2d002d,10696,-2
220841,2000068971,32710177,544,2d002d,224347,2000082156,32711868,544,2d002d,1691,3506
224347,2000082156,32711868,544,2d002d,224813,2000083198,32718408,574,2d002d,6540,466
224813,2000083198,32718408,574,2d002d,224056,2000081048,32721258,544,320032,2850,-757
224056,2000081048,32721258,544,320032,224054,2000081040,32722949,544,320032,1691,-2
224054,2000081040,32722949,544,320032,224550,2000082676,32726185,544,2d002d,3236,496
224550,2000082676,32726185,544,2d002d,224549,2000082673,32727930,544,2d002d,1745,-1
224549,2000082673,32727930,544,2d002d,224757,2000083092,32756501,554,1e001e,28571,208
224757,2000083092,32756501,554,1e001e,223955,2000080628,33907217,620,440044,1150716,-802
223955,2000080628,33907217,620,440044,221889,2000072662,34010394,573,370037,103177,-2066
221889,2000072662,34010394,573,370037,222494,2000076349,34371191,591,3b003b,360797,605
222494,2000076349,34371191,591,3b003b,222878,2000077267,34432323,579,3a003a,61132,384
222878,2000077267,34432323,579,3a003a,222402,2000076057,34437999,601,390039,5676,-476
222402,2000076057,34437999,601,390039,222778,2000077006,34470437,610,380038,32438,376
222778,2000077006,34470437,610,380038,224444,2000082422,34579699,549,370037,109262,1666
224444,2000082422,34579699,549,370037,222904,2000077311,34667423,579,360036,87724,-1540
222904,2000077311,34667423,579,360036,222152,2000074331,34709454,591,340034,42031,-752
222152,2000074331,34709454,591,340034,224302,2000082024,34715083,591,340034,5629,2150
224302,2000082024,34715083,591,340034,223310,2000078631,34745228,589,310034,30145,-992
223310,2000078631,34745228,589,310034,222771,2000076992,34778440,574,330033,33212,-539
222771,2000076992,34778440,574,330033,222404,2000076060,34811802,549,320032,33362,-367
222404,2000076060,34811802,549,320032,222695,2000076788,34817665,542,320032,5863,291
222695,2000076788,34817665,542,320032,222870,2000077258,34824878,579,320032,7213,175
222870,2000077258,34824878,579,320032,224276,2000081985,34899556,596,320032,74678,1406
224276,2000081985,34899556,596,320032,224376,2000082237,34901564,549,320032,2008,100
224376,2000082237,34901564,549,320032,224423,2000082377,34902521,542,320032,957,47
224423,2000082377,34902521,542,320032,224424,2000082381,34903867,554,320032,1346,1
224424,2000082381,34903867,554,320032,221180,2000070403,35032044,549,320032,128177,-3244
221180,2000070403,35032044,549,320032,222912,2000077320,35076734,579,310031,44690,1732
222912,2000077320,35076734,579,310031,221940,2000073034,35103846,603,32003a,27112,-972
221940,2000073034,35103846,603,32003a,222012,2000073482,35116877,593,300030,13031,72
222012,2000073482,35116877,593,300030,222784,2000077024,35127792,610,300030,10915,772
222784,2000077024,35127792,610,300030,222719,2000076847,35147090,586,2f002f,19298,-65
222719,2000076847,35147090,586,2f002f,222788,2000077030,35157145,591,2f002f,10055,69
222788,2000077030,35157145,591,2f002f,222916,2000077325,35163803,591,2f002f,6658,128
222916,2000077325,35163803,591,2f002f,222238,2000074950,35186758,579,2d002d,22955,-678
222238,2000074950,35186758,579,2d002d,222247,2000075011,35188885,613,2d002d,2127,9
222247,2000075011,35188885,613,2d002d,222449,2000076165,35201963,574,2d002d,13078,202
222449,2000076165,35201963,574,2d002d,222446,2000076161,35204133,589,2d002d,2170,-3
222446,2000076161,35204133,589,2d002d,221516,2000071653,35226166,572,2d002d,22033,-930
221516,2000071653,35226166,572,2d002d,221515,2000071652,35235207,579,2d002d,9041,-1
221515,2000071652,35235207,579,2d002d,221508,2000071554,35238908,579,2d002d,3701,-7
221508,2000071554,35238908,579,2d002d,222226,2000074887,35240968,542,2d002d,2060,718
222226,2000074887,35240968,542,2d002d,221503,2000071459,35244033,574,2d002d,3065,-723
221503,2000071459,35244033,574,2d002d,222227,2000074888,35245625,572,2d002d,1592,724
222227,2000074888,35245625,572,2d002d,221939,2000073032,35247049,603,1e002d,1424,-288
221939,2000073032,35247049,603,1e002d,222203,2000074700,35248145,537,2d002d,1096,264
222203,2000074700,35248145,537,2d002d,223812,2000079984,35249569,579,2d002d,1424,1609
223812,2000079984,35249569,579,2d002d,224092,2000081208,35260120,579,2d002d,10551,280
224092,2000081208,35260120,579,2d002d,224094,2000081224,35260711,559,2d002d,591,2
224094,2000081224,35260711,559,2d002d,223580,2000079340,35275914,549,2d002d,15203,-514
223580,2000079340,35275914,549,2d002d,223578,2000079337,35280221,586,2d002d,4307,-2
223578,2000079337,35280221,586,2d002d,222224,2000074885,35285826,542,2d002d,5605,-1354
222224,2000074885,35285826,542,2d002d,223492,2000079061,35288460,542,2d002d,2634,1268
223492,2000079061,35288460,542,2d002d,222914,2000077322,35305865,610,2d002d,17405,-578
222914,2000077322,35305865,610,2d002d,224443,2000082420,35312033,579,2d002d,6168,1529
224443,2000082420,35312033,579,2d002d,224667,2000082942,35317407,549,2d002d,5374,224
224667,2000082942,35317407,549,2d002d,224669,2000082944,35317968,549,2d002d,561,2
224669,2000082944,35317968,549,2d002d,224670,2000082946,35318529,549,2d002d,561,1
224670,2000082946,35318529,549,2d002d,224671,2000082947,35319090,544,2d002d,561,1
224671,2000082947,35319090,544,2d002d,224865,2000083339,35320523,549,2d002d,1433,194
224865,2000083339,35320523,549,2d002d,222153,2000074333,35334866,586,2c002c,14343,-2712
222153,2000074333,35334866,586,2c002c,224823,2000083211,35348072,549,2c002c,13206,2670
224823,2000083211,35348072,549,2c002c,222772,2000076994,35361334,586,2b002b,13262,-2051
222772,2000076994,35361334,586,2b002b,222888,2000077284,35379592,586,2b002b,18258,116
222888,2000077284,35379592,586,2b002b,222128,2000074157,35385938,579,2a002a,6346,-760
222128,2000074157,35385938,579,2a002a,223814,2000080028,35396479,579,2a002a,10541,1686
223814,2000080028,35396479,579,2a002a,222150,2000074329,35410468,579,2a002a,13989,-1664
222150,2000074329,35410468,579,2a002a,222896,2000077299,35414052,572,2a002a,3584,746
222896,2000077299,35414052,572,2a002a,222243,2000074958,35436100,549,280028,22048,-653
222243,2000074958,35436100,549,280028,222242,2000074956,35442623,586,280028,6523,-1
222242,2000074956,35442623,586,280028,222241,2000074955,35443757,544,280028,1134,-1
222241,2000074955,35443757,544,280028,222240,2000074954,35445300,549,280028,1543,-1
222240,2000074954,35445300,549,280028,222239,2000074953,35447710,579,280028,2410,-1
222239,2000074953,35447710,579,280028,221193,2000070448,35448782,549,280028,1072,-1046
221193,2000070448,35448782,549,280028,221196,2000070460,35449343,549,280028,561,3
221196,2000070460,35449343,549,280028,221373,2000071130,35455294,542,280028,5951,177
221373,2000071130,35455294,542,280028,221374,2000071131,35455848,581,280028,554,1
221374,2000071131,35455848,581,280028,222118,2000074008,35456823,579,280028,975,744
222118,2000074008,35456823,579,280028,221923,2000072839,35464845,544,280028,8022,-195
221923,2000072839,35464845,544,280028,222099,2000073921,35467242,572,280028,2397,176
222099,2000073921,35467242,572,280028,225255,2000084351,35469030,579,280028,1788,3156
225255,2000084351,35469030,579,280028,225257,2000084353,35470212,579,280028,1182,2
225257,2000084353,35470212,579,280028,225260,2000084357,35471137,537,280028,925,3
225260,2000084357,35471137,537,280028,225261,2000084358,35471686,542,280028,549,1
225261,2000084358,35471686,542,280028,222206,2000074708,35473220,579,280028,1534,-3055
222206,2000074708,35473220,579,280028,225262,2000084359,35475312,542,280028,2092,3056
225262,2000084359,35475312,542,280028,223499,2000079076,35491077,572,280028,15765,-1763
223499,2000079076,35491077,572,280028,223309,2000078630,35492105,579,280028,1028,-190
223309,2000078630,35492105,579,280028,223305,2000078623,35492997,469,280028,892,-4
223305,2000078623,35492997,469,280028,223137,2000078055,35493478,579,280028,481,-168
223137,2000078055,35493478,579,280028,222967,2000077540,35499008,567,280028,5530,-170
222967,2000077540,35499008,567,280028,223816,2000080037,35501045,579,280028,2037,849
223816,2000080037,35501045,579,280028,222899,2000077304,35503015,542,280028,1970,-917
222899,2000077304,35503015,542,280028,223895,2000080289,35506288,610,280028,3273,996
223895,2000080289,35506288,610,280028,223954,2000080622,35509286,542,280028,2998,59
223954,2000080622,35509286,542,280028,222067,2000073815,35548613,579,280028,39327,-1887
222067,2000073815,35548613,579,280028,222770,2000076989,35567001,591,280028,18388,703
222770,2000076989,35567001,591,280028,222741,2000076922,35578690,579,280028,11689,-29
222741,2000076922,35578690,579,280028,222005,2000073450,35583453,579,280028,4763,-736
222005,2000073450,35583453,579,280028,222615,2000076595,35590944,449,280028,7491,610
222615,2000076595,35590944,449,280028,222590,2000076519,35592399,579,280028,1455,-25
222590,2000076519,35592399,579,280028,222578,2000076479,35604561,579,280028,12162,-12
222578,2000076479,35604561,579,280028,222496,2000076352,35606294,549,280028,1733,-82
222496,2000076352,35606294,549,280028,224338,2000082134,35625278,579,280028,18984,1842
224338,2000082134,35625278,579,280028,224388,2000082280,35626474,549,280028,1196,50
224388,2000082280,35626474,549,280028,222039,2000073649,35628828,572,280028,2354,-2349
222039,2000073649,35628828,572,280028,224428,2000082393,35630519,608,280028,1691,2389
224428,2000082393,35630519,608,280028,222272,2000075202,35632379,549,280028,1860,-2156
222272,2000075202,35632379,549,280028,222271,2000075201,35634523,544,280028,2144,-1
222271,2000075201,35634523,544,280028,224478,2000082484,35637631,572,280028,3108,2207
224478,2000082484,35637631,572,280028,222270,2000075200,35639488,549,280028,1857,-2208
222270,2000075200,35639488,549,280028,222073,2000073842,35641089,608,2d0028,1601,-197
222073,2000073842,35641089,608,2d0028,224859,2000083330,35642300,542,280028,1211,2786
224859,2000083330,35642300,542,280028,222258,2000075086,35642854,537,280028,554,-2601
222258,2000075086,35642854,537,280028,224861,2000083332,35643403,579,280028,549,2603
224861,2000083332,35643403,579,280028,222257,2000075085,35643994,542,28002d,591,-2604
222257,2000075085,35643994,542,28002d,224934,2000083489,35646040,549,280028,2046,2677
224934,2000083489,35646040,549,280028,225024,2000083709,35646601,579,280028,561,90
225024,2000083709,35646601,579,280028,225035,2000083773,35647869,549,280028,1268,11
225035,2000083773,35647869,549,280028,225051,2000083818,35651908,579,280028,4039,16
225051,2000083818,35651908,579,280028,225061,2000083878,35653556,579,280028,1648,10
225061,2000083878,35653556,579,280028,222256,2000075072,35654147,567,280028,591,-2805
222256,2000075072,35654147,567,280028,225062,2000083879,35654726,549,280028,579,2806
225062,2000083879,35654726,549,280028,225072,2000083925,35656359,549,280028,1633,10
225072,2000083925,35656359,549,280028,225079,2000083944,35657321,542,280028,962,7
225079,2000083944,35657321,542,280028,222255,2000075069,35657875,542,280028,554,-2824
222255,2000075069,35657875,542,280028,225141,2000084093,35659925,549,280028,2050,2886
225141,2000084093,35659925,549,280028,222254,2000075068,35660882,574,280028,957,-2887
222254,2000075068,35660882,574,280028,225163,2000084157,35662059,584,280028,1177,2909
225163,2000084157,35662059,584,280028,225167,2000084176,35662655,579,280028,596,4
225167,2000084176,35662655,579,280028,222131,2000074176,35669749,586,2b0027,7094,-3036
222131,2000074176,35669749,586,2b0027,224482,2000082498,35674402,586,270027,4653,2351
224482,2000082498,35674402,586,270027,222040,2000073652,35684840,601,260026,10438,-2442
222040,2000073652,35684840,601,260026,223546,2000079253,35693728,158,070000,8888,1506
223546,2000079253,35693728,158,070000,221344,2000070808,35697106,579,260026,3378,-2202
221344,2000070808,35697106,579,260026,223894,2000080288,35698896,598,260026,1790,2550
223894,2000080288,35698896,598,260026,224469,2000082469,35710967,579,260026,12071,575
224469,2000082469,35710967,579,260026,222375,2000075977,35717796,579,260026,6829,-2094
222375,2000075977,35717796,579,260026,223832,2000080076,35731235,579,260026,13439,1457
223832,2000080076,35731235,579,260026,222279,2000075308,35731826,544,260026,591,-1553
222279,2000075308,35731826,544,260026,221966,2000073232,35732980,586,260026,1154,-313
221966,2000073232,35732980,586,260026,223286,2000078567,35749626,578,250025,16646,1320
223286,2000078567,35749626,578,250025,223815,2000080036,35750807,579,250025,1181,529
223815,2000080036,35750807,579,250025,222062,2000073804,35763123,549,240024,12316,-1753
222062,2000073804,35763123,549,240024,223565,2000079315,35777410,579,230023,14287,1503
223565,2000079315,35777410,579,230023,223574,2000079331,35779563,146,070000,2153,9
223574,2000079331,35779563,146,070000,223674,2000079529,35779721,579,230023,158,100
223674,2000079529,35779721,579,230023,223695,2000079571,35780312,542,230023,591,21
223695,2000079571,35780312,542,230023,223732,2000079682,35780866,579,230023,554,37
223732,2000079682,35780866,579,230023,225191,2000084263,35781931,549,230023,1065,1459
225191,2000084263,35781931,549,230023,225196,2000084268,35782492,579,230023,561,5
225196,2000084268,35782492,579,230023,223826,2000080062,35814150,542,230023,31658,-1370
223826,2000080062,35814150,542,230023,223953,2000080620,35823576,542,230023,9426,127
223953,2000080620,35823576,542,230023,221189,2000070433,35841531,566,230023,17955,-2764
221189,2000070433,35841531,566,230023,221190,2000070439,35842998,544,230023,1467,1
221190,2000070439,35842998,544,230023,221191,2000070443,35844236,549,230023,1238,1
221191,2000070443,35844236,549,230023,221198,2000070495,35845388,542,230023,1152,7
221198,2000070495,35845388,542,230023,224394,2000082300,35866432,572,230023,21044,3196
224394,2000082300,35866432,572,230023,222016,2000073498,35869961,542,2d0028,3529,-2378
222016,2000073498,35869961,542,2d0028,222042,2000073659,35872288,579,230023,2327,26
222042,2000073659,35872288,579,230023,222044,2000073681,35872879,549,230023,591,2
222044,2000073681,35872879,549,230023,222046,2000073683,35873440,549,230023,561,2
222046,2000073683,35873440,549,230023,222047,2000073686,35874001,549,230023,561,1
222047,2000073686,35874001,549,230023,224461,2000082453,35876158,542,230023,2157,2414
224461,2000082453,35876158,542,230023,224463,2000082457,35876712,603,230023,554,2
224463,2000082457,35876712,603,230023,222098,2000073919,35881148,572,230023,4436,-2365
222098,2000073919,35881148,572,230023,225182,2000084250,35882818,549,230023,1670,3084
225182,2000084250,35882818,549,230023,222117,2000074007,35884951,537,230023,2133,-3065
222117,2000074007,35884951,537,230023,222119,2000074009,35885500,574,230023,549,2
222119,2000074009,35885500,574,230023,222140,2000074254,35887552,586,230023,2052,21
222140,2000074254,35887552,586,230023,222151,2000074330,35888150,630,230023,598,11
222151,2000074330,35888150,630,230023,224860,2000083331,35888792,542,230023,642,2709
224860,2000083331,35888792,542,230023,222202,2000074688,35891704,618,230023,2912,-2658
222202,2000074688,35891704,618,230023,225025,2000083710,35894101,579,000000,2397,2823
225025,2000083710,35894101,579,000000,222244,2000074959,35896125,579,230023,2024,-2781
222244,2000074959,35896125,579,230023,222276,2000075221,35897765,561,230023,1640,32
222276,2000075221,35897765,561,230023,222415,2000076075,35902150,572,230023,4385,139
222415,2000076075,35902150,572,230023,222676,2000076737,35905246,596,230023,3096,261
222676,2000076737,35905246,596,230023,222696,2000076790,35905854,579,230023,608,20
222696,2000076790,35905854,579,230023,225105,2000083990,35908582,549,230023,2728,2409
225105,2000083990,35908582,549,230023,225106,2000083992,35909143,549,230023,561,1
225106,2000083992,35909143,549,230023,222960,2000077511,35915279,579,230023,6136,-2146
222960,2000077511,35915279,579,230023,223027,2000077710,35916461,566,230023,1182,67
223027,2000077710,35916461,566,230023,223138,2000078057,35917039,579,230023,578,111
223138,2000078057,35917039,579,230023,225181,2000084249,35918069,542,230023,1030,2043
225181,2000084249,35918069,542,230023,223379,2000078862,35918623,579,230023,554,-1802
223379,2000078862,35918623,579,230023,223439,2000078966,35919214,591,230023,591,60
223439,2000078966,35919214,591,230023,223329,2000078725,35923773,549,220022,4559,-110
223329,2000078725,35923773,549,220022,222577,2000076478,35934264,579,220022,10491,-752
222577,2000076478,35934264,579,220022,222070,2000073824,35942856,549,220022,8592,-507
222070,2000073824,35942856,549,220022,221967,2000073234,35961338,549,200020,18482,-103
221967,2000073234,35961338,549,200020,222043,2000073662,35967339,579,200020,6001,76
222043,2000073662,35967339,579,200020,222455,2000076171,35968533,579,200020,1194,412
222455,2000076171,35968533,579,200020,222456,2000076177,35969124,574,200020,591,1
222456,2000076177,35969124,574,200020,222115,2000074002,35969710,601,260020,586,-341
222115,2000074002,35969710,601,260020,224337,2000082133,35970811,549,200020,1101,2222
224337,2000082133,35970811,549,200020,221375,2000071134,35975569,591,200020,4758,-2962
221375,2000071134,35975569,591,200020,221474,2000071364,35978486,547,200020,2917,99
221474,2000071364,35978486,547,200020,222282,2000075311,35985528,579,200020,7042,808
222282,2000075311,35985528,579,200020,222060,2000073799,35987179,559,200020,1651,-222
222060,2000073799,35987179,559,200020,224341,2000082139,35988194,549,200020,1015,2281
224341,2000082139,35988194,549,200020,222068,2000073817,35989931,549,1f001f,1737,-2273
222068,2000073817,35989931,549,1f001f,222066,2000073814,35992611,566,1f001f,2680,-2
222066,2000073814,35992611,566,1f001f,222412,2000076072,35994256,549,1e001e,1645,346
222412,2000076072,35994256,549,1e001e,222447,2000076162,35998360,598,1e001e,4104,35
222447,2000076162,35998360,598,1e001e,222448,2000076163,35998970,579,1e001e,610,1
222448,2000076163,35998970,579,1e001e,222149,2000074328,36003362,579,1e001e,4392,-299
222149,2000074328,36003362,579,1e001e,222688,2000076779,36008352,579,1e001e,4990,539
222688,2000076779,36008352,579,1e001e,222690,2000076781,36008943,579,1e001e,591,2
222690,2000076781,36008943,579,1e001e,222721,2000076855,36012862,579,1e001e,3919,31
222721,2000076855,36012862,579,1e001e,222961,2000077512,36046862,579,1e001e,34000,240
222961,2000077512,36046862,579,1e001e,223084,2000077899,36051661,544,1e001e,4799,123
223084,2000077899,36051661,544,1e001e,222154,2000074337,36052778,579,1e001e,1117,-930
222154,2000074337,36052778,579,1e001e,223391,2000078879,36053960,613,1e001e,1182,1237
223391,2000078879,36053960,613,1e001e,223393,2000078881,36054585,574,1e001e,625,2
223393,2000078881,36054585,574,1e001e,223561,2000079302,36056880,579,1e001e,2295,168
223561,2000079302,36056880,579,1e001e,222061,2000073801,36063810,586,1e001e,6930,-1500
222061,2000073801,36063810,586,1e001e,222116,2000074006,36064408,579,1e001e,598,55
222116,2000074006,36064408,579,1e001e,224334,2000082130,36074989,566,1e001e,10581,2218
224334,2000082130,36074989,566,1e001e,224400,2000082314,36078345,574,1e001e,3356,66
224400,2000082314,36078345,574,1e001e,224433,2000082400,36080699,589,1e001e,2354,33
224433,2000082400,36080699,589,1e001e,221345,2000070812,36081300,608,1e001e,601,-3088
221345,2000070812,36081300,608,1e001e,224465,2000082462,36083851,572,1e001e,2551,3120
224465,2000082462,36083851,572,1e001e,223672,2000079517,36114050,549,1c001c,30199,-793
223672,2000079517,36114050,549,1c001c,223664,2000079505,36117856,549,1c001c,3806,-8
223664,2000079505,36117856,549,1c001c,223671,2000079515,36119576,549,1c001c,1720,7
223671,2000079515,36119576,549,1c001c,222720,2000076854,36150227,579,190019,30651,-951
222720,2000076854,36150227,579,190019,222011,2000073479,36160786,579,190018,10559,-709
222011,2000073479,36160786,579,190018,224163,2000081462,37440788,576,650065,1280002,2152
224163,2000081462,37440788,576,650065,224466,2000082463,37905561,583,5d005d,464773,303
224466,2000082463,37905561,583,5d005d,224336,2000082132,37974528,588,5b005b,68967,-130
224336,2000082132,37974528,588,5b005b,222513,2000076377,38192686,583,5a005a,218158,-1823
222513,2000076377,38192686,583,5a005a,224339,2000082135,38225685,588,590059,32999,1826
224339,2000082135,38225685,588,590059,222818,2000077171,38286539,532,580058,60854,-1521
222818,2000077171,38286539,532,580058,224380,2000082259,38551575,539,550055,265036,1562
224380,2000082259,38551575,539,550055,224517,2000082594,38554141,571,550055,2566,137
224517,2000082594,38554141,571,550055,222537,2000076418,38561789,539,460046,7648,-1980
222537,2000076418,38561789,539,460046,224503,2000082559,38562340,600,550055,551,1966
224503,2000082559,38562340,600,550055,224159,2000081444,38605122,588,000000,42782,-344
224159,2000081444,38605122,588,000000,221197,2000070483,38668631,574,540054,63509,-2962
221197,2000070483,38668631,574,540054,224310,2000082048,38682713,564,530053,14082,3113
224310,2000082048,38682713,564,530053,224323,2000082085,38745897,569,520052,63184,13
224323,2000082085,38745897,569,520052,222881,2000077272,38756564,539,520052,10667,-1442
222881,2000077272,38756564,539,520052,223918,2000080412,38770001,576,460046,13437,1037
223918,2000080412,38770001,576,460046,224098,2000081272,38794388,569,520052,24387,180
224098,2000081272,38794388,569,520052,222524,2000076401,38804650,576,520052,10262,-1574
222524,2000076401,38804650,576,520052,224342,2000082142,38817574,588,520052,12924,1818
224342,2000082142,38817574,588,520052,224345,2000082148,38921840,576,500050,104266,3
224345,2000082148,38921840,576,500050,222529,2000076406,38923226,564,500050,1386,-1816
222529,2000076406,38923226,564,500050,225043,2000083792,38929688,539,500050,6462,2514
225043,2000083792,38929688,539,500050,222885,2000077279,38945507,539,500050,15819,-2158
222885,2000077279,38945507,539,500050,222453,2000076169,38960449,563,500050,14942,-432
222453,2000076169,38960449,563,500050,222451,2000076167,38961605,575,500050,1156,-2
222451,2000076167,38961605,575,500050,222526,2000076403,38977617,570,500050,16012,75
222526,2000076403,38977617,570,500050,225126,2000084061,38986466,539,500050,8849,2600
225126,2000084061,38986466,539,500050,222223,2000074871,38999019,627,000000,12553,-2903
222223,2000074871,38999019,627,000000,223563,2000079313,39004983,588,500050,5964,1340
223563,2000079313,39004983,588,500050,222521,2000076398,39048444,534,4f004f,43461,-1042
222521,2000076398,39048444,534,4f004f,222528,2000076405,39070533,539,4d004d,22089,7
222528,2000076405,39070533,539,4d004d,222873,2000077261,39109003,534,4d004d,38470,345
222873,2000077261,39109003,534,4d004d,222525,2000076402,39116357,539,4d004d,7354,-348
222525,2000076402,39116357,539,4d004d,222734,2000076891,39145189,534,000000,28832,209
222734,2000076891,39145189,534,000000,222865,2000077250,39172251,539,4b004b,27062,131
222865,2000077250,39172251,539,4b004b,222880,2000077270,39180700,539,4b004b,8449,15
222880,2000077270,39180700,539,4b004b,222886,2000077282,39185236,551,4b004b,4536,6
222886,2000077282,39185236,551,4b004b,224507,2000082565,39209965,570,4b004b,24729,1621
224507,2000082565,39209965,570,4b004b,222454,2000076170,39216076,578,4b004b,6111,-2053
222454,2000076170,39216076,578,4b004b,222452,2000076168,39217695,563,4b004b,1619,-2
222452,2000076168,39217695,563,4b004b,222522,2000076399,39253058,539,4b004b,35363,70
222522,2000076399,39253058,539,4b004b,222740,2000076900,39284598,539,000000,31540,218
222740,2000076900,39284598,539,000000,222530,2000076407,39298681,539,4a004a,14083,-210
222530,2000076407,39298681,539,4a004a,222532,2000076409,39302483,576,4a004a,3802,2
222532,2000076409,39302483,576,4a004a,222887,2000077283,39307948,534,4a004a,5465,355
222887,2000077283,39307948,534,4a004a,222531,2000076408,39327388,534,490049,19440,-356
222531,2000076408,39327388,534,490049,222544,2000076426,39331836,534,490049,4448,13
222544,2000076426,39331836,534,490049,222736,2000076894,39344402,539,000000,12566,192
222736,2000076894,39344402,539,000000,224480,2000082492,39357828,551,000000,13426,1744
224480,2000082492,39357828,551,000000,222816,2000077164,39360788,539,480048,2960,-1664
222816,2000077164,39360788,539,480048,222460,2000076218,39376642,534,000000,15854,-356
222460,2000076218,39376642,534,000000,222542,2000076424,39380741,534,470047,4099,82
222542,2000076424,39380741,534,470047,222553,2000076435,39390308,539,470047,9567,11
222553,2000076435,39390308,539,470047,224013,2000080886,39410915,546,460046,20607,1460
224013,2000080886,39410915,546,460046,222539,2000076420,39428553,539,460046,17638,-1474
222539,2000076420,39428553,539,460046,222533,2000076410,39431045,576,460046,2492,-6
222533,2000076410,39431045,576,460046,222546,2000076428,39434521,534,460046,3476,13
222546,2000076428,39434521,534,460046,222527,2000076404,39437624,576,460046,3103,-19
222527,2000076404,39437624,576,460046,224326,2000082098,39469374,570,460046,31750,1799
224326,2000082098,39469374,570,460046,222872,2000077260,39482853,539,460046,13479,-1454
222872,2000077260,39482853,539,460046,225042,2000083781,39530195,569,460046,47342,2170
225042,2000083781,39530195,569,460046,224488,2000082508,39531364,539,460046,1169,-554
224488,2000082508,39531364,539,460046,222554,2000076436,39537356,539,450045,5992,-1934
222554,2000076436,39537356,539,450045,222523,2000076400,39537907,581,450045,551,-31
222523,2000076400,39537907,581,450045,225041,2000083780,39554991,556,450045,17084,2518
225041,2000083780,39554991,556,450045,224170,2000081479,39557223,569,410041,2232,-871
224170,2000081479,39557223,569,410041,222862,2000077245,39560987,539,440044,3764,-1308
222862,2000077245,39560987,539,440044,223746,2000079752,39562759,539,000000,1772,884
223746,2000079752,39562759,539,000000,222863,2000077246,39574839,532,440044,12080,-883
222863,2000077246,39574839,532,440044,222541,2000076422,39577708,534,440044,2869,-322
222541,2000076422,39577708,534,440044,222534,2000076411,39590134,539,440044,12426,-7
222534,2000076411,39590134,539,440044,222876,2000077265,39600202,534,440044,10068,342
222876,2000077265,39600202,534,440044,222545,2000076427,39609295,539,430043,9093,-331
222545,2000076427,39609295,539,430043,222550,2000076432,39614160,539,430043,4865,5
222550,2000076432,39614160,539,430043,222556,2000076438,39627661,539,420042,13501,6
222556,2000076438,39627661,539,420042,222549,2000076431,39630390,534,420042,2729,-7
222549,2000076431,39630390,534,420042,222555,2000076437,39633172,534,420042,2782,6
222555,2000076437,39633172,534,420042,222543,2000076425,39662999,539,410041,29827,-12
222543,2000076425,39662999,539,410041,222864,2000077247,39668504,539,410041,5505,321
222864,2000077247,39668504,539,410041,222557,2000076439,39673767,539,410041,5263,-307
222557,2000076439,39673767,539,410041,222875,2000077264,39675310,534,410041,1543,318
222875,2000077264,39675310,534,410041,222627,2000076617,39724680,539,000000,49370,-248
222627,2000076617,39724680,539,000000,222624,2000076612,39739940,539,000000,15260,-3
222624,2000076612,39739940,539,000000,222520,2000076397,39745069,539,400040,5129,-104
222520,2000076397,39745069,539,400040,222551,2000076433,39750173,534,400040,5104,31
222551,2000076433,39750173,534,400040,222552,2000076434,39759068,534,3f003f,8895,1
222552,2000076434,39759068,534,3f003f,222738,2000076898,39763544,534,000000,4476,186
222738,2000076898,39763544,534,000000,222517,2000076390,39768659,595,000000,5115,-221
222517,2000076390,39768659,595,000000,223820,2000080044,39772753,539,000000,4094,1303
223820,2000080044,39772753,539,000000,222815,2000077162,39783701,569,3e003e,10948,-1005
222815,2000077162,39783701,569,3e003e,222620,2000076607,39788868,539,000000,5167,-195
222620,2000076607,39788868,539,000000,222670,2000076721,39793332,563,000000,4464,50
222670,2000076721,39793332,563,000000,222628,2000076618,39798446,539,000000,5114,-42
222628,2000076618,39798446,539,000000,222558,2000076441,39802253,534,3d003d,3807,-70
222558,2000076441,39802253,534,3d003d,222547,2000076429,39828404,539,3c003c,26151,-11
222547,2000076429,39828404,539,3c003c,222548,2000076430,39835884,534,3c003c,7480,1
222548,2000076430,39835884,534,3c003c,222817,2000077167,39837422,558,3c003c,1538,269
222817,2000077167,39837422,558,3c003c,224436,2000082406,39845753,539,3c003c,8331,1619
224436,2000082406,39845753,539,3c003c,222461,2000076220,39863350,539,000000,17597,-1975
222461,2000076220,39863350,539,000000,224160,2000081445,39863901,534,000000,551,1699
224160,2000081445,39863901,534,000000,222890,2000077286,39867198,539,3c003c,3297,-1270
222890,2000077286,39867198,539,3c003c,224521,2000082602,39874068,534,3c003c,6870,1631
224521,2000082602,39874068,534,3c003c,223813,2000080018,39880549,556,3c003c,6481,-708
223813,2000080018,39880549,556,3c003c,222883,2000077276,39917177,539,3c003c,36628,-930
222883,2000077276,39917177,539,3c003c,222739,2000076899,39931580,539,000000,14403,-144
222739,2000076899,39931580,539,000000,222540,2000076421,39940602,539,3a003a,9022,-199
222540,2000076421,39940602,539,3a003a,222866,2000077251,39943830,539,3a003a,3228,326
222866,2000077251,39943830,539,3a003a,222892,2000077288,39948572,534,3a003a,4742,26
222892,2000077288,39948572,534,3a003a,222879,2000077269,39979304,539,370037,30732,-13
222879,2000077269,39979304,539,370037,222626,2000076615,39980845,534,000000,1541,-253
222626,2000076615,39980845,534,000000,222867,2000077252,39986175,551,370037,5330,241
222867,2000077252,39986175,551,370037,222869,2000077255,39988851,563,370037,2676,2
222869,2000077255,39988851,563,370037,222737,2000076897,40023135,534,000000,34284,-132
222737,2000076897,40023135,534,000000,222622,2000076609,40031236,539,000000,8101,-115
222622,2000076609,40031236,539,000000,222284,2000075360,40056059,534,000000,24823,-338
222284,2000075360,40056059,534,000000,222729,2000076886,40069187,539,000000,13128,445
222729,2000076886,40069187,539,000000,223099,2000077966,40078033,578,23002d,8846,370
223099,2000077966,40078033,578,23002d,222732,2000076889,40085862,539,000000,7829,-367
222732,2000076889,40085862,539,000000,222285,2000075362,40099550,539,000000,13688,-447
222285,2000075362,40099550,539,000000,224473,2000082476,40225230,539,000000,125680,2188
224473,2000082476,40225230,539,000000,224481,2000082496,40228010,576,000000,2780,8
224481,2000082496,40228010,576,000000,222602,2000076537,41515856,596,320032,1287846,-1879
222602,2000076537,41515856,596,320032,222597,2000076529,41516464,547,320032,608,-5
222597,2000076529,41516464,547,320032,222600,2000076534,41529926,554,320032,13462,3
222600,2000076534,41529926,554,320032,225280,2000084400,42100037,537,000000,570111,2680
225280,2000084400,42100037,537,000000,225279,2000084399,42100586,537,000000,549,-1
225279,2000084399,42100586,537,000000,225276,2000084394,42208865,527,000000,108279,-3
225276,2000084394,42208865,527,000000,225282,2000084405,42209980,532,000000,1115,6
225282,2000084405,42209980,532,000000,224887,2000083380,42237734,546,430043,27754,-395
224887,2000083380,42237734,546,430043,223045,2000077784,42252703,532,000000,14969,-1842
223045,2000077784,42252703,532,000000,222095,2000073912,42264789,539,460046,12086,-950
222095,2000073912,42264789,539,460046,222265,2000075177,42265891,539,000000,1102,170
222265,2000075177,42265891,539,000000,223259,2000078417,42309716,539,000000,43825,994
223259,2000078417,42309716,539,000000,225179,2000084247,42317049,539,3c003c,7333,1920
225179,2000084247,42317049,539,3c003c,222264,2000075176,42341060,527,3c003c,24011,-2915
222264,2000075176,42341060,527,3c003c,224891,2000083386,42368892,540,000000,27832,2627
224891,2000083386,42368892,540,000000,223801,2000079941,42374959,569,000000,6067,-1090
223801,2000079941,42374959,569,000000,225034,2000083770,42381868,537,000000,6909,1233
225034,2000083770,42381868,537,000000,224155,2000081431,42412764,551,000000,30896,-879
224155,2000081431,42412764,551,000000,224858,2000083328,42414513,539,000000,1749,703
224858,2000083328,42414513,539,000000,221126,2000070184,43111573,583,4a004a,697060,-3732
221126,2000070184,43111573,583,4a004a,225005,2000083657,43322613,527,3c003c,211040,3879
225005,2000083657,43322613,527,3c003c,223945,2000080607,43407174,527,370037,84561,-1060
223945,2000080607,43407174,527,370037,224674,2000082951,43533330,534,000000,126156,729
224674,2000082951,43533330,534,000000,224680,2000082957,43592187,527,000000,58857,6
224680,2000082957,43592187,527,000000,224677,2000082954,43610573,527,000000,18386,-3
224677,2000082954,43610573,527,000000,224676,2000082953,43612602,534,000000,2029,-1
224676,2000082953,43612602,534,000000,224675,2000082952,43614153,534,000000,1551,-1
224675,2000082952,43614153,534,000000,220992,2000069640,43839183,564,280028,225030,-3683
220992,2000069640,43839183,564,280028,224679,2000082956,43962470,527,000000,123287,3687
224679,2000082956,43962470,527,000000,223961,2000080679,44067520,534,1e001e,105050,-718
223961,2000080679,44067520,534,1e001e,220831,2000068947,44090604,527,1e001e,23084,-3130
220831,2000068947,44090604,527,1e001e,221323,2000070768,44218462,527,000000,127858,492
221323,2000070768,44218462,527,000000,223318,2000078663,44222689,534,000000,4227,1995
223318,2000078663,44222689,534,000000,223315,2000078641,44223235,576,000000,546,-3
223315,2000078641,44223235,576,000000,222997,2000077634,44225299,534,000000,2064,-318
222997,2000077634,44225299,534,000000,222966,2000077538,44226770,534,000000,1471,-31
222966,2000077538,44226770,534,000000,222757,2000076960,44295732,541,120012,68962,-209
222757,2000076960,44295732,541,120012,222756,2000076959,44297811,541,120012,2079,-1
222756,2000076959,44297811,541,120012,222760,2000076964,44298364,541,120012,553,4
222760,2000076964,44298364,541,120012,222755,2000076956,44299346,541,120012,982,-5
222755,2000076956,44299346,541,120012,222758,2000076961,44300452,541,120012,1106,3
222758,2000076961,44300452,541,120012,223936,2000080555,44976970,527,3c003c,676518,1178
223936,2000080555,44976970,527,3c003c,224685,2000082963,45040400,534,410041,63430,749
224685,2000082963,45040400,534,410041,224204,2000081693,45175178,527,2d002d,134778,-481
224204,2000081693,45175178,527,2d002d,224144,2000081404,45179138,527,2d002d,3960,-60
224144,2000081404,45179138,527,2d002d,224686,2000082964,45202632,534,2d002d,23494,542
224686,2000082964,45202632,534,2d002d,223683,2000079546,45203178,527,2d002d,546,-1003
223683,2000079546,45203178,527,2d002d,223995,2000080852,45211305,527,280028,8127,312
223995,2000080852,45211305,527,280028,224419,2000082362,45221792,527,280028,10487,424
224419,2000082362,45221792,527,280028,224688,2000082966,45228047,534,280028,6255,269
224688,2000082966,45228047,534,280028,224140,2000081398,45231716,527,280028,3669,-548
224140,2000081398,45231716,527,280028,221734,2000072288,45232255,534,280028,539,-2406
221734,2000072288,45232255,534,280028,224205,2000081694,45245456,527,280028,13201,2471
224205,2000081694,45245456,527,280028,222390,2000076019,45261676,527,14000a,16220,-1815
222390,2000076019,45261676,527,14000a,224406,2000082327,45266452,527,280028,4776,2016
224406,2000082327,45266452,527,280028,223996,2000080853,45273866,527,280028,7414,-410
223996,2000080853,45273866,527,280028,224136,2000081393,45280527,571,280028,6661,140
224136,2000081393,45280527,571,280028,223685,2000079553,45281110,527,280028,583,-451
223685,2000079553,45281110,527,280028,224284,2000081995,45282764,527,280028,1654,599
224284,2000081995,45282764,527,280028,224828,2000083234,45284807,603,230032,2043,544
224828,2000083234,45284807,603,230032,224799,2000083173,45287542,546,3a003a,2735,-29
224799,2000083173,45287542,546,3a003a,224219,2000081811,45290443,527,230023,2901,-580
224219,2000081811,45290443,527,230023,224210,2000081700,45296533,527,230023,6090,-9
224210,2000081700,45296533,527,230023,224690,2000082968,45310775,534,280028,14242,480
224690,2000082968,45310775,534,280028,223729,2000079650,45311867,527,230023,1092,-961
223729,2000079650,45311867,527,230023,224139,2000081396,45313634,527,230023,1767,410
224139,2000081396,45313634,527,230023,224142,2000081400,45314173,527,230023,539,3
224142,2000081400,45314173,527,230023,224407,2000082330,45317222,527,230023,3049,265
224407,2000082330,45317222,527,230023,224681,2000082959,45324868,527,230023,7646,274
224681,2000082959,45324868,527,230023,223594,2000079373,45326288,534,230023,1420,-1087
223594,2000079373,45326288,534,230023,223633,2000079446,45327300,527,230023,1012,39
223633,2000079446,45327300,527,230023,224408,2000082331,45333712,527,230023,6412,775
224408,2000082331,45333712,527,230023,223935,2000080553,45337078,527,230023,3366,-473
223935,2000080553,45337078,527,230023,223766,2000079820,45338629,527,230023,1551,-169
223766,2000079820,45338629,527,230023,224220,2000081813,45340681,527,230023,2052,454
224220,2000081813,45340681,527,230023,224286,2000081997,45341766,527,1e001e,1085,66
224286,2000081997,45341766,527,1e001e,224221,2000081815,45355696,539,1e001e,13930,-65
224221,2000081815,45355696,539,1e001e,224199,2000081688,45356786,527,1e001e,1090,-22
224199,2000081688,45356786,527,1e001e,223588,2000079358,45357325,527,1e001e,539,-611
223588,2000079358,45357325,527,1e001e,223370,2000078836,45371453,534,1e001e,14128,-218
223370,2000078836,45371453,534,1e001e,223991,2000080848,45375667,527,1e001e,4214,621
223991,2000080848,45375667,527,1e001e,224682,2000082960,45378065,527,1e001e,2398,691
224682,2000082960,45378065,527,1e001e,224409,2000082335,45380614,527,1e001e,2549,-273
224409,2000082335,45380614,527,1e001e,224145,2000081406,45383495,527,1e001e,2881,-264
224145,2000081406,45383495,527,1e001e,224687,2000082965,45386507,534,1e001e,3012,542
224687,2000082965,45386507,534,1e001e,224222,2000081818,45387978,527,1e001e,1471,-465
224222,2000081818,45387978,527,1e001e,224223,2000081819,45388517,527,1e001e,539,1
224223,2000081819,45388517,527,1e001e,224224,2000081822,45389056,527,1e001e,539,1
224224,2000081822,45389056,527,1e001e,223419,2000078921,45399666,527,1e001e,10610,-805
223419,2000078921,45399666,527,1e001e,223809,2000079979,45403233,527,1e001e,3567,390
223809,2000079979,45403233,527,1e001e,223420,2000078922,45406197,527,1e001e,2964,-389
223420,2000078922,45406197,527,1e001e,224202,2000081691,45407828,527,190019,1631,782
224202,2000081691,45407828,527,190019,223612,2000079404,45410274,527,190019,2446,-590
223612,2000079404,45410274,527,190019,224211,2000081701,45410813,527,1e001e,539,599
224211,2000081701,45410813,527,1e001e,224225,2000081825,45411352,527,1e001e,539,14
224225,2000081825,45411352,527,1e001e,223730,2000079652,45412430,527,190019,1078,-495
223730,2000079652,45412430,527,190019,224201,2000081690,45415066,527,190019,2636,471
224201,2000081690,45415066,527,190019,223615,2000079409,45415605,563,190019,539,-586
223615,2000079409,45415605,563,190019,224203,2000081692,45416743,527,190019,1138,588
224203,2000081692,45416743,527,190019,223811,2000079983,45418987,544,190019,2244,-392
223811,2000079983,45418987,544,190019,223422,2000078924,45420119,527,190019,1132,-389
223422,2000078924,45420119,527,190019,223728,2000079649,45420658,527,190019,539,306
223728,2000079649,45420658,527,190019,224147,2000081410,45421197,539,190019,539,419
224147,2000081410,45421197,539,190019,224209,2000081699,45422177,527,190019,980,62
224209,2000081699,45422177,527,190019,223717,2000079622,45423255,527,190019,1078,-492
223717,2000079622,45423255,527,190019,224262,2000081931,45436463,564,190019,13208,545
224262,2000081931,45436463,564,190019,224148,2000081412,45438407,527,190019,1944,-114
224148,2000081412,45438407,527,190019,224214,2000081720,45438946,564,190019,539,66
224214,2000081720,45438946,564,190019,224683,2000082961,45443087,527,190019,4141,469
224683,2000082961,45443087,527,190019,224689,2000082967,45445690,534,190019,2603,6
224689,2000082967,45445690,534,190019,223423,2000078925,45446236,527,190019,546,-1266
223423,2000078925,45446236,527,190019,223993,2000080850,45447204,527,190019,968,570
223993,2000080850,45447204,527,190019,223424,2000078926,45448355,527,190019,1151,-569
223424,2000078926,45448355,527,190019,223425,2000078927,45448894,527,190019,539,1
223425,2000078927,45448894,527,190019,223426,2000078928,45453683,527,190019,4789,1
223426,2000078928,45453683,527,190019,224198,2000081687,45454768,527,140014,1085,772
224198,2000081687,45454768,527,140014,224200,2000081689,45455853,527,140014,1085,2
224200,2000081689,45455853,527,140014,223427,2000078929,45459645,527,140014,3792,-773
223427,2000078929,45459645,527,140014,223428,2000078930,45460184,527,140014,539,1
223428,2000078930,45460184,527,140014,223430,2000078932,45460723,527,140014,539,2
223430,2000078932,45460723,527,140014,223688,2000079564,45462865,527,140014,2142,258
223688,2000079564,45462865,527,140014,224149,2000081416,45463404,571,140014,539,461
224149,2000081416,45463404,571,140014,223725,2000079645,45467185,527,140014,3781,-424
223725,2000079645,45467185,527,140014,223723,2000079643,45468307,527,140014,1122,-2
223723,2000079643,45468307,527,140014,223690,2000079566,45468846,527,140014,539,-33
223690,2000079566,45468846,527,140014,223689,2000079565,45469814,527,140014,968,-1
223689,2000079565,45469814,527,140014,224287,2000082000,45479931,527,140014,10117,598
224287,2000082000,45479931,527,140014,224212,2000081702,45480470,527,140014,539,-75
224212,2000081702,45480470,527,140014,224197,2000081685,45481009,527,140014,539,-15
224197,2000081685,45481009,527,140014,224684,2000082962,45487170,527,140014,6161,487
224684,2000082962,45487170,527,140014,223634,2000079447,45487709,527,140014,539,-1050
223634,2000079447,45487709,527,140014,224096,2000081249,45489106,527,140014,1397,462
224096,2000081249,45489106,527,140014,223994,2000080851,45491636,527,140014,2530,-102
223994,2000080851,45491636,527,140014,223992,2000080849,45492604,527,140014,968,-2
223992,2000080849,45492604,527,140014,223773,2000079834,45493689,527,140014,1085,-219
223773,2000079834,45493689,527,140014,224288,2000082002,45496580,527,140014,2891,515
224288,2000082002,45496580,527,140014,223431,2000078933,45498989,527,140014,2409,-857
223431,2000078933,45498989,527,140014,223731,2000079653,45499528,527,140014,539,300
223731,2000079653,45499528,527,140014,223722,2000079642,45500067,527,140014,539,-9
223722,2000079642,45500067,527,140014,223718,2000079623,45500606,527,140014,539,-4
223718,2000079623,45500606,527,140014,223726,2000079646,45503359,527,0f000f,2753,8
223726,2000079646,45503359,527,0f000f,221483,2000071417,45511132,557,0f000f,7773,-2243
221483,2000071417,45511132,557,0f000f,223724,2000079644,45512713,527,0f000f,1581,2241
223724,2000079644,45512713,527,0f000f,224150,2000081418,45515556,588,0f000f,2843,426
224150,2000081418,45515556,588,0f000f,223432,2000078934,45518464,527,0f000f,2908,-718
223432,2000078934,45518464,527,0f000f,223720,2000079638,45520965,527,0f000f,2501,288
223720,2000079638,45520965,527,0f000f,223721,2000079639,45522938,527,0f000f,1973,1
223721,2000079639,45522938,527,0f000f,224207,2000081696,45523477,527,0f000f,539,486
224207,2000081696,45523477,527,0f000f,223719,2000079637,45524016,527,0f000f,539,-488
223719,2000079637,45524016,527,0f000f,223727,2000079648,45524555,527,0a000a,539,8
223727,2000079648,45524555,527,0a000a,224206,2000081695,45527992,527,0a000a,3437,479
224206,2000081695,45527992,527,0a000a,224152,2000081423,45531105,527,0a000a,3113,-54
224152,2000081423,45531105,527,0a000a,223433,2000078935,45545410,527,0a000a,14305,-719
223433,2000078935,45545410,527,0a000a,224196,2000081684,45547677,527,050005,2267,763
224196,2000081684,45547677,527,050005,224208,2000081698,45550001,527,050005,2324,12
224208,2000081698,45550001,527,050005,221620,2000071975,45653967,546,000000,103966,-2588
221620,2000071975,45653967,546,000000,221077,2000069893,47190309,554,2b002b,1536342,-543
221077,2000069893,47190309,554,2b002b,225188,2000084258,47441006,532,320032,250697,4111
225188,2000084258,47441006,532,320032,225190,2000084260,47444275,539,320032,3269,2
225190,2000084260,47444275,539,320032,223549,2000079262,47578429,527,320032,134154,-1641
223549,2000079262,47578429,527,320032,222515,2000076385,47989846,545,2b002b,411417,-1034
222515,2000076385,47989846,545,2b002b,223131,2000078048,48240042,537,270027,250196,616
223131,2000078048,48240042,537,270027,221160,2000070338,48242801,539,260026,2759,-1971
221160,2000070338,48242801,539,260026,221159,2000070337,48243903,544,260026,1102,-1
221159,2000070337,48243903,544,260026,222963,2000077527,48429242,547,260026,185339,1804
222963,2000077527,48429242,547,260026,222962,2000077513,48431527,540,260026,2285,-1
222962,2000077513,48431527,540,260026,224853,2000083301,48438051,589,230023,6524,1891
224853,2000083301,48438051,589,230023,223687,2000079563,48439727,574,270027,1676,-1166
223687,2000079563,48439727,574,270027,225225,2000084305,48500277,537,230023,60550,1538
225225,2000084305,48500277,537,230023,223952,2000080619,48508821,554,270027,8544,-1273
223952,2000080619,48508821,554,270027,224143,2000081401,48534373,544,220022,25552,191
224143,2000081401,48534373,544,220022,224524,2000082610,48586785,537,1e001e,52412,381
224524,2000082610,48586785,537,1e001e,225229,2000084309,48608677,537,1e001e,21892,705
225229,2000084309,48608677,537,1e001e,223947,2000080612,48614060,539,1e001e,5383,-1282
223947,2000080612,48614060,539,1e001e,222965,2000077536,48626452,539,1e001e,12392,-982
222965,2000077536,48626452,539,1e001e,222969,2000077551,48627484,544,1e001e,1032,4
222969,2000077551,48627484,544,1e001e,222970,2000077553,48629484,544,1e001e,2000,1
222970,2000077553,48629484,544,1e001e,223126,2000078038,48650300,581,1e001e,20816,156
223126,2000078038,48650300,581,1e001e,223128,2000078043,48650893,532,1e001e,593,2
223128,2000078043,48650893,532,1e001e,223140,2000078061,48651437,544,1e001e,544,12
223140,2000078061,48651437,544,1e001e,224579,2000082744,48656308,532,1e001e,4871,1439
224579,2000082744,48656308,532,1e001e,223779,2000079878,48666040,537,1e001e,9732,-800
223779,2000079878,48666040,537,1e001e,220828,2000068927,48672256,539,210021,6216,-2951
220828,2000068927,48672256,539,210021,220829,2000068928,48672807,544,260026,551,1
220829,2000068928,48672807,544,260026,221161,2000070339,48685920,537,1e001e,13113,332
221161,2000070339,48685920,537,1e001e,221162,2000070340,48686469,544,1e001e,549,1
221162,2000070340,48686469,544,1e001e,221163,2000070341,48687025,539,1e001e,556,1
221163,2000070341,48687025,539,1e001e,221164,2000070342,48687576,534,1e001e,551,1
221164,2000070342,48687576,534,1e001e,221165,2000070343,48688122,539,1e001e,546,1
221165,2000070343,48688122,539,1e001e,224006,2000080867,48690361,537,1e001e,2239,2841
224006,2000080867,48690361,537,1e001e,224000,2000080857,48696842,527,1e001e,6481,-6
224000,2000080857,48696842,527,1e001e,222457,2000076211,48700136,544,1e001e,3294,-1543
222457,2000076211,48700136,544,1e001e,222458,2000076214,48705226,539,1e001e,5090,1
222458,2000076214,48705226,539,1e001e,222459,2000076216,48705777,544,1e001e,551,1
222459,2000076216,48705777,544,1e001e,222462,2000076229,48706914,544,1e001e,1137,3
222462,2000076229,48706914,544,1e001e,223960,2000080678,48724960,545,1b001b,18046,1498
223960,2000080678,48724960,545,1b001b,222499,2000076356,48730542,532,1b001b,5582,-1461
222499,2000076356,48730542,532,1b001b,224410,2000082342,48735434,544,190019,4892,1911
224410,2000082342,48735434,544,190019,224696,2000082980,48738116,580,190019,2682,286
224696,2000082980,48738116,580,190019,225144,2000084102,48738708,532,190019,592,448
225144,2000084102,48738708,532,190019,221717,2000072234,48739252,544,1b001b,544,-3427
221717,2000072234,48739252,544,1b001b,225230,2000084310,48744792,537,190019,5540,3513
225230,2000084310,48744792,537,190019,225226,2000084306,48745897,532,190019,1105,-4
225226,2000084306,48745897,532,190019,224857,2000083318,48746992,550,190019,1095,-369
224857,2000083318,48746992,550,190019,223959,2000080674,48751098,569,1b001b,4106,-898
223959,2000080674,48751098,569,1b001b,224411,2000082345,48751679,532,190019,581,452
224411,2000082345,48751679,532,190019,220963,2000069423,48762319,540,1b001b,10640,-3448
220963,2000069423,48762319,540,1b001b,224715,2000083013,48767739,544,190019,5420,3752
224715,2000083013,48767739,544,190019,221895,2000072684,48768295,592,250025,556,-2820
221895,2000072684,48768295,592,250025,224701,2000082986,48769450,544,190019,1155,2806
224701,2000082986,48769450,544,190019,224434,2000082401,48770006,537,190019,556,-267
224434,2000082401,48770006,537,190019,221542,2000071766,48772815,552,180018,2809,-2892
221542,2000071766,48772815,552,180018,223048,2000077798,48773935,539,140014,1120,1506
223048,2000077798,48773935,539,140014,223051,2000077809,48774486,551,140014,551,3
223051,2000077809,48774486,551,140014,224464,2000082460,48778374,539,140014,3888,1413
224464,2000082460,48778374,539,140014,224700,2000082985,48782885,577,140014,4511,236
224700,2000082985,48782885,577,140014,224526,2000082613,48784611,537,140014,1726,-174
224526,2000082613,48784611,537,140014,224781,2000083140,48787421,545,140014,2810,255
224781,2000083140,48787421,545,140014,224528,2000082616,48787978,537,140014,557,-253
224528,2000082616,48787978,537,140014,224699,2000082984,48790673,547,140014,2695,171
224699,2000082984,48790673,547,140014,224784,2000083143,48792340,564,140014,1667,85
224784,2000083143,48792340,564,140014,224698,2000082982,48792916,539,140014,576,-86
224698,2000082982,48792916,539,140014,220964,2000069424,48797908,577,120012,4992,-3734
220964,2000069424,48797908,577,120012,224938,2000083498,48847384,427,000000,49476,3974
224938,2000083498,48847384,427,000000,223118,2000078025,49334471,600,000000,487087,-1820
223118,2000078025,49334471,600,000000,221454,2000071316,49346504,569,420042,12033,-1664
221454,2000071316,49346504,569,420042,223441,2000078970,49412822,527,000000,66318,1987
223441,2000078970,49412822,527,000000,223482,2000079045,49418775,534,3c003c,5953,41
223482,2000079045,49418775,534,3c003c,221458,2000071322,49424420,569,3c003c,5645,-2024
221458,2000071322,49424420,569,3c003c,222185,2000074554,49427988,539,3b003b,3568,727
222185,2000074554,49427988,539,3b003b,222395,2000076039,49429715,534,3b003b,1727,210
222395,2000076039,49429715,534,3b003b,222396,2000076041,49430261,534,3b003b,546,1
222396,2000076041,49430261,534,3b003b,220868,2000069059,49431951,539,3b003b,1690,-1528
220868,2000069059,49431951,539,3b003b,221522,2000071709,49443183,532,3a003a,11232,654
221522,2000071709,49443183,532,3a003a,224620,2000082812,49466267,539,370037,23084,3098
224620,2000082812,49466267,539,370037,223478,2000079038,49482201,539,370037,15934,-1142
223478,2000079038,49482201,539,370037,224732,2000083044,49483592,534,370037,1391,1254
224732,2000083044,49483592,534,370037,224896,2000083394,49546187,539,320032,62595,164
224896,2000083394,49546187,539,320032,224888,2000083381,49558828,539,320032,12641,-8
224888,2000083381,49558828,539,320032,224885,2000083375,49559379,534,320032,551,-3
224885,2000083375,49559379,534,320032,225254,2000084350,49584680,527,300030,25301,369
225254,2000084350,49584680,527,300030,225171,2000084185,49588037,532,300030,3357,-83
225171,2000084185,49588037,532,300030,224621,2000082815,49643565,539,2d002d,55528,-550
224621,2000082815,49643565,539,2d002d,220869,2000069060,49648224,539,2d002d,4659,-3752
220869,2000069060,49648224,539,2d002d,224894,2000083391,49653035,534,2d002d,4811,4025
224894,2000083391,49653035,534,2d002d,221545,2000071788,49653581,417,2d002d,546,-3349
221545,2000071788,49653581,417,2d002d,224889,2000083383,49654010,534,2d002d,429,3344
224889,2000083383,49654010,534,2d002d,220939,2000069271,49663302,539,2c002c,9292,-3950
220939,2000069271,49663302,539,2c002c,225263,2000084360,49678917,459,2b002b,15615,4324
225263,2000084360,49678917,459,2b002b,220830,2000068929,49723603,569,290029,44686,-4433
220830,2000068929,49723603,569,290029,221710,2000072219,49724184,534,280028,581,880
221710,2000072219,49724184,534,280028,221712,2000072221,49728838,539,280028,4654,2
221712,2000072221,49728838,539,280028,221523,2000071712,49730887,534,280028,2049,-189
221523,2000071712,49730887,534,280028,221711,2000072220,49734581,556,280028,3694,188
221711,2000072220,49734581,556,280028,221524,2000071714,49735149,539,280028,568,-187
221524,2000071714,49735149,539,280028,224932,2000083486,51496301,549,000000,1761152,3408
224932,2000083486,51496301,549,000000,222613,2000076590,51845924,568,420042,349623,-2319
222613,2000076590,51845924,568,420042,223232,2000078342,51921197,537,410041,75273,619
223232,2000078342,51921197,537,410041,220911,2000069193,52035228,591,370037,114031,-2321
220911,2000069193,52035228,591,370037,224309,2000082046,52057784,569,3e003e,22556,3398
224309,2000082046,52057784,569,3e003e,223595,2000079374,52144222,539,3c003c,86438,-714
223595,2000079374,52144222,539,3c003c,222450,2000076166,52220978,537,3c003c,76756,-1145
222450,2000076166,52220978,537,3c003c,222250,2000075049,52254105,544,3a003a,33127,-200
222250,2000075049,52254105,544,3a003a,223593,2000079369,52266686,574,3a003a,12581,1343
223593,2000079369,52266686,574,3a003a,223292,2000078576,52286180,561,390039,19494,-301
223292,2000078576,52286180,561,390039,224649,2000082865,52315047,532,380038,28867,1357
224649,2000082865,52315047,532,380038,223098,2000077965,52396484,544,370037,81437,-1551
223098,2000077965,52396484,544,370037,222467,2000076274,52397503,544,370037,1019,-631
222467,2000076274,52397503,544,370037,222287,2000075366,52398655,557,370037,1152,-180
222287,2000075366,52398655,557,370037,223231,2000078341,52423583,537,370037,24928,944
223231,2000078341,52423583,537,370037,223941,2000080595,52548728,539,340034,125145,710
223941,2000080595,52548728,539,340034,223285,2000078564,52558471,532,330033,9743,-656
223285,2000078564,52558471,532,330033,223291,2000078575,52560562,576,330033,2091,6
223291,2000078575,52560562,576,330033,223872,2000080168,52562325,574,330033,1763,581
223872,2000080168,52562325,574,330033,222280,2000075309,52563485,544,330033,1160,-1592
222280,2000075309,52563485,544,330033,222283,2000075348,52649835,532,320032,86350,3
222283,2000075348,52649835,532,320032,224301,2000082022,52663761,532,320032,13926,2018
224301,2000082022,52663761,532,320032,223763,2000079817,52685204,539,320032,21443,-538
223763,2000079817,52685204,539,320032,223090,2000077933,52711786,544,320032,26582,-673
223090,2000077933,52711786,544,320032,223942,2000080596,52713193,544,320032,1407,852
223942,2000080596,52713193,544,320032,223083,2000077897,52727467,544,310031,14274,-859
223083,2000077897,52727467,544,310031,223093,2000077944,52729142,544,310031,1675,10
223093,2000077944,52729142,544,310031,223081,2000077895,52729698,539,310031,556,-12
223081,2000077895,52729698,539,310031,224157,2000081433,52744674,534,300030,14976,1076
224157,2000081433,52744674,534,300030,223900,2000080307,52762523,537,2f002f,17849,-257
223900,2000080307,52762523,537,2f002f,223859,2000080143,52765051,544,2f002f,2528,-41
223859,2000080143,52765051,544,2f002f,223869,2000080164,52781290,574,2e002e,16239,10
223869,2000080164,52781290,574,2e002e,223092,2000077935,52796147,544,2d002d,14857,-777
223092,2000077935,52796147,544,2d002d,223089,2000077932,52796703,537,2d002d,556,-3
223089,2000077932,52796703,537,2d002d,223082,2000077896,52798769,544,2d002d,2066,-7
223082,2000077896,52798769,544,2d002d,223861,2000080151,52801601,544,2d002d,2832,779
223861,2000080151,52801601,544,2d002d,223857,2000080139,52805832,532,2d002d,4231,-4
223857,2000080139,52805832,532,2d002d,223080,2000077894,52808940,539,2d002d,3108,-777
223080,2000077894,52808940,539,2d002d,223764,2000079818,52822724,556,2d002d,13784,684
223764,2000079818,52822724,556,2d002d,224299,2000082020,52842595,539,2d002d,19871,535
224299,2000082020,52842595,539,2d002d,224319,2000082078,52846960,539,2d002d,4365,20
224319,2000082078,52846960,539,2d002d,224329,2000082111,52851038,537,2d002d,4078,10
224329,2000082111,52851038,537,2d002d,224335,2000082131,52853492,537,2d002d,2454,6
224335,2000082131,52853492,537,2d002d,223238,2000078350,52859657,544,2d002d,6165,-1097
223238,2000078350,52859657,544,2d002d,223222,2000078321,52860213,532,2d002d,556,-16
223222,2000078321,52860213,532,2d002d,223221,2000078320,52860757,532,2d002d,544,-1
223221,2000078320,52860757,532,2d002d,224651,2000082870,52872964,537,2d002d,12207,1430
224651,2000082870,52872964,537,2d002d,224318,2000082077,52958377,544,2c002c,85413,-333
224318,2000082077,52958377,544,2c002c,223186,2000078178,52978788,574,2b002b,20411,-1132
223186,2000078178,52978788,574,2b002b,224320,2000082079,52979953,539,2a002a,1165,1134
224320,2000082079,52979953,539,2a002a,224317,2000082076,53008445,539,2a002a,28492,-3
224317,2000082076,53008445,539,2a002a,221352,2000070841,53010147,534,290029,1702,-2965
221352,2000070841,53010147,534,290029,223858,2000080141,53012182,539,290029,2035,2506
223858,2000080141,53012182,539,290029,223873,2000080171,53013131,574,290029,949,15
223873,2000080171,53013131,574,290029,224305,2000082033,53026124,539,280028,12993,432
224305,2000082033,53026124,539,280028,224330,2000082119,53027517,539,280028,1393,25
224330,2000082119,53027517,539,280028,223233,2000078343,53120709,539,280028,93192,-1097
223233,2000078343,53120709,539,280028,223855,2000080133,53126251,544,280028,5542,622
223855,2000080133,53126251,544,280028,223862,2000080154,53126807,569,280028,556,7
223862,2000080154,53126807,569,280028,224731,2000083041,53140843,537,260026,14036,869
224731,2000083041,53140843,537,260026,222614,2000076594,53261490,574,1e001e,120647,-2117
222614,2000076594,53261490,574,1e001e,222749,2000076933,53278012,532,1b001b,16522,135
222749,2000076933,53278012,532,1b001b,224272,2000081978,53281692,544,1e001e,3680,1523
224272,2000081978,53281692,544,1e001e,222796,2000077077,53289391,537,1b001b,7699,-1476
222796,2000077077,53289391,537,1b001b,222791,2000077043,53289940,574,1b001b,549,-5
222791,2000077043,53289940,574,1b001b,222616,2000076596,53290526,574,1d001d,586,-175
222616,2000076596,53290526,574,1d001d,222699,2000076800,53291668,574,1b001b,1142,83
222699,2000076800,53291668,574,1b001b,222797,2000077082,53292254,549,1b001b,586,98
222797,2000077082,53292254,549,1b001b,222744,2000076926,53294542,569,1b001b,2288,-53
222744,2000076926,53294542,569,1b001b,222586,2000076508,53295123,574,1a001a,581,-158
222586,2000076508,53295123,574,1a001a,222562,2000076449,53295709,581,1b001b,586,-24
222562,2000076449,53295709,581,1b001b,222745,2000076929,53296674,532,1b001b,965,183
222745,2000076929,53296674,532,1b001b,222588,2000076511,53299564,581,1b001b,2890,-157
222588,2000076511,53299564,581,1b001b,222585,2000076507,53300157,574,1b001b,593,-3
222585,2000076507,53300157,574,1b001b,222642,2000076662,53300743,574,1a001a,586,57
222642,2000076662,53300743,574,1a001a,222748,2000076932,53301329,569,1b001b,586,106
222748,2000076932,53301329,569,1b001b,222700,2000076801,53302855,574,1a001a,1526,-48
222700,2000076801,53302855,574,1a001a,222795,2000077071,53303441,532,1b001b,586,95
222795,2000077071,53303441,532,1b001b,222563,2000076451,53303985,574,1b001b,544,-232
222563,2000076451,53303985,574,1b001b,222702,2000076806,53305152,586,1b001b,1167,139
222702,2000076806,53305152,586,1b001b,222701,2000076803,53305750,567,1b001b,598,-1
222701,2000076803,53305750,567,1b001b,222874,2000077262,53306329,586,1b001b,579,173
222874,2000077262,53306329,586,1b001b,222703,2000076807,53307471,464,1a001a,1142,-171
222703,2000076807,53307471,464,1a001a,222564,2000076452,53308528,532,1a001a,1057,-139
222564,2000076452,53308528,532,1a001a,221672,2000072139,53313817,434,190019,5289,-892
221672,2000072139,53313817,434,190019,223153,2000078090,54137094,534,4b004b,823277,1481
223153,2000078090,54137094,534,4b004b,223158,2000078104,54174913,534,4a004a,37819,5
223158,2000078104,54174913,534,4a004a,223447,2000078989,54209572,534,480048,34659,289
223447,2000078989,54209572,534,480048,223443,2000078981,54215535,534,470047,5963,-4
223443,2000078981,54215535,534,470047,223455,2000079003,54232731,534,470047,17196,12
223455,2000079003,54232731,534,470047,223440,2000078967,54273935,534,470047,41204,-15
223440,2000078967,54273935,534,470047,224146,2000081409,54275655,534,460046,1720,706
224146,2000081409,54275655,534,460046,224024,2000080937,54312059,576,3c003c,36404,-122
224024,2000080937,54312059,576,3c003c,224315,2000082069,54322095,527,460046,10036,291
224315,2000082069,54322095,527,460046,224322,2000082083,54329509,527,460046,7414,7
224322,2000082083,54329509,527,460046,223308,2000078629,54345261,534,000000,15752,-1014
223308,2000078629,54345261,534,000000,223392,2000078880,54357838,527,410041,12577,84
223392,2000078880,54357838,527,410041,220938,2000069267,54373762,557,3c003c,15924,-2454
220938,2000069267,54373762,557,3c003c,220877,2000069080,54463610,534,3c003c,89848,-61
220877,2000069080,54463610,534,3c003c,224439,2000082413,54522203,534,410041,58593,3562
224439,2000082413,54522203,534,410041,222394,2000076032,54527294,564,400040,5091,-2045
222394,2000076032,54527294,564,400040,224173,2000081492,54540313,527,3c003c,13019,1779
224173,2000081492,54540313,527,3c003c,223927,2000080471,54541944,546,320037,1631,-246
223927,2000080471,54541944,546,320037,224872,2000083353,54598846,564,3c003c,56902,945
224872,2000083353,54598846,564,3c003c,223538,2000079240,54614423,527,3c003c,15577,-1334
223538,2000079240,54614423,527,3c003c,223874,2000080182,54623148,534,320032,8725,336
223874,2000080182,54623148,534,320032,224070,2000081088,54647692,571,3c003c,24544,196
224070,2000081088,54647692,571,3c003c,223926,2000080469,54650863,527,320032,3171,-144
223926,2000080469,54650863,527,320032,223876,2000080191,54655148,534,320032,4285,-50
223876,2000080191,54655148,534,320032,222260,2000075112,54660525,534,3c003c,5377,-1616
222260,2000075112,54660525,534,3c003c,223889,2000080221,54664555,564,280028,4030,1629
223889,2000080221,54664555,564,280028,224431,2000082397,54668302,534,000000,3747,542
224431,2000082397,54668302,534,000000,223288,2000078570,54669970,551,320032,1668,-1143
223288,2000078570,54669970,551,320032,223881,2000080206,54681497,534,280028,11527,593
223881,2000080206,54681497,534,280028,223891,2000080227,54782889,544,280028,101392,10
223891,2000080227,54782889,544,280028,223289,2000078571,54783991,556,2d002d,1102,-602
223289,2000078571,54783991,556,2d002d,223877,2000080195,54785105,534,280028,1114,588
223877,2000080195,54785105,534,280028,223883,2000080210,54786197,534,280028,1092,6
223883,2000080210,54786197,534,280028,223878,2000080202,54789483,534,280028,3286,-5
223878,2000080202,54789483,534,280028,223287,2000078569,54798150,561,32002d,8667,-591
223287,2000078569,54798150,561,32002d,223885,2000080214,54799262,534,280028,1112,598
223885,2000080214,54799262,534,280028,223290,2000078572,54801827,556,2d002d,2565,-595
223290,2000078572,54801827,556,2d002d,224420,2000082366,54804825,534,320032,2998,1130
224420,2000082366,54804825,534,320032,224344,2000082147,54813786,534,370037,8961,-76
224344,2000082147,54813786,534,370037,224421,2000082369,54826227,534,320032,12441,77
224421,2000082369,54826227,534,320032,223928,2000080472,54852820,527,1e001e,26593,-493
223928,2000080472,54852820,527,1e001e,222971,2000077557,55368911,583,5a0041,516091,-957
222971,2000077557,55368911,583,5a0041,222945,2000077445,55673720,579,4f004f,304809,-26
222945,2000077445,55673720,579,4f004f,223980,2000080757,55679162,591,4b004b,5442,1035
223980,2000080757,55679162,591,4b004b,221513,2000071620,55751140,608,520052,71978,-2467
221513,2000071620,55751140,608,520052,221776,2000072370,55757252,603,4b004b,6112,263
221776,2000072370,55757252,603,4b004b,222565,2000076455,55770774,603,4b004b,13522,789
222565,2000076455,55770774,603,4b004b,222949,2000077464,55807865,549,4b004b,37091,384
222949,2000077464,55807865,549,4b004b,222940,2000077431,55849094,579,4e004e,41229,-9
222940,2000077431,55849094,579,4e004e,224049,2000081029,55899932,596,480048,50838,1109
224049,2000081029,55899932,596,480048,222480,2000076290,55907663,598,470047,7731,-1569
222480,2000076290,55907663,598,470047,222697,2000076791,55912520,549,450045,4857,217
222697,2000076791,55912520,549,450045,222948,2000077448,55920981,579,480048,8461,251
222948,2000077448,55920981,579,480048,221803,2000072451,56002446,481,440044,81465,-1145
221803,2000072451,56002446,481,440044,221806,2000072460,56036308,627,420042,33862,3
221806,2000072460,56036308,627,420042,224274,2000081982,56058027,579,000000,21719,2468
224274,2000081982,56058027,579,000000,221782,2000072388,56084082,627,480048,26055,-2492
221782,2000072388,56084082,627,480048,221784,2000072391,56084721,610,480048,639,2
221784,2000072391,56084721,610,480048,222944,2000077443,56088465,549,480048,3744,1160
222944,2000077443,56088465,549,480048,222022,2000073515,56139676,549,370037,51211,-922
222022,2000073515,56139676,549,370037,224165,2000081469,56202763,554,000000,63087,2143
224165,2000081469,56202763,554,000000,221801,2000072446,56203946,579,3c003c,1183,-2364
221801,2000072446,56203946,579,3c003c,221791,2000072423,56225915,591,420042,21969,-10
221791,2000072423,56225915,591,420042,221802,2000072447,56234037,579,3c003c,8122,11
221802,2000072447,56234037,579,3c003c,221194,2000070449,56242305,579,3c003c,8268,-608
221194,2000070449,56242305,579,3c003c,222023,2000073517,56242896,615,420042,591,829
222023,2000073517,56242896,615,420042,222942,2000077438,56243523,579,450045,627,919
222942,2000077438,56243523,579,450045,224053,2000081039,56245348,586,370037,1825,1111
224053,2000081039,56245348,586,370037,221781,2000072385,56256684,603,420042,11336,-2272
221781,2000072385,56256684,603,420042,221195,2000070452,56265718,579,2d002d,9034,-586
221195,2000070452,56265718,579,2d002d,222019,2000073506,56268616,586,420042,2898,824
222019,2000073506,56268616,586,420042,221805,2000072456,56270307,586,3c003c,1691,-214
221805,2000072456,56270307,586,3c003c,224916,2000083445,56273074,593,3c003c,2767,3111
224916,2000083445,56273074,593,3c003c,221956,2000073174,56275877,579,320032,2803,-2960
221956,2000073174,56275877,579,320032,221780,2000072383,56296293,593,420042,20416,-176
221780,2000072383,56296293,593,420042,221795,2000072430,56301758,598,420042,5465,15
221795,2000072430,56301758,598,420042,221792,2000072427,56302368,591,420042,610,-3
221792,2000072427,56302368,591,420042,221786,2000072394,56303469,627,420042,1101,-6
221786,2000072394,56303469,627,420042,222802,2000077104,56315805,586,3f003f,12336,1016
222802,2000077104,56315805,586,3f003f,223768,2000079823,56324092,549,370037,8287,966
223768,2000079823,56324092,549,370037,224052,2000081035,56324653,579,370037,561,284
224052,2000081035,56324653,579,370037,221972,2000073245,56340825,579,320032,16172,-2080
221972,2000073245,56340825,579,320032,221790,2000072422,56347099,579,3c003c,6274,-182
221790,2000072422,56347099,579,3c003c,222694,2000076787,56361816,561,370037,14717,904
222694,2000076787,56361816,561,370037,222804,2000077115,56364163,549,3f003f,2347,110
222804,2000077115,56364163,549,3f003f,221886,2000072647,56365205,579,3c003c,1042,-918
221886,2000072647,56365205,579,3c003c,222928,2000077375,56369399,549,3f003f,4194,1042
222928,2000077375,56369399,549,3f003f,224071,2000081091,56371845,549,370037,2446,1143
224071,2000081091,56371845,549,370037,222017,2000073502,56374810,579,370037,2965,-2054
222017,2000073502,56374810,579,370037,221974,2000073253,56377898,579,320032,3088,-43
221974,2000073253,56377898,579,320032,222020,2000073511,56380350,615,370037,2452,46
222020,2000073511,56380350,615,370037,223414,2000078912,56385866,579,000000,5516,1394
223414,2000078912,56385866,579,000000,223384,2000078868,56386457,591,370037,591,-30
223384,2000078868,56386457,591,370037,224975,2000083554,56398531,579,370037,12074,1591
224975,2000083554,56398531,579,370037,223821,2000080047,56405559,549,000000,7028,-1154
223821,2000080047,56405559,549,000000,221311,2000070721,56455158,586,2d002d,49599,-2510
221311,2000070721,56455158,586,2d002d,224048,2000081026,56456042,579,370037,884,2737
224048,2000081026,56456042,579,370037,224068,2000081080,56459395,579,3c003c,3353,20
224068,2000081080,56459395,579,3c003c,224069,2000081087,56459986,579,370037,591,1
224069,2000081087,56459986,579,370037,221798,2000072437,56463776,579,3f003f,3790,-2271
221798,2000072437,56463776,579,3f003f,223484,2000079047,56465869,561,370037,2093,1686
223484,2000079047,56465869,561,370037,221797,2000072436,56472294,586,3c003c,6425,-1687
221797,2000072436,56472294,586,3c003c,221888,2000072658,56484602,610,320032,12308,91
221888,2000072658,56484602,610,320032,221882,2000072625,56487021,579,370037,2419,-6
221882,2000072625,56487021,579,370037,223748,2000079763,56495040,579,320032,8019,1866
223748,2000079763,56495040,579,320032,224340,2000082138,56500002,579,350035,4962,592
224340,2000082138,56500002,579,350035,221779,2000072377,56505960,586,2d002d,5958,-2561
221779,2000072377,56505960,586,2d002d,223712,2000079592,56506558,591,410041,598,1933
223712,2000079592,56506558,591,410041,221794,2000072429,56515620,591,2d002d,9062,-1918
221794,2000072429,56515620,591,2d002d,224657,2000082886,56516223,579,370037,603,2863
224657,2000082886,56516223,579,370037,221880,2000072623,56516814,549,320032,591,-2777
221880,2000072623,56516814,549,320032,221887,2000072650,56517966,549,3c003c,1152,7
221887,2000072650,56517966,549,3c003c,221980,2000073264,56522027,579,370037,4061,93
221980,2000073264,56522027,579,370037,224171,2000081481,56525022,579,370037,2995,2191
224171,2000081481,56525022,579,370037,221785,2000072393,56527998,591,330033,2976,-2386
221785,2000072393,56527998,591,330033,223510,2000079138,56529790,573,2d002d,1792,1725
223510,2000079138,56529790,573,2d002d,224919,2000083461,56545638,586,370037,15848,1409
224919,2000083461,56545638,586,370037,224566,2000082710,56553370,586,3c003c,7732,-353
224566,2000082710,56553370,586,3c003c,224073,2000081093,56559523,549,2d002d,6153,-493
224073,2000081093,56559523,549,2d002d,223843,2000080104,56564511,549,000000,4988,-230
223843,2000080104,56564511,549,000000,224645,2000082856,56565670,579,370037,1159,802
224645,2000082856,56565670,579,370037,224662,2000082900,56568040,579,370037,2370,17
224662,2000082900,56568040,579,370037,221892,2000072666,56578299,549,370037,10259,-2770
221892,2000072666,56578299,549,370037,221903,2000072701,56581267,586,320032,2968,11
221903,2000072701,56581267,586,320032,222761,2000076965,56591464,549,370037,10197,858
222761,2000076965,56591464,549,370037,223533,2000079218,56593615,579,3c003c,2151,772
223533,2000079218,56593615,579,3c003c,221936,2000072942,56597017,549,320032,3402,-1597
221936,2000072942,56597017,549,320032,223822,2000080048,56611546,549,000000,14529,1886
223822,2000080048,56611546,549,000000,225069,2000083912,56617398,627,3c003c,5852,1247
225069,2000083912,56617398,627,3c003c,224656,2000082885,56619243,579,370037,1845,-413
224656,2000082885,56619243,579,370037,221998,2000073404,56632091,608,320032,12848,-2658
221998,2000073404,56632091,608,320032,222018,2000073505,56633211,549,320032,1120,20
222018,2000073505,56633211,549,320032,223487,2000079051,56637838,586,2d002d,4627,1469
223487,2000079051,56637838,586,2d002d,221877,2000072618,56638436,579,2d002d,598,-1610
221877,2000072618,56638436,579,2d002d,223486,2000079049,56639423,549,370037,987,1609
223486,2000079049,56639423,549,370037,221192,2000070446,56642089,579,330033,2666,-2294
221192,2000070446,56642089,579,330033,221796,2000072434,56646667,615,2d002d,4578,604
221796,2000072434,56646667,615,2d002d,221896,2000072688,56647892,579,320032,1225,100
221896,2000072688,56647892,579,320032,224827,2000083233,56649037,586,370037,1145,2931
224827,2000083233,56649037,586,370037,221884,2000072641,56652401,549,370037,3364,-2943
221884,2000072641,56652401,549,370037,222478,2000076287,56652962,561,330033,561,594
222478,2000076287,56652962,561,330033,224559,2000082692,56653535,579,2c002c,573,2081
224559,2000082692,56653535,579,2c002c,221309,2000070710,56655911,586,3c003c,2376,-3250
221309,2000070710,56655911,586,3c003c,221984,2000073270,56658886,549,320032,2975,675
221984,2000073270,56658886,549,320032,224778,2000083136,56660045,549,320032,1159,2794
224778,2000083136,56660045,549,320032,224573,2000082720,56660606,579,2c002c,561,-205
224573,2000082720,56660606,579,2c002c,221885,2000072643,56669526,549,320032,8920,-2688
221885,2000072643,56669526,549,320032,224660,2000082894,56709907,579,370037,40381,2775
224660,2000082894,56709907,579,370037,222612,2000076585,56727403,542,000000,17496,-2048
222612,2000076585,56727403,542,000000,224569,2000082716,56775821,579,2c002c,48418,1957
224569,2000082716,56775821,579,2c002c,224563,2000082699,56778125,549,2c002c,2304,-6
224563,2000082699,56778125,549,2c002c,223770,2000079828,56780490,549,350035,2365,-793
223770,2000079828,56780490,549,350035,221982,2000073266,56784282,549,2d002d,3792,-1788
221982,2000073266,56784282,549,2d002d,224178,2000081510,56791849,542,280028,7567,2196
224178,2000081510,56791849,542,280028,221985,2000073273,56794207,549,320032,2358,-2193
221985,2000073273,56794207,549,320032,224137,2000081394,56797066,586,310031,2859,2152
224137,2000081394,56797066,586,310031,221876,2000072616,56798060,549,2d002d,994,-2261
221876,2000072616,56798060,549,2d002d,221881,2000072624,56800218,549,2d002d,2158,5
221881,2000072624,56800218,549,2d002d,221893,2000072667,56804864,549,370037,4646,12
221893,2000072667,56804864,549,370037,224555,2000082687,56831221,549,2c002c,26357,2662
224555,2000082687,56831221,549,2c002c,224567,2000082712,56839638,549,2c002c,8417,12
224567,2000082712,56839638,549,2c002c,223534,2000079219,56842369,579,370037,2731,-1033
223534,2000079219,56842369,579,370037,221978,2000073262,56844623,549,2d002d,2254,-1556
221978,2000073262,56844623,549,2d002d,224169,2000081477,56846798,549,2c002c,2175,2191
224169,2000081477,56846798,549,2c002c,221986,2000073274,56847359,549,2d002d,561,-2183
221986,2000073274,56847359,549,2d002d,224774,2000083128,56863765,549,2c002c,16406,2788
224774,2000083128,56863765,549,2c002c,221799,2000072440,56873025,561,2a002a,9260,-2975
221799,2000072440,56873025,561,2a002a,224174,2000081493,56875414,549,2d002d,2389,2375
224174,2000081493,56875414,549,2d002d,221879,2000072621,56877655,579,320032,2241,-2295
221879,2000072621,56877655,579,320032,223771,2000079832,56878844,549,340034,1189,1892
223771,2000079832,56878844,549,340034,221148,2000070282,56892191,579,2d002d,13347,-2623
221148,2000070282,56892191,579,2d002d,221976,2000073258,56895604,579,320032,3413,828
221976,2000073258,56895604,579,320032,224352,2000082170,56898395,542,300030,2791,2376
224352,2000082170,56898395,542,300030,224565,2000082708,56901159,586,350035,2764,213
224565,2000082708,56901159,586,350035,224568,2000082715,56902348,549,210021,1189,3
224568,2000082715,56902348,549,210021,224748,2000083074,56913024,549,2c002c,10676,180
224748,2000083074,56913024,549,2c002c,224663,2000082902,56914772,549,2c002c,1748,-85
224663,2000082902,56914772,549,2c002c,223511,2000079139,56919379,573,280028,4607,-1152
223511,2000079139,56919379,573,280028,223520,2000079156,56919964,579,320032,585,9
223520,2000079156,56919964,579,320032,223760,2000079814,56922356,549,2d002d,2392,240
223760,2000079814,56922356,549,2d002d,224075,2000081098,56923508,549,2d002d,1152,315
224075,2000081098,56923508,549,2d002d,224560,2000082694,56925135,579,2c002c,1627,485
224560,2000082694,56925135,579,2c002c,224350,2000082165,56927803,549,280028,2668,-210
224350,2000082165,56927803,549,280028,224078,2000081102,56939764,566,2d002d,11961,-272
224078,2000081102,56939764,566,2d002d,224571,2000082718,56940342,566,2c002c,578,493
224571,2000082718,56940342,566,2c002c,224744,2000083070,56944856,549,250025,4514,173
224744,2000083070,56944856,549,250025,221977,2000073260,56980934,549,2d002d,36078,-2767
221977,2000073260,56980934,549,2d002d,221981,2000073265,56983085,549,2d002d,2151,4
221981,2000073265,56983085,549,2d002d,224562,2000082698,56994591,579,2c002c,11506,2581
224562,2000082698,56994591,579,2c002c,224141,2000081399,56995578,566,2c002c,987,-421
224141,2000081399,56995578,566,2c002c,224138,2000081395,56996156,566,280028,578,-3
224138,2000081395,56996156,566,280028,224127,2000081355,56997490,549,2c002c,1334,-11
224127,2000081355,56997490,549,2c002c,223421,2000078923,56998051,591,000000,561,-706
223421,2000078923,56998051,591,000000,223418,2000078919,56998654,469,000000,603,-3
223418,2000078919,56998654,469,000000,224079,2000081103,57025471,542,2c002c,26817,661
224079,2000081103,57025471,542,2c002c,224125,2000081348,57026640,549,280028,1169,46
224125,2000081348,57026640,549,280028,224126,2000081351,57028300,549,2b002b,1660,1
224126,2000081351,57028300,549,2b002b,224658,2000082887,57032438,596,2c002c,4138,532
224658,2000082887,57032438,596,2c002c,224561,2000082697,57036532,549,260026,4094,-97
224561,2000082697,57036532,549,260026,224168,2000081475,57037093,542,280028,561,-393
224168,2000081475,57037093,542,280028,224564,2000082707,57047068,586,320032,9975,396
224564,2000082707,57047068,586,320032,224783,2000083142,57058730,549,210021,11662,219
224783,2000083142,57058730,549,210021,221878,2000072620,57062019,549,280028,3289,-2905
221878,2000072620,57062019,549,280028,223544,2000079248,57065549,549,2d002d,3530,1666
223544,2000079248,57065549,549,2d002d,224572,2000082719,57069728,549,260026,4179,1028
224572,2000082719,57069728,549,260026,224570,2000082717,57085514,549,210021,15786,-2
224570,2000082717,57085514,549,210021,223767,2000079822,57087279,549,2c002c,1765,-803
223767,2000079822,57087279,549,2c002c,221902,2000072700,57105742,549,1e001e,18463,-1865
221902,2000072700,57105742,549,1e001e,223545,2000079251,57115382,549,2d002d,9640,1643
223545,2000079251,57115382,549,2d002d,221904,2000072702,57132259,549,1e001e,16877,-1641
221904,2000072702,57132259,549,1e001e,224795,2000083163,57134453,549,210021,2194,2891
224795,2000083163,57134453,549,210021,224558,2000082691,57138072,549,210021,3619,-237
224558,2000082691,57138072,549,210021,224351,2000082169,57139231,549,210021,1159,-207
224351,2000082169,57139231,549,210021,223896,2000080295,57148248,549,000000,9017,-455
223896,2000080295,57148248,549,000000,223759,2000079811,57235978,549,260026,87730,-137
223759,2000079811,57235978,549,260026,224659,2000082888,57237044,549,210021,1066,900
224659,2000082888,57237044,549,210021,224787,2000083147,57242788,549,210021,5744,128
224787,2000083147,57242788,549,210021,224792,2000083158,57246849,549,280028,4061,5
224792,2000083158,57246849,549,280028,223543,2000079247,57283108,549,240024,36259,-1249
223543,2000079247,57283108,549,240024,224661,2000082898,57297488,549,260026,14380,1118
224661,2000082898,57297488,549,260026,224739,2000083062,57314900,549,1e001e,17412,78
224739,2000083062,57314900,549,1e001e,223758,2000079809,57323521,549,210021,8621,-981
223758,2000079809,57323521,549,210021,223757,2000079808,57324655,549,210021,1134,-1
223757,2000079808,57324655,549,210021,224650,2000082869,57342850,579,210021,18195,893
224650,2000082869,57342850,579,210021,224735,2000083054,57349067,549,1c001c,6217,85
224735,2000083054,57349067,549,1c001c,224785,2000083144,57357353,549,210021,8286,50
224785,2000083144,57357353,549,210021,224736,2000083055,57388735,549,1e001e,31382,-49
224736,2000083055,57388735,549,1e001e,224648,2000082860,57389296,549,210021,561,-88
224648,2000082860,57389296,549,210021,224647,2000082859,57432623,549,210021,43327,-1
224647,2000082859,57432623,549,210021,222465,2000076240,57537379,600,000000,104756,-2182
222465,2000076240,57537379,600,000000,222725,2000076871,57546261,549,000000,8882,260
222725,2000076871,57546261,549,000000,222731,2000076888,57546822,549,000000,561,6
222731,2000076888,57546822,549,000000,222733,2000076890,57547383,549,000000,561,2
222733,2000076890,57547383,549,000000,221622,2000071978,58175589,564,2b002b,628206,-1111
221622,2000071978,58175589,564,2b002b,221639,2000072024,58304530,576,270027,128941,17
221639,2000072024,58304530,576,270027,221659,2000072117,58311707,564,260026,7177,20
221659,2000072117,58311707,564,260026,221656,2000072110,58368071,576,230023,56364,-3
221656,2000072110,58368071,576,230023,221596,2000071916,58375862,576,220022,7791,-60
221596,2000071916,58375862,576,220022,221674,2000072142,58434122,527,1e001e,58260,78
221674,2000072142,58434122,527,1e001e,221658,2000072115,58436917,534,1e001e,2795,-16
221658,2000072115,58436917,534,1e001e,221640,2000072026,58441778,534,1d001d,4861,-18
221640,2000072026,58441778,534,1d001d,221660,2000072123,58442907,564,1c001c,1129,20
221660,2000072123,58442907,564,1c001c,221661,2000072124,58463203,564,190019,20296,1
221661,2000072124,58463203,564,190019,221554,2000071821,58719612,534,000000,256409,-107
221554,2000071821,58719612,534,000000,221376,2000071150,59564953,539,500050,845341,-178
221376,2000071150,59564953,539,500050,224043,2000081004,59805375,539,460046,240422,2667
224043,2000081004,59805375,539,460046,220959,2000069375,59903676,556,430043,98301,-3084
220959,2000069375,59903676,556,430043,220960,2000069376,59923756,546,3f003f,20080,1
220960,2000069376,59923756,546,3f003f,221378,2000071154,59985675,544,000000,61919,418
221378,2000071154,59985675,544,000000,221379,2000071155,60007884,544,000000,22209,1
221379,2000071155,60007884,544,000000,220862,2000069000,60009547,544,000000,1663,-517
220862,2000069000,60009547,544,000000,221380,2000071157,60022610,537,000000,13063,518
221380,2000071157,60022610,537,000000,221381,2000071159,60032274,532,000000,9664,1
221381,2000071159,60032274,532,000000,221377,2000071152,60045151,537,000000,12877,-4
221377,2000071152,60045151,537,000000,221382,2000071161,60052468,556,000000,7317,5
221382,2000071161,60052468,556,000000,221773,2000072352,60065560,544,000000,13092,391
221773,2000072352,60065560,544,000000,220861,2000068999,60072798,539,000000,7238,-912
220861,2000068999,60072798,539,000000,220864,2000069002,60075579,544,000000,2781,3
220864,2000069002,60075579,544,000000,220863,2000069001,60076135,551,000000,556,-1
220863,2000069001,60076135,551,000000,220865,2000069013,60083198,539,000000,7063,2
220865,2000069013,60083198,539,000000,221078,2000069896,60084366,549,2d002d,1168,213
221078,2000069896,60084366,549,2d002d,221414,2000071225,60120953,563,000000,36587,336
221414,2000071225,60120953,563,000000,222780,2000077011,60280944,539,000000,159991,1366
222780,2000077011,60280944,539,000000,222781,2000077016,60283196,551,000000,2252,1
222781,2000077016,60283196,551,000000,223156,2000078094,60380869,566,460041,97673,375
223156,2000078094,60380869,566,460041,224131,2000081365,60418630,544,0c000c,37761,975
224131,2000081365,60418630,544,0c000c,222929,2000077384,60505635,537,46003c,87005,-1202
222929,2000077384,60505635,537,46003c,221389,2000071177,60551863,657,000000,46228,-1540
221389,2000071177,60551863,657,000000,221579,2000071886,60587992,551,000000,36129,190
221579,2000071886,60587992,551,000000,222353,2000075868,63346532,534,450045,2758540,774
222353,2000075868,63346532,534,450045,224063,2000081069,63391357,593,440044,44825,1710
224063,2000081069,63391357,593,440044,224804,2000083180,63465617,558,420042,74260,741
224804,2000083180,63465617,558,420042,224800,2000083174,63993425,576,3c003c,527808,-4
224800,2000083174,63993425,576,3c003c,224432,2000082399,64105484,534,370037,112059,-368
224432,2000082399,64105484,534,370037,224291,2000082006,64117535,534,370037,12051,-141
224291,2000082006,64117535,534,370037,224074,2000081095,64124210,541,370037,6675,-217
224074,2000081095,64124210,541,370037,222444,2000076148,64213190,539,300030,88980,-1630
222444,2000076148,64213190,539,300030,224119,2000081334,64255688,564,340034,42498,1675
224119,2000081334,64255688,564,340034,222638,2000076653,64373072,544,2d0032,117384,-1481
222638,2000076653,64373072,544,2d0032,222323,2000075643,64466489,534,310031,93417,-315
222323,2000075643,64466489,534,310031,222334,2000075716,64496868,534,310031,30379,11
222334,2000075716,64496868,534,310031,222566,2000076460,64714590,527,2d002d,217722,232
222566,2000076460,64714590,527,2d002d,224551,2000082679,64727013,546,2d002d,12423,1985
224551,2000082679,64727013,546,2d002d,222288,2000075367,64969979,534,2a002a,242966,-2263
222288,2000075367,64969979,534,2a002a,222329,2000075704,65002856,534,290029,32877,41
222329,2000075704,65002856,534,290029,222339,2000075727,65053708,534,280028,50852,10
222339,2000075727,65053708,534,280028,222332,2000075714,65058010,534,280028,4302,-7
222332,2000075714,65058010,534,280028,222568,2000076464,65111225,534,270027,53215,236
222568,2000076464,65111225,534,270027,222333,2000075715,65145989,534,260026,34764,-235
222333,2000075715,65145989,534,260026,222331,2000075709,65146535,534,260026,546,-2
222331,2000075709,65146535,534,260026,222561,2000076447,65167339,534,200020,20804,230
222561,2000076447,65167339,534,200020,221938,2000072981,65190931,534,240024,23592,-623
221938,2000072981,65190931,534,240024,222328,2000075692,65301355,534,220022,110424,390
222328,2000075692,65301355,534,220022,222338,2000075726,65330226,534,210021,28871,10
222338,2000075726,65330226,534,210021,222335,2000075719,65330772,534,210021,546,-3
222335,2000075719,65330772,534,210021,222322,2000075635,65377324,534,200020,46552,-13
222322,2000075635,65377324,534,200020,222698,2000076796,65436851,558,0a000a,59527,376
222698,2000076796,65436851,558,0a000a,222326,2000075672,65445307,534,1e001e,8456,-372
222326,2000075672,65445307,534,1e001e,220895,2000069170,65692338,551,000000,247031,-1431
220895,2000069170,65692338,551,000000,220896,2000069172,65692901,551,000000,563,1
220896,2000069172,65692901,551,000000,220948,2000069283,65693464,546,000000,563,52
220948,2000069283,65693464,546,000000,221296,2000070687,65694022,546,000000,558,348
221296,2000070687,65694022,546,000000,224554,2000082686,66169335,571,410041,475313,3258
224554,2000082686,66169335,571,410041,225264,2000084361,66281338,581,410041,112003,710
225264,2000084361,66281338,581,410041,225037,2000083775,66312222,537,3c003c,30884,-227
225037,2000083775,66312222,537,3c003c,223141,2000078064,66322318,539,410041,10096,-1896
223141,2000078064,66322318,539,410041,225065,2000083889,66365373,527,3c003c,43055,1924
225065,2000083889,66365373,527,3c003c,224949,2000083512,66397967,539,3c003c,32594,-116
224949,2000083512,66397967,539,3c003c,224623,2000082821,66440809,539,320032,42842,-326
224623,2000082821,66440809,539,320032,225172,2000084219,66492552,591,370037,51743,549
225172,2000084219,66492552,591,370037,224866,2000083344,66493155,534,370037,603,-306
224866,2000083344,66493155,534,370037,225063,2000083884,66648516,534,320032,155361,197
225063,2000083884,66648516,534,320032,225054,2000083834,66673231,539,320032,24715,-9
225054,2000083834,66673231,539,320032,225173,2000084221,66888042,561,280028,214811,119
225173,2000084221,66888042,561,280028,225174,2000084223,67098411,539,1e001e,210369,1
225174,2000084223,67098411,539,1e001e,224167,2000081474,67757515,532,000000,659104,-1007
224167,2000081474,67757515,532,000000,221035,2000069764,67779023,569,3c003c,21508,-3132
221035,2000069764,67779023,569,3c003c,221042,2000069779,67779604,569,3c003c,581,7
221042,2000069779,67779604,569,3c003c,221125,2000070142,67780185,569,320032,581,83
221125,2000070142,67780185,569,320032,221150,2000070297,67780766,539,320032,581,25
221150,2000070297,67780766,539,320032,221151,2000070303,67781317,539,320032,551,1
221151,2000070303,67781317,539,320032,221152,2000070305,67781868,539,320032,551,1
221152,2000070305,67781868,539,320032,222049,2000073718,67960780,576,370037,178912,897
222049,2000073718,67960780,576,370037,221050,2000069797,67974035,617,3c003c,13255,-999
221050,2000069797,67974035,617,3c003c,224500,2000082544,67986340,596,230023,12305,3450
224500,2000082544,67986340,596,230023,221052,2000069805,67998851,569,390039,12511,-3448
221052,2000069805,67998851,569,390039,225019,2000083702,68005077,539,280028,6226,3967
225019,2000083702,68005077,539,280028,224788,2000083149,68016914,593,320032,11837,-231
224788,2000083149,68016914,593,320032,225018,2000083696,68031751,569,2d002d,14837,230
225018,2000083696,68031751,569,2d002d,223531,2000079196,68040397,532,200020,8646,-1487
223531,2000079196,68040397,532,200020,223532,2000079198,68051477,539,2f002f,11080,1
223532,2000079198,68051477,539,2f002f,225049,2000083812,68087600,539,230023,36123,1517
225049,2000083812,68087600,539,230023,225048,2000083810,68089871,539,230023,2271,-1
225048,2000083810,68089871,539,230023,221108,2000069993,68117853,569,2d002d,27982,-3940
221108,2000069993,68117853,569,2d002d,225176,2000084235,68121333,569,1e001e,3480,4068
225176,2000084235,68121333,569,1e001e,225211,2000084284,68121914,569,1e001e,581,35
225211,2000084284,68121914,569,1e001e,223530,2000079195,68126505,593,190019,4591,-1681
223530,2000079195,68126505,593,190019,222706,2000076824,68127410,575,230023,905,-824
222706,2000076824,68127410,575,230023,224912,2000083432,68142866,569,1e001e,15456,2206
224912,2000083432,68142866,569,1e001e,224925,2000083475,68143918,576,1e001e,1052,13
224925,2000083475,68143918,576,1e001e,225009,2000083667,68192984,569,2d002d,49066,84
225009,2000083667,68192984,569,2d002d,225168,2000084177,68193565,569,230023,581,159
225168,2000084177,68193565,569,230023,224755,2000083088,68200426,569,230023,6861,-413
224755,2000083088,68200426,569,230023,224518,2000082595,68212467,569,230023,12041,-237
224518,2000082595,68212467,569,230023,225175,2000084234,68214217,569,1e001e,1750,657
225175,2000084234,68214217,569,1e001e,224535,2000082630,68215774,569,230023,1557,-640
224535,2000082630,68215774,569,230023,224519,2000082600,68227933,576,230023,12159,-16
224519,2000082600,68227933,576,230023,223528,2000079191,68239854,539,190019,11921,-991
223528,2000079191,68239854,539,190019,224533,2000082624,68250302,586,230023,10448,1005
224533,2000082624,68250302,586,230023,224848,2000083285,68256476,593,1e001e,6174,315
224848,2000083285,68256476,593,1e001e,225164,2000084159,68260324,569,1e001e,3848,316
225164,2000084159,68260324,569,1e001e,225213,2000084287,68264868,581,1e001e,4544,49
225213,2000084287,68264868,581,1e001e,225177,2000084237,68267704,569,1e001e,2836,-36
225177,2000084237,68267704,569,1e001e,223527,2000079189,68272287,539,190019,4583,-1650
223527,2000079189,68272287,539,190019,225234,2000084317,68273321,569,190019,1034,1707
225234,2000084317,68273321,569,190019,225118,2000084035,68277463,569,1e001e,4142,-116
225118,2000084035,68277463,569,1e001e,224844,2000083281,68289027,593,1e001e,11564,-274
224844,2000083281,68289027,593,1e001e,224547,2000082664,68290103,569,230023,1076,-297
224547,2000082664,68290103,569,230023,223003,2000077644,69160576,534,410041,870473,-1544
223003,2000077644,69160576,534,410041,223005,2000077649,69397737,534,3c003c,237161,2
223005,2000077649,69397737,534,3c003c,223008,2000077656,69428542,534,3c003c,30805,3
223008,2000077656,69428542,534,3c003c,222999,2000077636,69506712,546,370037,78170,-9
222999,2000077636,69506712,546,370037,225212,2000084285,69564579,534,3c003c,57867,2213
225212,2000084285,69564579,534,3c003c,224583,2000082751,69571430,564,3c003c,6851,-629
224583,2000082751,69571430,564,3c003c,224527,2000082614,69573455,564,320032,2025,-56
224527,2000082614,69573455,564,320032,222931,2000077394,69689197,534,320032,115742,-1596
222931,2000077394,69689197,534,320032,222919,2000077336,69711397,564,320032,22200,-12
222919,2000077336,69711397,564,320032,225145,2000084105,69807961,527,320032,96564,2226
225145,2000084105,69807961,527,320032,224538,2000082643,69837578,569,2d002d,29617,-607
224538,2000082643,69837578,569,2d002d,223013,2000077673,69850389,534,320032,12811,-1525
223013,2000077673,69850389,534,320032,222934,2000077404,69852101,534,320032,1712,-79
222934,2000077404,69852101,534,320032,224618,2000082809,69867344,534,230023,15243,1684
224618,2000082809,69867344,534,230023,223017,2000077679,69916635,564,320032,49291,-1601
223017,2000077679,69916635,564,320032,224539,2000082644,69933808,527,280028,17173,1522
224539,2000082644,69933808,527,280028,223021,2000077685,69980254,534,2d002d,46446,-1518
223021,2000077685,69980254,534,2d002d,223018,2000077681,69987147,534,320032,6893,-3
223018,2000077681,69987147,534,320032,222920,2000077344,70009547,546,320032,22400,-98
222920,2000077344,70009547,546,320032,222932,2000077396,70010651,534,2d002d,1104,12
222932,2000077396,70010651,534,2d002d,224510,2000082575,70041636,534,300030,30985,1578
224510,2000082575,70041636,534,300030,223020,2000077684,70063231,534,2d002d,21595,-1490
223020,2000077684,70063231,534,2d002d,224025,2000080944,70064929,534,000000,1698,1005
224025,2000080944,70064929,534,000000,223019,2000077683,70067701,534,2d002d,2772,-1006
223019,2000077683,70067701,534,2d002d,225256,2000084352,71412651,541,320037,1344950,2237
225256,2000084352,71412651,541,320037,224304,2000082027,71609726,561,320032,197075,-952
224304,2000082027,71609726,561,320032,224392,2000082293,71611486,546,280028,1760,88
224392,2000082293,71611486,546,280028,224622,2000082820,71623188,576,280028,11702,230
224622,2000082820,71623188,576,280028,222080,2000073855,71902472,534,280028,279284,-2542
222080,2000073855,71902472,534,280028,223846,2000080117,71950956,563,320032,48484,1766
223846,2000080117,71950956,563,320032,221958,2000073177,72024698,564,280028,73742,-1888
221958,2000073177,72024698,564,280028,222078,2000073853,72112574,581,280028,87876,120
222078,2000073853,72112574,581,280028,224917,2000083455,72137742,534,280028,25168,2839
224917,2000083455,72137742,534,280028,224880,2000083366,72138288,534,280028,546,-37
224880,2000083366,72138288,534,280028,224588,2000082759,72155896,631,1e001e,17608,-292
224588,2000082759,72155896,631,1e001e,222105,2000073930,72178755,571,280028,22859,-2483
222105,2000073930,72178755,571,280028,222174,2000074515,72189250,765,190019,10495,69
222174,2000074515,72189250,765,190019,222643,2000076666,72222488,534,280028,33238,469
222643,2000076666,72222488,534,280028,222645,2000076672,72315831,534,230023,93343,2
222645,2000076672,72315831,534,230023,222644,2000076671,72316377,534,230023,546,-1
222644,2000076671,72316377,534,230023,222639,2000076654,72317506,534,230023,1129,-5
222639,2000076654,72317506,534,230023,222365,2000075942,72329108,588,190019,11602,-274
222365,2000075942,72329108,588,190019,222142,2000074265,72339090,534,230023,9982,-223
222142,2000074265,72339090,534,230023,222103,2000073926,72341886,564,230023,2796,-39
222103,2000073926,72341886,564,230023,222083,2000073859,72343062,551,230023,1176,-20
222083,2000073859,72343062,551,230023,222082,2000073858,72343625,534,230023,563,-1
222082,2000073858,72343625,534,230023,222081,2000073856,72344171,571,230023,546,-1
222081,2000073856,72344171,571,230023,222079,2000073854,72344754,534,230023,583,-2
222079,2000073854,72344754,534,230023,222071,2000073835,72345895,564,230023,1141,-8
222071,2000073835,72345895,564,230023,222069,2000073822,72346471,564,230023,576,-2
222069,2000073822,72346471,564,230023,222033,2000073583,72348689,919,190019,2218,-36
222033,2000073583,72348689,919,190019,221996,2000073304,72354728,564,230023,6039,-37
221996,2000073304,72354728,564,230023,221957,2000073175,72359330,557,230023,4602,-39
221957,2000073175,72359330,557,230023,221916,2000072803,72366571,564,230023,7241,-41
221916,2000072803,72366571,564,230023,224954,2000083519,72367147,660,190019,576,3038
224954,2000083519,72367147,660,190019,221573,2000071858,72425411,871,190019,58264,-3381
221573,2000071858,72425411,871,190019,224333,2000082124,72442599,571,190019,17188,2760
224333,2000082124,72442599,571,190019,224331,2000082122,72443182,576,190019,583,-2
224331,2000082122,72443182,576,190019,222102,2000073924,72479751,581,1e001e,36569,-2229
222102,2000073924,72479751,581,1e001e,221909,2000072736,72480927,527,140014,1176,-193
221909,2000072736,72480927,527,140014,222104,2000073927,72486973,571,0f000f,6046,195
222104,2000073927,72486973,571,0f000f,221910,2000072739,72491383,534,0f000f,4410,-194
221910,2000072739,72491383,534,0f000f,222640,2000076659,72491929,527,140014,546,730
222640,2000076659,72491929,527,140014,220807,2000068899,72499262,539,000000,7333,-1833
220807,2000068899,72499262,539,000000,222221,2000074825,72985627,659,730073,486365,1414
222221,2000074825,72985627,659,730073,224193,2000081610,73146246,576,4f004f,160619,1972
224193,2000081610,73146246,576,4f004f,221637,2000072022,73339534,556,550055,193288,-2556
221637,2000072022,73339534,556,550055,221308,2000070709,74523530,576,520052,1183996,-329
221308,2000070709,74523530,576,520052,221109,2000070001,74533857,571,520052,10327,-199
221109,2000070001,74533857,571,520052,221514,2000071631,74555251,569,510051,21394,405
221514,2000071631,74555251,569,510051,221543,2000071771,74559775,595,510051,4524,29
221543,2000071771,74559775,595,510051,221546,2000071793,74560382,593,510051,607,3
221546,2000071793,74560382,593,510051,221775,2000072368,74563004,593,510051,2622,229
221775,2000072368,74563004,593,510051,221707,2000072209,74595037,569,510051,32033,-68
221707,2000072209,74595037,569,510051,221726,2000072260,74595618,581,510051,581,19
221726,2000072260,74595618,581,510051,221396,2000071185,74685916,539,500050,90298,-330
221396,2000071185,74685916,539,500050,222201,2000074674,74711973,576,4f004f,26057,805
222201,2000074674,74711973,576,4f004f,221968,2000073239,74743707,569,4f004f,31734,-233
221968,2000073239,74743707,569,4f004f,222030,2000073579,74826254,576,4c004c,82547,62
222030,2000073579,74826254,576,4c004c,221461,2000071335,74851114,539,4b004b,24860,-569
221461,2000071335,74851114,539,4b004b,220970,2000069555,74860060,556,460046,8946,-491
220970,2000069555,74860060,556,460046,221695,2000072167,74863213,534,480048,3153,725
221695,2000072167,74863213,534,480048,221946,2000073105,74885696,564,4b004b,22483,251
221946,2000073105,74885696,564,4b004b,222028,2000073573,74887467,569,4b004b,1771,82
222028,2000073573,74887467,569,4b004b,221922,2000072835,74895549,539,4a004a,8082,-106
221922,2000072835,74895549,539,4a004a,222008,2000073471,74907529,564,4a004a,11980,86
222008,2000073471,74907529,564,4a004a,224067,2000081078,74925192,569,490049,17663,2059
224067,2000081078,74925192,569,490049,225248,2000084338,74933119,540,480048,7927,1181
225248,2000084338,74933119,540,480048,222007,2000073463,74937947,569,480048,4828,-3241
222007,2000073463,74937947,569,480048,224066,2000081076,74945377,576,480048,7430,2059
224066,2000081076,74945377,576,480048,221654,2000072090,74985525,534,460046,40148,-2412
221654,2000072090,74985525,534,460046,221033,2000069761,74997255,539,440044,11730,-621
221033,2000069761,74997255,539,440044,221969,2000073240,75015500,569,450045,18245,936
221969,2000073240,75015500,569,450045,222031,2000073581,75051886,576,440044,36386,62
222031,2000073581,75051886,576,440044,224065,2000081071,75058084,569,430043,6198,2034
224065,2000081071,75058084,569,430043,223014,2000077675,75058665,576,430043,581,-1051
223014,2000077675,75058665,576,430043,222014,2000073484,75074102,564,430043,15437,-1000
222014,2000073484,75074102,564,430043,224019,2000080922,75084317,534,420042,10215,2005
224019,2000080922,75084317,534,420042,221301,2000070693,75249668,534,000000,165351,-2718
221301,2000070693,75249668,534,000000,221300,2000070692,75250319,527,000000,651,-1
221300,2000070692,75250319,527,000000,221299,2000070690,75251274,539,000000,955,-1
221299,2000070690,75251274,539,000000,221298,2000070689,75252364,532,000000,1090,-1
221298,2000070689,75252364,532,000000,221297,2000070688,75253946,534,000000,1582,-1
221297,2000070688,75253946,534,000000,221295,2000070686,75255320,532,000000,1374,-2
221295,2000070686,75255320,532,000000,221294,2000070685,75256503,544,000000,1183,-1
221294,2000070685,75256503,544,000000,221293,2000070684,75257059,556,000000,556,-1
221293,2000070684,75257059,556,000000,221292,2000070680,75257736,539,000000,677,-1
221292,2000070680,75257736,539,000000,221291,2000070679,75258731,549,000000,995,-1
221291,2000070679,75258731,549,000000,221290,2000070678,75259902,539,000000,1171,-1
221290,2000070678,75259902,539,000000,221289,2000070676,75261990,532,000000,2088,-1
221289,2000070676,75261990,532,000000,221288,2000070675,75262534,527,000000,544,-1
221288,2000070675,75262534,527,000000,221287,2000070674,75263073,556,000000,539,-1
221287,2000070674,75263073,556,000000,221286,2000070673,75264280,539,000000,1207,-1
221286,2000070673,75264280,539,000000,221285,2000070672,75264831,534,000000,551,-1
221285,2000070672,75264831,534,000000,221284,2000070671,75265377,539,000000,546,-1
221284,2000070671,75265377,539,000000,221283,2000070670,75266205,549,000000,828,-1
221283,2000070670,75266205,549,000000,221268,2000070595,75267043,539,000000,838,-15
221268,2000070595,75267043,539,000000,221267,2000070594,75267966,556,000000,923,-1
221267,2000070594,75267966,556,000000,221266,2000070593,75268764,544,000000,798,-1
221266,2000070593,75268764,544,000000,221264,2000070591,75270434,539,000000,1670,-2
221264,2000070591,75270434,539,000000,221262,2000070589,75271094,549,000000,660,-2
221262,2000070589,75271094,549,000000,221261,2000070587,75272155,539,000000,1061,-1
221261,2000070587,75272155,539,000000,221260,2000070586,75272706,539,000000,551,-1
221260,2000070586,75272706,539,000000,221259,2000070585,75273374,556,000000,668,-1
221259,2000070585,75273374,556,000000,221258,2000070583,75274051,539,000000,677,-1
221258,2000070583,75274051,539,000000,221257,2000070582,75274828,539,000000,777,-1
221257,2000070582,75274828,539,000000,221256,2000070581,75275605,539,000000,777,-1
221256,2000070581,75275605,539,000000,221255,2000070580,75276156,544,000000,551,-1
221255,2000070580,75276156,544,000000,221254,2000070579,75276712,539,000000,556,-1
221254,2000070579,75276712,539,000000,221253,2000070578,75277263,532,000000,551,-1
221253,2000070578,75277263,532,000000,221252,2000070577,75278404,563,000000,1141,-1
221252,2000070577,75278404,563,000000,221251,2000070576,75280160,532,000000,1756,-1
221251,2000070576,75280160,532,000000,221250,2000070575,75280813,534,000000,653,-1
221250,2000070575,75280813,534,000000,221242,2000070562,75282017,527,000000,1204,-8
221242,2000070562,75282017,527,000000,221241,2000070561,75282669,539,000000,652,-1
221241,2000070561,75282669,539,000000,221240,2000070559,75283722,532,000000,1053,-1
221240,2000070559,75283722,532,000000,221238,2000070557,75284916,527,000000,1194,-2
221238,2000070557,75284916,527,000000,221237,2000070556,75285568,539,000000,652,-1
221237,2000070556,75285568,539,000000,221236,2000070555,75286224,549,000000,656,-1
221236,2000070555,75286224,549,000000,221235,2000070553,75287169,556,000000,945,-1
221235,2000070553,75287169,556,000000,221234,2000070551,75287737,544,000000,568,-1
221234,2000070551,75287737,544,000000,221233,2000070549,75288937,539,000000,1200,-1
221233,2000070549,75288937,539,000000,221232,2000070547,75290091,527,000000,1154,-1
221232,2000070547,75290091,527,000000,221231,2000070541,75290630,647,000000,539,-1
221231,2000070541,75290630,647,000000,221230,2000070540,75292936,539,000000,2306,-1
221230,2000070540,75292936,539,000000,221228,2000070538,75293600,532,000000,664,-2
221228,2000070538,75293600,532,000000,221227,2000070537,75294645,539,000000,1045,-1
221227,2000070537,75294645,539,000000,221224,2000070528,75302068,532,000000,7423,-3
221224,2000070528,75302068,532,000000,221223,2000070527,75306881,539,000000,4813,-1
221223,2000070527,75306881,539,000000,221222,2000070526,75308639,635,000000,1758,-1
221222,2000070526,75308639,635,000000,221221,2000070524,75309832,539,000000,1193,-1
221221,2000070524,75309832,539,000000,221220,2000070523,75310871,539,000000,1039,-1
221220,2000070523,75310871,539,000000,221219,2000070521,75313157,534,000000,2286,-1
221219,2000070521,75313157,534,000000,221218,2000070519,75313703,532,000000,546,-1
221218,2000070519,75313703,532,000000,221217,2000070518,75314247,551,000000,544,-1
221217,2000070518,75314247,551,000000,221216,2000070517,75315738,539,000000,1491,-1
221216,2000070517,75315738,539,000000,221215,2000070516,75317543,539,000000,1805,-1
221215,2000070516,75317543,539,000000,221214,2000070515,75322289,539,000000,4746,-1
221214,2000070515,75322289,539,000000,221213,2000070514,75323488,539,000000,1199,-1
221213,2000070514,75323488,539,000000,221212,2000070513,75324420,539,000000,932,-1
221212,2000070513,75324420,539,000000,221211,2000070511,75327875,539,000000,3455,-1
221211,2000070511,75327875,539,000000,221210,2000070510,75328426,549,000000,551,-1
221210,2000070510,75328426,549,000000,221209,2000070509,75329745,546,000000,1319,-1
221209,2000070509,75329745,546,000000,221208,2000070508,75330680,532,000000,935,-1
221208,2000070508,75330680,532,000000,221178,2000070399,75333280,539,000000,2600,-30
221178,2000070399,75333280,539,000000,221177,2000070398,75333831,534,000000,551,-1
221177,2000070398,75333831,534,000000,221606,2000071945,75334377,539,000000,546,429
221606,2000071945,75334377,539,000000,221176,2000070397,75336966,534,000000,2589,-430
221176,2000070397,75336966,534,000000,221175,2000070393,75338556,539,000000,1590,-1
221175,2000070393,75338556,539,000000,221174,2000070392,75339107,549,000000,551,-1
221174,2000070392,75339107,549,000000,221173,2000070391,75339668,539,000000,561,-1
221173,2000070391,75339668,539,000000,221172,2000070390,75341926,534,000000,2258,-1
221172,2000070390,75341926,534,000000,221171,2000070389,75342749,539,000000,823,-1
221171,2000070389,75342749,539,000000,221170,2000070388,75343300,534,000000,551,-1
221170,2000070388,75343300,534,000000,221169,2000070387,75343846,544,000000,546,-1
221169,2000070387,75343846,544,000000,221142,2000070224,75346272,556,000000,2426,-27
221142,2000070224,75346272,556,000000,221141,2000070223,75347394,532,000000,1122,-1
221141,2000070223,75347394,532,000000,221140,2000070220,75347938,539,000000,544,-1
221140,2000070220,75347938,539,000000,221139,2000070219,75349623,539,000000,1685,-1
221139,2000070219,75349623,539,000000,221302,2000070694,75351635,539,000000,2012,163
221302,2000070694,75351635,539,000000,221303,2000070695,75352885,539,000000,1250,1
221303,2000070695,75352885,539,000000,221138,2000070218,75353436,556,000000,551,-165
221138,2000070218,75353436,556,000000,221305,2000070699,75354004,532,000000,568,167
221305,2000070699,75354004,532,000000,221124,2000070136,75354548,539,000000,544,-181
221124,2000070136,75354548,539,000000,221122,2000070124,75355099,532,000000,551,-2
221122,2000070124,75355099,532,000000,221121,2000070121,75355643,527,000000,544,-1
221121,2000070121,75355643,527,000000,221120,2000070116,75356287,539,000000,644,-1
221120,2000070116,75356287,539,000000,221306,2000070703,75356838,539,000000,551,186
221306,2000070703,75356838,539,000000,221119,2000070115,75357389,544,000000,551,-187
221119,2000070115,75357389,544,000000,221325,2000070779,75358058,534,000000,669,206
221325,2000070779,75358058,534,000000,221326,2000070780,75358713,534,000000,655,1
221326,2000070780,75358713,534,000000,221118,2000070114,75359259,556,000000,546,-208
221118,2000070114,75359259,556,000000,221327,2000070782,75359827,566,000000,568,209
221327,2000070782,75359827,566,000000,221328,2000070784,75360405,532,000000,578,1
221328,2000070784,75360405,532,000000,221329,2000070785,75360949,532,000000,544,1
221329,2000070785,75360949,532,000000,221330,2000070786,75361493,532,000000,544,1
221330,2000070786,75361493,532,000000,221117,2000070113,75362037,556,000000,544,-213
221117,2000070113,75362037,556,000000,221332,2000070792,75362605,539,000000,568,215
221332,2000070792,75362605,539,000000,221333,2000070793,75363156,539,000000,551,1
221333,2000070793,75363156,539,000000,221334,2000070794,75363707,527,000000,551,1
221334,2000070794,75363707,527,000000,221335,2000070795,75364246,539,000000,539,1
221335,2000070795,75364246,539,000000,221336,2000070796,75364797,556,000000,551,1
221336,2000070796,75364797,556,000000,221339,2000070799,75365365,527,000000,568,3
221339,2000070799,75365365,527,000000,221340,2000070800,75365904,556,000000,539,1
221340,2000070800,75365904,556,000000,221116,2000070112,75366472,539,000000,568,-224
221116,2000070112,75366472,539,000000,221383,2000071171,75367404,539,000000,932,267
221383,2000071171,75367404,539,000000,221384,2000071172,75367955,539,000000,551,1
221384,2000071172,75367955,539,000000,221385,2000071173,75368506,534,000000,551,1
221385,2000071173,75368506,534,000000,221386,2000071174,75369052,539,000000,546,1
221386,2000071174,75369052,539,000000,221387,2000071175,75369603,539,000000,551,1
221387,2000071175,75369603,539,000000,221115,2000070111,75370154,532,000000,551,-272
221115,2000070111,75370154,532,000000,221114,2000070110,75370698,532,000000,544,-1
221114,2000070110,75370698,532,000000,221388,2000071176,75371242,534,000000,544,274
221388,2000071176,75371242,534,000000,221390,2000071179,75371788,527,000000,546,2
221390,2000071179,75371788,527,000000,221391,2000071180,75372327,539,000000,539,1
221391,2000071180,75372327,539,000000,221392,2000071181,75372878,539,000000,551,1
221392,2000071181,75372878,539,000000,221393,2000071182,75373429,534,000000,551,1
221393,2000071182,75373429,534,000000,221394,2000071183,75373975,549,000000,546,1
221394,2000071183,75373975,549,000000,221395,2000071184,75374645,544,000000,670,1
221395,2000071184,75374645,544,000000,221397,2000071186,75375201,539,000000,556,2
221397,2000071186,75375201,539,000000,221107,2000069989,75376155,539,000000,954,-290
221107,2000069989,75376155,539,000000,221400,2000071210,75377209,539,000000,1054,293
221400,2000071210,75377209,539,000000,221401,2000071211,75377760,539,000000,551,1
221401,2000071211,75377760,539,000000,221106,2000069988,75378311,539,000000,551,-295
221106,2000069988,75378311,539,000000,221402,2000071212,75378862,539,000000,551,296
221402,2000071212,75378862,539,000000,221403,2000071213,75379699,539,000000,837,1
221403,2000071213,75379699,539,000000,221405,2000071215,75380250,556,000000,551,2
221405,2000071215,75380250,556,000000,221406,2000071216,75381221,551,000000,971,1
221406,2000071216,75381221,551,000000,221408,2000071219,75381784,539,000000,563,2
221408,2000071219,75381784,539,000000,221409,2000071220,75382335,539,000000,551,1
221409,2000071220,75382335,539,000000,221105,2000069987,75382886,539,000000,551,-304
221105,2000069987,75382886,539,000000,221410,2000071221,75383437,534,000000,551,305
221410,2000071221,75383437,534,000000,221104,2000069986,75383983,544,000000,546,-306
221104,2000069986,75383983,544,000000,221411,2000071222,75384539,539,000000,556,307
221411,2000071222,75384539,539,000000,221412,2000071223,75385090,539,000000,551,1
221412,2000071223,75385090,539,000000,221103,2000069985,75385641,534,000000,551,-309
221103,2000069985,75385641,534,000000,221413,2000071224,75386187,544,000000,546,310
221413,2000071224,75386187,544,000000,221415,2000071226,75386743,539,000000,556,2
221415,2000071226,75386743,539,000000,221416,2000071227,75387294,534,000000,551,1
221416,2000071227,75387294,534,000000,221102,2000069984,75387840,544,000000,546,-314
221102,2000069984,75387840,544,000000,221101,2000069983,75388396,539,000000,556,-1
221101,2000069983,75388396,539,000000,221417,2000071228,75388947,534,000000,551,316
221417,2000071228,75388947,534,000000,221419,2000071231,75389493,539,000000,546,2
221419,2000071231,75389493,539,000000,221100,2000069981,75390044,551,000000,551,-319
221100,2000069981,75390044,551,000000,221099,2000069980,75390607,539,000000,563,-1
221099,2000069980,75390607,539,000000,221098,2000069979,75391158,532,000000,551,-1
221098,2000069979,75391158,532,000000,221420,2000071232,75392069,556,000000,911,322
221420,2000071232,75392069,556,000000,221421,2000071233,75392742,556,000000,673,1
221421,2000071233,75392742,556,000000,221096,2000069977,75393310,527,000000,568,-325
221096,2000069977,75393310,527,000000,221095,2000069976,75393849,532,000000,539,-1
221095,2000069976,75393849,532,000000,221094,2000069975,75394393,527,000000,544,-1
221094,2000069975,75394393,527,000000,221093,2000069973,75394932,539,000000,539,-1
221093,2000069973,75394932,539,000000,221092,2000069972,75395869,549,000000,937,-1
221092,2000069972,75395869,549,000000,221424,2000071241,75396430,539,000000,561,332
221424,2000071241,75396430,539,000000,221091,2000069971,75396981,534,000000,551,-333
221091,2000069971,75396981,534,000000,221090,2000069970,75397527,556,000000,546,-1
221090,2000069970,75397527,556,000000,221426,2000071244,75398095,539,000000,568,336
221426,2000071244,75398095,539,000000,221427,2000071245,75398646,539,000000,551,1
221427,2000071245,75398646,539,000000,221428,2000071246,75399197,539,000000,551,1
221428,2000071246,75399197,539,000000,221429,2000071247,75399748,534,000000,551,1
221429,2000071247,75399748,534,000000,221089,2000069969,75400294,534,000000,546,-340
221089,2000069969,75400294,534,000000,221430,2000071248,75400840,534,000000,546,341
221430,2000071248,75400840,534,000000,221431,2000071249,75401386,539,000000,546,1
221431,2000071249,75401386,539,000000,221088,2000069968,75405749,534,000000,4363,-343
221088,2000069968,75405749,534,000000,221087,2000069967,75406295,527,000000,546,-1
221087,2000069967,75406295,527,000000,221432,2000071250,75406834,539,000000,539,345
221432,2000071250,75406834,539,000000,221433,2000071251,75407385,539,000000,551,1
221433,2000071251,75407385,539,000000,221436,2000071260,75407936,539,000000,551,3
221436,2000071260,75407936,539,000000,221440,2000071277,75409630,539,000000,1694,4
221440,2000071277,75409630,539,000000,221441,2000071278,75410181,539,000000,551,1
221441,2000071278,75410181,539,000000,221442,2000071279,75410732,539,000000,551,1
221442,2000071279,75410732,539,000000,221443,2000071280,75411283,539,000000,551,1
221443,2000071280,75411283,539,000000,221444,2000071281,75411834,539,000000,551,1
221444,2000071281,75411834,539,000000,221445,2000071283,75412385,539,000000,551,1
221445,2000071283,75412385,539,000000,221086,2000069966,75412936,551,000000,551,-359
221086,2000069966,75412936,551,000000,221446,2000071284,75413604,539,000000,668,360
221446,2000071284,75413604,539,000000,221447,2000071285,75414260,539,000000,656,1
221447,2000071285,75414260,539,000000,221448,2000071286,75414811,539,000000,551,1
221448,2000071286,75414811,539,000000,221085,2000069965,75415362,534,000000,551,-363
221085,2000069965,75415362,534,000000,221449,2000071287,75416294,539,000000,932,364
221449,2000071287,75416294,539,000000,221450,2000071288,75416845,454,000000,551,1
221450,2000071288,75416845,454,000000,221073,2000069884,75417311,534,000000,466,-377
221073,2000069884,75417311,534,000000,221451,2000071289,75417857,539,000000,546,378
221451,2000071289,75417857,539,000000,221072,2000069883,75419326,534,000000,1469,-379
221072,2000069883,75419326,534,000000,221071,2000069882,75420187,551,000000,861,-1
221071,2000069882,75420187,551,000000,221070,2000069878,75420750,534,000000,563,-1
221070,2000069878,75420750,534,000000,221462,2000071336,75421296,539,000000,546,392
221462,2000071336,75421296,539,000000,221464,2000071339,75421964,534,000000,668,2
221464,2000071339,75421964,534,000000,221069,2000069876,75422510,534,000000,546,-395
221069,2000069876,75422510,534,000000,221068,2000069871,75423056,534,000000,546,-1
221068,2000069871,75423056,534,000000,221067,2000069868,75423711,546,000000,655,-1
221067,2000069868,75423711,546,000000,221465,2000071342,75424386,534,000000,675,398
221465,2000071342,75424386,534,000000,221066,2000069866,75425045,527,000000,659,-399
221066,2000069866,75425045,527,000000,221065,2000069865,75425584,534,000000,539,-1
221065,2000069865,75425584,534,000000,221064,2000069864,75426130,417,000000,546,-1
221064,2000069864,75426130,417,000000,221466,2000071343,75426668,539,000000,538,402
221466,2000071343,75426668,539,000000,221467,2000071344,75427441,534,000000,773,1
221467,2000071344,75427441,534,000000,221468,2000071345,75427987,534,000000,546,1
221468,2000071345,75427987,534,000000,221063,2000069863,75428533,539,000000,546,-405
221063,2000069863,75428533,539,000000,221469,2000071349,75429451,539,000000,918,406
221469,2000071349,75429451,539,000000,221470,2000071354,75430002,539,000000,551,1
221470,2000071354,75430002,539,000000,221062,2000069862,75430553,539,000000,551,-408
221062,2000069862,75430553,539,000000,221061,2000069861,75431104,539,000000,551,-1
221061,2000069861,75431104,539,000000,221060,2000069860,75431655,539,000000,551,-1
221060,2000069860,75431655,539,000000,221471,2000071355,75432206,539,000000,551,411
221471,2000071355,75432206,539,000000,221484,2000071421,75433138,539,000000,932,13
221484,2000071421,75433138,539,000000,221485,2000071422,75435515,539,000000,2377,1
221485,2000071422,75435515,539,000000,221486,2000071423,75436066,539,000000,551,1
221486,2000071423,75436066,539,000000,221059,2000069859,75436617,539,000000,551,-427
221059,2000069859,75436617,539,000000,221487,2000071424,75437168,539,000000,551,428
221487,2000071424,75437168,539,000000,221488,2000071425,75437719,539,000000,551,1
221488,2000071425,75437719,539,000000,221489,2000071426,75438270,539,000000,551,1
221489,2000071426,75438270,539,000000,221058,2000069858,75438821,534,000000,551,-431
221058,2000069858,75438821,534,000000,221057,2000069857,75439367,534,000000,546,-1
221057,2000069857,75439367,534,000000,221490,2000071428,75439913,539,000000,546,433
221490,2000071428,75439913,539,000000,221491,2000071429,75440464,534,000000,551,1
221491,2000071429,75440464,534,000000,221492,2000071430,75441010,539,000000,546,1
221492,2000071430,75441010,539,000000,221493,2000071433,75441561,534,000000,551,1
221493,2000071433,75441561,534,000000,221038,2000069768,75442488,551,000000,927,-455
221038,2000069768,75442488,551,000000,221494,2000071436,75443051,539,000000,563,456
221494,2000071436,75443051,539,000000,221037,2000069766,75443602,551,000000,551,-457
221037,2000069766,75443602,551,000000,221496,2000071439,75444165,534,000000,563,459
221496,2000071439,75444165,534,000000,221497,2000071442,75444711,539,000000,546,1
221497,2000071442,75444711,539,000000,221036,2000069765,75445993,539,000000,1282,-461
221036,2000069765,75445993,539,000000,221498,2000071444,75446544,539,000000,551,462
221498,2000071444,75446544,539,000000,221034,2000069762,75447095,539,000000,551,-464
221034,2000069762,75447095,539,000000,221767,2000072346,75447646,551,000000,551,733
221767,2000072346,75447646,551,000000,221032,2000069760,75448595,539,000000,949,-735
221032,2000069760,75448595,539,000000,221031,2000069757,75450766,539,000000,2171,-1
221031,2000069757,75450766,539,000000,221553,2000071820,75451317,539,000000,551,522
221553,2000071820,75451317,539,000000,221030,2000069756,75451868,539,000000,551,-523
221030,2000069756,75451868,539,000000,221555,2000071823,75452419,532,000000,551,525
221555,2000071823,75452419,532,000000,221556,2000071824,75452963,539,000000,544,1
221556,2000071824,75452963,539,000000,221557,2000071825,75453514,534,000000,551,1
221557,2000071825,75453514,534,000000,221558,2000071826,75454446,539,000000,932,1
221558,2000071826,75454446,539,000000,221559,2000071827,75454997,549,000000,551,1
221559,2000071827,75454997,549,000000,221560,2000071828,75455558,532,000000,561,1
221560,2000071828,75455558,532,000000,221768,2000072347,75456102,534,000000,544,208
221768,2000072347,75456102,534,000000,221769,2000072348,75456648,532,000000,546,1
221769,2000072348,75456648,532,000000,221561,2000071829,75457192,539,000000,544,-208
221561,2000071829,75457192,539,000000,221562,2000071830,75457743,532,000000,551,1
221562,2000071830,75457743,532,000000,221563,2000071831,75458668,539,000000,925,1
221563,2000071831,75458668,539,000000,221564,2000071832,75459219,539,000000,551,1
221564,2000071832,75459219,539,000000,221770,2000072349,75460268,539,000000,1049,206
221770,2000072349,75460268,539,000000,221565,2000071833,75460819,539,000000,551,-205
221565,2000071833,75460819,539,000000,221566,2000071834,75461370,539,000000,551,1
221566,2000071834,75461370,539,000000,221771,2000072350,75461921,527,000000,551,205
221771,2000072350,75461921,527,000000,221567,2000071835,75462460,539,000000,539,-204
221567,2000071835,75462460,539,000000,221568,2000071836,75463011,539,000000,551,1
221568,2000071836,75463011,539,000000,221017,2000069699,75463562,539,000000,551,-551
221017,2000069699,75463562,539,000000,221016,2000069698,75464113,539,000000,551,-1
221016,2000069698,75464113,539,000000,221014,2000069696,75464664,539,000000,551,-2
221014,2000069696,75464664,539,000000,221810,2000072478,75465215,539,000000,551,796
221810,2000072478,75465215,539,000000,221569,2000071837,75465766,527,000000,551,-241
221569,2000071837,75465766,527,000000,221013,2000069694,75466305,534,000000,539,-556
221013,2000069694,75466305,534,000000,221012,2000069693,75466851,539,000000,546,-1
221012,2000069693,75466851,539,000000,221011,2000069692,75467402,556,000000,551,-1
221011,2000069692,75467402,556,000000,221010,2000069691,75467970,556,000000,568,-1
221010,2000069691,75467970,556,000000,221570,2000071853,75468538,556,000000,568,560
221570,2000071853,75468538,556,000000,221811,2000072479,75469106,539,000000,568,241
221811,2000072479,75469106,539,000000,221571,2000071854,75469657,534,000000,551,-240
221571,2000071854,75469657,534,000000,221572,2000071855,75470203,532,000000,546,1
221572,2000071855,75470203,532,000000,221009,2000069689,75470747,556,000000,544,-563
221009,2000069689,75470747,556,000000,221008,2000069687,75471315,551,000000,568,-1
221008,2000069687,75471315,551,000000,221007,2000069686,75471878,534,000000,563,-1
221007,2000069686,75471878,534,000000,221006,2000069685,75472424,534,000000,546,-1
221006,2000069685,75472424,534,000000,221005,2000069684,75472970,539,000000,546,-1
221005,2000069684,75472970,539,000000,221575,2000071882,75473521,539,000000,551,570
221575,2000071882,75473521,539,000000,221576,2000071883,75474072,534,000000,551,1
221576,2000071883,75474072,534,000000,221577,2000071884,75474618,534,000000,546,1
221577,2000071884,75474618,534,000000,221812,2000072480,75475164,532,000000,546,235
221812,2000072480,75475164,532,000000,221578,2000071885,75475708,539,000000,544,-234
221578,2000071885,75475708,539,000000,221004,2000069682,75476259,527,000000,551,-574
221004,2000069682,75476259,527,000000,221580,2000071887,75476798,544,000000,539,576
221580,2000071887,75476798,544,000000,221003,2000069681,75477354,534,000000,556,-577
221003,2000069681,75477354,534,000000,221581,2000071888,75477900,539,000000,546,578
221581,2000071888,75477900,539,000000,221582,2000071889,75478451,539,000000,551,1
221582,2000071889,75478451,539,000000,220988,2000069588,75479002,539,000000,551,-594
220988,2000069588,75479002,539,000000,221583,2000071890,75479553,534,000000,551,595
221583,2000071890,75479553,534,000000,221584,2000071891,75480099,539,000000,546,1
221584,2000071891,75480099,539,000000,221585,2000071892,75480650,534,000000,551,1
221585,2000071892,75480650,534,000000,220986,2000069585,75481196,539,000000,546,-599
220986,2000069585,75481196,539,000000,221586,2000071894,75481747,534,000000,551,600
221586,2000071894,75481747,534,000000,220985,2000069583,75482293,551,000000,546,-601
220985,2000069583,75482293,551,000000,220984,2000069581,75482856,539,000000,563,-1
220984,2000069581,75482856,539,000000,220983,2000069580,75483407,539,000000,551,-1
220983,2000069580,75483407,539,000000,221587,2000071896,75483958,539,000000,551,604
221587,2000071896,75483958,539,000000,220982,2000069579,75484509,652,000000,551,-605
220982,2000069579,75484509,652,000000,221588,2000071899,75485173,539,000000,664,606
221588,2000071899,75485173,539,000000,221589,2000071900,75485724,532,000000,551,1
221589,2000071900,75485724,532,000000,220981,2000069578,75486268,539,000000,544,-608
220981,2000069578,75486268,539,000000,220980,2000069577,75486819,534,000000,551,-1
220980,2000069577,75486819,534,000000,221813,2000072481,75487365,539,000000,546,833
221813,2000072481,75487365,539,000000,220979,2000069573,75487916,539,000000,551,-834
220979,2000069573,75487916,539,000000,220978,2000069571,75488467,534,000000,551,-1
220978,2000069571,75488467,534,000000,220977,2000069570,75489666,539,000000,1199,-1
220977,2000069570,75489666,539,000000,220976,2000069569,75490217,534,000000,551,-1
220976,2000069569,75490217,534,000000,221814,2000072482,75490868,532,000000,651,838
221814,2000072482,75490868,532,000000,220974,2000069559,75492191,647,000000,1323,-840
220974,2000069559,75492191,647,000000,220972,2000069557,75493617,534,000000,1426,-2
220972,2000069557,75493617,534,000000,221597,2000071925,75494163,539,000000,546,625
221597,2000071925,75494163,539,000000,221599,2000071927,75494714,539,000000,551,2
221599,2000071927,75494714,539,000000,221600,2000071930,75495265,534,000000,551,1
221600,2000071930,75495265,534,000000,221601,2000071931,75495811,539,000000,546,1
221601,2000071931,75495811,539,000000,220971,2000069556,75496772,539,000000,961,-630
220971,2000069556,75496772,539,000000,221602,2000071934,75498012,534,000000,1240,631
221602,2000071934,75498012,534,000000,221603,2000071937,75498558,527,000000,546,1
221603,2000071937,75498558,527,000000,221604,2000071939,75499483,539,000000,925,1
221604,2000071939,75499483,539,000000,221816,2000072484,75500034,539,000000,551,212
221816,2000072484,75500034,539,000000,221817,2000072485,75500585,539,000000,551,1
221817,2000072485,75500585,539,000000,220969,2000069554,75501136,539,000000,551,-848
220969,2000069554,75501136,539,000000,221605,2000071941,75501687,539,000000,551,636
221605,2000071941,75501687,539,000000,221607,2000071948,75502624,544,000000,937,2
221607,2000071948,75502624,544,000000,221818,2000072486,75503180,532,000000,556,211
221818,2000072486,75503180,532,000000,221819,2000072487,75503724,532,000000,544,1
221819,2000072487,75503724,532,000000,221608,2000071950,75505052,527,000000,1328,-211
221608,2000071950,75505052,527,000000,221609,2000071953,75505977,534,000000,925,1
221609,2000071953,75505977,534,000000,221610,2000071956,75506523,539,000000,546,1
221610,2000071956,75506523,539,000000,221611,2000071961,75507074,539,000000,551,1
221611,2000071961,75507074,539,000000,221612,2000071965,75507625,527,000000,551,1
221612,2000071965,75507625,527,000000,221613,2000071966,75508164,539,000000,539,1
221613,2000071966,75508164,539,000000,220952,2000069289,75508972,539,000000,808,-661
220952,2000069289,75508972,539,000000,220951,2000069287,75509523,539,000000,551,-1
220951,2000069287,75509523,539,000000,220950,2000069285,75510074,551,000000,551,-1
220950,2000069285,75510074,551,000000,221614,2000071967,75510637,539,000000,563,664
221614,2000071967,75510637,539,000000,221615,2000071968,75511188,539,000000,551,1
221615,2000071968,75511188,539,000000,220949,2000069284,75511739,534,000000,551,-666
220949,2000069284,75511739,534,000000,220947,2000069282,75512285,534,000000,546,-2
220947,2000069282,75512285,534,000000,220946,2000069281,75512831,534,000000,546,-1
220946,2000069281,75512831,534,000000,221616,2000071971,75513763,539,000000,932,670
221616,2000071971,75513763,539,000000,220944,2000069279,75514314,539,000000,551,-672
220944,2000069279,75514314,539,000000,221617,2000071972,75514865,534,000000,551,673
221617,2000071972,75514865,534,000000,221825,2000072514,75515411,532,000000,546,208
221825,2000072514,75515411,532,000000,220943,2000069278,75515955,539,000000,544,-882
220943,2000069278,75515955,539,000000,221618,2000071973,75516506,539,000000,551,675
221618,2000071973,75516506,539,000000,220942,2000069277,75517057,539,000000,551,-676
220942,2000069277,75517057,539,000000,221826,2000072515,75517725,539,000000,668,884
221826,2000072515,75517725,539,000000,220940,2000069275,75518276,534,000000,551,-886
220940,2000069275,75518276,534,000000,221619,2000071974,75518822,534,000000,546,679
221619,2000071974,75518822,534,000000,220932,2000069251,75519485,527,000000,663,-687
220932,2000069251,75519485,527,000000,220931,2000069248,75520410,534,000000,925,-1
220931,2000069248,75520410,534,000000,220930,2000069246,75520956,539,000000,546,-1
220930,2000069246,75520956,539,000000,220929,2000069242,75521507,539,000000,551,-1
220929,2000069242,75521507,539,000000,220928,2000069239,75522058,534,000000,551,-1
220928,2000069239,75522058,534,000000,221827,2000072516,75522604,532,000000,546,899
221827,2000072516,75522604,532,000000,221828,2000072518,75523148,539,000000,544,1
221828,2000072518,75523148,539,000000,221626,2000072005,75523699,539,000000,551,-202
221626,2000072005,75523699,539,000000,221627,2000072007,75524250,539,000000,551,1
221627,2000072007,75524250,539,000000,221628,2000072009,75524801,539,000000,551,1
221628,2000072009,75524801,539,000000,220927,2000069238,75525352,527,000000,551,-701
220927,2000069238,75525352,527,000000,220926,2000069237,75525891,539,000000,539,-1
220926,2000069237,75525891,539,000000,221629,2000072010,75526442,539,000000,551,703
221629,2000072010,75526442,539,000000,220925,2000069234,75526993,539,000000,551,-704
220925,2000069234,75526993,539,000000,220924,2000069233,75527544,534,000000,551,-1
220924,2000069233,75527544,534,000000,220923,2000069232,75528090,534,000000,546,-1
220923,2000069232,75528090,534,000000,221630,2000072013,75528636,534,000000,546,707
221630,2000072013,75528636,534,000000,220921,2000069229,75529182,539,000000,546,-709
220921,2000069229,75529182,539,000000,221631,2000072015,75529733,539,000000,551,710
221631,2000072015,75529733,539,000000,221632,2000072016,75530284,539,000000,551,1
221632,2000072016,75530284,539,000000,221830,2000072520,75530835,527,000000,551,198
221830,2000072520,75530835,527,000000,221831,2000072521,75531374,534,000000,539,1
221831,2000072521,75531374,534,000000,221633,2000072018,75531920,534,000000,546,-198
221633,2000072018,75531920,534,000000,220920,2000069228,75532466,539,000000,546,-713
220920,2000069228,75532466,539,000000,221832,2000072522,75533134,532,000000,668,912
221832,2000072522,75533134,532,000000,220919,2000069225,75533678,534,000000,544,-913
220919,2000069225,75533678,534,000000,220916,2000069210,75534996,556,000000,1318,-3
220916,2000069210,75534996,556,000000,220914,2000069206,75535564,546,000000,568,-2
220914,2000069206,75535564,546,000000,221833,2000072523,75536122,556,000000,558,919
221833,2000072523,75536122,556,000000,220913,2000069205,75536690,539,000000,568,-920
220913,2000069205,75536690,539,000000,220912,2000069201,75537241,539,000000,551,-1
220912,2000069201,75537241,539,000000,221834,2000072524,75537792,532,000000,551,922
221834,2000072524,75537792,532,000000,221635,2000072020,75538336,534,000000,544,-199
221635,2000072020,75538336,534,000000,221636,2000072021,75539268,556,000000,932,1
221636,2000072021,75539268,556,000000,221836,2000072527,75539836,534,000000,568,200
221836,2000072527,75539836,534,000000,221643,2000072070,75540382,532,000000,546,-193
221643,2000072070,75540382,532,000000,221837,2000072529,75540926,534,000000,544,194
221837,2000072529,75540926,534,000000,221644,2000072071,75541472,534,000000,546,-193
221644,2000072071,75541472,534,000000,221645,2000072075,75542018,539,000000,546,1
221645,2000072075,75542018,539,000000,221646,2000072078,75542955,534,000000,937,1
221646,2000072078,75542955,534,000000,221647,2000072081,75543501,539,000000,546,1
221647,2000072081,75543501,539,000000,220908,2000069190,75544052,551,000000,551,-739
220908,2000069190,75544052,551,000000,220907,2000069189,75544615,539,000000,563,-1
220907,2000069189,75544615,539,000000,220906,2000069187,75545166,556,000000,551,-1
220906,2000069187,75545166,556,000000,220905,2000069186,75545734,539,000000,568,-1
220905,2000069186,75545734,539,000000,221838,2000072530,75546285,539,000000,551,933
221838,2000072530,75546285,539,000000,220904,2000069185,75546836,551,000000,551,-934
220904,2000069185,75546836,551,000000,220903,2000069184,75547399,551,000000,563,-1
220903,2000069184,75547399,551,000000,220902,2000069182,75547962,539,000000,563,-1
220902,2000069182,75547962,539,000000,221648,2000072083,75548513,539,000000,551,746
221648,2000072083,75548513,539,000000,221839,2000072531,75549064,556,000000,551,191
221839,2000072531,75549064,556,000000,221840,2000072532,75549632,539,000000,568,1
221840,2000072532,75549632,539,000000,221841,2000072533,75550183,539,000000,551,1
221841,2000072533,75550183,539,000000,221649,2000072084,75550734,527,000000,551,-192
221649,2000072084,75550734,527,000000,221843,2000072536,75551273,527,000000,539,194
221843,2000072536,75551273,527,000000,220901,2000069181,75551812,539,000000,539,-942
220901,2000069181,75551812,539,000000,220900,2000069177,75552363,539,000000,551,-1
220900,2000069177,75552363,539,000000,220899,2000069176,75552914,534,000000,551,-1
220899,2000069176,75552914,534,000000,221650,2000072085,75553460,539,000000,546,751
221650,2000072085,75553460,539,000000,221844,2000072537,75554011,527,000000,551,194
221844,2000072537,75554011,527,000000,220898,2000069175,75554550,534,000000,539,-946
220898,2000069175,75554550,534,000000,221845,2000072539,75555096,539,000000,546,947
221845,2000072539,75555096,539,000000,220894,2000069168,75555647,534,000000,551,-951
220894,2000069168,75555647,534,000000,220884,2000069096,75556193,534,000000,546,-10
220884,2000069096,75556193,534,000000,221651,2000072086,75556739,527,000000,546,767
221651,2000072086,75556739,527,000000,221652,2000072087,75557278,539,000000,539,1
221652,2000072087,75557278,539,000000,220883,2000069093,75557829,534,000000,551,-769
220883,2000069093,75557829,534,000000,220881,2000069088,75558597,539,000000,768,-2
220881,2000069088,75558597,539,000000,221653,2000072089,75559148,556,000000,551,772
221653,2000072089,75559148,556,000000,221662,2000072125,75559716,539,000000,568,9
221662,2000072125,75559716,539,000000,220880,2000069086,75560392,539,000000,676,-782
220880,2000069086,75560392,539,000000,220879,2000069083,75560943,534,000000,551,-1
220879,2000069083,75560943,534,000000,221663,2000072126,75561489,539,000000,546,784
221663,2000072126,75561489,539,000000,221851,2000072549,75562145,556,000000,656,188
221851,2000072549,75562145,556,000000,220878,2000069081,75562713,539,000000,568,-973
220878,2000069081,75562713,539,000000,221852,2000072550,75563264,527,000000,551,974
221852,2000072550,75563264,527,000000,220876,2000069079,75563803,534,000000,539,-976
220876,2000069079,75563803,534,000000,220875,2000069077,75564349,539,000000,546,-1
220875,2000069077,75564349,539,000000,220874,2000069075,75564900,539,000000,551,-1
220874,2000069075,75564900,539,000000,221853,2000072551,75565451,539,000000,551,979
221853,2000072551,75565451,539,000000,221854,2000072552,75566002,532,000000,551,1
221854,2000072552,75566002,532,000000,221855,2000072553,75566651,534,000000,649,1
221855,2000072553,75566651,534,000000,221856,2000072555,75567197,539,000000,546,1
221856,2000072555,75567197,539,000000,220873,2000069070,75567865,539,000000,668,-983
220873,2000069070,75567865,539,000000,221857,2000072557,75568416,539,000000,551,984
221857,2000072557,75568416,539,000000,221858,2000072558,75568967,534,000000,551,1
221858,2000072558,75568967,534,000000,220872,2000069069,75569513,527,000000,546,-986
220872,2000069069,75569513,527,000000,221860,2000072560,75570052,534,000000,539,988
221860,2000072560,75570052,534,000000,221861,2000072561,75570931,539,000000,879,1
221861,2000072561,75570931,539,000000,220871,2000069068,75571756,527,000000,825,-990
220871,2000069068,75571756,527,000000,221862,2000072562,75572605,534,000000,849,991
221862,2000072562,75572605,534,000000,221863,2000072563,75573151,539,000000,546,1
221863,2000072563,75573151,539,000000,221865,2000072565,75573702,534,000000,551,2
221865,2000072565,75573702,534,000000,220870,2000069066,75574591,539,000000,889,-995
220870,2000069066,75574591,539,000000,221665,2000072129,75575645,539,000000,1054,795
221665,2000072129,75575645,539,000000,221866,2000072566,75576196,534,000000,551,201
221866,2000072566,75576196,534,000000,221666,2000072132,75577123,534,000000,927,-200
221666,2000072132,75577123,534,000000,221867,2000072567,75577669,539,000000,546,201
221867,2000072567,75577669,539,000000,221868,2000072568,75578987,527,000000,1318,1
221868,2000072568,75578987,527,000000,221667,2000072133,75579526,556,000000,539,-201
221667,2000072133,75579526,556,000000,221668,2000072134,75580094,534,000000,568,1
221668,2000072134,75580094,534,000000,221669,2000072136,75580640,539,000000,546,1
221669,2000072136,75580640,539,000000,221670,2000072137,75581191,539,000000,551,1
221670,2000072137,75581191,539,000000,220854,2000068989,75581742,532,000000,551,-816
220854,2000068989,75581742,532,000000,221870,2000072572,75582286,532,000000,544,1016
221870,2000072572,75582286,532,000000,221671,2000072138,75582830,539,000000,544,-199
221671,2000072138,75582830,539,000000,220853,2000068987,75583381,532,000000,551,-818
220853,2000068987,75583381,532,000000,221871,2000072574,75583925,532,000000,544,1018
221871,2000072574,75583925,532,000000,221873,2000072580,75585160,539,000000,1235,2
221873,2000072580,75585160,539,000000,220852,2000068985,75586125,534,000000,965,-1021
220852,2000068985,75586125,534,000000,220851,2000068984,75587737,534,000000,1612,-1
220851,2000068984,75587737,534,000000,221683,2000072153,75588283,539,000000,546,832
221683,2000072153,75588283,539,000000,220850,2000068983,75588935,534,000000,652,-833
220850,2000068983,75588935,534,000000,221685,2000072155,75589481,539,000000,546,835
221685,2000072155,75589481,539,000000,220849,2000068982,75590517,539,000000,1036,-836
220849,2000068982,75590517,539,000000,220848,2000068981,75591068,539,000000,551,-1
220848,2000068981,75591068,539,000000,220847,2000068979,75591619,539,000000,551,-1
220847,2000068979,75591619,539,000000,221686,2000072156,75592170,539,000000,551,839
221686,2000072156,75592170,539,000000,220846,2000068978,75592721,527,000000,551,-840
220846,2000068978,75592721,527,000000,220845,2000068977,75594190,539,000000,1469,-1
220845,2000068977,75594190,539,000000,220844,2000068975,75594741,539,000000,551,-1
220844,2000068975,75594741,539,000000,220842,2000068972,75595292,534,000000,551,-2
220842,2000068972,75595292,534,000000,221687,2000072157,75595959,539,000000,667,845
221687,2000072157,75595959,539,000000,220823,2000068918,75597294,549,000000,1335,-864
220823,2000068918,75597294,549,000000,220822,2000068917,75597855,539,000000,561,-1
220822,2000068917,75597855,539,000000,221688,2000072159,75598406,539,000000,551,866
221688,2000072159,75598406,539,000000,220821,2000068916,75598957,539,000000,551,-867
220821,2000068916,75598957,539,000000,220818,2000068911,75599508,539,000000,551,-3
220818,2000068911,75599508,539,000000,220817,2000068910,75600059,556,000000,551,-1
220817,2000068910,75600059,556,000000,220816,2000068909,75600627,539,000000,568,-1
220816,2000068909,75600627,539,000000,221690,2000072162,75601178,527,000000,551,874
221690,2000072162,75601178,527,000000,220815,2000068908,75601717,534,000000,539,-875
220815,2000068908,75601717,534,000000,221691,2000072163,75602263,539,000000,546,876
221691,2000072163,75602263,539,000000,221692,2000072164,75602814,534,000000,551,1
221692,2000072164,75602814,534,000000,221693,2000072165,75603360,534,000000,546,1
221693,2000072165,75603360,534,000000,220814,2000068907,75603906,539,000000,546,-879
220814,2000068907,75603906,539,000000,220813,2000068906,75604574,539,000000,668,-1
220813,2000068906,75604574,539,000000,221694,2000072166,75605125,551,000000,551,881
221694,2000072166,75605125,551,000000,220812,2000068905,75605688,549,000000,563,-882
220812,2000068905,75605688,549,000000,221697,2000072171,75606249,534,000000,561,885
221697,2000072171,75606249,534,000000,221698,2000072172,75606795,556,000000,546,1
221698,2000072172,75606795,556,000000,221700,2000072174,75607754,539,000000,959,2
221700,2000072174,75607754,539,000000,220811,2000068903,75608305,534,000000,551,-889
220811,2000068903,75608305,534,000000,221701,2000072175,75608851,652,000000,546,890
221701,2000072175,75608851,652,000000,221702,2000072176,75609515,546,000000,664,1
221702,2000072176,75609515,546,000000,220810,2000068902,75611360,534,000000,1845,-892
220810,2000068902,75611360,534,000000,220809,2000068901,75611906,534,000000,546,-1
220809,2000068901,75611906,534,000000,221737,2000072291,75612569,539,000000,663,928
221737,2000072291,75612569,539,000000,221738,2000072292,75613120,534,000000,551,1
221738,2000072292,75613120,534,000000,221740,2000072295,75614353,534,000000,1233,2
221740,2000072295,75614353,534,000000,221741,2000072297,75614899,534,000000,546,1
221741,2000072297,75614899,534,000000,221742,2000072299,75616598,539,000000,1699,1
221742,2000072299,75616598,539,000000,221743,2000072300,75617149,539,000000,551,1
221743,2000072300,75617149,539,000000,221744,2000072301,75617700,549,000000,551,1
221744,2000072301,75617700,549,000000,221745,2000072302,75618261,539,000000,561,1
221745,2000072302,75618261,539,000000,220808,2000068900,75618812,527,000000,551,-937
220808,2000068900,75618812,527,000000,221746,2000072304,75619351,527,000000,539,938
221746,2000072304,75619351,527,000000,221748,2000072307,75619890,539,000000,539,2
221748,2000072307,75619890,539,000000,221749,2000072308,75620441,527,000000,551,1
221749,2000072308,75620441,527,000000,221750,2000072309,75620980,534,000000,539,1
221750,2000072309,75620980,534,000000,221751,2000072310,75621526,539,000000,546,1
221751,2000072310,75621526,539,000000,221752,2000072311,75622077,539,000000,551,1
221752,2000072311,75622077,539,000000,220806,2000068898,75622628,561,000000,551,-946
220806,2000068898,75622628,561,000000,220803,2000068895,75623201,549,000000,573,-3
220803,2000068895,75623201,549,000000,221753,2000072312,75623762,551,000000,561,950
221753,2000072312,75623762,551,000000,221754,2000072313,75624325,539,000000,563,1
221754,2000072313,75624325,539,000000,220802,2000068894,75624876,539,000000,551,-952
220802,2000068894,75624876,539,000000,221762,2000072341,75625427,532,000000,551,960
221762,2000072341,75625427,532,000000,221763,2000072342,75625971,534,000000,544,1
221763,2000072342,75625971,534,000000,221764,2000072343,75626517,539,000000,546,1
221764,2000072343,75626517,539,000000,221765,2000072344,75627068,539,000000,551,1
221765,2000072344,75627068,539,000000,221766,2000072345,75628372,539,000000,1304,1
221766,2000072345,75628372,539,000000,220801,2000068893,75628923,532,000000,551,-965
220801,2000068893,75628923,532,000000,220800,2000068892,75629467,532,000000,544,-1
220800,2000068892,75629467,532,000000,221331,2000070787,75631951,532,000000,2484,531
221331,2000070787,75631951,532,000000,221598,2000071926,75659517,539,000000,27566,267
221598,2000071926,75659517,539,000000,221846,2000072540,75737560,628,000000,78043,248
221846,2000072540,75737560,628,000000,223902,2000080310,78056936,527,500050,2319376,2056
223902,2000080310,78056936,527,500050,224642,2000082852,78076749,564,500050,19813,740
224642,2000082852,78076749,564,500050,224504,2000082560,78093668,564,500050,16919,-138
224504,2000082560,78093668,564,500050,224502,2000082558,78094244,564,500050,576,-2
224502,2000082558,78094244,564,500050,224506,2000082563,78270852,527,4e004e,176608,4
224506,2000082563,78270852,527,4e004e,223903,2000080312,78299932,534,4e004e,29080,-603
223903,2000080312,78299932,534,4e004e,224509,2000082573,78356212,564,4d004d,56280,606
224509,2000082573,78356212,564,4d004d,224505,2000082562,78356788,534,4d004d,576,-4
224505,2000082562,78356788,534,4d004d,222074,2000073847,78617117,546,4a004a,260329,-2431
222074,2000073847,78617117,546,4a004a,222143,2000074269,78789702,534,470047,172585,69
222143,2000074269,78789702,534,470047,222122,2000074083,78832105,534,460046,42403,-21
222122,2000074083,78832105,534,460046,225008,2000083662,78843648,534,460046,11543,2886
225008,2000083662,78843648,534,460046,222773,2000076995,79024206,534,440044,180558,-2235
222773,2000076995,79024206,534,440044,224719,2000083025,79035402,527,440044,11196,1946
224719,2000083025,79035402,527,440044,223560,2000079299,79224360,534,410041,188958,-1159
223560,2000079299,79224360,534,410041,223558,2000079294,79224906,534,410041,546,-2
223558,2000079294,79224906,534,410041,223557,2000079292,79228611,534,410041,3705,-1
223557,2000079292,79228611,534,410041,223548,2000079261,79232094,534,410041,3483,-9
223548,2000079261,79232094,534,410041,223547,2000079259,79232640,534,410041,546,-1
223547,2000079259,79232640,534,410041,224055,2000081046,79303445,534,3f003f,70805,508
224055,2000081046,79303445,534,3f003f,222144,2000074270,79307700,551,3f003f,4255,-1911
222144,2000074270,79307700,551,3f003f,224349,2000082160,79313747,578,3e003e,6047,2205
224349,2000082160,79313747,578,3e003e,223550,2000079264,79346784,534,000000,33037,-799
223550,2000079264,79346784,534,000000,223887,2000080218,79351155,527,3c003c,4371,337
223887,2000080218,79351155,527,3c003c,223554,2000079279,79365720,534,3c003c,14565,-333
223554,2000079279,79365720,534,3c003c,224942,2000083504,79367994,527,3c003c,2274,1388
224942,2000083504,79367994,527,3c003c,223553,2000079277,79384594,534,3c003c,16600,-1389
223553,2000079277,79384594,534,3c003c,223551,2000079269,79386949,534,3c003c,2355,-2
223551,2000079269,79386949,534,3c003c,223892,2000080232,79424398,527,3c0039,37449,341
223892,2000080232,79424398,527,3c0039,222580,2000076483,79435220,572,370037,10822,-1312
222580,2000076483,79435220,572,370037,220824,2000068919,79571178,539,000000,135958,-1756
220824,2000068919,79571178,539,000000,225208,2000084281,79893627,591,410048,322449,4384
225208,2000084281,79893627,591,410048,225232,2000084314,80024385,581,3c0041,130758,24
225232,2000084314,80024385,581,3c0041,225217,2000084291,80120758,544,3c003c,96373,-15
225217,2000084291,80120758,544,3c003c,225066,2000083901,80126619,569,320037,5861,-151
225066,2000083901,80126619,569,320037,225216,2000084290,80129113,537,3c003c,2494,150
225216,2000084290,80129113,537,3c003c,225231,2000084312,80132430,581,3c003c,3317,15
225231,2000084312,80132430,581,3c003c,225233,2000084315,80134191,576,37003c,1761,2
225233,2000084315,80134191,576,37003c,224438,2000082411,80171348,539,280028,37157,-795
224438,2000082411,80171348,539,280028,224455,2000082445,80207065,574,2d002d,35717,17
224455,2000082445,80207065,574,2d002d,224442,2000082419,80239993,539,1e001e,32928,-13
224442,2000082419,80239993,539,1e001e,224460,2000082451,80248179,574,280028,8186,18
224460,2000082451,80248179,574,280028,224653,2000082876,80264200,562,280028,16021,193
224653,2000082876,80264200,562,280028,224652,2000082874,80265175,537,280028,975,-1
224652,2000082874,80265175,537,280028,225244,2000084332,80338145,532,320032,72970,592
225244,2000084332,80338145,532,320032,225240,2000084325,80338689,574,320037,544,-4
225240,2000084325,80338689,574,320037,225214,2000084288,80339275,542,370037,586,-26
225214,2000084288,80339275,542,370037,225207,2000084279,80340206,544,370037,931,-7
225207,2000084279,80340206,544,370037,225195,2000084267,80341847,534,320037,1641,-12
225195,2000084267,80341847,534,320037,225194,2000084266,80342862,539,320037,1015,-1
225194,2000084266,80342862,539,320037,225193,2000084265,80344006,544,320037,1144,-1
225193,2000084265,80344006,544,320037,225101,2000083980,80345764,539,320032,1758,-92
225101,2000083980,80345764,539,320032,222891,2000077287,80360574,576,370037,14810,-2210
222891,2000077287,80360574,576,370037,222882,2000077273,80366229,571,370037,5655,-9
222882,2000077273,80366229,571,370037,221924,2000072840,80396569,569,1e001e,30340,-958
221924,2000072840,80396569,569,1e001e,224753,2000083084,80400380,544,320032,3811,2829
224753,2000083084,80400380,544,320032,223303,2000078618,80447339,544,230023,46959,-1450
223303,2000078618,80447339,544,230023,224544,2000082659,80460932,588,320032,13593,1241
224544,2000082659,80460932,588,320032,224458,2000082448,80471352,576,2d002d,10420,-86
224458,2000082448,80471352,576,2d002d,224437,2000082409,80473124,539,1e001e,1772,-21
224437,2000082409,80473124,539,1e001e,224058,2000081054,80482425,539,140014,9301,-379
224058,2000081054,80482425,539,140014,223577,2000079336,80491492,569,320032,9067,-481
223577,2000079336,80491492,569,320032,223571,2000079328,80494874,581,000000,3382,-6
223571,2000079328,80494874,581,000000,224462,2000082455,80554102,564,1e001e,59228,891
224462,2000082455,80554102,564,1e001e,224289,2000082004,80566611,569,0f000f,12509,-173
224289,2000082004,80566611,569,0f000f,224046,2000081017,80575263,576,0a000a,8652,-243
224046,2000081017,80575263,576,0a000a,223567,2000079319,80589816,574,2d002d,14553,-479
223567,2000079319,80589816,574,2d002d,225100,2000083979,80614255,544,280028,24439,1533
225100,2000083979,80614255,544,280028,225218,2000084292,80628417,576,320032,14162,118
225218,2000084292,80628417,576,320032,225099,2000083978,80629982,544,280028,1565,-119
225099,2000083978,80629982,544,280028,225013,2000083681,80632347,532,320032,2365,-86
225013,2000083681,80632347,532,320032,224285,2000081996,80677550,574,0a000a,45203,-728
224285,2000081996,80677550,574,0a000a,222165,2000074439,80686902,539,190019,9352,-2120
222165,2000074439,80686902,539,190019,223576,2000079335,80688666,569,2d002d,1764,1411
223576,2000079335,80688666,569,2d002d,223573,2000079330,80689840,564,2d002d,1174,-3
223573,2000079330,80689840,564,2d002d,224381,2000082266,80715288,569,1e001e,25448,808
224381,2000082266,80715288,569,1e001e,224282,2000081993,80716921,532,0a000a,1633,-99
224282,2000081993,80716921,532,0a000a,224050,2000081033,80718659,569,0a000a,1738,-232
224050,2000081033,80718659,569,0a000a,224822,2000083209,80759852,537,2d002d,41193,772
224822,2000083209,80759852,537,2d002d,224703,2000082996,80765281,532,2d0028,5429,-119
224703,2000082996,80765281,532,2d0028,224702,2000082995,80766381,532,280028,1100,-1
224702,2000082995,80766381,532,280028,224692,2000082975,80768102,539,2d002d,1721,-10
224692,2000082975,80768102,539,2d002d,224691,2000082974,80768653,544,280028,551,-1
224691,2000082974,80768653,544,280028,224047,2000081025,80798932,544,140014,30279,-644
224047,2000081025,80798932,544,140014,223978,2000080753,80802325,576,140014,3393,-69
223978,2000080753,80802325,576,140014,223977,2000080752,80803618,576,190019,1293,-1
223977,2000080752,80803618,576,190019,223218,2000078308,80819882,574,230023,16264,-759
223218,2000078308,80819882,574,230023,223096,2000077961,80826899,581,1e001e,7017,-122
223096,2000077961,80826899,581,1e001e,222493,2000076346,80838511,574,280028,11612,-603
222493,2000076346,80838511,574,280028,224962,2000083538,80847434,539,2d002d,8923,2469
224962,2000083538,80847434,539,2d002d,224964,2000083540,80848571,539,2d002d,1137,2
224964,2000083540,80848571,539,2d002d,224966,2000083542,80849122,539,2d002d,551,2
224966,2000083542,80849122,539,2d002d,224967,2000083543,80850131,544,2d002d,1009,1
224967,2000083543,80850131,544,2d002d,224968,2000083544,80850687,544,2d002d,556,1
224968,2000083544,80850687,544,2d002d,224969,2000083545,80851829,539,2d002d,1142,1
224969,2000083545,80851829,539,2d002d,225102,2000083982,80852700,544,280028,871,133
225102,2000083982,80852700,544,280028,225120,2000084043,80853256,539,2d002d,556,18
225120,2000084043,80853256,539,2d002d,225205,2000084277,80853807,593,2d002d,551,85
225205,2000084277,80853807,593,2d002d,225206,2000084278,80854412,581,2d002d,605,1
225206,2000084278,80854412,581,2d002d,225238,2000084321,80858477,527,2d002d,4065,32
225238,2000084321,80858477,527,2d002d,225239,2000084323,80859016,532,2d002d,539,1
225239,2000084323,80859016,532,2d002d,222689,2000076780,80973709,574,190019,114693,-2550
222689,2000076780,80973709,574,190019,223220,2000078318,80982319,576,280028,8610,531
223220,2000078318,80982319,576,280028,222681,2000076769,80984672,537,140014,2353,-539
222681,2000076769,80984672,537,140014,221705,2000072182,80997150,581,280028,12478,-976
221705,2000072182,80997150,581,280028,223219,2000078314,81001160,576,1e001e,4010,1514
223219,2000078314,81001160,576,1e001e,223097,2000077963,81002365,576,1e001e,1205,-122
223097,2000077963,81002365,576,1e001e,222687,2000076778,81005313,554,140014,2948,-410
222687,2000076778,81005313,554,140014,222686,2000076777,81005879,532,140014,566,-1
222686,2000076777,81005879,532,140014,222684,2000076774,81007709,532,140014,1830,-2
222684,2000076774,81007709,532,140014,222682,2000076771,81008863,527,140014,1154,-2
222682,2000076771,81008863,527,140014,222492,2000076344,81009402,581,280028,539,-190
222492,2000076344,81009402,581,280028,225250,2000084345,81055188,539,280028,45786,2758
225250,2000084345,81055188,539,280028,225012,2000083680,81063206,537,280028,8018,-238
225012,2000083680,81063206,537,280028,224965,2000083541,81067614,539,2d002d,4408,-47
224965,2000083541,81067614,539,2d002d,222683,2000076772,81072438,537,140014,4824,-2282
222683,2000076772,81072438,537,140014,223572,2000079329,81100071,574,190019,27633,889
223572,2000079329,81100071,574,190019,221437,2000071264,81116778,574,1e001e,16707,-2135
221437,2000071264,81116778,574,1e001e,222685,2000076776,81118533,532,140014,1755,1248
222685,2000076776,81118533,532,140014,225121,2000084044,81158293,539,2d002d,39760,2436
225121,2000084044,81158293,539,2d002d,223939,2000080579,81200978,537,1e001e,42685,-1182
223939,2000080579,81200978,537,1e001e,221951,2000073130,81208392,596,1e001e,7414,-1988
221951,2000073130,81208392,596,1e001e,221434,2000071253,81279040,556,000000,70648,-517
221434,2000071253,81279040,556,000000,224970,2000083547,81285308,539,000000,6268,3536
224970,2000083547,81285308,539,000000,224971,2000083548,81285859,544,000000,551,1
224971,2000083548,81285859,544,000000,224972,2000083549,81286415,544,000000,556,1
224972,2000083549,81286415,544,000000,224973,2000083551,81286971,539,000000,556,1
224973,2000083551,81286971,539,000000,224977,2000083560,81287522,544,000000,551,4
224977,2000083560,81287522,544,000000,224978,2000083561,81288078,539,000000,556,1
224978,2000083561,81288078,539,000000,224979,2000083562,81288629,539,000000,551,1
224979,2000083562,81288629,539,000000,224981,2000083564,81289180,539,000000,551,2
224981,2000083564,81289180,539,000000,224982,2000083565,81289731,539,000000,551,1
224982,2000083565,81289731,539,000000,225219,2000084293,81299070,581,000000,9339,237
225219,2000084293,81299070,581,000000,221477,2000071391,83071046,557,530053,1771976,-3742
221477,2000071391,83071046,557,530053,222368,2000075967,83123797,539,510051,52751,891
222368,2000075967,83123797,539,510051,225222,2000084297,83918234,593,3c0046,794437,2854
225222,2000084297,83918234,593,3c0046,225089,2000083954,84324488,561,380038,406254,-133
225089,2000083954,84324488,561,380038,221270,2000070600,84486033,534,1e001e,161545,-3819
221270,2000070600,84486033,534,1e001e,224963,2000083539,84593548,534,320032,107515,3693
224963,2000083539,84593548,534,320032,221994,2000073298,84596075,527,000000,2527,-2969
221994,2000073298,84596075,527,000000,222790,2000077038,84639925,546,000000,43850,796
222790,2000077038,84639925,546,000000,224899,2000083403,84756412,534,2d002d,116487,2109
224899,2000083403,84756412,534,2d002d,224176,2000081496,84795885,534,280028,39473,-723
224176,2000081496,84795885,534,280028,221973,2000073252,84876948,551,000000,81063,-2203
221973,2000073252,84876948,551,000000,224172,2000081487,84941616,534,280028,64668,2199
224172,2000081487,84941616,534,280028,224158,2000081442,84944375,534,280028,2759,-14
224158,2000081442,84944375,534,280028,223910,2000080378,84944921,527,280028,546,-248
223910,2000080378,84944921,527,280028,224108,2000081309,84968034,527,280028,23113,198
224108,2000081309,84968034,527,280028,225064,2000083886,84972727,583,050028,4693,956
225064,2000083886,84972727,583,050028,221459,2000071332,84983257,534,0a000a,10530,-3605
221459,2000071332,84983257,534,0a000a,224557,2000082689,85006356,527,280028,23099,3098
224557,2000082689,85006356,527,280028,224115,2000081322,85051225,527,260026,44869,-442
224115,2000081322,85051225,527,260026,224106,2000081303,85091896,527,230023,40671,-9
224106,2000081303,85091896,527,230023,224184,2000081555,85094252,527,230023,2356,78
224184,2000081555,85094252,527,230023,224188,2000081565,85094791,527,230023,539,4
224188,2000081565,85094791,527,230023,224270,2000081966,85095330,534,230023,539,82
224270,2000081966,85095330,534,230023,224278,2000081987,85095876,534,230023,546,8
224278,2000081987,85095876,534,230023,223606,2000079395,85179861,561,000000,83985,-672
223606,2000079395,85179861,561,000000,224183,2000081553,85195231,527,1e001e,15370,577
224183,2000081553,85195231,527,1e001e,224186,2000081561,85195770,534,1e001e,539,3
224186,2000081561,85195770,534,1e001e,224267,2000081956,85197849,527,1e001e,2079,81
224267,2000081956,85197849,527,1e001e,224281,2000081992,85199375,534,1e001e,1526,14
224281,2000081992,85199375,534,1e001e,222316,2000075503,85267996,534,140014,68621,-1965
222316,2000075503,85267996,534,140014,221990,2000073291,85283436,551,000000,15440,-326
221990,2000073291,85283436,551,000000,224161,2000081450,85298456,527,190019,15020,2171
224161,2000081450,85298456,527,190019,224187,2000081562,85301250,557,000000,2794,26
224187,2000081562,85301250,557,000000,224269,2000081965,85303004,534,190019,1754,82
224269,2000081965,85303004,534,190019,224271,2000081968,85303550,534,190019,546,2
224271,2000081968,85303550,534,190019,224283,2000081994,85304525,534,190019,975,12
224283,2000081994,85304525,534,190019,222936,2000077423,85912558,571,000000,608033,-1347
222936,2000077423,85912558,571,000000,223247,2000078367,85925114,534,000000,12556,311
223247,2000078367,85925114,534,000000,223700,2000079576,85954940,534,000000,29826,453
223700,2000079576,85954940,534,000000,223703,2000079579,85955486,534,000000,546,3
223703,2000079579,85955486,534,000000,223704,2000079580,85956032,534,000000,546,1
223704,2000079580,85956032,534,000000,223705,2000079581,85956578,534,000000,546,1
223705,2000079581,85956578,534,000000,223706,2000079582,85957124,534,000000,546,1
223706,2000079582,85957124,534,000000,223708,2000079586,85957670,534,000000,546,2
223708,2000079586,85957670,534,000000,224027,2000080954,85977178,527,000000,19508,319
224027,2000080954,85977178,527,000000,224028,2000080956,85977717,527,000000,539,1
224028,2000080956,85977717,527,000000,224029,2000080957,85978256,527,000000,539,1
224029,2000080957,85978256,527,000000,224030,2000080958,85978795,527,000000,539,1
224030,2000080958,85978795,527,000000,224032,2000080964,85979334,527,000000,539,2
224032,2000080964,85979334,527,000000,224033,2000080965,85979873,527,000000,539,1
224033,2000080965,85979873,527,000000,224034,2000080967,85980412,527,000000,539,1
224034,2000080967,85980412,527,000000,224035,2000080970,85980951,527,000000,539,1
224035,2000080970,85980951,527,000000,224036,2000080971,85981490,527,000000,539,1
224036,2000080971,85981490,527,000000,224037,2000080972,85982029,527,000000,539,1
224037,2000080972,85982029,527,000000,225147,2000084118,86155655,534,000000,173626,1110
225147,2000084118,86155655,534,000000,225148,2000084119,86156201,534,000000,546,1
225148,2000084119,86156201,534,000000,225150,2000084122,86157220,534,000000,1019,2
225150,2000084122,86157220,534,000000,225151,2000084124,86157766,534,000000,546,1
225151,2000084124,86157766,534,000000,225152,2000084126,86158312,534,000000,546,1
225152,2000084126,86158312,534,000000,225153,2000084127,86158858,534,000000,546,1
225153,2000084127,86158858,534,000000,225154,2000084128,86159404,534,000000,546,1
225154,2000084128,86159404,534,000000,225156,2000084130,86159950,534,000000,546,2
225156,2000084130,86159950,534,000000,225157,2000084131,86160496,534,000000,546,1
225157,2000084131,86160496,534,000000,225158,2000084132,86161042,534,000000,546,1
225158,2000084132,86161042,534,000000,225159,2000084133,86161588,534,000000,546,1
225159,2000084133,86161588,534,000000,222735,2000076892,86994677,561,460050,833089,-2424
222735,2000076892,86994677,561,460050,223503,2000079105,87091454,584,460046,96777,768
223503,2000079105,87091454,584,460046,222184,2000074541,87171200,579,000000,79746,-1319
222184,2000074541,87171200,579,000000,221530,2000071736,87255987,549,000000,84787,-654
221530,2000071736,87255987,549,000000,221418,2000071230,87280309,549,000000,24322,-112
221418,2000071230,87280309,549,000000,222193,2000074618,87311622,579,000000,31313,775
222193,2000074618,87311622,579,000000,224855,2000083304,87317109,542,350035,5487,2662
224855,2000083304,87317109,542,350035,224734,2000083048,87326688,549,340034,9579,-121
224734,2000083048,87326688,549,340034,221149,2000070292,87362314,549,000000,35626,-3585
221149,2000070292,87362314,549,000000,223512,2000079140,87370897,549,000000,8583,2363
223512,2000079140,87370897,549,000000,223407,2000078899,87490630,549,000000,119733,-105
223407,2000078899,87490630,549,000000,223508,2000079128,87494642,555,000000,4012,101
223508,2000079128,87494642,555,000000,223513,2000079142,87497433,555,000000,2791,5
223513,2000079142,87497433,555,000000,221184,2000070424,87499590,549,000000,2157,-2329
221184,2000070424,87499590,549,000000,221186,2000070427,87500151,549,000000,561,2
221186,2000070427,87500151,549,000000,221929,2000072888,87545625,542,280028,45474,743
221929,2000072888,87545625,542,280028,223405,2000078896,87602376,544,000000,56751,1476
223405,2000078896,87602376,544,000000,221243,2000070564,87603779,544,000000,1403,-2162
221243,2000070564,87603779,544,000000,221244,2000070566,87604335,549,000000,556,1
221244,2000070566,87604335,549,000000,221245,2000070568,87605943,578,000000,1608,1
221245,2000070568,87605943,578,000000,221249,2000070573,87607488,549,000000,1545,4
221249,2000070573,87607488,549,000000,223409,2000078902,87680929,549,000000,73441,2160
223409,2000078902,87680929,549,000000,223514,2000079147,87682660,549,000000,1731,105
223514,2000079147,87682660,549,000000,223539,2000079241,87684109,549,000000,1449,25
223539,2000079241,87684109,549,000000,223540,2000079243,87684670,549,000000,561,1
223540,2000079243,87684670,549,000000,221246,2000070570,87690369,544,000000,5699,-2294
221246,2000070570,87690369,544,000000,221247,2000070571,87692221,549,000000,1852,1
221247,2000070571,87692221,549,000000,221248,2000070572,87692782,549,000000,561,1
221248,2000070572,87692782,549,000000,221273,2000070617,87694501,549,000000,1719,25
221273,2000070617,87694501,549,000000,221274,2000070618,87695062,544,000000,561,1
221274,2000070618,87695062,544,000000,223589,2000079359,87743704,549,000000,48642,2315
223589,2000079359,87743704,549,000000,223517,2000079153,87773674,549,000000,29970,-72
223517,2000079153,87773674,549,000000,223585,2000079352,87778906,549,000000,5232,68
223585,2000079352,87778906,549,000000,223602,2000079391,87780390,549,000000,1484,17
223602,2000079391,87780390,549,000000,223799,2000079919,87785531,566,000000,5141,197
223799,2000079919,87785531,566,000000,221276,2000070620,87792612,561,000000,7081,-2523
221276,2000070620,87792612,561,000000,223650,2000079487,87805305,549,000000,12693,2374
223650,2000079487,87805305,549,000000,223516,2000079151,87808448,549,000000,3143,-134
223516,2000079151,87808448,549,000000,223669,2000079513,87810593,549,000000,2145,153
223669,2000079513,87810593,549,000000,223647,2000079482,87816625,549,000000,6032,-22
223647,2000079482,87816625,549,000000,223653,2000079490,87818350,549,000000,1725,6
223653,2000079490,87818350,549,000000,223600,2000079388,87821314,549,000000,2964,-53
223600,2000079388,87821314,549,000000,223668,2000079512,87838023,549,000000,16709,68
223668,2000079512,87838023,549,000000,223661,2000079502,87838584,549,000000,561,-7
223661,2000079502,87838584,549,000000,223515,2000079148,87845557,544,000000,6973,-146
223515,2000079148,87845557,544,000000,223670,2000079514,87853020,549,000000,7463,155
223670,2000079514,87853020,549,000000,223646,2000079472,87855575,549,000000,2555,-24
223646,2000079472,87855575,549,000000,221874,2000072601,87954629,573,000000,99054,-1772
221874,2000072601,87954629,573,000000,221541,2000071751,87958288,549,000000,3659,-333
221541,2000071751,87958288,549,000000,221540,2000071749,87958849,549,000000,561,-1
221540,2000071749,87958849,549,000000,221539,2000071748,87960087,566,000000,1238,-1
221539,2000071748,87960087,566,000000,221538,2000071747,87961287,549,000000,1200,-1
221538,2000071747,87961287,549,000000,221537,2000071745,87961848,549,000000,561,-1
221537,2000071745,87961848,549,000000,221536,2000071744,87962791,549,000000,943,-1
221536,2000071744,87962791,549,000000,221535,2000071743,87963352,549,000000,561,-1
221535,2000071743,87963352,549,000000,221534,2000071741,87965156,549,000000,1804,-1
221534,2000071741,87965156,549,000000,221533,2000071740,87965717,544,000000,561,-1
221533,2000071740,87965717,544,000000,221532,2000071739,87966871,549,000000,1154,-1
221532,2000071739,87966871,549,000000,221531,2000071737,87968567,549,000000,1696,-1
221531,2000071737,87968567,549,000000,222195,2000074634,88043007,549,000000,74440,664
222195,2000074634,88043007,549,000000,222296,2000075475,88045534,549,000000,2527,101
222296,2000075475,88045534,549,000000,222297,2000075478,88046095,549,000000,561,1
222297,2000075478,88046095,549,000000,222298,2000075480,88046656,549,000000,561,1
222298,2000075480,88046656,549,000000,222299,2000075481,88047217,549,000000,561,1
222299,2000075481,88047217,549,000000,222301,2000075483,88047778,544,000000,561,2
222301,2000075483,88047778,544,000000,222302,2000075484,88048334,549,000000,556,1
222302,2000075484,88048334,549,000000,222303,2000075485,88048895,549,000000,561,1
222303,2000075485,88048895,549,000000,222304,2000075486,88049456,549,000000,561,1
222304,2000075486,88049456,549,000000,222305,2000075487,88050017,549,000000,561,1
222305,2000075487,88050017,549,000000,222306,2000075489,88050578,544,000000,561,1
222306,2000075489,88050578,544,000000,222307,2000075490,88051134,549,000000,556,1
222307,2000075490,88051134,549,000000,222308,2000075491,88051695,549,000000,561,1
222308,2000075491,88051695,549,000000,222309,2000075493,88052256,549,000000,561,1
222309,2000075493,88052256,549,000000,222310,2000075494,88052817,549,000000,561,1
222310,2000075494,88052817,549,000000,222311,2000075496,88053378,549,000000,561,1
222311,2000075496,88053378,549,000000,222312,2000075497,88053939,549,000000,561,1
222312,2000075497,88053939,549,000000,222313,2000075500,88054500,549,000000,561,1
222313,2000075500,88054500,549,000000,222314,2000075501,88055061,544,000000,561,1
222314,2000075501,88055061,544,000000,222584,2000076506,88086687,549,000000,31626,270
222584,2000076506,88086687,549,000000,222589,2000076512,88088212,579,000000,1525,5
222589,2000076512,88088212,579,000000,223190,2000078191,88112826,549,000000,24614,601
223190,2000078191,88112826,549,000000,223191,2000078193,88113387,549,000000,561,1
223191,2000078193,88113387,549,000000,223192,2000078195,88113948,549,000000,561,1
223192,2000078195,88113948,549,000000,223193,2000078196,88114509,549,000000,561,1
223193,2000078196,88114509,549,000000,223194,2000078197,88115070,549,000000,561,1
223194,2000078197,88115070,549,000000,223195,2000078198,88115631,549,000000,561,1
223195,2000078198,88115631,549,000000,223196,2000078199,88116192,544,000000,561,1
223196,2000078199,88116192,544,000000,223197,2000078200,88116748,549,000000,556,1
223197,2000078200,88116748,549,000000,223239,2000078351,88117834,549,000000,1086,42
223239,2000078351,88117834,549,000000,223243,2000078359,88118500,549,000000,666,4
223243,2000078359,88118500,549,000000,223258,2000078401,88119166,542,000000,666,15
223258,2000078401,88119166,542,000000,223276,2000078500,88119720,549,000000,554,18
223276,2000078500,88119720,549,000000,223277,2000078501,88120281,549,000000,561,1
223277,2000078501,88120281,549,000000,223280,2000078511,88120842,566,000000,561,3
223280,2000078511,88120842,566,000000,223337,2000078769,88121802,549,000000,960,57
223337,2000078769,88121802,549,000000,223352,2000078798,88125606,549,000000,3804,15
223352,2000078798,88125606,549,000000,223353,2000078799,88126167,549,000000,561,1
223353,2000078799,88126167,549,000000,223354,2000078800,88126728,549,000000,561,1
223354,2000078800,88126728,549,000000,223355,2000078801,88127289,549,000000,561,1
223355,2000078801,88127289,549,000000,223356,2000078802,88127850,544,000000,561,1
223356,2000078802,88127850,544,000000,223357,2000078804,88128406,549,000000,556,1
223357,2000078804,88128406,549,000000,223395,2000078885,88129072,544,000000,666,38
223395,2000078885,88129072,544,000000,223396,2000078886,88129628,549,000000,556,1
223396,2000078886,88129628,549,000000,223397,2000078887,88130189,549,000000,561,1
223397,2000078887,88130189,549,000000,223398,2000078888,88130750,549,000000,561,1
223398,2000078888,88130750,549,000000,223400,2000078890,88131311,549,000000,561,2
223400,2000078890,88131311,549,000000,223401,2000078891,88131872,549,000000,561,1
223401,2000078891,88131872,549,000000,223402,2000078893,88132433,549,000000,561,1
223402,2000078893,88132433,549,000000,223403,2000078894,88132994,549,000000,561,1
223403,2000078894,88132994,549,000000,223406,2000078898,88133932,549,000000,938,3
223406,2000078898,88133932,549,000000,223408,2000078900,88134598,549,000000,666,2
223408,2000078900,88134598,549,000000,223410,2000078903,88135584,544,000000,986,2
223410,2000078903,88135584,544,000000,224615,2000082791,88700190,581,510051,564606,1205
224615,2000082791,88700190,581,510051,224933,2000083487,88765589,583,4e004e,65399,318
224933,2000083487,88765589,583,4e004e,224961,2000083531,88847709,574,4a004a,82120,28
224961,2000083531,88847709,574,4a004a,224826,2000083215,88945488,539,000000,97779,-135
224826,2000083215,88945488,539,000000,220937,2000069265,88956803,588,460046,11315,-3889
220937,2000069265,88956803,588,460046,220967,2000069530,88999242,569,3c003c,42439,30
220967,2000069530,88999242,569,3c003c,224624,2000082823,89002597,539,440044,3355,3657
224624,2000082823,89002597,539,440044,224720,2000083026,89015396,544,430043,12799,96
224720,2000083026,89015396,544,430043,224953,2000083517,89016508,544,430043,1112,233
224953,2000083517,89016508,544,430043,224738,2000083061,89017064,539,430043,556,-215
224738,2000083061,89017064,539,430043,224745,2000083071,89019253,568,430043,2189,7
224745,2000083071,89019253,568,430043,224628,2000082835,89020448,539,430043,1195,-117
224628,2000082835,89020448,539,430043,225078,2000083943,89036136,574,420042,15688,450
225078,2000083943,89036136,574,420042,224777,2000083135,89129082,537,3f003f,92946,-301
224777,2000083135,89129082,537,3f003f,224816,2000083201,89134691,544,3f003f,5609,39
224816,2000083201,89134691,544,3f003f,224766,2000083111,89135803,539,3f003f,1112,-50
224766,2000083111,89135803,539,3f003f,224821,2000083208,89136354,532,3e003e,551,55
224821,2000083208,89136354,532,3e003e,225080,2000083945,89136898,539,3e003e,544,259
225080,2000083945,89136898,539,3e003e,224779,2000083138,89140265,544,3e003e,3367,-301
224779,2000083138,89140265,544,3e003e,224759,2000083094,89147210,544,3e003e,6945,-20
224759,2000083094,89147210,544,3e003e,224814,2000083199,89148713,532,3d003d,1503,55
224814,2000083199,89148713,532,3d003d,224950,2000083514,89151897,544,3d003d,3184,136
224950,2000083514,89151897,544,3d003d,220933,2000069253,89160149,574,370037,8252,-4017
220933,2000069253,89160149,574,370037,224913,2000083435,89255537,539,3b003b,95388,3980
224913,2000083435,89255537,539,3b003b,224958,2000083524,89257232,539,3b003b,1695,45
224958,2000083524,89257232,539,3b003b,224754,2000083085,89258332,551,3b003b,1100,-204
224754,2000083085,89258332,551,3b003b,224773,2000083127,89258895,544,3b003b,563,19
224773,2000083127,89258895,544,3b003b,224819,2000083206,89266019,539,390039,7124,46
224819,2000083206,89266019,539,390039,220934,2000069257,89315570,564,320032,49551,-3885
220934,2000069257,89315570,564,320032,220966,2000069529,89318308,551,280028,2738,32
220966,2000069529,89318308,551,280028,220965,2000069511,89396327,564,280028,78019,-1
220965,2000069511,89396327,564,280028,224627,2000082833,89432637,544,2f002f,36310,3662
224627,2000082833,89432637,544,2f002f,220935,2000069260,89444737,537,280028,12100,-3692
220935,2000069260,89444737,537,280028,220936,2000069263,89449168,539,280028,4431,1
220936,2000069263,89449168,539,280028,221495,2000071437,89529054,551,000000,79886,559
221495,2000071437,89529054,551,000000,223217,2000078300,90560419,554,4c004c,1031365,1722
223217,2000078300,90560419,554,4c004c,225038,2000083776,90729480,474,470048,169061,1821
225038,2000083776,90729480,474,470048,223216,2000078299,90745004,554,470048,15524,-1822
223216,2000078299,90745004,554,470048,223215,2000078298,90745570,554,470048,566,-1
223215,2000078298,90745570,554,470048,224005,2000080865,90818546,554,420046,72976,790
224005,2000080865,90818546,554,420046,225180,2000084248,90819671,554,420046,1125,1175
225180,2000084248,90819671,554,420046,223214,2000078274,90863504,554,420046,43833,-1966
223214,2000078274,90863504,554,420046,222605,2000076543,90867379,591,3c003c,3875,-609
222605,2000076543,90867379,591,3c003c,223229,2000078339,90902521,554,420044,35142,624
223229,2000078339,90902521,554,420044,223228,2000078337,90903087,554,420044,566,-1
223228,2000078337,90903087,554,420044,223205,2000078240,90905374,554,420044,2287,-23
223205,2000078240,90905374,554,420044,223203,2000078234,91000220,554,000000,94846,-2
223203,2000078234,91000220,554,000000,225040,2000083779,91002572,547,3d0040,2352,1837
225040,2000083779,91002572,547,3d0040,224886,2000083376,91009213,566,320046,6641,-154
224886,2000083376,91009213,566,320046,225039,2000083777,91035438,547,3d0040,26225,153
225039,2000083777,91035438,547,3d0040,223224,2000078328,91095751,554,3d003e,60313,-1815
223224,2000078328,91095751,554,3d003e,223202,2000078233,91140375,554,38003c,44624,-22
223202,2000078233,91140375,554,38003c,223223,2000078327,91140941,554,38003c,566,21
223223,2000078327,91140941,554,38003c,223225,2000078329,91141507,554,38003c,566,2
223225,2000078329,91141507,554,38003c,223227,2000078336,91142073,554,38003c,566,2
223227,2000078336,91142073,554,38003c,223230,2000078340,91142639,554,38003c,566,3
223230,2000078340,91142639,554,38003c,225271,2000084387,91167405,554,38003c,24766,2041
225271,2000084387,91167405,554,38003c,225273,2000084389,91285438,554,330037,118033,2
225273,2000084389,91285438,554,330037,223226,2000078334,91303900,554,330037,18462,-2047
223226,2000078334,91303900,554,330037,225274,2000084390,91363833,554,330034,59933,2048
225274,2000084390,91363833,554,330034,225272,2000084388,91365575,554,330034,1742,-2
225272,2000084388,91365575,554,330034,225275,2000084391,91387780,554,2e0032,22205,3
225275,2000084391,91387780,554,2e0032,224425,2000082384,91431667,571,2f002f,43887,-850
224425,2000082384,91431667,571,2f002f,221689,2000072160,91501736,583,000000,70069,-2736
221689,2000072160,91501736,583,000000,221864,2000072564,91504005,566,000000,2269,175
221864,2000072564,91504005,566,000000,221425,2000071242,91504583,571,000000,578,-439
221425,2000071242,91504583,571,000000,224213,2000081706,91996175,549,4c004d,491592,2788
224213,2000081706,91996175,549,4c004d,223831,2000080073,92136082,544,420045,139907,-382
223831,2000080073,92136082,544,420045,222009,2000073472,92143332,539,440044,7250,-1822
222009,2000073472,92143332,539,440044,222210,2000074750,92160569,539,3e0044,17237,201
222210,2000074750,92160569,539,3e0044,223506,2000079115,92179602,532,3c0041,19033,1296
223506,2000079115,92179602,532,3c0041,223829,2000080069,92190498,544,410043,10896,323
223829,2000080069,92190498,544,410043,225165,2000084164,92208721,544,3c0041,18223,1336
225165,2000084164,92208721,544,3c0041,225082,2000083947,92246876,532,3c0040,38155,-83
225082,2000083947,92246876,532,3c0040,224713,2000083010,92283613,539,3a003e,36737,-369
224713,2000083010,92283613,539,3a003e,223839,2000080093,92318879,544,36003b,35266,-874
223839,2000080093,92318879,544,36003b,223836,2000080086,92322344,544,37003a,3465,-3
223836,2000080086,92322344,544,37003a,225087,2000083952,92366594,537,31003a,44250,1251
225087,2000083952,92366594,537,31003a,225081,2000083946,92389981,569,370038,23387,-6
225081,2000083946,92389981,569,370038,225086,2000083951,92391038,532,320039,1057,5
225086,2000083951,92391038,532,320039,223833,2000080080,92405428,544,320036,14390,-1253
223833,2000080080,92405428,544,320036,223840,2000080096,92417407,544,310033,11979,7
223840,2000080096,92417407,544,310033,223837,2000080089,92426784,539,320035,9377,-3
223837,2000080089,92426784,539,320035,223841,2000080097,92487630,544,2c0031,60846,4
223841,2000080097,92487630,544,2c0031,223834,2000080084,92501556,539,310032,13926,-7
223834,2000080084,92501556,539,310032,223842,2000080100,92587104,544,2c0030,85548,8
223842,2000080100,92587104,544,2c0030,225085,2000083950,92609788,532,28002d,22684,1243
225085,2000083950,92609788,532,28002d,225091,2000083957,92614120,537,280032,4332,6
225091,2000083957,92614120,537,280032,222141,2000074259,92654099,537,2d002d,39979,-2950
222141,2000074259,92654099,537,2d002d,225083,2000083948,92797472,537,000000,143373,2942
225083,2000083948,92797472,537,000000,225084,2000083949,92798445,537,000000,973,1
225084,2000083949,92798445,537,000000,225090,2000083955,92799099,537,000000,654,6
225090,2000083955,92799099,537,000000,224498,2000082538,92987651,596,510052,188552,-592
224498,2000082538,92987651,596,510052,221463,2000071337,93137848,660,000000,150197,-3035
221463,2000071337,93137848,660,000000,221859,2000072559,93141540,674,000000,3692,396
221859,2000072559,93141540,674,000000,223893,2000080239,93908586,532,000000,767046,2034
223893,2000080239,93908586,532,000000,224273,2000081979,93914591,537,000000,6005,380
224273,2000081979,93914591,537,000000,222646,2000076677,93944745,569,1e0014,30154,-1627
222646,2000076677,93944745,569,1e0014,223235,2000078345,93959065,569,1e0014,14320,589
223235,2000078345,93959065,569,1e0014,223043,2000077764,93965396,569,280014,6331,-192
223043,2000077764,93965396,569,280014,221199,2000070497,94006114,539,0a0005,40718,-1844
221199,2000070497,94006114,539,0a0005,222776,2000077004,94007209,576,1e0014,1095,1577
222776,2000077004,94007209,576,1e0014,222374,2000075974,94016048,576,0a0005,8839,-402
222374,2000075974,94016048,576,0a0005,223042,2000077761,94027613,562,280014,11565,668
223042,2000077761,94027613,562,280014,222641,2000076661,94029334,539,32001e,1721,-401
222641,2000076661,94029334,539,32001e,222785,2000077026,94040730,539,32001e,11396,144
222785,2000077026,94040730,539,32001e,222820,2000077175,94042854,539,3c0028,2124,35
222820,2000077175,94042854,539,3c0028,221201,2000070499,94066496,539,1e0014,23642,-1619
221201,2000070499,94066496,539,1e0014,221200,2000070498,94088579,532,1e0014,22083,-1
221200,2000070498,94088579,532,1e0014,223241,2000078356,94108713,539,3c0028,20134,2041
223241,2000078356,94108713,539,3c0028,221793,2000072428,94122272,569,280014,13559,-1448
221793,2000072428,94122272,569,280014,222786,2000077028,94125124,539,000000,2852,993
222786,2000077028,94125124,539,000000,222377,2000075979,94133212,539,14000a,8088,-409
222377,2000075979,94133212,539,14000a,222376,2000075978,94133763,539,14000a,551,-1
222376,2000075978,94133763,539,14000a,222819,2000077174,94141249,539,1e0014,7486,443
222819,2000077174,94141249,539,1e0014,221203,2000070501,94154509,539,32001e,13260,-1616
221203,2000070501,94154509,539,32001e,223242,2000078358,94163458,539,14000a,8949,2039
223242,2000078358,94163458,539,14000a,221205,2000070503,94173098,539,32001e,9640,-2037
221205,2000070503,94173098,539,32001e,221480,2000071405,94176478,539,14000a,3380,275
221480,2000071405,94176478,539,14000a,222648,2000076681,94186641,539,28001e,10163,1168
222648,2000076681,94186641,539,28001e,222393,2000076028,94187743,583,14000a,1102,-255
222393,2000076028,94187743,583,14000a,222668,2000076712,94193522,539,000000,5779,275
222668,2000076712,94193522,539,000000,222380,2000075989,94195175,539,000000,1653,-288
222380,2000075989,94195175,539,000000,221202,2000070500,94196828,539,32001e,1653,-1178
221202,2000070500,94196828,539,32001e,221207,2000070505,94202288,539,1e0014,5460,5
221207,2000070505,94202288,539,1e0014,224097,2000081251,94210256,539,000000,7968,2890
224097,2000081251,94210256,539,000000,223909,2000080353,94213124,539,000000,2868,-188
223909,2000080353,94213124,539,000000,221206,2000070504,94213675,539,28001e,551,-2703
221206,2000070504,94213675,539,28001e,224061,2000081059,94217592,539,000000,3917,2855
224061,2000081059,94217592,539,000000,222671,2000076722,94226357,539,000000,8765,-1390
222671,2000076722,94226357,539,000000,222647,2000076680,94227459,539,32001e,1102,-24
222647,2000076680,94227459,539,32001e,222381,2000075990,94232471,539,0a0005,5012,-266
222381,2000075990,94232471,539,0a0005,222388,2000076012,94236204,539,1e0014,3733,7
222388,2000076012,94236204,539,1e0014,221204,2000070502,94239040,539,280014,2836,-1184
221204,2000070502,94239040,539,280014,221481,2000071406,94245742,539,000000,6702,277
221481,2000071406,94245742,539,000000,221479,2000071404,94246293,539,000000,551,-2
221479,2000071404,94246293,539,000000,221478,2000071403,94246844,539,000000,551,-1
221478,2000071403,94246844,539,000000,222382,2000075991,94248968,539,0a0005,2124,904
222382,2000075991,94248968,539,0a0005,224062,2000081067,94265918,539,000000,16950,1680
224062,2000081067,94265918,539,000000,225166,2000084166,95200060,532,4c004c,934142,1104
225166,2000084166,95200060,532,4c004c,221574,2000071872,95488400,537,320041,288340,-3592
221574,2000071872,95488400,537,320041,223537,2000079236,95568879,597,450045,80479,1963
223537,2000079236,95568879,597,450045,225020,2000083704,95990284,537,3d003d,421405,1483
225020,2000083704,95990284,537,3d003d,222422,2000076095,96099349,544,1e001e,109065,-2598
222422,2000076095,96099349,544,1e001e,221239,2000070558,96194789,568,000000,95440,-1183
221239,2000070558,96194789,568,000000,222984,2000077599,97229677,564,2d002d,1034888,1745
222984,2000077599,97229677,564,2d002d,225220,2000084294,97271853,539,3a003a,42176,2236
225220,2000084294,97271853,539,3a003a,225221,2000084296,97272404,539,3a003a,551,1
225221,2000084296,97272404,539,3a003a,225183,2000084251,97325479,539,390039,53075,-38
225183,2000084251,97325479,539,390039,225215,2000084289,97337493,539,380038,12014,32
225215,2000084289,97337493,539,380038,223010,2000077660,97344856,143,3c0000,7363,-2205
223010,2000077660,97344856,143,3c0000,222292,2000075434,97356045,539,280028,11189,-718
222292,2000075434,97356045,539,280028,222290,2000075432,97437912,539,280028,81867,-2
222290,2000075432,97437912,539,280028,225189,2000084259,97501670,534,2f002f,63758,2899
225189,2000084259,97501670,534,2f002f,225107,2000083993,97511793,527,2e002e,10123,-82
225107,2000083993,97511793,527,2e002e,225108,2000083995,97512332,532,2e002e,539,1
225108,2000083995,97512332,532,2e002e,222222,2000074832,97738026,691,0f000f,225694,-2886
222222,2000074832,97738026,691,0f000f,222246,2000074972,97739315,469,0f000f,1289,24
222246,2000074972,97739315,469,0f000f,222230,2000074896,97740259,672,0c000c,944,-16
222230,2000074896,97740259,672,0c000c,222228,2000074893,97740943,658,0a000a,684,-2
222228,2000074893,97740943,658,0a000a,222252,2000075063,97741613,546,0c000c,670,24
222252,2000075063,97741613,546,0c000c,222253,2000075066,97742171,439,0a000a,558,1
222253,2000075066,97742171,439,0a000a,222229,2000074894,97743210,628,050005,1039,-24
222229,2000074894,97743210,628,050005,222423,2000076096,97744276,672,040004,1066,194
222423,2000076096,97744276,672,040004,222319,2000075576,97744960,642,070007,684,-104
222319,2000075576,97744960,642,070007,222330,2000075708,97746207,672,050005,1247,11
222330,2000075708,97746207,672,050005,222416,2000076076,97746891,642,050005,684,86
222416,2000076076,97746891,642,050005,222320,2000075578,97748119,576,030003,1228,-96
222320,2000075578,97748119,576,030003,222424,2000076097,97748707,532,040004,588,104
222424,2000076097,97748707,532,040004,222420,2000076081,97749251,642,030003,544,-4
222420,2000076081,97749251,642,030003,222072,2000073840,97948094,557,280028,198843,-348
222072,2000073840,97948094,557,280028,224918,2000083458,97969045,558,230023,20951,2846
224918,2000083458,97969045,558,230023,221772,2000072351,97990421,546,000000,21376,-3146
221772,2000072351,97990421,546,000000,220820,2000068914,97992374,527,000000,1953,-952
220820,2000068914,97992374,527,000000,221404,2000071214,97993302,546,000000,928,584
221404,2000071214,97993302,546,000000,223335,2000078766,98395350,540,610061,402048,1931
223335,2000078766,98395350,540,610061,224487,2000082507,98429401,532,000000,34051,1152
224487,2000082507,98429401,532,000000,223625,2000079431,98479103,551,1e001e,49702,-862
223625,2000079431,98479103,551,1e001e,220885,2000069099,98522805,532,4a004a,43702,-2740
220885,2000069099,98522805,532,4a004a,222482,2000076296,98549848,557,590059,27043,1597
222482,2000076296,98549848,557,590059,220891,2000069139,98589518,532,5c005c,39670,-1591
220891,2000069139,98589518,532,5c005c,223350,2000078786,98628851,602,540054,39333,2459
223350,2000078786,98628851,602,540054,223340,2000078774,98629465,534,540054,614,-10
223340,2000078774,98629465,534,540054,223336,2000078767,98630011,535,5a005a,546,-4
223336,2000078767,98630011,535,5a005a,222774,2000076999,98632711,539,000000,2700,-562
222774,2000076999,98632711,539,000000,222759,2000076963,98682531,546,000000,49820,-15
222759,2000076963,98682531,546,000000,224471,2000082472,98685204,544,000000,2673,1712
224471,2000082472,98685204,544,000000,223359,2000078814,98690871,546,520052,5667,-1112
223359,2000078814,98690871,546,520052,222807,2000077129,98700309,539,520052,9438,-552
222807,2000077129,98700309,539,520052,222762,2000076970,98701441,422,000000,1132,-45
222762,2000076970,98701441,422,000000,223507,2000079120,98721249,546,000000,19808,745
223507,2000079120,98721249,546,000000,221157,2000070327,98724939,581,510051,3690,-2350
221157,2000070327,98724939,581,510051,222439,2000076143,98730722,527,510051,5783,1282
222439,2000076143,98730722,527,510051,223351,2000078787,98744432,539,500050,13710,912
223351,2000078787,98744432,539,500050,224492,2000082516,98756805,527,520052,12373,1141
224492,2000082516,98756805,527,520052,223358,2000078810,98760516,539,000000,3711,-1134
223358,2000078810,98760516,539,000000,220890,2000069136,98795367,539,4d004d,34851,-2468
220890,2000069136,98795367,539,4d004d,223360,2000078817,98804912,539,000000,9545,2470
223360,2000078817,98804912,539,000000,224486,2000082505,98830822,544,520052,25910,1126
224486,2000082505,98830822,544,520052,222808,2000077130,98831378,539,000000,556,-1678
222808,2000077130,98831378,539,000000,222764,2000076974,98837322,534,000000,5944,-44
222764,2000076974,98837322,534,000000,223213,2000078256,98841484,540,460046,4162,449
223213,2000078256,98841484,540,460046,225058,2000083857,98872248,527,4a004a,30764,1845
225058,2000083857,98872248,527,4a004a,224489,2000082509,98881936,569,4f004f,9688,-569
224489,2000082509,98881936,569,4f004f,220892,2000069141,98892429,527,490049,10493,-3597
220892,2000069141,98892429,527,490049,224491,2000082512,98908146,532,4b004b,15717,3599
224491,2000082512,98908146,532,4b004b,222763,2000076972,98910297,539,480048,2151,-1728
222763,2000076972,98910297,539,480048,224490,2000082511,98953885,569,4b004b,43588,1727
224490,2000082511,98953885,569,4b004b,221729,2000072272,98967831,569,430043,13946,-2761
221729,2000072272,98967831,569,430043,223856,2000080136,99017753,444,370037,49922,2127
223856,2000080136,99017753,444,370037,225266,2000084367,99024592,463,370037,6839,1410
225266,2000084367,99024592,463,370037,220945,2000069280,99062303,556,000000,37711,-4321
220945,2000069280,99062303,556,000000,222805,2000077125,99084488,647,000000,22185,1860
222805,2000077125,99084488,647,000000,223774,2000079847,99215895,527,43004d,131407,969
223774,2000079847,99215895,527,43004d,224081,2000081118,99719326,532,4d004d,503431,307
224081,2000081118,99719326,532,4d004d,224472,2000082475,99972593,569,000000,253267,391
224472,2000082475,99972593,569,000000,225032,2000083765,99986210,562,4a004a,13617,560
225032,2000083765,99986210,562,4a004a,225268,2000084379,99997249,539,4a004a,11039,236
225268,2000084379,99997249,539,4a004a,225269,2000084380,100027469,569,490049,30220,1
225269,2000084380,100027469,569,490049,225033,2000083766,100029200,569,480048,1731,-236
225033,2000083766,100029200,569,480048,225270,2000084382,100072300,557,430043,43100,237
225270,2000084382,100072300,557,430043,223988,2000080821,100322471,569,000000,250171,-1282
223988,2000080821,100322471,569,000000,224357,2000082195,100409030,562,000000,86559,369
224357,2000082195,100409030,562,000000,223592,2000079368,100409604,532,000000,574,-765
223592,2000079368,100409604,532,000000,224368,2000082221,100461816,539,000000,52212,776
224368,2000082221,100461816,539,000000,224441,2000082416,100481848,569,000000,20032,73
224441,2000082416,100481848,569,000000,224366,2000082217,100482429,571,000000,581,-75
224366,2000082217,100482429,571,000000,223824,2000080053,100490412,576,000000,7983,-542
223824,2000080053,100490412,576,000000,224355,2000082191,100508546,527,000000,18134,531
224355,2000082191,100508546,527,000000,223491,2000079058,100526051,576,000000,17505,-864
223491,2000079058,100526051,576,000000,223502,2000079102,100533171,564,000000,7120,11
223502,2000079102,100533171,564,000000,224372,2000082225,100543548,576,000000,10377,870
224372,2000082225,100543548,576,000000,224365,2000082216,100558389,576,000000,14841,-7
224365,2000082216,100558389,576,000000,224448,2000082430,100580808,557,000000,22419,83
224448,2000082430,100580808,557,000000,224374,2000082227,100584485,571,000000,3677,-74
224374,2000082227,100584485,571,000000,224371,2000082224,100590244,576,000000,5759,-3
224371,2000082224,100590244,576,000000,224369,2000082222,100597875,564,000000,7631,-2
224369,2000082222,100597875,564,000000,224358,2000082197,100601162,532,000000,3287,-11
224358,2000082197,100601162,532,000000,224375,2000082228,100607026,576,000000,5864,17
224375,2000082228,100607026,576,000000,224370,2000082223,100612863,576,000000,5837,-5
224370,2000082223,100612863,576,000000,224367,2000082220,100618963,534,000000,6100,-3
224367,2000082220,100618963,534,000000,224359,2000082200,100622229,562,000000,3266,-8
224359,2000082200,100622229,562,000000,224450,2000082432,100627589,562,000000,5360,91
224450,2000082432,100627589,562,000000,224449,2000082431,100628634,562,000000,1045,-1
224449,2000082431,100628634,562,000000,224194,2000081613,100634563,532,000000,5929,-255
224194,2000081613,100634563,532,000000,223989,2000080826,100635688,539,000000,1125,-205
223989,2000080826,100635688,539,000000,223916,2000080410,100637879,564,000000,2191,-73
223916,2000080410,100637879,564,000000,223825,2000080060,100638455,564,000000,576,-91
223825,2000080060,100638455,564,000000,223523,2000079168,100645121,569,000000,6666,-302
223523,2000079168,100645121,569,000000,223522,2000079164,100645702,569,000000,581,-1
223522,2000079164,100645702,569,000000,223519,2000079155,100647019,557,000000,1317,-3
223519,2000079155,100647019,557,000000,223505,2000079113,100647588,422,000000,569,-14
223505,2000079113,100647588,422,000000,223364,2000078826,100660293,569,000000,12705,-141
223364,2000078826,100660293,569,000000,224493,2000082523,100664368,527,000000,4075,1129
224493,2000082523,100664368,527,000000,224373,2000082226,100681685,576,000000,17317,-120
224373,2000082226,100681685,576,000000,224542,2000082652,100682273,527,000000,588,169
224542,2000082652,100682273,527,000000,224451,2000082433,100686612,564,000000,4339,-91
224451,2000082433,100686612,564,000000,225029,2000083733,100709947,569,000000,23335,578
225029,2000083733,100709947,569,000000,224997,2000083633,100741580,564,000000,31633,-32
224997,2000083633,100741580,564,000000,223923,2000080426,100753557,569,000000,11977,-1074
223923,2000080426,100753557,569,000000,223501,2000079093,100755996,569,000000,2439,-422
223501,2000079093,100755996,569,000000,223483,2000079046,100759272,534,000000,3276,-18
223483,2000079046,100759272,534,000000,225003,2000083639,100760950,569,000000,1678,1520
225003,2000083639,100760950,569,000000,223922,2000080423,100764698,564,000000,3748,-1081
223922,2000080423,100764698,564,000000,223917,2000080411,100766640,534,000000,1942,-5
223917,2000080411,100766640,534,000000,223827,2000080063,100770586,562,000000,3946,-90
223827,2000080063,100770586,562,000000,225001,2000083637,100789534,527,000000,18948,1174
225001,2000083637,100789534,527,000000,225028,2000083732,100797958,527,000000,8424,27
225028,2000083732,100797958,527,000000,225027,2000083731,100802574,532,000000,4616,-1
225027,2000083731,100802574,532,000000,225002,2000083638,100805953,569,000000,3379,-25
225002,2000083638,100805953,569,000000,225000,2000083636,100815152,562,000000,9199,-2
225000,2000083636,100815152,562,000000,224999,2000083635,100819745,539,000000,4593,-1
224999,2000083635,100819745,539,000000,224998,2000083634,100821428,562,000000,1683,-1
224998,2000083634,100821428,562,000000,224992,2000083606,101050171,581,000000,228743,-6
224992,2000083606,101050171,581,000000,222219,2000074811,101081360,527,4e004e,31189,-2773
222219,2000074811,101081360,527,4e004e,221156,2000070326,101081899,640,4c004c,539,-1063
221156,2000070326,101081899,640,4c004c,224072,2000081092,101115743,671,000000,33844,2916
224072,2000081092,101115743,671,000000,222438,2000076142,101155818,556,4c004c,40075,-1634
222438,2000076142,101155818,556,4c004c,220889,2000069118,101365965,532,500050,210147,-1549
220889,2000069118,101365965,532,500050,224901,2000083409,101372264,544,000000,6299,4012
224901,2000083409,101372264,544,000000,221506,2000071545,101383540,562,4e004e,11276,-3395
221506,2000071545,101383540,562,4e004e,222414,2000076074,101384594,559,000000,1054,908
222414,2000076074,101384594,559,000000,223566,2000079317,101385165,551,370037,571,1152
223566,2000079317,101385165,551,370037,224907,2000083422,101387058,576,000000,1893,1341
224907,2000083422,101387058,576,000000,224898,2000083402,101394499,532,000000,7441,-9
224898,2000083402,101394499,532,000000,220888,2000069115,101414311,532,4d004d,19812,-4010
220888,2000069115,101414311,532,4d004d,224922,2000083470,101417964,562,000000,3653,4034
224922,2000083470,101417964,562,000000,224931,2000083485,101424545,527,000000,6581,9
224931,2000083485,101424545,527,000000,224924,2000083472,101429134,532,000000,4589,-7
224924,2000083472,101429134,532,000000,224928,2000083480,101436207,581,000000,7073,4
224928,2000083480,101436207,581,000000,221507,2000071546,101448088,532,470047,11881,-3421
221507,2000071546,101448088,532,470047,220887,2000069112,101463121,532,4b004b,15033,-620
220887,2000069112,101463121,532,4b004b,220886,2000069111,101476395,640,4b004b,13274,-1
220886,2000069111,101476395,640,4b004b,223091,2000077934,101685726,556,320032,209331,2205
223091,2000077934,101685726,556,320032,224619,2000082810,101761253,549,000000,75527,1528
224619,2000082810,101761253,549,000000,224904,2000083412,101792295,564,3e003e,31042,285
224904,2000083412,101792295,564,3e003e,224268,2000081963,102627843,544,550055,835548,-636
224268,2000081963,102627843,544,550055,224643,2000082854,102981236,527,3a003a,353393,375
224643,2000082854,102981236,527,3a003a,224737,2000083059,103056839,527,000000,75603,94
224737,2000083059,103056839,527,000000,225155,2000084129,103063618,551,000000,6779,418
225155,2000084129,103063618,551,000000,224614,2000082788,103069092,527,000000,5474,-541
224614,2000082788,103069092,527,000000,224613,2000082787,103069631,527,000000,539,-1
224613,2000082787,103069631,527,000000,224612,2000082786,103070716,527,000000,1085,-1
224612,2000082786,103070716,527,000000,224611,2000082785,103071622,534,000000,906,-1
224611,2000082785,103071622,534,000000,224610,2000082782,103072525,527,000000,903,-1
224610,2000082782,103072525,527,000000,224609,2000082781,103073064,527,000000,539,-1
224609,2000082781,103073064,527,000000,224608,2000082780,103073603,527,000000,539,-1
224608,2000082780,103073603,527,000000,224607,2000082779,103077486,527,000000,3883,-1
224607,2000082779,103077486,527,000000,224606,2000082777,103078025,527,000000,539,-1
224606,2000082777,103078025,527,000000,224605,2000082776,103078564,539,000000,539,-1
224605,2000082776,103078564,539,000000,224604,2000082775,103079115,527,000000,551,-1
224604,2000082775,103079115,527,000000,224597,2000082768,103080058,527,000000,943,-7
224597,2000082768,103080058,527,000000,224596,2000082767,103080597,527,000000,539,-1
224596,2000082767,103080597,527,000000,224595,2000082766,103081136,527,000000,539,-1
224595,2000082766,103081136,527,000000,224593,2000082764,103081675,527,000000,539,-2
224593,2000082764,103081675,527,000000,224592,2000082763,103082214,527,000000,539,-1
224592,2000082763,103082214,527,000000,224591,2000082762,103082753,534,000000,539,-1
224591,2000082762,103082753,534,000000,224590,2000082761,103083299,527,000000,546,-1
224590,2000082761,103083299,527,000000,224589,2000082760,103084110,527,000000,811,-1
224589,2000082760,103084110,527,000000,224852,2000083296,103109281,527,000000,25171,263
224852,2000083296,103109281,527,000000,224851,2000083293,103109820,527,000000,539,-1
224851,2000083293,103109820,527,000000,224850,2000083289,103110359,527,000000,539,-1
224850,2000083289,103110359,527,000000,224849,2000083288,103111011,527,000000,652,-1
224849,2000083288,103111011,527,000000,224846,2000083283,103111663,527,000000,652,-3
224846,2000083283,103111663,527,000000,224845,2000083282,103113526,534,000000,1863,-1
224845,2000083282,103113526,534,000000,224843,2000083280,103114072,527,000000,546,-2
224843,2000083280,103114072,527,000000,224842,2000083278,103114611,527,000000,539,-1
224842,2000083278,103114611,527,000000,224841,2000083276,103115150,527,000000,539,-1
224841,2000083276,103115150,527,000000,224840,2000083275,103115689,527,000000,539,-1
224840,2000083275,103115689,527,000000,224839,2000083274,103116329,527,000000,640,-1
224839,2000083274,103116329,527,000000,224838,2000083270,103116868,534,000000,539,-1
224838,2000083270,103116868,534,000000,224837,2000083269,103117414,527,000000,546,-1
224837,2000083269,103117414,527,000000,224836,2000083268,103118482,527,000000,1068,-1
224836,2000083268,103118482,527,000000,224835,2000083267,103119021,527,000000,539,-1
224835,2000083267,103119021,527,000000,224834,2000083264,103119560,527,000000,539,-1
224834,2000083264,103119560,527,000000,224833,2000083262,103120099,527,000000,539,-1
224833,2000083262,103120099,527,000000,224832,2000083260,103120638,557,000000,539,-1
224832,2000083260,103120638,557,000000,224829,2000083252,103121574,527,000000,936,-3
224829,2000083252,103121574,527,000000,224811,2000083192,103123232,527,000000,1658,-18
224811,2000083192,103123232,527,000000,224808,2000083184,103123771,527,000000,539,-3
224808,2000083184,103123771,527,000000,224807,2000083183,103124310,527,000000,539,-1
224807,2000083183,103124310,527,000000,224805,2000083181,103124849,527,000000,539,-2
224805,2000083181,103124849,527,000000,224803,2000083179,103126136,527,000000,1287,-2
224803,2000083179,103126136,527,000000,224797,2000083166,103127055,527,000000,919,-6
224797,2000083166,103127055,527,000000,224796,2000083164,103127594,527,000000,539,-1
224796,2000083164,103127594,527,000000,224790,2000083154,103128234,527,000000,640,-6
224790,2000083154,103128234,527,000000,224789,2000083151,103128773,527,000000,539,-1
224789,2000083151,103128773,527,000000,224772,2000083126,103132007,527,000000,3234,-17
224772,2000083126,103132007,527,000000,224771,2000083124,103132546,527,000000,539,-1
224771,2000083124,103132546,527,000000,224770,2000083123,103133085,527,000000,539,-1
224770,2000083123,103133085,527,000000,224769,2000083122,103133624,527,000000,539,-1
224769,2000083122,103133624,527,000000,224768,2000083113,103135050,527,000000,1426,-1
224768,2000083113,103135050,527,000000,224767,2000083112,103135970,527,000000,920,-1
224767,2000083112,103135970,527,000000,224765,2000083110,103136509,527,000000,539,-2
224765,2000083110,103136509,527,000000,224764,2000083103,103137048,527,000000,539,-1
224764,2000083103,103137048,527,000000,224763,2000083102,103137587,527,000000,539,-1
224763,2000083102,103137587,527,000000,224762,2000083101,103138126,527,000000,539,-1
224762,2000083101,103138126,527,000000,224760,2000083095,103138665,527,000000,539,-2
224760,2000083095,103138665,527,000000,224750,2000083077,103142554,527,000000,3889,-10
224750,2000083077,103142554,527,000000,224749,2000083075,103143319,527,000000,765,-1
224749,2000083075,103143319,527,000000,224747,2000083073,103143858,527,000000,539,-2
224747,2000083073,103143858,527,000000,224746,2000083072,103145595,527,000000,1737,-1
224746,2000083072,103145595,527,000000,222410,2000076070,103152947,527,000000,7352,-2336
222410,2000076070,103152947,527,000000,222411,2000076071,103153867,539,000000,920,1
222411,2000076071,103153867,539,000000,223450,2000078998,103170237,527,000000,16370,1039
223450,2000078998,103170237,527,000000,223453,2000079001,103170776,539,000000,539,3
223453,2000079001,103170776,539,000000,223457,2000079005,103171327,527,000000,551,4
223457,2000079005,103171327,527,000000,223459,2000079007,103174490,534,000000,3163,2
223459,2000079007,103174490,534,000000,223461,2000079009,103175995,527,000000,1505,2
223461,2000079009,103175995,527,000000,223464,2000079013,103180154,527,000000,4159,3
223464,2000079013,103180154,527,000000,223466,2000079018,103181351,527,000000,1197,2
223466,2000079018,103181351,527,000000,220819,2000068912,103183960,527,000000,2609,-2647
220819,2000068912,103183960,527,000000,220805,2000068897,103184871,623,000000,911,-14
220805,2000068897,103184871,623,000000,224522,2000082603,103189354,527,000000,4483,3717
224522,2000082603,103189354,527,000000,224523,2000082604,103189893,527,000000,539,1
224523,2000082604,103189893,527,000000,222053,2000073771,103440257,574,00000f,250364,-2470
222053,2000073771,103440257,574,00000f,222052,2000073770,103441409,574,000010,1152,-1
222052,2000073770,103441409,574,000010,224723,2000083030,103445742,537,00000f,4333,2671
224723,2000083030,103445742,537,00000f,222051,2000073769,103449723,569,00000e,3981,-2672
222051,2000073769,103449723,569,00000e,224725,2000083033,103454972,532,00000a,5249,2674
224725,2000083033,103454972,532,00000a,221928,2000072877,103485469,539,000000,30497,-2797
221928,2000072877,103485469,539,000000,222110,2000073940,103926195,569,00002c,440726,182
222110,2000073940,103926195,569,00002c,222157,2000074342,104094872,569,000023,168677,47
222157,2000074342,104094872,569,000023,222191,2000074573,104117281,569,00001f,22409,34
222191,2000074573,104117281,569,00001f,222120,2000074015,104181344,534,000017,64063,-71
222120,2000074015,104181344,534,000017,222077,2000073851,104195166,569,000019,13822,-43
222077,2000073851,104195166,569,000019,222076,2000073849,104195747,564,000019,581,-1
222076,2000073849,104195747,564,000019,222212,2000074759,104206175,569,000018,10428,136
222212,2000074759,104206175,569,000018,222192,2000074577,104233791,539,000015,27616,-20
222192,2000074577,104233791,539,000015,222163,2000074436,104259555,569,000015,25764,-29
222163,2000074436,104259555,569,000015,222211,2000074755,104283298,539,000012,23743,48
222211,2000074755,104283298,539,000012,222190,2000074571,104287009,534,000012,3711,-21
222190,2000074571,104287009,534,000012,222164,2000074437,104310963,539,000011,23954,-26
222164,2000074437,104310963,539,000011,222161,2000074432,104313339,534,00000d,2376,-3
222161,2000074432,104313339,534,00000d,222160,2000074431,104329698,534,00000d,16359,-1
222160,2000074431,104329698,534,00000d,222162,2000074435,104330515,534,00000f,817,2
222162,2000074435,104330515,534,00000f,224920,2000083463,104651446,544,000000,320931,2758
224920,2000083463,104651446,544,000000,221756,2000072315,104713127,544,000000,61681,-3164
221756,2000072315,104713127,544,000000,225245,2000084333,104852440,561,3c004b,139313,3489
225245,2000084333,104852440,561,3c004b,225098,2000083977,104857674,542,000000,5234,-147
225098,2000083977,104857674,542,000000,223236,2000078346,104863098,542,00003c,5424,-1862
223236,2000078346,104863098,542,00003c,223246,2000078366,104868684,572,000039,5586,10
223246,2000078366,104868684,572,000039,223237,2000078348,104871648,542,000033,2964,-9
223237,2000078348,104871648,542,000033,223245,2000078364,104876820,572,00002f,5172,8
223245,2000078364,104876820,572,00002f,224718,2000083024,104884084,601,00002a,7264,1473
224718,2000083024,104884084,601,00002a,224722,2000083029,104884697,542,000028,613,4
224722,2000083029,104884697,542,000028,224726,2000083034,104891603,542,00001f,6906,4
224726,2000083034,104891603,542,00001f,224728,2000083037,104896449,542,000000,4846,2
224728,2000083037,104896449,542,000000,221097,2000069978,104899795,561,000000,3346,-3631
221097,2000069978,104899795,561,000000,224470,2000082471,104960032,590,410037,60237,3373
224470,2000082471,104960032,590,410037,221079,2000069898,104969515,561,280028,9483,-3391
221079,2000069898,104969515,561,280028,223476,2000079034,106263637,532,1e001e,1294122,2397
223476,2000079034,106263637,532,1e001e,222716,2000076837,106283662,537,200020,20025,-760
222716,2000076837,106283662,537,200020,222582,2000076496,106299336,537,1f001f,15674,-134
222582,2000076496,106299336,537,1f001f,223134,2000078051,106305137,537,1d001d,5801,552
223134,2000078051,106305137,537,1d001d,223297,2000078599,106305686,532,1f001f,549,163
223297,2000078599,106305686,532,1f001f,222714,2000076835,106343146,537,1c001c,37460,-583
222714,2000076835,106343146,537,1c001c,222440,2000076144,106344722,537,1d001d,1576,-274
222440,2000076144,106344722,537,1d001d,223473,2000079029,106356478,532,1d001d,11756,1033
223473,2000079029,106356478,532,1d001d,223471,2000079026,106357571,537,1d001d,1093,-2
223471,2000079026,106357571,537,1d001d,222437,2000076141,106360980,537,1b001b,3409,-1034
222437,2000076141,106360980,537,1b001b,223296,2000078598,106366420,532,1d001d,5440,859
223296,2000078598,106366420,532,1d001d,223475,2000079032,106370219,537,1c001c,3799,179
223475,2000079032,106370219,537,1c001c,223415,2000078914,106374212,537,1c001c,3993,-60
223415,2000078914,106374212,537,1c001c,222711,2000076832,106376851,537,1b001b,2639,-704
222711,2000076832,106376851,537,1b001b,223040,2000077738,106384445,532,1b001b,7594,329
223040,2000077738,106384445,532,1b001b,223696,2000079572,106384989,537,1b001b,544,656
223696,2000079572,106384989,537,1b001b,223693,2000079569,106387342,542,1c001c,2353,-3
223693,2000079569,106387342,542,1c001c,223123,2000078035,106388487,537,1c001c,1145,-570
223123,2000078035,106388487,537,1c001c,223467,2000079019,106391560,532,1c001c,3073,344
223467,2000079019,106391560,532,1c001c,223135,2000078052,106392543,537,1c001c,983,-332
223135,2000078052,106392543,537,1c001c,223463,2000079011,106393641,539,1c001c,1098,328
223463,2000079011,106393641,539,1c001c,223121,2000078032,106398570,537,1b001b,4929,-342
223121,2000078032,106398570,537,1b001b,223465,2000079014,106399119,537,1c001c,549,344
223465,2000079014,106399119,537,1c001c,222709,2000076830,106400261,532,1b001b,1142,-756
222709,2000076830,106400261,532,1b001b,222708,2000076828,106400805,537,1b001b,544,-1
222708,2000076828,106400805,537,1b001b,222581,2000076494,106401354,537,190019,549,-127
222581,2000076494,106401354,537,190019,223699,2000079575,106406781,532,1a001a,5427,1118
223699,2000079575,106406781,532,1a001a,222710,2000076831,106413209,537,1b001b,6428,-989
222710,2000076831,106413209,537,1b001b,223681,2000079543,106419528,537,1a001a,6319,971
223681,2000079543,106419528,537,1a001a,223133,2000078050,106421127,537,1a001a,1599,-548
223133,2000078050,106421127,537,1a001a,223125,2000078037,106421676,537,1b001b,549,-8
223125,2000078037,106421676,537,1b001b,223054,2000077812,106422774,537,190019,1098,-71
223054,2000077812,106422774,537,190019,223451,2000078999,106426587,532,1a001a,3813,397
223451,2000078999,106426587,532,1a001a,223435,2000078952,106429288,537,1b001b,2701,-16
223435,2000078952,106429288,537,1b001b,223127,2000078040,106433358,537,190019,4070,-308
223127,2000078040,106433358,537,190019,223120,2000078031,106433907,537,1a001a,549,-7
223120,2000078031,106433907,537,1a001a,223057,2000077816,106434456,537,1a001a,549,-63
223057,2000077816,106434456,537,1a001a,223436,2000078955,106435439,537,1a001a,983,379
223436,2000078955,106435439,537,1a001a,223052,2000077810,106436976,537,1a001a,1537,-384
223052,2000077810,106436976,537,1a001a,223136,2000078054,106437525,537,190019,549,84
223136,2000078054,106437525,537,190019,223298,2000078600,106438550,537,1a001a,1025,162
223298,2000078600,106438550,537,1a001a,223682,2000079544,106439685,537,190019,1135,384
223682,2000079544,106439685,537,190019,223041,2000077747,106440234,542,1a001a,549,-641
223041,2000077747,106440234,542,1a001a,223709,2000079588,106441886,537,1a001a,1652,668
223709,2000079588,106441886,537,1a001a,223458,2000079006,106442435,537,1a001a,549,-251
223458,2000079006,106442435,537,1a001a,223460,2000079008,106442984,537,190019,549,2
223460,2000079008,106442984,537,190019,222715,2000076836,106445566,537,1a001a,2582,-745
222715,2000076836,106445566,537,1a001a,223470,2000079025,106446115,527,1a001a,549,755
223470,2000079025,106446115,527,1a001a,223697,2000079573,106448871,537,1a001a,2756,227
223697,2000079573,106448871,537,1a001a,222713,2000076834,106449811,537,1a001a,940,-984
222713,2000076834,106449811,537,1a001a,223124,2000078036,106452917,537,1a001a,3106,411
223124,2000078036,106452917,537,1a001a,223129,2000078044,106456008,537,190019,3091,5
223129,2000078044,106456008,537,190019,223130,2000078047,106456557,537,190019,549,1
223130,2000078047,106456557,537,190019,223468,2000079023,106458999,532,190019,2442,338
223468,2000079023,106458999,532,190019,223411,2000078905,106460551,537,190019,1552,-57
223411,2000078905,106460551,537,190019,222712,2000076833,106462095,537,190019,1544,-699
222712,2000076833,106462095,537,190019,223701,2000079577,106464340,537,180018,2245,989
223701,2000079577,106464340,537,180018,223698,2000079574,106464889,537,170017,549,-3
223698,2000079574,106464889,537,170017,223454,2000079002,106467229,537,190019,2340,-244
223454,2000079002,106467229,537,190019,223053,2000077811,106467778,537,190019,549,-401
223053,2000077811,106467778,537,190019,223694,2000079570,106468878,532,180018,1100,641
223694,2000079570,106468878,532,180018,223680,2000079542,106472838,532,190019,3960,-14
223680,2000079542,106472838,532,190019,222583,2000076497,106474409,532,160016,1571,-1097
222583,2000076497,106474409,532,160016,223132,2000078049,106477636,537,180018,3227,549
223132,2000078049,106477636,537,180018,223417,2000078918,106479881,537,180018,2245,285
223417,2000078918,106479881,537,180018,223702,2000079578,106481308,532,170017,1427,285
223702,2000079578,106481308,532,170017,223056,2000077814,106481852,537,180018,544,-646
223056,2000077814,106481852,537,180018,222358,2000075882,106702812,532,000017,220960,-698
222358,2000075882,106702812,532,000017,222360,2000075884,106778126,537,000000,75314,2
222360,2000075884,106778126,537,000000,222361,2000075885,106779000,539,000000,874,1
222361,2000075885,106779000,539,000000,223076,2000077890,106779551,539,000000,551,715
223076,2000077890,106779551,539,000000,223077,2000077891,106780102,544,000000,551,1
223077,2000077891,106780102,544,000000,223078,2000077892,106780658,539,000000,556,1
223078,2000077892,106780658,539,000000,221360,2000071063,109074153,527,570057,2293495,-1718
221360,2000071063,109074153,527,570057,220834,2000068957,109116687,561,190019,42534,-526
220834,2000068957,109116687,561,190019,221075,2000069888,109117892,551,000000,1205,241
221075,2000069888,109117892,551,000000,223964,2000080709,109356357,544,4f004f,238465,2889
223964,2000080709,109356357,544,4f004f,224906,2000083417,109383135,617,3e003e,26778,942
224906,2000083417,109383135,617,3e003e,224101,2000081289,109556240,556,000000,173105,-805
224101,2000081289,109556240,556,000000,222359,2000075883,109602485,544,500046,46245,-1742
222359,2000075883,109602485,544,500046,221815,2000072483,109616588,546,000000,14103,-544
221815,2000072483,109616588,546,000000,224485,2000082503,109711861,556,550055,95273,2670
224485,2000082503,109711861,556,550055,224923,2000083471,109713890,544,2c002c,2029,438
224923,2000083471,109713890,544,2c002c,221482,2000071409,109966570,464,000000,252680,-3441
221482,2000071409,109966570,464,000000,224980,2000083563,110190394,544,000000,223824,3498
224980,2000083563,110190394,544,000000,224878,2000083364,110231020,544,000000,40626,-102
224878,2000083364,110231020,544,000000,224929,2000083482,110234561,539,000000,3541,51
224929,2000083482,110234561,539,000000,224936,2000083493,110255373,544,000000,20812,7
224936,2000083493,110255373,544,000000,224939,2000083499,110256515,544,000000,1142,3
224939,2000083499,110256515,544,000000,224870,2000083349,110258126,544,000000,1611,-69
224870,2000083349,110258126,544,000000,224708,2000083002,110266688,539,000000,8562,-162
224708,2000083002,110266688,539,000000,224874,2000083357,110268889,544,000000,2201,166
224874,2000083357,110268889,544,000000,224941,2000083503,110295138,544,000000,26249,67
224941,2000083503,110295138,544,000000,224869,2000083348,110319739,544,000000,24601,-72
224869,2000083348,110319739,544,000000,224710,2000083004,110320876,544,000000,1137,-159
224710,2000083004,110320876,544,000000,224871,2000083351,110351729,544,000000,30853,161
224871,2000083351,110351729,544,000000,224704,2000082998,110383134,544,000000,31405,-167
224704,2000082998,110383134,544,000000,224952,2000083516,110403052,549,000000,19918,248
224952,2000083516,110403052,549,000000,224587,2000082758,110420697,544,000000,17645,-365
224587,2000082758,110420697,544,000000,224946,2000083509,110468775,539,000000,48078,359
224946,2000083509,110468775,539,000000,224876,2000083362,110487772,539,000000,18997,-70
224876,2000083362,110487772,539,000000,223498,2000079074,110491771,544,000000,3999,-1378
223498,2000079074,110491771,544,000000,223493,2000079064,110497467,544,000000,5696,-5
223493,2000079064,110497467,544,000000,222159,2000074383,110505265,544,000000,7798,-1334
222159,2000074383,110505265,544,000000,223488,2000079052,110510725,544,000000,5460,1329
223488,2000079052,110510725,544,000000,224930,2000083483,110512413,539,000000,1688,1442
224930,2000083483,110512413,539,000000,223497,2000079073,110516806,534,000000,4393,-1433
223497,2000079073,110516806,534,000000,222275,2000075217,110552874,544,000000,36068,-1222
222275,2000075217,110552874,544,000000,223399,2000078889,110572002,539,000000,19128,1124
223399,2000078889,110572002,539,000000,224937,2000083496,110595589,549,000000,23587,1538
224937,2000083496,110595589,549,000000,223489,2000079056,110596726,544,000000,1137,-1448
223489,2000079056,110596726,544,000000,223474,2000079031,110603940,544,000000,7214,-15
223474,2000079031,110603940,544,000000,222187,2000074560,110608208,534,000000,4268,-1287
222187,2000074560,110608208,534,000000,223385,2000078870,110633495,539,000000,25287,1198
223385,2000078870,110633495,539,000000,223386,2000078871,110647400,544,000000,13905,1
223386,2000078871,110647400,544,000000,223496,2000079069,110648983,544,000000,1583,110
223496,2000079069,110648983,544,000000,223442,2000078972,110654598,544,000000,5615,-54
223442,2000078972,110654598,544,000000,223444,2000078983,110655705,534,000000,1107,2
223444,2000078983,110655705,534,000000,223485,2000079048,110662869,544,000000,7164,41
223485,2000079048,110662869,544,000000,224711,2000083006,110695359,544,000000,32490,1226
224711,2000083006,110695359,544,000000,223389,2000078876,110732514,544,000000,37155,-1322
223389,2000078876,110732514,544,000000,223387,2000078872,110791647,544,000000,59133,-2
223387,2000078872,110791647,544,000000,223434,2000078951,110803437,544,000000,11790,47
223434,2000078951,110803437,544,000000,223452,2000079000,110877197,544,000000,73760,18
223452,2000079000,110877197,544,000000,223446,2000078988,110950313,544,000000,73116,-6
223446,2000078988,110950313,544,000000,224875,2000083359,111010317,544,000000,60004,1429
224875,2000083359,111010317,544,000000,223800,2000079920,111137410,635,4c004c,127093,-1075
223800,2000079920,111137410,635,4c004c,223938,2000080569,111328085,532,5c005c,190675,138
223938,2000080569,111328085,532,5c005c,224617,2000082808,111431263,576,460046,103178,679
224617,2000082808,111431263,576,460046,222516,2000076389,111456982,544,360036,25719,-2101
222516,2000076389,111456982,544,360036,221529,2000071734,111460195,544,320032,3213,-987
221529,2000071734,111460195,544,320032,223339,2000078771,111727597,571,370058,267402,1810
223339,2000078771,111727597,571,370058,225075,2000083934,111754229,588,510051,26632,1736
225075,2000083934,111754229,588,510051,225259,2000084356,111768773,527,500050,14544,184
225259,2000084356,111768773,527,500050,224881,2000083369,111776650,541,000000,7877,-378
224881,2000083369,111776650,541,000000,225057,2000083856,111792031,527,4c004c,15381,176
225057,2000083856,111792031,527,4c004c,224515,2000082590,111819242,534,3c003c,27211,-542
224515,2000082590,111819242,534,3c003c,224541,2000082650,111820385,534,460046,1143,26
224541,2000082650,111820385,534,460046,224514,2000082588,111823394,534,3c0046,3009,-27
224514,2000082588,111823394,534,3c0046,224668,2000082943,111841430,527,320032,18036,154
224668,2000082943,111841430,527,320032,223591,2000079363,111853357,527,420042,11927,-1077
223591,2000079363,111853357,527,420042,223828,2000080064,111877074,595,3f003f,23717,237
223828,2000080064,111877074,595,3f003f,225137,2000084088,111885031,527,140032,7957,1309
225137,2000084088,111885031,527,140032,224625,2000082827,111900567,527,3a003a,15536,-512
224625,2000082827,111900567,527,3a003a,224228,2000081835,111908589,527,000000,8022,-397
224228,2000081835,111908589,527,000000,224637,2000082846,111916571,527,370037,7982,409
224637,2000082846,111916571,527,370037,222901,2000077308,111919497,588,340034,2926,-1736
222901,2000077308,111919497,588,340034,222037,2000073601,111920097,607,2d0034,600,-864
222037,2000073601,111920097,607,2d0034,224644,2000082855,111926808,558,320032,6711,2607
224644,2000082855,111926808,558,320032,224594,2000082765,111935078,539,300030,8270,-50
224594,2000082765,111935078,539,300030,222186,2000074555,111939443,588,2d002d,4365,-2408
222186,2000074555,111939443,588,2d002d,225071,2000083923,111945526,551,05002d,6083,2885
225071,2000083923,111945526,551,05002d,221927,2000072874,111946089,588,000027,563,-3144
221927,2000072874,111946089,588,000027,223620,2000079424,111954732,527,250025,8643,1693
223620,2000079424,111954732,527,250025,224229,2000081838,111955271,527,000000,539,609
224229,2000081838,111955271,527,000000,224230,2000081839,111956398,527,000000,1127,1
224230,2000081839,111956398,527,000000,221657,2000072111,111961639,485,1e001e,5241,-2573
221657,2000072111,111961639,485,1e001e,220922,2000069230,111962873,546,000000,1234,-735
220922,2000069230,111962873,546,000000,224416,2000082356,111964016,527,000000,1143,3494
224416,2000082356,111964016,527,000000,224417,2000082357,111964934,527,000000,918,1
224417,2000082357,111964934,527,000000,224945,2000083508,112033877,534,480048,68943,528
224945,2000083508,112033877,534,480048,224948,2000083511,112038561,534,460046,4684,3
224948,2000083511,112038561,534,460046,224947,2000083510,112039107,534,460046,546,-1
224947,2000083510,112039107,534,460046,224943,2000083505,112039653,546,460046,546,-4
224943,2000083505,112039653,546,460046,224959,2000083525,112040808,534,460046,1155,16
224959,2000083525,112040808,534,460046,224957,2000083523,112041354,534,460046,546,-2
224957,2000083523,112041354,534,460046,224955,2000083521,112041900,534,460046,546,-2
224955,2000083521,112041900,534,460046,224944,2000083507,112043022,546,460046,1122,-11
224944,2000083507,112043022,546,460046,224951,2000083515,112044156,534,410041,1134,7
224951,2000083515,112044156,534,410041,223293,2000078577,112325994,554,330033,281838,-1658
223293,2000078577,112325994,554,330033,221083,2000069961,112334118,645,000000,8124,-2210
221083,2000069961,112334118,645,000000,221407,2000071218,112335744,561,000000,1626,324
221407,2000071218,112335744,561,000000,223738,2000079718,112366685,527,000000,30941,2331
223738,2000079718,112366685,527,000000,223044,2000077768,112507590,551,3f003f,140905,-694
223044,2000077768,112507590,551,3f003f,224820,2000083207,112511866,551,340034,4276,1776
224820,2000083207,112511866,551,340034,221739,2000072294,112513463,546,000000,1597,-3081
221739,2000072294,112513463,546,000000,221324,2000070769,112569106,532,000000,55643,-415
221324,2000070769,112569106,532,000000,223940,2000080591,112604881,578,230023,35775,2616
223940,2000080591,112604881,578,230023,222754,2000076953,112621918,559,460062,17037,-1186
222754,2000076953,112621918,559,460062,223324,2000078701,112867016,527,500050,245098,570
223324,2000078701,112867016,527,500050,223234,2000078344,113021903,539,460046,154887,-90
223234,2000078344,113021903,539,460046,224110,2000081314,113042333,583,370037,20430,876
224110,2000081314,113042333,583,370037,224717,2000083021,113045282,539,340034,2949,607
224717,2000083021,113045282,539,340034,222324,2000075645,113176823,546,2c002c,131541,-2393
222324,2000075645,113176823,546,2c002c,224014,2000080902,113177381,527,28002a,558,1690
224014,2000080902,113177381,527,28002a,222373,2000075972,113322343,532,000000,144962,-1641
222373,2000075972,113322343,532,000000,223071,2000077869,113344610,534,000000,22267,698
223071,2000077869,113344610,534,000000,224191,2000081578,113347992,527,000000,3382,1120
224191,2000081578,113347992,527,000000,224578,2000082737,113352726,564,5a005a,4734,387
224578,2000082737,113352726,564,5a005a,223070,2000077868,113353302,534,000000,576,-1508
223070,2000077868,113353302,534,000000,225258,2000084354,113353848,534,5f005a,546,2188
225258,2000084354,113353848,534,5f005a,223072,2000077872,113377236,534,000000,23388,-2186
223072,2000077872,113377236,534,000000,223281,2000078524,113386311,534,000000,9075,209
223281,2000078524,113386311,534,000000,223069,2000077867,113392960,564,530053,6649,-212
223069,2000077867,113392960,564,530053,224190,2000081576,113398621,527,000000,5661,1121
224190,2000081576,113398621,527,000000,223673,2000079527,113400219,534,000000,1598,-517
223673,2000079527,113400219,534,000000,223282,2000078526,113408856,534,000000,8637,-391
223282,2000078526,113408856,534,000000,223254,2000078391,113409960,557,500050,1104,-28
223254,2000078391,113409960,557,500050,224516,2000082593,113410529,583,500050,569,1262
224516,2000082593,113410529,583,500050,224226,2000081832,113432212,527,000000,21683,-290
224226,2000081832,113432212,527,000000,222200,2000074673,113436067,564,4a004a,3855,-2026
222200,2000074673,113436067,564,4a004a,224520,2000082601,113469180,527,410041,33113,2320
224520,2000082601,113469180,527,410041,224574,2000082725,113470933,527,3c003c,1753,54
224574,2000082725,113470933,527,3c003c,224445,2000082424,113473741,546,000000,2808,-129
224445,2000082424,113473741,546,000000,221890,2000072663,113480729,573,320032,6988,-2555
221890,2000072663,113480729,573,320032,222354,2000075869,113487141,534,280037,6412,464
222354,2000075869,113487141,534,280037,220897,2000069174,113509303,546,000000,22162,-1457
220897,2000069174,113509303,546,000000,221338,2000070798,113592397,546,000000,83094,441
221338,2000070798,113592397,546,000000,220955,2000069335,113717106,672,500050,124709,-383
220955,2000069335,113717106,672,500050,222789,2000077031,114133361,546,3c001e,416255,1834
222789,2000077031,114133361,546,3c001e,224117,2000081327,114144191,556,250025,10830,1328
224117,2000081327,114144191,556,250025,222054,2000073776,114274868,583,1e001e,130677,-2063
222054,2000073776,114274868,583,1e001e,224316,2000082075,114385169,581,2c002c,110301,2262
