eid,uid,start,anchor,delta,record_len,end,flags,next_eid,next_type,next_valid,next_uid,next_record_len,next_same_eid,same_eid_occurrences,same_eid_offsets
223334,2000078761,162632,163188,556,568,163200,460041,140240,2,True,62075670,483,False,3,0:2;403:92;556:169
221229,2000070539,185432,185988,556,568,186000,000000,183270,2,True,88031231,673,False,3,0:2;403:187;556:139
222481,2000076293,271600,272134,534,546,272146,320032,213797,2,True,2000049903,588,False,3,0:2;403:163;534:5
223011,2000077664,337360,337777,417,429,337789,000000,217799,1,True,2000060109,277,False,2,0:2;417:96
224654,2000082879,439849,440445,596,608,440457,420042,179003,2,True,84158427,603,False,3,0:2;433:157;596:191
223590,2000079360,445492,446038,546,558,446050,0a000a,197955,2,True,98055246,622,False,3,0:2;403:211;546:0
224638,2000082847,490717,491303,586,598,491315,370037,179027,2,True,84158963,622,False,3,0:2;433:220;586:159
224346,2000082153,495052,495603,551,563,495615,2d002d,197889,2,True,98054579,600,False,3,0:2;403:64;551:233
221015,2000069697,510257,510909,652,664,510921,000000,86890,2,True,29243927,570,False,3,0:2;499:191;652:65
221304,2000070696,511491,512136,645,657,512148,000000,220941,2,True,2000069276,568,False,3,0:2;499:194;645:40
220941,2000069276,512148,512704,556,568,512716,000000,87156,1,True,30048878,277,False,3,0:2;403:167;556:156
221634,2000072019,512993,513645,652,664,513657,000000,20018,1,True,5100386,559,False,3,0:2;499:203;652:83
222029,2000073577,728898,729503,605,617,729515,240047,214004,2,True,2000050579,568,False,3,0:2;433:236;605:105
221265,2000070592,807719,808299,580,592,808311,000000,36141,2,True,14023276,757,False,3,0:2;403:198;580:192
222775,2000077000,893731,894295,564,576,894307,4b0064,181429,2,True,86059447,604,False,3,0:2;411:97;564:200
223582,2000079343,901652,902179,527,539,902191,500055,181199,2,True,86040085,595,False,3,0:2;403:206;527:239
224112,2000081317,936412,936968,556,568,936980,410046,180948,2,True,86008161,429,False,3,0:2;403:246;556:165
222623,2000076610,1003345,1003891,546,558,1003903,000000,181464,2,True,86062512,466,False,3,0:2;403:99;546:66
222730,2000076887,1025757,1026174,417,429,1026186,000000,181203,2,True,86040322,429,False,2,0:2;417:87
224497,2000082535,1885634,1886168,534,546,1886180,3d003d,171037,2,True,78045565,631,False,3,0:2;403:56;534:103
224974,2000083552,1910442,1911013,571,583,1911025,3a003a,171118,1,True,78048452,288,False,3,0:2;433:85;571:96
222570,2000076467,1915399,1915933,534,546,1915945,3a003a,171099,2,True,78047673,473,False,3,0:2;403:48;534:179
223038,2000077735,2052325,2052857,532,544,2052869,300030,170850,2,True,78041226,598,False,3,0:2;403:96;532:167
220833,2000068955,2065895,2066429,534,546,2066441,3b003b,172188,2,True,78088893,569,False,3,0:2;403:55;534:91
222369,2000075968,2139118,2139652,534,546,2139664,3a003a,170305,2,True,78015166,616,False,3,0:2;403:47;534:192
223805,2000079966,2184987,2185521,534,546,2185533,380038,172791,2,True,78099697,483,False,3,0:2;403:179;534:94
222567,2000076461,2188093,2188627,534,546,2188639,380038,171602,2,True,78072301,576,False,3,0:2;403:97;534:173
224801,2000083176,2284686,2285220,534,546,2285232,360036,222611,2,True,2000076574,546,False,3,0:2;403:55;534:232
222611,2000076574,2285232,2285766,534,546,2285778,360036,222097,2,True,2000073917,576,False,3,0:2;403:63;534:30
222097,2000073917,2285778,2286342,564,576,2286354,2d002d,222096,2,True,2000073916,576,False,3,0:2;433:63;564:189
222096,2000073916,2286354,2286918,564,576,2286930,310031,220832,2,True,2000068954,546,False,3,0:2;433:63;564:188
220832,2000068954,2286930,2287464,534,546,2287476,3b003b,218214,2,True,2000060974,546,False,3,0:2;403:53;534:90
223036,2000077731,2357738,2358270,532,544,2358282,2d002d,170703,2,True,78036093,587,False,3,0:2;403:96;532:163
222956,2000077483,2433789,2434328,539,551,2434340,2d002d,173147,2,True,78106253,546,False,3,0:2;403:96;539:171
224360,2000082202,2473241,2473812,571,583,2473824,2b002b,32828,2,True,8826835,576,False,3,0:2;433:47;571:26
224362,2000082211,2501741,2502275,534,546,2502287,230023,172466,2,True,78095172,583,False,3,0:2;403:149;534:35
221550,2000071799,2517821,2518385,564,576,2518397,2d002d,173096,2,True,78105792,576,False,3,0:2;433:55;564:119
222951,2000077469,2528667,2529201,534,546,2529213,370037,170408,1,True,78019361,306,False,3,0:2;403:43;534:157
222704,2000076813,2570027,2570591,564,576,2570603,280028,170425,2,True,78019946,576,False,3,0:2;433:22;564:13
221730,2000072273,2577545,2578109,564,576,2578121,2c002c,170495,2,True,78021888,440,False,3,0:2;433:61;564:81
223026,2000077703,2612738,2613265,527,539,2613277,2b002b,33021,2,True,8829955,610,False,3,0:2;403:96;527:135
223804,2000079965,2622113,2622677,564,576,2622689,280028,172849,2,True,78100846,588,False,3,0:2;433:120;564:93
224499,2000082543,2629180,2629737,557,569,2629749,2b002b,170343,2,True,78016650,569,False,3,0:2;433:125;557:111
224501,2000082549,2649511,2650067,556,568,2650079,260026,171484,2,True,78067491,466,False,3,0:2;403:167;556:117
223031,2000077724,2651133,2651697,564,576,2651709,2a002a,170337,2,True,78016601,599,False,3,0:2;433:55;564:156
222092,2000073899,2665619,2666183,564,576,2666195,230023,170208,2,True,78011188,429,False,3,0:2;433:22;564:171
221970,2000073241,2672796,2673360,564,576,2673372,240024,171249,2,True,78061410,459,False,3,0:2;433:65;564:25
222955,2000077482,2695397,2695935,538,550,2695947,290029,172822,2,True,78100072,546,False,3,0:2;403:96;538:170
223039,2000077737,2705330,2705864,534,546,2705876,3d003d,170879,2,True,78041515,459,False,3,0:2;403:49;534:169
221971,2000073243,2761355,2761919,564,576,2761931,280028,172333,2,True,78092810,583,False,3,0:2;433:65;564:27
223802,2000079948,2802977,2803541,564,576,2803553,270027,215404,2,True,2000054850,576,False,3,0:2;433:55;564:76
220956,2000069345,2859022,2859586,564,576,2859598,240024,173003,2,True,78104397,471,False,3,0:2;433:44;564:225
222571,2000076468,2902975,2903539,564,576,2903551,1e001e,171829,2,True,78080563,459,False,3,0:2;433:227;564:180
222091,2000073897,2937852,2938416,564,576,2938428,190019,216819,2,True,2000058035,576,False,3,0:2;433:22;564:169
221875,2000072602,2964026,2964590,564,576,2964602,190019,215126,2,True,2000053895,576,False,3,0:2;433:183;564:154
221901,2000072699,2967860,2968424,564,576,2968436,1d001d,170266,2,True,78013573,576,False,3,0:2;433:183;564:251
221897,2000072689,2970436,2971000,564,576,2971012,1c001c,170655,1,True,78030921,309,False,3,0:2;433:183;564:241
222055,2000073778,2974842,2975369,527,539,2975381,1c001c,173022,2,True,78104635,473,False,3,0:2;403:62;527:50
220893,2000069154,2981945,2982509,564,576,2982521,1a001a,171608,2,True,78072953,595,False,3,0:2;433:32;564:34
222093,2000073903,2984160,2984687,527,539,2984699,140014,204311,2,True,2000022733,576,False,3,0:2;403:22;527:175
222090,2000073892,2997791,2998355,564,576,2998367,160016,203524,2,True,2000019909,576,False,3,0:2;433:22;564:164
221917,2000072815,2998943,2999507,564,576,2999519,140014,172993,2,True,78104274,466,False,3,0:2;433:183;564:111
221899,2000072691,3003467,3004031,564,576,3004043,150015,212049,2,True,2000045372,576,False,3,0:2;433:183;564:243
221921,2000072829,3009673,3010237,564,576,3010249,140014,221918,2,True,2000072826,576,False,3,0:2;433:183;564:125
221918,2000072826,3010249,3010813,564,576,3010825,130013,204801,2,True,2000024195,478,False,3,0:2;433:183;564:122
220840,2000068970,3011303,3011867,564,576,3011879,160016,173032,2,True,78104822,473,False,3,0:2;433:32;564:106
221898,2000072690,3013439,3014003,564,576,3014015,140014,204793,2,True,2000024177,576,False,3,0:2;433:183;564:242
221900,2000072698,3014591,3015155,564,576,3015167,120012,206759,2,True,2000029650,546,False,3,0:2;433:183;564:250
221920,2000072828,3019188,3019752,564,576,3019764,100010,203454,2,True,2000019667,488,False,3,0:2;433:183;564:124
221919,2000072827,3022041,3022575,534,546,3022587,110011,206760,2,True,2000029687,546,False,3,0:2;403:183;534:123
224575,2000082730,3416602,3417176,574,586,3417188,590059,224536,2,True,2000082637,556,False,3,0:2;433:178;574:42
224536,2000082637,3417188,3417732,544,556,3417744,590059,167852,2,True,77004195,586,False,3,0:2;403:185;544:205
223632,2000079445,3726230,3726799,569,581,3726811,4c004c,169146,2,True,77056132,471,False,3,0:2;433:34;569:85
223437,2000078961,3730091,3730630,539,551,3730642,4c004c,169618,2,True,77061939,469,False,3,0:2;403:111;539:113
224192,2000081582,3808918,3809450,532,544,3809462,4a004a,168220,2,True,77031187,581,False,3,0:2;403:122;532:174
221154,2000070322,3887478,3888047,569,581,3888059,480048,168486,2,True,77046603,593,False,3,0:2;433:122;569:178
224166,2000081470,4065807,4066339,532,544,4066351,430043,169660,2,True,77062727,439,False,3,0:2;403:49;532:62
223157,2000078100,4176202,4176736,534,546,4176748,410041,169832,2,True,77063643,551,False,3,0:2;403:111;534:20
224616,2000082792,4212244,4212818,574,586,4212830,400040,169080,2,True,77055981,551,False,3,0:2;433:249;574:104
225267,2000084369,4520363,4520897,534,546,4520909,460046,181117,2,True,86034158,459,False,3,0:2;403:255;534:145
222954,2000077479,5380217,5380756,539,551,5380768,460050,207155,1,True,2000030805,381,False,3,0:2;403:117;539:167
223212,2000078254,5661406,5661530,124,136,5661542,230000,223509,1,True,2000079131,272,False,3,-136:1;0:2;124:174
224083,2000081136,5667302,5667836,534,546,5667848,4b0055,166442,2,True,76046912,473,False,3,0:2;403:91;534:240
223363,2000078824,5733618,5734152,534,546,5734164,550055,169674,2,True,77062853,583,False,3,0:2;403:156;534:232
224479,2000082490,5754969,5755503,534,546,5755515,580058,167385,2,True,76063548,466,False,3,0:2;403:91;534:58
222631,2000076624,5757506,5757637,131,143,5757649,230000,167207,2,True,76062736,466,False,3,-403:2;0:2;131:80
222218,2000074810,5759813,5760340,527,539,5760352,580058,209787,2,True,2000038548,546,False,3,0:2;403:155;527:58
222619,2000076606,5762500,5763034,534,546,5763046,580058,202549,2,True,2000016796,546,False,3,0:2;403:76;534:62
223598,2000079386,5787732,5787856,124,136,5787868,230000,224122,2,True,2000081339,546,False,3,-403:2;0:2;124:26
224122,2000081339,5787868,5788402,534,546,5788414,580058,167531,2,True,76065186,546,False,3,0:2;403:0;534:187
224121,2000081336,5798256,5798783,527,539,5798795,580058,199129,2,True,2000006425,429,False,3,0:2;403:0;527:184
222327,2000075691,5803085,5803619,534,546,5803631,580058,222336,2,True,2000075722,546,False,3,0:2;403:98;534:171
222336,2000075722,5803631,5804165,534,546,5804177,580058,167496,2,True,76064875,480,False,3,0:2;403:98;534:202
222325,2000075662,5811635,5812169,534,546,5812181,580058,208418,2,True,2000034072,576,False,3,0:2;403:76;534:142
223863,2000080156,5815437,5815964,527,539,5815976,580058,181289,2,True,86048128,583,False,3,0:2;403:4;527:28
220867,2000069049,5822508,5823042,534,546,5823054,580058,202829,1,True,2000017954,381,False,3,0:2;403:154;534:185
223817,2000080039,5823435,5823969,534,546,5823981,580058,167471,2,True,76064746,546,False,3,0:2;403:45;534:167
220993,2000069647,5824993,5825410,417,429,5825422,580058,220994,2,True,2000069651,546,False,2,0:2;417:15
220994,2000069651,5825422,5825956,534,546,5825968,580058,220995,2,True,2000069652,546,False,3,0:2;403:97;534:19
220995,2000069652,5825968,5826502,534,546,5826514,580058,220996,2,True,2000069653,546,False,3,0:2;403:97;534:20
220996,2000069653,5826514,5827048,534,546,5827060,580058,167460,2,True,76064617,429,False,3,0:2;403:97;534:21
222357,2000075881,5830295,5830829,534,546,5830841,550055,167659,2,True,76068775,546,False,3,0:2;403:94;534:105
222625,2000076614,5847556,5848090,534,546,5848102,580058,202891,1,True,2000018140,271,False,3,0:2;403:154;534:70
222957,2000077484,5848919,5849453,534,546,5849465,580058,206012,2,True,2000027701,568,False,3,0:2;403:162;534:172
225136,2000084078,5852137,5852674,537,549,5852686,580058,62342,2,True,20046434,624,False,3,0:2;403:152;537:110
222801,2000077103,5854726,5855260,534,546,5855272,580058,167046,2,True,76058200,466,False,3,0:2;403:165;534:47
222633,2000076630,5859447,5859571,124,136,5859583,230000,222632,2,True,2000076626,546,False,3,-433:2;0:2;124:86
222632,2000076626,5859986,5860117,131,143,5860129,230000,209873,2,True,2000038680,546,False,3,-403:2;0:2;131:82
221504,2000071493,5869129,5869752,623,635,5869764,580058,207368,2,True,2000031244,546,False,3,0:2;499:85;623:69
221788,2000072405,5870310,5870837,527,539,5870849,500050,167114,2,True,76060866,466,False,3,0:2;403:75;527:213
222126,2000074122,5875450,5875984,534,546,5875996,550055,199583,2,True,2000008376,583,False,3,0:2;403:97;534:138
222127,2000074123,5876579,5877113,534,546,5877125,550055,202888,1,True,2000018137,381,False,3,0:2;403:97;534:139
222147,2000074290,5878082,5878609,527,539,5878621,580058,214565,2,True,2000052224,466,False,3,0:2;403:162;527:50
222167,2000074469,5879087,5879614,527,539,5879626,550055,210617,2,True,2000040647,546,False,3,0:2;403:153;527:229
222199,2000074670,5880748,5881282,534,546,5881294,580058,222621,2,True,2000076608,546,False,3,0:2;403:94;534:174
222621,2000076608,5881294,5881828,534,546,5881840,580058,167621,2,True,76065573,429,False,3,0:2;403:76;534:64
224633,2000082841,5882845,5883379,534,546,5883391,580058,167130,2,True,76062077,539,False,3,0:2;403:93;534:153
221001,2000069658,5900433,5900967,534,546,5900979,570057,166712,2,True,76051149,459,False,3,0:2;403:87;534:26
223920,2000080415,5911205,5911739,534,546,5911751,570057,167102,2,True,76058894,576,False,3,0:2;403:141;534:31
222234,2000074925,5972821,5973355,534,546,5973367,550055,167270,2,True,76062988,546,False,3,0:2;403:255;534:173
222235,2000074926,5975538,5976072,534,546,5976084,550055,167289,2,True,76063104,551,False,3,0:2;403:255;534:174
222237,2000074946,5977211,5977738,527,539,5977750,550055,203490,1,True,2000019831,381,False,3,0:2;403:243;527:194
223116,2000078019,5992729,5993256,527,539,5993268,550055,207601,1,True,2000032028,381,False,3,0:2;403:165;527:195
222996,2000077633,5995632,5996164,532,544,5996176,550055,166681,2,True,76050957,471,False,3,0:2;403:135;532:65
222800,2000077100,5998868,5999402,534,546,5999414,550055,59269,2,True,19301809,483,False,3,0:2;403:165;534:44
225074,2000083929,5999897,6000431,534,546,6000443,550055,166694,2,True,76051063,429,False,3,0:2;403:45;534:217
225073,2000083928,6009452,6009979,527,539,6009991,550055,166545,1,True,76048139,271,False,3,0:2;403:45;527:216
224632,2000082840,6014345,6014879,534,546,6014891,550055,212351,1,True,2000046118,381,False,3,0:2;403:154;534:152
224477,2000082482,6020700,6021234,534,546,6021246,550055,207505,1,True,2000031769,381,False,3,0:2;403:94;534:50
224185,2000081556,6026846,6027380,534,546,6027392,550055,167684,2,True,76069073,576,False,3,0:2;403:249;534:148
224085,2000081150,6036712,6037246,534,546,6037258,550055,166600,2,True,76049841,473,False,3,0:2;403:45;534:254
224084,2000081149,6038112,6038646,534,546,6038658,550055,166437,2,True,76046713,473,False,3,0:2;403:45;534:253
224076,2000081100,6039131,6039665,534,546,6039677,550055,180975,2,True,86011537,607,False,3,0:2;403:94;534:204
223921,2000080417,6040284,6040835,551,563,6040847,550055,166503,2,True,76047306,602,False,3,0:2;403:141;551:33
223819,2000080041,6042032,6042566,534,546,6042578,550055,166424,2,True,76046314,466,False,3,0:2;403:45;534:169
223818,2000080040,6043806,6044340,534,546,6044352,550055,202791,1,True,2000017856,381,False,3,0:2;403:45;534:168
222418,2000076078,6070662,6071196,534,546,6071208,550055,211434,1,True,2000043560,381,False,3,0:2;403:153;534:46
223526,2000079187,6074629,6075175,546,558,6075187,550055,223525,2,True,2000079186,546,False,3,0:2;403:154;546:83
223525,2000079186,6075187,6075721,534,546,6075733,550055,166473,2,True,76047100,466,False,3,0:2;403:154;534:82
223524,2000079185,6084046,6084580,534,546,6084592,550055,166858,2,True,76053959,429,False,3,0:2;403:162;534:81
222610,2000076569,6088548,6089075,527,539,6089087,550055,166871,2,True,76054230,576,False,3,0:2;403:75;527:25
222417,2000076077,6092995,6093522,527,539,6093534,550055,222618,2,True,2000076604,546,False,3,0:2;403:153;527:45
222618,2000076604,6093534,6094068,534,546,6094080,550055,167491,2,True,76064844,546,False,3,0:2;403:76;534:60
223323,2000078699,6100271,6100805,534,546,6100817,550055,167485,2,True,76064819,466,False,3,0:2;403:94;534:107
220997,2000069654,6113683,6114210,527,539,6114222,550055,220998,2,True,2000069655,546,False,3,0:2;403:97;527:22
220998,2000069655,6114222,6114756,534,546,6114768,550055,220999,2,True,2000069656,546,False,3,0:2;403:87;534:23
220999,2000069656,6114768,6115302,534,546,6115314,550055,221000,2,True,2000069657,546,False,3,0:2;403:87;534:24
221000,2000069657,6115314,6115848,534,546,6115860,550055,202550,2,True,2000016797,546,False,3,0:2;403:87;534:25
221002,2000069659,6118979,6119513,534,546,6119525,550055,221021,2,True,2000069714,546,False,3,0:2;403:87;534:27
221021,2000069714,6119525,6120059,534,546,6120071,550055,166715,2,True,76051160,466,False,3,0:2;403:91;534:82
222609,2000076567,6120918,6121452,534,546,6121464,550055,166961,2,True,76056345,576,False,3,0:2;403:249;534:23
221022,2000069727,6123015,6123549,534,546,6123561,550055,222573,2,True,2000076474,539,False,3,0:2;403:91;534:95
222573,2000076474,6123561,6124088,527,539,6124100,550055,202128,1,True,2000015809,381,False,3,0:2;403:0;527:186
221025,2000069740,6125408,6125942,534,546,6125954,550055,167582,2,True,76065355,576,False,3,0:2;403:104;534:108
222519,2000076393,6128081,6128608,527,539,6128620,550055,167593,2,True,76065401,546,False,3,0:2;403:255;527:105
222485,2000076313,6136742,6137276,534,546,6137288,550055,167422,2,True,76064262,546,False,3,0:2;403:162;534:25
221026,2000069744,6139275,6139809,534,546,6139821,550055,166738,2,True,76051221,429,False,3,0:2;403:91;534:112
222399,2000076050,6143196,6143723,527,539,6143735,550055,166742,2,True,76051231,464,False,3,0:2;403:255;527:18
221182,2000070422,6147329,6147863,534,546,6147875,550055,167047,2,True,76058257,576,False,3,0:2;403:85;534:22
222397,2000076045,6153054,6153581,527,539,6153593,550055,167063,2,True,76058492,576,False,3,0:2;403:255;527:13
222484,2000076312,6156413,6156947,534,546,6156959,550055,167073,2,True,76058668,473,False,3,0:2;403:162;534:24
221185,2000070425,6159639,6160173,534,546,6160185,550055,167080,2,True,76058678,466,False,3,0:2;403:112;534:25
225143,2000084098,6164336,6164870,534,546,6164882,550055,222483,2,True,2000076308,539,False,3,0:2;403:166;534:130
222483,2000076308,6164882,6165409,527,539,6165421,550055,166317,2,True,76043780,583,False,3,0:2;403:255;527:20
222470,2000076278,6172986,6173513,527,539,6173525,550055,207608,1,True,2000032042,381,False,3,0:2;403:75;527:246
222215,2000074784,6180678,6181205,527,539,6181217,550055,213878,1,True,2000050172,381,False,3,0:2;403:153;527:32
222216,2000074786,6182144,6182685,541,553,6182697,550055,166355,2,True,76044971,471,False,3,0:2;403:24;541:34
222435,2000076139,6185904,6186431,527,539,6186443,550055,173471,2,True,80036032,473,False,3,0:2;403:255;527:107
222419,2000076080,6186916,6187443,527,539,6187455,550055,202752,2,True,2000017616,546,False,3,0:2;403:153;527:48
222367,2000075960,6190215,6190742,527,539,6190754,550055,202422,1,True,2000016457,381,False,3,0:2;403:62;527:184
221183,2000070423,6203215,6203749,534,546,6203761,550055,167678,2,True,76069066,546,False,3,0:2;403:90;534:23
221181,2000070413,6295404,6295938,534,546,6295950,500050,62587,2,True,20049296,588,False,3,0:2;403:249;534:13
222179,2000074525,6408029,6408556,527,539,6408568,4c004c,177748,2,True,83319498,600,False,3,0:2;403:36;527:29
222601,2000076535,6420258,6420675,417,429,6420687,410041,176305,2,True,83241982,600,False,2,0:2;417:247
221891,2000072665,6473039,6473600,561,573,6473612,0f0032,121893,2,True,51079946,473,False,3,0:2;403:129;561:217
224356,2000082193,6475168,6475695,527,539,6475707,000000,199369,2,True,2000007465,583,False,3,0:2;403:230;527:17
224996,2000083632,6485158,6485685,527,539,6485697,000000,190242,2,True,93065587,505,False,3,0:2;403:42;527:176
223564,2000079314,7081388,7081939,551,563,7081951,410041,163093,2,True,75035102,576,False,3,0:2;403:134;551:210
222209,2000074731,7169571,7170105,534,546,7170117,460046,223445,2,True,2000078987,546,False,3,0:2;403:134;534:235
223445,2000078987,7170117,7170651,534,546,7170663,460046,216829,2,True,2000058064,546,False,3,0:2;403:134;534:139
222768,2000076984,7237256,7237790,534,546,7237802,460046,217340,2,True,2000059147,546,False,3,0:2;403:134;534:184
223462,2000079010,7344077,7344611,534,546,7344623,410041,164051,1,True,75045532,381,False,3,0:2;403:134;534:162
222208,2000074723,7367057,7367591,534,546,7367603,410041,163230,2,True,75038303,429,False,3,0:2;403:134;534:227
223472,2000079028,7520352,7520886,534,546,7520898,3c003c,163047,2,True,75034329,429,False,3,0:2;403:134;534:180
223785,2000079895,7538296,7538830,534,546,7538842,460046,165167,1,True,75058405,381,False,3,0:2;403:134;534:23
223449,2000078997,7582925,7583459,534,546,7583471,370037,215379,2,True,2000054800,546,False,3,0:2;403:134;534:149
223480,2000079040,7586729,7587263,534,546,7587275,3c003c,164400,2,True,75050274,546,False,3,0:2;403:134;534:192
223477,2000079037,7587821,7588355,534,546,7588367,3c003c,223448,2,True,2000078993,546,False,3,0:2;403:134;534:189
223448,2000078993,7588367,7588901,534,546,7588913,3c003c,164392,2,True,75050243,576,False,3,0:2;403:134;534:145
223469,2000079024,7736699,7737233,534,546,7737245,370037,165177,1,True,75058418,367,False,3,0:2;403:134;534:176
223481,2000079044,7737612,7738029,417,429,7738041,320032,218166,2,True,2000060788,546,False,2,0:2;417:196
223456,2000079004,7919001,7919535,534,546,7919547,2d002d,162575,1,True,75007945,384,False,3,0:2;403:134;534:156
223119,2000078026,8146275,8146868,593,605,8146880,0f001e,164445,2,True,75050340,546,False,3,0:2;433:97;593:202
224325,2000082087,8181552,8182113,561,573,8182125,05001f,162701,1,True,75015932,271,False,3,0:2;403:23;561:167
223294,2000078593,9281311,9281873,562,574,9281885,550055,60530,2,True,19359019,706,False,3,0:2;433:84;562:1
221355,2000070854,10205762,10206306,544,556,10206318,610061,55939,2,True,19100041,579,False,3,0:2;403:184;544:198
223037,2000077732,10751885,10752473,588,600,10752485,3f003f,54633,2,True,19016520,502,False,3,0:2;433:38;588:164
223775,2000079854,11266320,11266884,564,576,11266896,580058,60993,2,True,19380216,581,False,3,0:2;433:128;564:238
221954,2000073171,11457561,11458105,544,556,11458117,570057,54578,2,True,19014318,586,False,3,0:2;403:78;544:211
222171,2000074506,11461348,11461922,574,586,11461934,570057,176295,2,True,83240971,600,False,3,0:2;433:15;574:10
221947,2000073107,11652542,11653088,546,558,11653100,550055,60818,2,True,19371564,546,False,3,0:2;403:33;546:147
224721,2000083028,11661678,11662259,581,593,11662271,4b004b,42146,2,True,14207493,434,False,3,0:2;433:27;581:84
223979,2000080755,11739497,11739919,422,434,11739931,550055,56240,2,True,19125962,605,False,2,0:2;422:115
223974,2000080737,11745767,11746306,539,551,11746318,550055,61710,2,True,19408286,434,False,3,0:2;403:30;539:97
221915,2000072793,11753164,11753708,544,556,11753720,550055,61347,2,True,19390188,551,False,3,0:2;403:13;544:89
223495,2000079066,11897440,11897984,544,556,11897996,540054,58606,2,True,19266054,595,False,3,0:2;403:97;544:218
224741,2000083064,11926352,11926909,557,569,11926921,540054,58279,2,True,19255933,581,False,3,0:2;433:18;557:120
224729,2000083038,12020163,12020739,576,588,12020751,4b004b,58214,2,True,19250461,586,False,3,0:2;433:27;576:94
221906,2000072706,12023382,12023964,582,594,12023976,530053,17565,1,True,2112655,298,False,3,0:2;441:18;582:2
221869,2000072571,12027135,12027698,563,575,12027710,530053,56499,2,True,19147163,483,False,3,0:2;403:13;563:123
221709,2000072214,12129068,12129602,534,546,12129614,520052,221774,2,True,2000072360,551,False,3,0:2;403:18;534:22
221774,2000072360,12129614,12130153,539,551,12130165,520052,57590,2,True,19219087,617,False,3,0:2;403:193;539:168
221965,2000073225,12134271,12134810,539,551,12134822,520052,57249,2,True,19190343,619,False,3,0:2;403:9;539:9
223568,2000079323,12164574,12165113,539,551,12165125,520052,56484,2,True,19145225,471,False,3,0:2;403:13;539:219
225178,2000084238,12383253,12383809,556,568,12383821,510051,56511,2,True,19148211,471,False,3,0:2;403:29;556:14
224897,2000083400,12453877,12454409,532,544,12454421,500050,17104,2,True,2103803,469,False,3,0:2;403:15;532:200
222006,2000073455,12470726,12471143,417,429,12471155,500050,61416,2,True,19393385,519,False,2,0:2;417:239
221708,2000072213,12621671,12622252,581,593,12622264,4e004e,5038,1,True,304145,281,False,3,0:2;433:18;581:21
221953,2000073167,12671145,12671689,544,556,12671701,4d004d,59559,2,True,19313167,439,False,3,0:2;403:79;544:207
223569,2000079325,12704552,12705086,534,546,12705098,4c004c,210739,1,True,2000041140,386,False,3,0:2;403:13;534:221
223586,2000079353,12828478,12829010,532,544,12829022,4a004a,18191,1,True,3300784,312,False,3,0:2;403:13;532:249
223570,2000079326,12845796,12846328,532,544,12846340,490049,60071,1,True,19341618,300,False,3,0:2;403:13;532:222
224447,2000082429,12853941,12854475,534,546,12854487,490049,128263,2,True,55002250,610,False,3,0:2;403:19;534:253
224182,2000081549,12877087,12877619,532,544,12877631,480048,60977,2,True,19380073,556,False,3,0:2;403:248;532:141
222015,2000073487,12984745,12985277,532,544,12985289,460046,220564,2,True,2000067927,551,False,3,0:2;403:28;532:15
225249,2000084344,13040527,13041101,574,586,13041113,450045,55052,2,True,19037380,610,False,3,0:2;433:20;574:120
224452,2000082436,13109117,13109656,539,551,13109668,430043,207539,2,True,2000031873,556,False,3,0:2;403:19;539:4
221905,2000072703,13134594,13135145,551,563,13135157,420042,101769,1,True,40004894,403,False,3,0:2;403:17;551:255
225022,2000083706,13136111,13136648,537,549,13136660,420042,141624,2,True,62165901,464,False,3,0:2;403:252;537:250
224153,2000081425,13144024,13144573,549,561,13144585,420042,123646,1,True,52092493,293,False,3,0:2;403:246;549:17
224042,2000081001,13150027,13150571,544,556,13150583,420042,199860,2,True,2000008983,605,False,3,0:2;403:217;544:105
222135,2000074217,13164233,13164765,532,544,13164777,410041,207535,2,True,2000031859,546,False,3,0:2;403:160;532:233
224802,2000083177,13181682,13182214,532,544,13182226,410041,60566,2,True,19361536,590,False,3,0:2;403:40;532:233
224181,2000081544,13183862,13184394,532,544,13184406,410041,206808,2,True,2000029823,551,False,3,0:2;403:248;532:136
224082,2000081122,13212016,13212560,544,556,13212572,410041,33161,3,True,8833489,569,False,3,0:2;403:25;544:226
222137,2000074224,13228906,13229438,532,544,13229450,410041,221937,2,True,2000072949,592,False,3,0:2;403:160;532:240
221937,2000072949,13229450,13230030,580,592,13230042,410041,218582,2,True,2000062267,546,False,3,0:2;403:17;580:245
222136,2000074222,13235371,13235903,532,544,13235915,410041,61567,2,True,19398823,544,False,3,0:2;403:160;532:238
224041,2000080993,13274418,13274962,544,556,13274974,3f003f,58517,2,True,19262051,434,False,3,0:2;403:217;544:97
224631,2000082839,13287117,13287661,544,556,13287673,3e003e,176555,2,True,83257569,511,False,3,0:2;403:63;544:151
222189,2000074570,13330456,13331012,556,568,13331024,3c003c,57548,2,True,19216743,439,False,3,0:2;403:17;556:74
224639,2000082848,13341296,13341845,549,561,13341857,3c003c,60947,2,True,19378453,556,False,3,0:2;403:181;549:160
224991,2000083605,13345595,13346134,539,551,13346146,3c003c,204374,2,True,2000022886,549,False,3,0:2;403:10;539:149
225026,2000083721,13349696,13350228,532,544,13350240,320037,61736,2,True,19408947,556,False,3,0:2;403:45;532:9
224156,2000081432,13370174,13370748,574,586,13370760,3c003c,199638,2,True,2000008512,556,False,3,0:2;433:10;574:24
221512,2000071609,13376480,13377024,544,556,13377036,3c003c,211825,2,True,2000044776,551,False,3,0:2;403:51;544:185
222366,2000075953,13393865,13394397,532,544,13394409,3c003c,212760,2,True,2000047173,446,False,3,0:2;403:8;532:177
225021,2000083705,13440132,13440664,532,544,13440676,3a003a,60564,2,True,19361406,439,False,3,0:2;403:250;532:249
223184,2000078174,13481349,13481886,537,549,13481898,370037,61760,2,True,19409023,576,False,3,0:2;403:221;537:94
223587,2000079356,13495670,13496244,574,586,13496256,370037,59142,1,True,19295650,332,False,3,0:2;433:53;574:252
224311,2000082049,13503750,13504289,539,551,13504301,370037,67569,2,True,23242561,469,False,3,0:2;403:17;539:129
221372,2000071099,13552143,13552682,539,551,13552694,320032,61807,2,True,19409587,429,False,3,0:2;403:14;539:187
225010,2000083670,13583970,13584497,527,539,13584509,320032,177054,2,True,83279129,621,False,3,0:2;403:249;527:214
222363,2000075890,13627485,13628029,544,556,13628041,2d002d,216783,2,True,2000057962,544,False,3,0:2;403:171;544:114
224314,2000082063,13632013,13632491,478,490,13632503,2c002c,59052,2,True,19291160,439,False,2,0:2;478:143
223860,2000080148,13640524,13641075,551,563,13641087,2a002a,223849,2,True,2000080125,558,False,3,0:2;403:26;551:20
223849,2000080125,13641087,13641633,546,558,13641645,2a002a,61778,2,True,19409143,434,False,3,0:2;403:26;546:253
222925,2000077364,13809371,13809793,422,434,13809805,000000,17264,4,True,2107143,101,False,2,0:2;422:52
221435,2000071257,16305738,16306302,564,576,16306314,610061,35747,2,True,14009797,583,False,3,0:2;433:66;564:89
225050,2000083817,16358425,16359013,588,600,16359025,500050,39135,2,True,14130256,466,False,3,0:2;433:143;588:105
224353,2000082178,16371556,16372126,570,582,16372138,530053,36668,2,True,14032169,576,False,3,0:2;403:27;570:2
222747,2000076931,16803024,16803595,571,583,16803607,000000,36075,2,True,14022879,591,False,3,0:2;433:220;571:131
224582,2000082749,16843308,16843855,547,559,16843867,500050,39873,2,True,14149311,576,False,3,0:2;411:61;547:61
223733,2000079695,16846775,16847321,546,558,16847333,5d005d,40866,2,True,14181849,459,False,3,0:2;403:71;546:79
223366,2000078829,16994959,16995523,564,576,16995535,000000,42216,2,True,14208158,558,False,3,0:2;433:21;564:237
222595,2000076527,17272135,17272706,571,583,17272718,550055,42135,2,True,14207390,539,False,3,0:2;433:88;571:239
221455,2000071319,17274134,17274668,534,546,17274680,5a005a,42098,2,True,14206587,584,False,3,0:2;403:66;534:151
225115,2000084019,17632831,17633365,534,546,17633377,280028,35964,2,True,14021027,607,False,3,0:2;403:75;534:51
222921,2000077346,17634567,17635131,564,576,17635143,000000,37340,2,True,14047924,503,False,3,0:2;433:220;564:34
223752,2000079785,17659965,17660492,527,539,17660504,500050,37834,2,True,14074931,596,False,3,0:2;403:27;527:169
223675,2000079530,17777469,17778003,534,546,17778015,580058,37337,2,True,14047891,588,False,3,0:2;403:71;534:170
224132,2000081374,17790970,17791504,534,546,17791516,460046,40407,2,True,14165307,591,False,3,0:2;403:72;534:222
221453,2000071315,17961563,17962097,534,546,17962109,570057,221457,2,True,2000071321,558,False,3,0:2;403:66;534:147
221457,2000071321,17962109,17962655,546,558,17962667,570057,13455,3,True,956180,564,False,3,0:2;403:66;546:153
222767,2000076982,17970825,17971389,564,576,17971401,000000,39429,2,True,14137869,485,False,3,0:2;433:132;564:182
225016,2000083691,17977306,17977840,534,546,17977852,570057,225011,2,True,2000083679,576,False,3,0:2;403:235;534:235
225011,2000083679,17977852,17978416,564,576,17978428,570057,35293,2,True,14001295,576,False,3,0:2;433:188;564:223
223033,2000077727,17979004,17979531,527,539,17979543,460046,38713,2,True,14117874,459,False,3,0:2;403:165;527:159
223584,2000079348,17990608,17991172,564,576,17991184,000000,39678,2,True,14146345,576,False,3,0:2;433:220;564:244
224124,2000081347,18000662,18001226,564,576,18001238,570057,41083,2,True,14184861,466,False,3,0:2;433:147;564:195
221051,2000069800,18144197,18144761,564,576,18144773,320032,37839,2,True,14074936,583,False,3,0:2;433:81;564:168
223029,2000077718,18151080,18151614,534,546,18151626,460046,37181,2,True,14044664,583,False,3,0:2;403:10;534:150
223260,2000078444,18155414,18155985,571,583,18155997,500050,42199,2,True,14208016,600,False,3,0:2;433:186;571:108
223676,2000079534,18156597,18157155,558,570,18157167,560056,42448,2,True,14217252,539,False,3,0:2;403:71;558:174
222170,2000074482,18325314,18325848,534,546,18325860,4c004c,42512,2,True,14218203,588,False,3,0:2;403:72;534:242
225112,2000084011,18333383,18333917,534,546,18333929,280028,207822,2,True,2000032656,546,False,3,0:2;403:28;534:43
225023,2000083708,18339909,18340473,564,576,18340485,550055,44419,2,True,14255021,546,False,3,0:2;433:194;564:252
222953,2000077478,18341460,18341914,454,466,18341926,480048,44103,2,True,14247909,576,False,2,0:2;454:166
223111,2000077996,18345378,18345949,571,583,18345961,500050,40754,2,True,14180281,466,False,3,0:2;433:93;571:172
223181,2000078166,18349247,18349781,534,546,18349793,550055,40776,2,True,14180614,600,False,3,0:2;403:218;534:86
223183,2000078173,18357031,18357595,564,576,18357607,550055,223189,2,True,2000078187,546,False,3,0:2;433:218;564:93
223189,2000078187,18357607,18358141,534,546,18358153,550055,211903,2,True,2000044986,429,False,3,0:2;403:218;534:107
223204,2000078235,18358582,18359146,564,576,18359158,460046,223211,2,True,2000078252,546,False,3,0:2;433:186;564:155
223211,2000078252,18359158,18359692,534,546,18359704,460046,39842,2,True,14148972,476,False,3,0:2;403:213;534:172
224580,2000082745,18360726,18361285,559,571,18361297,460046,42205,2,True,14208061,607,False,3,0:2;411:61;559:57
223762,2000079816,18363056,18363590,534,546,18363602,550055,44425,2,True,14255058,576,False,3,0:2;403:90;534:200
223807,2000079970,18367958,18368522,564,576,18368534,410041,38164,2,True,14083973,466,False,3,0:2;433:18;564:98
223899,2000080302,18371699,18372226,527,539,18372238,4a004a,42644,2,True,14220338,478,False,3,0:2;403:118;527:174
223375,2000078845,18726164,18726764,600,612,18726776,000000,223112,2,True,2000077997,576,False,3,0:2;433:21;600:253
223112,2000077997,18726776,18727340,564,576,18727352,4b004b,43185,2,True,14227170,588,False,3,0:2;433:93;564:173
223109,2000077990,18727940,18728504,564,576,18728516,4b004b,223073,2,True,2000077882,576,False,3,0:2;433:93;564:166
223073,2000077882,18728516,18729080,564,576,18729092,460046,42683,2,True,14221378,588,False,3,0:2;433:185;564:58
223032,2000077725,18730275,18730809,534,546,18730821,460046,223030,2,True,2000077720,546,False,3,0:2;403:10;534:157
223030,2000077720,18730821,18731355,534,546,18731367,410041,222599,2,True,2000076532,582,False,3,0:2;403:10;534:152
222599,2000076532,18731367,18731937,570,582,18731949,4b004b,220725,2,True,2000068667,576,False,3,0:2;403:88;570:244
223806,2000079967,18844650,18845214,564,576,18845226,3c003c,43103,2,True,14226113,583,False,3,0:2;433:81;564:95
221456,2000071320,18854546,18855080,534,546,18855092,530053,41961,2,True,14203794,602,False,3,0:2;403:66;534:152
223986,2000080794,18856594,18857128,534,546,18857140,4b004b,36010,2,True,14022032,636,False,3,0:2;403:76;534:154
223957,2000080646,18864190,18864724,534,546,18864736,3c002d,38383,2,True,14094886,600,False,3,0:2;403:15;534:6
222794,2000077068,18876743,18877277,534,546,18877289,530053,40744,2,True,14179959,466,False,3,0:2;403:159;534:12
223946,2000080609,18879355,18879919,564,576,18879931,3c0032,42346,2,True,14211491,583,False,3,0:2;433:15;564:225
224133,2000081379,18935971,18936505,534,546,18936517,400040,44021,2,True,14247138,546,False,3,0:2;403:72;534:227
223209,2000078250,18957109,18957673,564,576,18957685,460046,40151,2,True,14157425,576,False,3,0:2;433:74;564:170
223155,2000078092,18971243,18971697,454,466,18971709,460046,40080,2,True,14154662,507,False,2,0:2;454:12
225109,2000084003,18972797,18973331,534,546,18973343,530053,42407,2,True,14215170,429,False,3,0:2;403:65;534:35
223105,2000077983,18985845,18986409,564,576,18986421,4b004b,35860,2,True,14011575,584,False,3,0:2;433:93;564:159
223063,2000077841,19008674,19009208,534,546,19009220,530053,38988,2,True,14125892,459,False,3,0:2;403:160;534:17
223034,2000077728,19015063,19015590,527,539,19015602,400040,35927,2,True,14020528,473,False,3,0:2;403:165;527:160
224295,2000082012,19064380,19064907,527,539,19064919,520052,43845,2,True,14243948,576,False,3,0:2;403:125;527:92
224545,2000082660,19145240,19145804,564,576,19145816,520052,41766,2,True,14201608,546,False,3,0:2;433:14;564:228
223201,2000078232,19148077,19148604,527,539,19148616,460046,43488,2,True,14237711,576,False,3,0:2;403:186;527:152
224546,2000082662,19164423,19164987,564,576,19164999,520052,43631,2,True,14240892,546,False,3,0:2;433:14;564:230
224556,2000082688,19166004,19166568,564,576,19166580,520052,43672,2,True,14241585,576,False,3,0:2;433:14;564:0
222572,2000076469,19227654,19228188,534,546,19228200,520052,41871,2,True,14202630,466,False,3,0:2;403:13;534:181
222677,2000076748,19230566,19231100,534,546,19231112,460046,44366,2,True,14254125,576,False,3,0:2;403:148;534:204
222088,2000073876,19291165,19291716,551,563,19291728,460046,42784,2,True,14222464,588,False,3,0:2;403:208;551:148
222908,2000077316,19294480,19295014,534,546,19295026,510051,218343,2,True,2000061624,546,False,3,0:2;403:159;534:4
223200,2000078231,19303282,19303846,564,576,19303858,460046,36289,2,True,14025511,466,False,3,0:2;433:186;564:151
223064,2000077844,19311908,19312442,534,546,19312454,510051,35245,2,True,14000685,601,False,3,0:2;403:160;534:20
223206,2000078243,19325402,19325966,564,576,19325978,460046,40008,2,True,14151258,473,False,3,0:2;433:186;564:163
222927,2000077373,19327573,19328107,534,546,19328119,510051,43859,2,True,14244736,429,False,3,0:2;403:160;534:61
223803,2000079961,19416308,19416842,534,546,19416854,320032,224496,1,True,2000082532,367,False,3,0:2;403:24;534:89
224983,2000083568,19419251,19419785,534,546,19419797,460046,110682,2,True,43332783,476,False,3,0:2;403:13;534:112
225243,2000084330,19422336,19422870,534,546,19422882,280028,13398,1,True,955576,288,False,3,0:2;403:28;534:106
222089,2000073887,19423170,19423746,576,588,19423758,410041,221147,2,True,2000070248,558,False,3,0:2;433:208;576:159
221147,2000070248,19423758,19424304,546,558,19424316,320032,162911,1,True,75031085,295,False,3,0:2;403:28;546:104
223898,2000080297,19499393,19499920,527,539,19499932,440044,44258,2,True,14251202,546,False,3,0:2;403:207;527:169
221641,2000072056,19571087,19571658,571,583,19571670,2f002f,43657,2,True,14241490,429,False,3,0:2;433:27;571:120
224120,2000081335,19581255,19581672,417,429,19581684,460046,40519,2,True,14171403,459,False,2,0:2;417:183
224389,2000082283,19770385,19770919,534,546,19770931,3b003b,200640,2,True,2000011465,546,False,3,0:2;403:27;534:107
225116,2000084027,19842542,19843100,558,570,19843112,280028,12421,1,True,910629,422,False,3,0:2;403:28;558:59
223529,2000079194,19865969,19866503,534,546,19866515,31002a,41848,2,True,14202277,546,False,3,0:2;403:56;534:90
222204,2000074706,19936895,19937459,564,576,19937471,3a003a,180940,3,True,86007588,626,False,3,0:2;433:193;564:210
222207,2000074713,19995154,19995688,534,546,19995700,370037,222286,2,True,2000075364,553,False,3,0:2;403:193;534:217
222286,2000075364,19995700,19996241,541,553,19996253,000000,43869,1,True,14244754,381,False,3,0:2;403:220;541:100
224635,2000082844,20000094,20000711,617,629,20000723,370037,163121,1,True,75036156,381,False,3,0:2;433:220;617:156
222617,2000076603,20004880,20005414,534,546,20005426,320032,180946,2,True,86007912,600,False,3,0:2;403:55;534:59
223504,2000079107,20015095,20015646,551,563,20015658,000000,41295,2,True,14187252,429,False,3,0:2;403:206;551:3
222205,2000074707,20025287,20025821,534,546,20025833,370037,39833,2,True,14148863,471,False,3,0:2;403:193;534:211
223879,2000080204,20128570,20128987,417,429,20128999,000000,36570,1,True,14030741,367,False,2,0:2;417:76
222722,2000076867,21230187,21230721,534,546,21230733,000000,87134,2,True,30040086,583,False,3,0:2;403:59;534:67
222637,2000076652,21243036,21243570,534,546,21243582,000000,182653,2,True,88028274,539,False,3,0:2;403:59;534:108
222385,2000076001,21244697,21245287,590,602,21245299,000000,182288,2,True,88026609,588,False,3,0:2;433:181;590:225
223279,2000078510,21252764,21253291,527,539,21253303,000000,181817,2,True,88021685,551,False,3,0:2;403:178;527:174
223278,2000078504,21278295,21278853,558,570,21278865,000000,182002,2,True,88023715,672,False,3,0:2;403:114;558:168
222489,2000076323,21294234,21294768,534,546,21294780,000000,183198,2,True,88030524,558,False,3,0:2;403:59;534:35
222426,2000076101,21325449,21325983,534,546,21325995,000000,183264,2,True,88031141,576,False,3,0:2;403:213;534:69
222636,2000076651,21330980,21331514,534,546,21331526,000000,182124,2,True,88024864,576,False,3,0:2;403:59;534:107
222812,2000077146,21339410,21339944,534,546,21339956,000000,182167,2,True,88025085,583,False,3,0:2;403:63;534:90
222810,2000077141,21349470,21349904,434,446,21349916,000000,87133,2,True,30040047,583,False,2,0:2;434:85
222473,2000076281,21351615,21352196,581,593,21352208,000000,183187,2,True,88030340,583,False,3,0:2;433:60;581:249
222726,2000076873,21352791,21353325,534,546,21353337,000000,183327,2,True,88031643,558,False,3,0:2;403:59;534:73
222488,2000076321,21354478,21355042,564,576,21355054,000000,218741,2,True,2000062661,546,False,3,0:2;433:59;564:33
222434,2000076135,21371300,21371834,534,546,21371846,000000,201005,2,True,2000012837,558,False,3,0:2;403:213;534:103
221547,2000071795,21373580,21374114,534,546,21374126,000000,216154,2,True,2000056471,546,False,3,0:2;403:91;534:115
222263,2000075141,21383409,21383943,534,546,21383955,000000,222386,2,True,2000076008,546,False,3,0:2;403:217;534:133
222386,2000076008,21383955,21384489,534,546,21384501,000000,87127,2,True,30040017,576,False,3,0:2;403:181;534:232
222469,2000076277,21386216,21386750,534,546,21386762,000000,222809,2,True,2000077140,546,False,3,0:2;403:60;534:245
222809,2000077140,21386762,21387296,534,546,21387308,000000,181935,2,True,88023005,576,False,3,0:2;403:63;534:84
222724,2000076870,21410473,21411007,534,546,21411019,000000,183238,2,True,88030851,482,False,3,0:2;403:59;534:70
222384,2000075997,21412593,21413120,527,539,21413132,000000,199063,2,True,2000006249,576,False,3,0:2;403:217;527:221
222468,2000076275,21414315,21414849,534,546,21414861,000000,218714,2,True,2000062603,546,False,3,0:2;403:60;534:243
222811,2000077142,21415407,21415941,534,546,21415953,000000,182201,2,True,88025586,459,False,3,0:2;403:63;534:86
221544,2000071782,21432402,21432960,558,570,21432972,000000,181848,2,True,88021858,483,False,3,0:2;403:91;558:102
221082,2000069957,21460024,21460611,587,599,21460623,000000,181627,2,True,88000011,612,False,3,0:2;403:217;587:69
221131,2000070191,21463513,21464059,546,558,21464071,000000,182994,3,True,88029214,681,False,3,0:2;403:236;546:47
222261,2000075123,21490034,21490568,534,546,21490580,000000,222378,2,True,2000075984,546,False,3,0:2;403:91;534:115
222378,2000075984,21490580,21491114,534,546,21491126,000000,222425,2,True,2000076100,546,False,3,0:2;403:217;534:208
222425,2000076100,21491126,21491660,534,546,21491672,000000,222634,2,True,2000076649,558,False,3,0:2;403:217;534:68
222634,2000076649,21491672,21492218,546,558,21492230,000000,209477,2,True,2000037741,546,False,3,0:2;403:59;546:105
222429,2000076119,21514905,21515451,546,558,21515463,000000,219769,2,True,2000065373,546,False,3,0:2;403:213;546:87
222635,2000076650,21521783,21522317,534,546,21522329,000000,6175,1,True,426312,323,False,3,0:2;403:59;534:106
224064,2000081070,21522652,21523186,534,546,21523198,000000,182068,2,True,88024127,546,False,3,0:2;403:83;534:174
222479,2000076288,21524829,21525363,534,546,21525375,000000,207726,2,True,2000032377,546,False,3,0:2;403:60;534:0
221642,2000072063,21529732,21530266,534,546,21530278,000000,181787,2,True,88021468,459,False,3,0:2;403:91;534:127
222471,2000076279,21539614,21540148,534,546,21540160,000000,182349,2,True,88027147,546,False,3,0:2;403:60;534:247
221549,2000071797,21551173,21551707,534,546,21551719,000000,182035,2,True,88023990,563,False,3,0:2;403:91;534:117
222262,2000075131,21585484,21586018,534,546,21586030,000000,222383,2,True,2000075993,546,False,3,0:2;403:217;534:123
222383,2000075993,21586030,21586564,534,546,21586576,000000,182100,2,True,88024486,546,False,3,0:2;403:217;534:217
222432,2000076133,21588349,21588883,534,546,21588895,000000,46883,2,True,15083857,619,False,3,0:2;403:213;534:101
222476,2000076285,21598644,21599178,534,546,21599190,000000,181797,2,True,88021482,459,False,3,0:2;403:60;534:253
222475,2000076284,21600195,21600729,534,546,21600741,000000,182174,2,True,88025148,576,False,3,0:2;403:60;534:252
221132,2000070197,21605618,21606152,534,546,21606164,000000,217230,2,True,2000058996,546,False,3,0:2;403:236;534:53
222433,2000076134,21619067,21619601,534,546,21619613,000000,183281,2,True,88031245,546,False,3,0:2;403:213;534:102
221548,2000071796,21666848,21667382,534,546,21667394,000000,181883,2,True,88021961,429,False,3,0:2;403:91;534:116
222445,2000076160,21679164,21679698,534,546,21679710,000000,183345,2,True,88031753,563,False,3,0:2;403:60;534:128
221133,2000070198,21680273,21680807,534,546,21680819,000000,202576,2,True,2000016860,553,False,3,0:2;403:236;534:54
222472,2000076280,21689876,21690410,534,546,21690422,000000,183141,2,True,88029909,563,False,3,0:2;403:60;534:248
221519,2000071676,21705514,21706072,558,570,21706084,000000,198984,2,True,2000006025,593,False,3,0:2;403:91;558:252
221130,2000070190,21721355,21721889,534,546,21721901,000000,182070,1,True,88024145,393,False,3,0:2;403:236;534:46
221134,2000070201,21722294,21722828,534,546,21722840,000000,181665,2,True,88001007,546,False,3,0:2;403:236;534:57
222806,2000077127,21733669,21734203,534,546,21734215,000000,217969,2,True,2000060393,546,False,3,0:2;403:59;534:71
222474,2000076282,21749780,21750331,551,563,21750343,000000,221135,2,True,2000070204,546,False,3,0:2;403:60;551:250
221135,2000070204,21750343,21750877,534,546,21750889,000000,44528,3,True,15001223,693,False,3,0:2;403:236;534:60
221137,2000070206,21758920,21759454,534,546,21759466,000000,221128,2,True,2000070188,546,False,3,0:2;403:236;534:62
221128,2000070188,21759466,21760000,534,546,21760012,000000,221129,2,True,2000070189,546,False,3,0:2;403:236;534:44
221129,2000070189,21760012,21760546,534,546,21760558,000000,182076,2,True,88024171,494,False,3,0:2;403:236;534:45
221127,2000070186,21763024,21763558,534,546,21763570,000000,181785,2,True,88021466,471,False,3,0:2;403:236;534:42
222370,2000075969,22426502,22427100,598,610,22427112,380038,46447,2,True,15077373,584,False,3,0:2;433:47;598:193
223208,2000078246,22486124,22486758,634,646,22486770,4c0053,14794,2,True,1302374,642,False,3,0:2;433:207;634:166
223362,2000078821,22710212,22710783,571,583,22710795,000000,45311,2,True,15043714,595,False,3,0:2;433:1;571:229
223047,2000077787,22822341,22822868,527,539,22822880,000000,45423,2,True,15048961,576,False,3,0:2;403:136;527:219
221518,2000071673,23180155,23180719,564,576,23180731,000000,45016,2,True,15022398,593,False,3,0:2;433:195;564:249
221552,2000071814,23475020,23475591,571,583,23475603,000000,224086,2,True,2000081153,595,False,3,0:2;433:223;571:134
224086,2000081153,23475603,23476186,583,595,23476198,000000,202265,2,True,2000016111,576,False,3,0:2;433:170;583:1
221789,2000072409,23477906,23478467,561,573,23478479,190019,47203,2,True,15090302,558,False,3,0:2;403:192;561:217
222976,2000077574,23644988,23645539,551,563,23645551,140014,223117,2,True,2000078024,568,False,3,0:2;403:208;551:6
223117,2000078024,23645551,23646107,556,568,23646119,280028,46384,2,True,15076616,576,False,3,0:2;403:192;556:200
222975,2000077571,23917070,23917604,534,546,23917616,230023,204248,2,True,2000022495,600,False,3,0:2;403:208;534:3
223252,2000078378,23919258,23919792,534,546,23919804,00002b,46708,2,True,15080401,583,False,3,0:2;403:26;534:42
223929,2000080482,23941864,23942428,564,576,23942440,000000,46562,2,True,15078549,583,False,3,0:2;433:223;564:98
221991,2000073293,24022934,24023515,581,593,24023527,000000,204690,2,True,2000023841,583,False,3,0:2;433:203;581:77
221992,2000073294,24045156,24045720,564,576,24045732,000000,47056,2,True,15087839,429,False,3,0:2;433:200;564:78
221988,2000073286,24088078,24088635,557,569,24088647,000000,45578,2,True,15055328,590,False,3,0:2;433:70;557:70
222705,2000076815,24092592,24093143,551,563,24093155,230023,201582,2,True,2000014512,576,False,3,0:2;403:202;551:15
221983,2000073267,24272965,24273504,539,551,24273516,000000,44668,2,True,15003539,576,False,3,0:2;403:70;539:51
221979,2000073263,24277591,24278155,564,576,24278167,000000,221993,2,True,2000073295,588,False,3,0:2;433:70;564:47
221993,2000073295,24278167,24278743,576,588,24278755,000000,199953,2,True,2000009236,583,False,3,0:2;433:200;576:79
221995,2000073300,24312278,24312849,571,583,24312861,000000,44746,2,True,15006957,576,False,3,0:2;433:203;571:84
221987,2000073279,24411558,24412134,576,588,24412146,000000,44612,2,True,15002236,605,False,3,0:2;433:70;576:63
222057,2000073780,24546065,24546629,564,576,24546641,000000,6244,4,True,429793,105,False,3,0:2;433:73;564:52
222398,2000076046,25691173,25691720,547,559,25691732,500050,140002,2,True,62070117,603,False,3,0:2;403:175;547:14
222407,2000076066,25712726,25713280,554,566,25713292,500050,68682,1,True,23330854,315,False,3,0:2;403:78;554:34
222405,2000076063,25719774,25720328,554,566,25720340,4a004a,24685,2,True,5743151,620,False,3,0:2;403:155;554:31
222538,2000076419,25768279,25768826,547,559,25768838,50004e,25639,2,True,5790311,596,False,3,0:2;403:51;547:131
223377,2000078854,25897975,25898559,584,596,25898571,4e004e,25341,1,True,5767992,413,False,3,0:2;433:78;584:6
222408,2000076067,25900104,25900658,554,566,25900670,4a004a,25086,1,True,5756099,413,False,3,0:2;403:81;554:35
222413,2000076073,25995682,25996236,554,566,25996248,480048,25133,2,True,5759324,493,False,3,0:2;403:84;554:41
222598,2000076530,26001570,26002134,564,576,26002146,460046,24651,1,True,5741776,406,False,3,0:2;403:120;564:242
223542,2000079245,26021169,26021716,547,559,26021728,460046,143047,2,True,62239616,578,False,3,0:2;403:155;547:141
224909,2000083425,26026657,26027241,584,596,26027253,460046,219632,2,True,2000065117,603,False,3,0:2;433:78;584:225
224864,2000083338,26044674,26045228,554,566,26045240,460046,139378,1,True,62000171,404,False,3,0:2;403:89;554:138
222403,2000076059,26052018,26052567,549,561,26052579,430043,222406,2,True,2000076064,561,False,3,0:2;403:233;549:27
222406,2000076064,26052579,26053128,549,561,26053140,460046,140200,2,True,62074267,622,False,3,0:2;403:107;549:32
222409,2000076068,26053762,26054316,554,566,26054328,4a004a,204787,2,True,2000024148,566,False,3,0:2;403:81;554:36
224910,2000083427,26261506,26262090,584,596,26262102,410041,143036,2,True,62239125,596,False,3,0:2;433:78;584:227
224873,2000083354,26262698,26263247,549,561,26263259,440044,222604,2,True,2000076539,561,False,3,0:2;403:63;549:154
222604,2000076539,26263259,26263808,549,561,26263820,460046,25342,3,True,5768022,720,False,3,0:2;403:79;549:251
223911,2000080392,26272144,26272693,549,561,26272705,410041,25250,2,True,5763444,615,False,3,0:2;403:66;549:8
224862,2000083333,26292493,26293052,559,571,26293064,410041,214907,2,True,2000053172,566,False,3,0:2;403:120;559:133
224429,2000082395,26305093,26305647,554,566,26305659,000000,212038,2,True,2000045347,554,False,3,0:2;403:8;554:219
224151,2000081422,26313914,26314468,554,566,26314480,410041,3510,1,True,137787,401,False,3,0:2;403:79;554:14
222606,2000076544,26335522,26336071,549,561,26336083,410041,139619,2,True,62028081,493,False,3,0:2;403:155;549:0
222603,2000076538,26336576,26337137,561,573,26337149,3c003c,142964,2,True,62235148,613,False,3,0:2;403:108;561:250
222400,2000076052,26342107,26342649,542,554,26342661,3c003c,141642,2,True,62167507,479,False,3,0:2;403:166;542:20
224867,2000083346,26351976,26352525,549,561,26352537,3e003e,142952,2,True,62235051,498,False,3,0:2;403:66;549:146
224895,2000083393,26388134,26388683,549,561,26388695,3c003c,142367,2,True,62215603,491,False,3,0:2;403:75;549:193
224512,2000082580,26445473,26446037,564,576,26446049,000000,99802,2,True,38065267,620,False,3,0:2;403:190;564:148
224908,2000083423,26468094,26468689,595,607,26468701,370037,198587,2,True,98064494,488,False,3,0:2;403:64;595:223
224640,2000082849,26473150,26473763,613,625,26473775,370037,49250,2,True,16258587,595,False,3,0:2;433:220;613:161
221800,2000072441,26494657,26495212,555,567,26495224,2d002d,197783,2,True,98049239,559,False,3,0:2;411:59;555:249
225169,2000084181,26498025,26498587,562,574,26498599,280028,8938,1,True,675418,447,False,3,0:2;411:108;562:213
220915,2000069207,26512129,26512695,566,578,26512707,000000,160312,1,True,72003880,311,False,3,0:2;403:169;566:87
222315,2000075502,27022284,27022835,551,563,27022847,120012,161535,3,True,74001941,695,False,3,0:2;403:87;551:238
221045,2000069783,27293139,27293678,539,551,27293690,000000,214152,2,True,2000051006,551,False,3,0:2;403:84;539:151
221046,2000069786,27294792,27295331,539,551,27295343,000000,214155,2,True,2000051011,551,False,3,0:2;403:129;539:154
221047,2000069787,27324880,27325419,539,551,27325431,000000,221048,2,True,2000069788,551,False,3,0:2;403:129;539:155
221048,2000069788,27325431,27325970,539,551,27325982,000000,214187,2,True,2000051083,546,False,3,0:2;403:129;539:156
221049,2000069790,27329118,27329657,539,551,27329669,000000,184105,2,True,89069849,544,False,3,0:2;403:129;539:158
224128,2000081356,27334731,27335263,532,544,27335275,000000,161674,4,True,74029693,109,False,3,0:2;403:131;532:204
221358,2000071049,27335493,27336027,534,546,27336039,000000,161672,4,True,74029686,117,False,3,0:2;403:75;534:137
221053,2000069813,27353815,27354354,539,551,27354366,000000,211703,2,True,2000044285,551,False,3,0:2;403:153;539:181
221054,2000069830,27363422,27363961,539,551,27363973,000000,20208,1,True,5106486,464,False,3,0:2;403:67;539:198
222213,2000074778,27374493,27375032,539,551,27375044,000000,86354,1,True,29235716,386,False,3,0:2;403:104;539:26
224397,2000082304,27386675,27387239,564,576,27387251,000000,4752,2,True,250574,551,False,3,0:2;433:70;564:128
224264,2000081950,27391659,27392193,534,546,27392205,000000,4746,2,True,250563,588,False,3,0:2;403:62;534:30
224189,2000081571,27396887,27397433,546,558,27397445,000000,4742,2,True,250557,581,False,3,0:2;403:110;546:163
222924,2000077357,27457858,27458415,557,569,27458427,000000,199437,2,True,2000007758,563,False,3,0:2;433:153;557:45
223707,2000079585,27520100,27520627,527,539,27520639,000000,223716,2,True,2000079604,539,False,3,0:2;403:72;527:225
223716,2000079604,27520639,27521166,527,539,27521178,000000,4779,2,True,250603,581,False,3,0:2;403:111;527:244
223751,2000079784,27523958,27524490,532,544,27524502,000000,4773,2,True,250597,546,False,3,0:2;403:143;532:168
221027,2000069749,27664122,27664661,539,551,27664673,000000,213826,2,True,2000050000,558,False,3,0:2;403:10;539:117
221028,2000069750,27666064,27666615,551,563,27666627,000000,161717,1,True,74032655,386,False,3,0:2;403:63;551:118
225122,2000084050,28424282,28424858,576,588,28424870,320032,209737,2,True,2000038397,581,False,3,0:2;433:175;576:82
223388,2000078874,28444259,28444791,532,544,28444803,37003c,159990,2,True,71111705,579,False,3,0:2;403:189;532:26
224109,2000081313,28519394,28519970,576,588,28519982,320032,159548,2,True,71092901,549,False,3,0:2;433:181;576:161
225278,2000084397,28591650,28592225,575,587,28592237,000000,159723,2,True,71101652,464,False,3,0:2;403:193;575:173
224328,2000082103,28784189,28784735,546,558,28784747,2d002d,160087,2,True,71112464,581,False,3,0:2;403:206;546:183
222823,2000077179,30028390,30028924,534,546,30028936,4f004f,156519,2,True,70097236,583,False,3,0:2;403:196;534:123
222827,2000077192,30031800,30032346,546,558,30032358,520052,158397,2,True,70134556,576,False,3,0:2;403:4;546:136
222836,2000077207,30160413,30160947,534,546,30160959,490049,32084,1,True,8489777,271,False,3,0:2;403:23;534:151
222826,2000077189,30161658,30162192,534,546,30162204,4b004b,32483,1,True,8708009,442,False,3,0:2;403:4;534:133
221925,2000072841,30164711,30165268,557,569,30165280,460046,158506,2,True,70137171,576,False,3,0:2;433:222;557:137
223274,2000078469,30236650,30237189,539,551,30237201,480048,157951,2,True,70121819,576,False,3,0:2;403:3;539:133
224247,2000081873,30242303,30242837,534,546,30242849,4a004a,156976,2,True,70107245,576,False,3,0:2;403:13;534:209
224706,2000083000,30251912,30252439,527,539,30252451,000000,225134,2,True,2000084073,546,False,3,0:2;403:235;527:56
225134,2000084073,30252451,30252985,534,546,30252997,3f003f,155059,2,True,70002569,607,False,3,0:2;403:99;534:105
222832,2000077202,30272605,30272736,131,143,30272748,0d0000,187095,2,True,91203208,563,False,3,-403:2;0:2;131:146
222848,2000077225,30282720,30283254,534,546,30283266,480048,158178,2,True,70131916,583,False,3,0:2;403:10;534:169
222838,2000077209,30302397,30302931,534,546,30302943,450045,6608,1,True,454712,381,False,3,0:2;403:9;534:153
223267,2000078459,30303324,30303851,527,539,30303863,430043,155886,1,True,70058024,271,False,3,0:2;403:3;527:123
222842,2000077214,30308766,30309293,527,539,30309305,430043,157030,2,True,70109061,576,False,3,0:2;403:8;527:158
223963,2000080708,30327108,30327652,544,556,30327664,430043,158096,2,True,70124198,576,False,3,0:2;403:9;544:68
224020,2000080924,30331929,30332492,563,575,30332504,400040,99478,2,True,38058309,612,False,3,0:2;403:213;563:28
222830,2000077199,30372516,30373050,534,546,30373062,3f003f,157931,2,True,70121618,539,False,3,0:2;403:7;534:143
222840,2000077212,30384515,30385049,534,546,30385061,410041,222844,2,True,2000077217,546,False,3,0:2;403:10;534:156
222844,2000077217,30385061,30385595,534,546,30385607,440044,209641,2,True,2000038211,546,False,3,0:2;403:255;534:161
223269,2000078462,30409963,30410497,534,546,30410509,440044,157998,2,True,70121910,483,False,3,0:2;403:1;534:126
223264,2000078456,30423546,30424080,534,546,30424092,3f003f,156577,2,True,70099747,466,False,3,0:2;403:3;534:120
222859,2000077241,30428106,30428640,534,546,30428652,3c003c,156764,2,True,70103179,590,False,3,0:2;403:246;534:185
224236,2000081850,30446215,30446742,527,539,30446754,440044,209763,2,True,2000038461,429,False,3,0:2;403:236;527:186
224245,2000081870,30451105,30451639,534,546,30451651,3f003f,158587,2,True,70137940,546,False,3,0:2;403:29;534:206
224531,2000082622,30453995,30454529,534,546,30454541,3c003c,158578,2,True,70137930,576,False,3,0:2;403:17;534:190
222837,2000077208,30482893,30483427,534,546,30483439,3e003e,6384,1,True,450791,389,False,3,0:2;403:23;534:152
223971,2000080723,30497283,30497817,534,546,30497829,430043,6764,1,True,456810,286,False,3,0:2;403:1;534:83
224532,2000082623,30515311,30515845,534,546,30515857,400040,6498,1,True,452816,280,False,3,0:2;403:99;534:191
222824,2000077180,30535628,30536162,534,546,30536174,3b003b,158109,2,True,70125119,576,False,3,0:2;403:196;534:124
223742,2000079736,30542158,30542692,534,546,30542704,3b003b,157637,2,True,70120173,612,False,3,0:2;403:29;534:120
224255,2000081899,30560442,30560969,527,539,30560981,350035,224260,2,True,2000081923,544,False,3,0:2;403:120;527:235
224260,2000081923,30560981,30561513,532,544,30561525,320032,224529,2,True,2000082620,546,False,3,0:2;403:167;532:3
224529,2000082620,30561525,30562059,534,546,30562071,350035,31918,1,True,8476081,271,False,3,0:2;403:17;534:188
223271,2000078464,30585139,30585673,534,546,30585685,3c003c,157138,2,True,70111948,576,False,3,0:2;403:99;534:128
223266,2000078458,30587834,30588361,527,539,30588373,320032,155865,1,True,70056925,271,False,3,0:2;403:28;527:122
223739,2000079723,30589186,30589713,527,539,30589725,320032,223850,2,True,2000080126,539,False,3,0:2;403:196;527:107
223850,2000080126,30589725,30590252,527,539,30590264,320032,157912,2,True,70121576,546,False,3,0:2;403:169;527:254
222860,2000077242,30612060,30612594,534,546,30612606,350035,156586,2,True,70099784,583,False,3,0:2;403:246;534:186
224418,2000082359,30652319,30652853,534,546,30652865,2c002c,158580,2,True,70137932,576,False,3,0:2;403:155;534:183
224250,2000081892,30659048,30659592,544,556,30659604,310031,158591,2,True,70137944,551,False,3,0:2;403:170;544:228
224242,2000081862,30660972,30661499,527,539,30661511,2f002f,223268,2,True,2000078460,539,False,3,0:2;403:253;527:198
223268,2000078460,30661511,30662038,527,539,30662050,2f002f,223741,2,True,2000079735,546,False,3,0:2;403:196;527:124
223741,2000079735,30662050,30662584,534,546,30662596,360036,157554,2,True,70118929,583,False,3,0:2;403:99;534:119
223272,2000078466,30665822,30666349,527,539,30666361,310031,158004,2,True,70121925,466,False,3,0:2;403:120;527:130
222852,2000077231,30667247,30667781,534,546,30667793,2f002f,156743,2,True,70103087,459,False,3,0:2;403:167;534:175
223736,2000079715,30691830,30692362,532,544,30692374,2f002f,157117,2,True,70111585,429,False,3,0:2;403:167;532:99
222833,2000077203,30700006,30700540,534,546,30700552,310031,158150,2,True,70131655,546,False,3,0:2;403:6;534:147
222828,2000077195,30701915,30702449,534,546,30702461,360036,210030,2,True,2000039146,546,False,3,0:2;403:5;534:139
222680,2000076764,30712373,30712919,546,558,30712931,2f002f,206128,2,True,2000028124,546,False,3,0:2;403:92;546:220
223973,2000080729,30726524,30727051,527,539,30727063,2f002f,156886,2,True,70104713,576,False,3,0:2;403:254;527:89
223966,2000080712,30735305,30735832,527,539,30735844,2f002f,157157,2,True,70112486,576,False,3,0:2;403:28;527:72
223737,2000079716,30743979,30744511,532,544,30744523,2f002f,6535,1,True,453600,271,False,3,0:2;403:167;532:100
223743,2000079740,30752320,30752854,534,546,30752866,280028,157085,2,True,70110795,429,False,3,0:2;403:169;534:124
223967,2000080714,30757502,30758036,534,546,30758048,000000,158127,2,True,70131624,590,False,3,0:2;403:5;534:74
222857,2000077236,30758638,30759172,534,546,30759184,2b002b,158255,2,True,70132347,546,False,3,0:2;403:167;534:180
223273,2000078468,30762757,30763291,534,546,30763303,300030,156605,2,True,70099872,459,False,3,0:2;403:8;534:132
223970,2000080720,30764151,30764678,527,539,30764690,2b002b,157531,2,True,70118585,429,False,3,0:2;403:190;527:80
222843,2000077215,30774906,30775433,527,539,30775445,2b002b,157966,2,True,70121842,429,False,3,0:2;403:120;527:159
223261,2000078450,30776263,30776797,534,546,30776809,260026,157525,2,True,70118575,576,False,3,0:2;403:221;534:114
223972,2000080728,30791384,30791911,527,539,30791923,2b002b,157977,2,True,70121873,576,False,3,0:2;403:28;527:88
223740,2000079731,30798229,30798756,527,539,30798768,2b002b,6786,1,True,457273,271,False,3,0:2;403:236;527:115
222849,2000077227,30799608,30800142,534,546,30800154,2b002b,157557,2,True,70118945,576,False,3,0:2;403:167;534:171
222850,2000077228,30801269,30801803,534,546,30801815,2b002b,156575,2,True,70099732,466,False,3,0:2;403:167;534:172
222853,2000077232,30812156,30812690,534,546,30812702,2b002b,6659,1,True,455417,271,False,3,0:2;403:167;534:176
222856,2000077235,30814520,30815054,534,546,30815066,2b002b,157995,2,True,70121905,476,False,3,0:2;403:167;534:179
223968,2000080718,30816788,30817322,534,546,30817334,2b002b,6991,1,True,465549,381,False,3,0:2;403:227;534:78
222829,2000077196,30833215,30833749,534,546,30833761,280028,222858,2,True,2000077237,546,False,3,0:2;403:5;534:140
222858,2000077237,30833761,30834295,534,546,30834307,2b002b,158530,1,True,70137366,271,False,3,0:2;403:167;534:181
222825,2000077182,30837884,30838418,534,546,30838430,2b002b,209986,2,True,2000038987,539,False,3,0:2;403:195;534:126
222854,2000077233,30838969,30839503,534,546,30839515,2b002b,209983,2,True,2000038984,546,False,3,0:2;403:167;534:177
222855,2000077234,30844183,30844717,534,546,30844729,2b002b,220088,2,True,2000065925,546,False,3,0:2;403:167;534:178
224239,2000081857,30846741,30847268,527,539,30847280,2b002b,213209,2,True,2000048422,539,False,3,0:2;403:238;527:193
224259,2000081917,30855334,30855861,527,539,30855873,2b002b,209975,2,True,2000038966,539,False,3,0:2;403:236;527:253
224258,2000081913,30857229,30857763,534,546,30857775,2b002b,224254,2,True,2000081898,539,False,3,0:2;403:167;534:249
224254,2000081898,30857775,30858302,527,539,30858314,2d002d,224252,2,True,2000081894,556,False,3,0:2;403:67;527:234
224252,2000081894,30858314,30858858,544,556,30858870,2b002b,158588,2,True,70137941,546,False,3,0:2;403:167;544:230
224251,2000081893,30859416,30859943,527,539,30859955,2b002b,224240,2,True,2000081859,539,False,3,0:2;403:6;527:229
224240,2000081859,30859955,30860482,527,539,30860494,2b002b,210022,2,True,2000039134,539,False,3,0:2;403:43;527:195
224248,2000081885,30861733,30862260,527,539,30862272,2d002d,158596,2,True,70137960,539,False,3,0:2;403:196;527:221
224244,2000081868,30863903,30864430,527,539,30864442,2b002b,157063,2,True,70110757,429,False,3,0:2;403:60;527:204
222851,2000077229,30866950,30867484,534,546,30867496,270027,158110,2,True,70125123,546,False,3,0:2;403:167;534:173
222847,2000077224,30871032,30871566,534,546,30871578,270027,222846,2,True,2000077223,546,False,3,0:2;403:10;534:168
222846,2000077223,30871578,30872112,534,546,30872124,270027,222845,2,True,2000077222,546,False,3,0:2;403:156;534:167
222845,2000077222,30872124,30872658,534,546,30872670,270027,211005,2,True,2000042208,546,False,3,0:2;403:156;534:166
222839,2000077211,30876921,30877455,534,546,30877467,270027,157084,2,True,70110793,429,False,3,0:2;403:10;534:155
224237,2000081852,30878442,30878969,527,539,30878981,270027,158115,2,True,70125143,546,False,3,0:2;403:25;527:188
223744,2000079750,30880502,30881029,527,539,30881041,270027,157612,2,True,70119968,607,False,3,0:2;403:120;527:134
222861,2000077243,30886096,30886630,534,546,30886642,250025,157199,2,True,70112943,539,False,3,0:2;403:169;534:187
223853,2000080130,30896021,30896548,527,539,30896560,270027,157414,2,True,70117169,539,False,3,0:2;403:14;527:2
223265,2000078457,30900585,30901119,534,546,30901131,220022,157153,2,True,70112018,576,False,3,0:2;403:0;534:121
224253,2000081895,30916365,30916892,527,539,30916904,270027,157978,2,True,70121874,576,False,3,0:2;403:170;527:231
224246,2000081872,30921677,30922204,527,539,30922216,270027,158242,2,True,70132326,546,False,3,0:2;403:156;527:208
224232,2000081842,30924896,30925423,527,539,30925435,270027,209964,2,True,2000038896,546,False,3,0:2;403:238;527:178
222834,2000077205,30928122,30928656,534,546,30928668,1e001e,157328,2,True,70114446,459,False,3,0:2;403:31;534:149
222831,2000077201,30930531,30931065,534,546,30931077,210021,158379,2,True,70134480,539,False,3,0:2;403:30;534:145
223262,2000078451,30938431,30938958,527,539,30938970,210021,222841,2,True,2000077213,546,False,3,0:2;403:221;527:115
222841,2000077213,30938970,30939504,534,546,30939516,230023,223854,2,True,2000080132,539,False,3,0:2;403:10;534:157
223854,2000080132,30939516,30940043,527,539,30940055,230023,157321,2,True,70114429,459,False,3,0:2;403:155;527:4
223275,2000078471,30942494,30943028,534,546,30943040,260026,156761,2,True,70103152,459,False,3,0:2;403:0;534:135
223745,2000079751,30943928,30944462,534,546,30944474,210021,157400,2,True,70116159,466,False,3,0:2;403:67;534:135
224243,2000081864,30959137,30959664,527,539,30959676,230023,157401,2,True,70116160,576,False,3,0:2;403:253;527:200
222835,2000077206,30974330,30974864,534,546,30974876,1b001b,158276,2,True,70132455,546,False,3,0:2;403:31;534:150
224023,2000080936,31143471,31143595,124,136,31143607,0d0000,223969,2,True,2000080719,539,False,3,-239:1;0:2;124:40
223969,2000080719,31143607,31144134,527,539,31144146,000000,223965,2,True,2000080710,539,False,3,0:2;403:167;527:79
223965,2000080710,31144146,31144673,527,539,31144685,000000,223852,2,True,2000080129,546,False,3,0:2;403:45;527:70
223852,2000080129,31144685,31145219,534,546,31145231,000000,223851,2,True,2000080128,539,False,3,0:2;403:28;534:1
223851,2000080128,31145231,31145758,527,539,31145770,000000,223644,1,True,2000079457,272,False,3,0:2;403:28;527:0
223635,2000079448,31148779,31148903,124,136,31148915,0d0000,223270,2,True,2000078463,546,False,3,-239:1;0:2;124:88
223270,2000078463,31148915,31149449,534,546,31149461,000000,223263,2,True,2000078453,546,False,3,0:2;403:96;534:127
223263,2000078453,31149461,31149995,534,546,31150007,000000,84155,1,True,29172540,291,False,3,0:2;403:45;534:117
221835,2000072525,31151975,31152615,640,652,31152627,000000,221809,2,True,2000072477,558,False,3,0:2;499:215;640:77
221809,2000072477,31152627,31153173,546,558,31153185,000000,84912,1,True,29191498,322,False,3,0:2;403:214;546:29
221341,2000070801,31153507,31154053,546,558,31154065,000000,221337,2,True,2000070797,563,False,3,0:2;403:197;546:145
221337,2000070797,31154065,31154616,551,563,31154628,000000,221263,2,True,2000070590,652,False,3,0:2;403:197;551:141
221263,2000070590,31154628,31155268,640,652,31155280,000000,221113,1,True,2000070107,386,False,3,0:2;499:198;640:190
220987,2000069587,31155666,31156313,647,659,31156325,000000,220973,2,True,2000069558,563,False,3,0:2;499:192;647:211
220973,2000069558,31156325,31156876,551,563,31156888,000000,220787,2,True,2000068839,563,False,3,0:2;403:183;551:182
224227,2000081833,31194731,31195258,527,539,31195270,000000,224231,2,True,2000081840,539,False,3,0:2;403:156;527:169
224231,2000081840,31195270,31195797,527,539,31195809,000000,224233,2,True,2000081843,539,False,3,0:2;403:45;527:176
224233,2000081843,31195809,31196336,527,539,31196348,000000,224234,2,True,2000081844,539,False,3,0:2;403:45;527:179
224234,2000081844,31196348,31196875,527,539,31196887,000000,224235,2,True,2000081847,539,False,3,0:2;403:45;527:180
224235,2000081847,31196887,31197414,527,539,31197426,000000,224238,2,True,2000081856,539,False,3,0:2;403:0;527:183
224238,2000081856,31197426,31197953,527,539,31197965,000000,224241,2,True,2000081860,539,False,3,0:2;403:6;527:192
224241,2000081860,31197965,31198492,527,539,31198504,000000,224249,2,True,2000081889,539,False,3,0:2;403:6;527:196
224249,2000081889,31198504,31199031,527,539,31199043,000000,224256,2,True,2000081902,546,False,3,0:2;403:43;527:225
224256,2000081902,31199043,31199577,534,546,31199589,000000,224257,2,True,2000081911,539,False,3,0:2;403:167;534:238
224257,2000081911,31199589,31200116,527,539,31200128,000000,224413,2,True,2000082353,556,False,3,0:2;403:236;527:247
224413,2000082353,31200128,31200672,544,556,31200684,000000,224414,2,True,2000082354,556,False,3,0:2;403:67;544:177
224414,2000082354,31200684,31201228,544,556,31201240,000000,224415,2,True,2000082355,556,False,3,0:2;403:0;544:178
224415,2000082355,31201240,31201784,544,556,31201796,000000,224530,2,True,2000082621,546,False,3,0:2;403:219;544:179
224530,2000082621,31201796,31202330,534,546,31202342,000000,224664,1,True,2000082936,367,False,3,0:2;403:96;534:189
223490,2000079057,31775225,31775843,618,630,31775855,4c004c,179231,1,True,84161825,391,False,3,0:2;441:13;618:209
223772,2000079833,31876532,31877106,574,586,31877118,480048,87308,1,True,31036809,403,False,3,0:2;433:35;574:217
224810,2000083188,32055870,32056458,588,600,32056470,370037,196831,2,True,98007111,586,False,3,0:2;433:220;588:244
224817,2000083202,32153724,32154298,574,586,32154310,320032,197045,2,True,98029103,603,False,3,0:2;433:220;574:2
224552,2000082681,32201180,32201766,586,598,32201778,2d002d,212165,2,True,2000045682,610,False,3,0:2;433:220;586:249
224154,2000081427,32333448,32334022,574,586,32334034,3d003d,198067,2,True,98056393,598,False,3,0:2;433:243;574:19
225015,2000083689,32397272,32397887,615,627,32397899,370037,179006,2,True,84158629,598,False,3,0:2;433:225;615:233
224080,2000081106,32419328,32419882,554,566,32419894,3c003c,198302,2,True,98061736,586,False,3,0:2;403:248;554:210
223884,2000080211,32420480,32421047,567,579,32421059,3c003c,218643,2,True,2000062405,573,False,3,0:2;433:213;567:83
224111,2000081316,32432315,32432906,591,603,32432918,3a003a,179033,2,True,84158971,610,False,3,0:2;433:226;591:164
224021,2000080927,32435290,32435864,574,586,32435876,370037,154837,2,True,69000548,627,False,3,0:2;433:225;574:31
224104,2000081301,32491875,32492412,537,549,32492424,3c003c,209385,2,True,2000037393,556,False,3,0:2;403:56;537:149
224815,2000083200,32538474,32539048,574,586,32539060,2d002d,198438,2,True,98063051,556,False,3,0:2;433:220;574:0
224634,2000082843,32539616,32540190,574,586,32540202,370037,178971,2,True,84157862,617,False,3,0:2;433:220;574:155
222274,2000075212,32549082,32549680,598,610,32549692,370037,198645,2,True,98065040,605,False,3,0:2;433:170;598:204
224051,2000081034,32593545,32594089,544,556,32594101,370037,198166,2,True,98060535,586,False,3,0:2;403:113;544:138
224343,2000082143,32609663,32610207,544,556,32610219,2d002d,224812,2,True,2000083194,556,False,3,0:2;403:64;544:223
224812,2000083194,32610219,32610763,544,556,32610775,2d002d,178859,2,True,84156505,556,False,3,0:2;403:220;544:250
224818,2000083204,32655751,32656332,581,593,32656344,320032,198590,2,True,98064497,586,False,3,0:2;433:220;581:4
220843,2000068973,32699481,32700025,544,556,32700037,2d002d,197592,2,True,98043624,615,False,3,0:2;403:198;544:109
220841,2000068971,32710177,32710721,544,556,32710733,2d002d,209524,2,True,2000037856,586,False,3,0:2;403:198;544:107
224347,2000082156,32711868,32712412,544,556,32712424,2d002d,219380,2,True,2000064479,556,False,3,0:2;403:64;544:236
224813,2000083198,32718408,32718982,574,586,32718994,2d002d,218266,2,True,2000061256,549,False,3,0:2;433:220;574:254
224056,2000081048,32721258,32721802,544,556,32721814,320032,198274,2,True,98061462,586,False,3,0:2;403:113;544:152
224054,2000081040,32722949,32723493,544,556,32723505,320032,178712,2,True,84153444,586,False,3,0:2;403:113;544:144
224550,2000082676,32726185,32726729,544,556,32726741,2d002d,48145,2,True,16131784,586,False,3,0:2;403:64;544:244
224549,2000082673,32727930,32728474,544,556,32728486,2d002d,219343,2,True,2000064410,549,False,3,0:2;403:64;544:241
224757,2000083092,32756501,32757055,554,566,32757067,1e001e,178783,4,True,84154111,105,False,3,0:2;403:40;554:148
223955,2000080628,33907217,33907837,620,632,33907849,440044,189601,2,True,93053248,591,False,3,0:2;433:223;620:244
221889,2000072662,34010394,34010967,573,585,34010979,370037,191215,1,True,93089800,299,False,3,0:2;403:129;573:214
222494,2000076349,34371191,34371782,591,603,34371794,3b003b,190526,2,True,93070659,612,False,3,0:2;433:15;591:61
222878,2000077267,34432323,34432902,579,591,34432914,3a003a,193659,2,True,93150063,598,False,3,0:2;433:13;579:211
222402,2000076057,34437999,34438600,601,613,34438612,390039,201361,2,True,2000013929,591,False,3,0:2;433:135;601:25
222778,2000077006,34470437,34471047,610,622,34471059,380038,200666,2,True,2000011513,561,False,3,0:2;433:13;610:206
224444,2000082422,34579699,34580248,549,561,34580260,370037,189567,2,True,93052035,591,False,3,0:2;403:14;549:246
222904,2000077311,34667423,34668002,579,591,34668014,360036,190730,2,True,93081480,617,False,3,0:2;433:13;579:255
222152,2000074331,34709454,34710045,591,603,34710057,340034,190542,2,True,93070933,593,False,3,0:2;433:124;591:91
224302,2000082024,34715083,34715674,591,603,34715686,340034,193204,2,True,93140960,578,False,3,0:2;433:51;591:104
223310,2000078631,34745228,34745817,589,601,34745829,310034,189830,2,True,93057812,605,False,3,0:2;433:223;589:39
222771,2000076992,34778440,34779014,574,586,34779026,330033,193795,2,True,93153895,591,False,3,0:2;433:13;574:192
222404,2000076060,34811802,34812351,549,561,34812363,320032,191297,1,True,93097114,281,False,3,0:2;403:14;549:28
222695,2000076788,34817665,34818207,542,554,34818219,320032,222752,1,True,2000076949,382,False,3,0:2;403:252;542:244
222870,2000077258,34824878,34825457,579,591,34825469,320032,191159,2,True,93088791,620,False,3,0:2;433:13;579:202
224276,2000081985,34899556,34900152,596,608,34900164,320032,190552,1,True,93071000,408,False,3,0:2;433:148;596:65
224376,2000082237,34901564,34902113,549,561,34902125,320032,189311,1,True,93032099,396,False,3,0:2;403:213;549:61
224423,2000082377,34902521,34903063,542,554,34903075,320032,189490,1,True,93049453,396,False,3,0:2;403:225;542:201
224424,2000082381,34903867,34904421,554,566,34904433,320032,190505,2,True,93070292,591,False,3,0:2;403:225;554:205
221180,2000070403,35032044,35032593,549,561,35032605,320032,221187,1,True,2000070429,399,False,3,0:2;403:222;549:3
222912,2000077320,35076734,35077313,579,591,35077325,310031,192296,2,True,93123130,561,False,3,0:2;433:13;579:8
221940,2000073034,35103846,35104449,603,615,35104461,32003a,192089,1,True,93121544,344,False,3,0:2;433:223;603:74
222012,2000073482,35116877,35117470,593,605,35117482,300030,201076,2,True,2000013109,603,False,3,0:2;433:31;593:10
222784,2000077024,35127792,35128402,610,622,35128414,300030,191254,2,True,93095952,598,False,3,0:2;433:13;610:224
222719,2000076847,35147090,35147676,586,598,35147688,2f002f,193586,2,True,93144964,603,False,3,0:2;433:31;586:47
222788,2000077030,35157145,35157736,591,603,35157748,2f002f,191057,2,True,93087325,598,False,3,0:2;433:13;591:230
222916,2000077325,35163803,35164394,591,603,35164406,2f002f,192459,2,True,93124632,598,False,3,0:2;433:13;591:13
222238,2000074950,35186758,35187337,579,591,35187349,2d002d,191720,1,True,93104297,391,False,3,0:2;433:144;579:198
222247,2000075011,35188885,35189498,613,625,35189510,2d002d,192959,1,True,93136985,396,False,3,0:2;433:223;613:3
222449,2000076165,35201963,35202537,574,586,35202549,2d002d,191169,2,True,93089140,481,False,3,0:2;433:158;574:133
222446,2000076161,35204133,35204722,589,601,35204734,2d002d,192196,2,True,93122414,554,False,3,0:2;433:135;589:129
221516,2000071653,35226166,35226738,572,584,35226750,2d002d,192175,2,True,93122307,591,False,3,0:2;433:20;572:229
221515,2000071652,35235207,35235786,579,591,35235798,2d002d,191312,2,True,93097500,622,False,3,0:2;433:20;579:228
221508,2000071554,35238908,35239487,579,591,35239499,2d002d,154569,2,True,68005104,627,False,3,0:2;433:168;579:130
222226,2000074887,35240968,35241510,542,554,35241522,2d002d,193250,1,True,93141356,396,False,3,0:2;403:221;542:135
221503,2000071459,35244033,35244607,574,586,35244619,2d002d,193236,2,True,93141182,610,False,3,0:2;433:207;574:35
222227,2000074888,35245625,35246197,572,584,35246209,2d002d,191671,2,True,93102360,510,False,3,0:2;433:130;572:136
221939,2000073032,35247049,35247652,603,615,35247664,1e002d,191421,2,True,93099880,481,False,3,0:2;433:31;603:72
222203,2000074700,35248145,35248682,537,549,35248694,2d002d,191482,2,True,93100474,591,False,3,0:2;403:152;537:204
223812,2000079984,35249569,35250148,579,591,35250160,2d002d,200729,2,True,2000011764,615,False,3,0:2;433:169;579:112
224092,2000081208,35260120,35260699,579,591,35260711,2d002d,224094,2,True,2000081224,571,False,3,0:2;433:83;579:56
224094,2000081224,35260711,35261270,559,571,35261282,2d002d,202593,2,True,2000016944,571,False,3,0:2;403:83;559:72
223580,2000079340,35275914,35276463,549,561,35276475,2d002d,189058,2,True,93020777,481,False,3,0:2;403:213;549:236
223578,2000079337,35280221,35280807,586,598,35280819,2d002d,209331,2,True,2000037252,556,False,3,0:2;433:61;586:233
222224,2000074885,35285826,35286368,542,554,35286380,2d002d,190694,1,True,93080956,286,False,3,0:2;403:221;542:133
223492,2000079061,35288460,35289002,542,554,35289014,2d002d,192715,2,True,93129019,598,False,3,0:2;403:203;542:213
222914,2000077322,35305865,35306475,610,622,35306487,2d002d,192096,1,True,93121620,396,False,3,0:2;433:13;610:10
224443,2000082420,35312033,35312612,579,591,35312624,2d002d,189841,2,True,93057859,598,False,3,0:2;433:225;579:244
224667,2000082942,35317407,35317956,549,561,35317968,2d002d,224669,2,True,2000082944,561,False,3,0:2;403:14;549:254
224669,2000082944,35317968,35318517,549,561,35318529,2d002d,224670,2,True,2000082946,561,False,3,0:2;403:14;549:0
224670,2000082946,35318529,35319078,549,561,35319090,2d002d,224671,2,True,2000082947,556,False,3,0:2;403:14;549:2
224671,2000082947,35319090,35319634,544,556,35319646,2d002d,193744,2,True,93152891,481,False,3,0:2;403:14;544:3
224865,2000083339,35320523,35321072,549,561,35321084,2d002d,222180,1,True,2000074526,391,False,3,0:2;403:194;549:139
222153,2000074333,35334866,35335452,586,598,35335464,2c002c,190857,2,True,93084629,591,False,3,0:2;433:124;586:93
224823,2000083211,35348072,35348621,549,561,35348633,2c002c,190644,2,True,93080323,461,False,3,0:2;403:207;549:11
222772,2000076994,35361334,35361920,586,598,35361932,2b002b,192828,3,True,93132202,722,False,3,0:2;433:13;586:194
222888,2000077284,35379592,35380178,586,598,35380190,2b002b,192088,2,True,93121543,591,False,3,0:2;433:13;586:228
222128,2000074157,35385938,35386517,579,591,35386529,2a002a,193233,2,True,93141122,605,False,3,0:2;433:51;579:173
223814,2000080028,35396479,35397058,579,591,35397070,2a002a,193019,2,True,93140125,598,False,3,0:2;433:236;579:156
222150,2000074329,35410468,35411047,579,591,35411059,2a002a,190037,2,True,93060472,591,False,3,0:2;433:51;579:89
222896,2000077299,35414052,35414624,572,584,35414636,2a002a,193793,2,True,93153893,586,False,3,0:2;433:13;572:243
222243,2000074958,35436100,35436649,549,561,35436661,280028,192221,1,True,93122480,396,False,3,0:2;403:144;549:206
222242,2000074956,35442623,35443209,586,598,35443221,280028,30508,2,True,8101898,536,False,3,0:2;433:150;586:204
222241,2000074955,35443757,35444301,544,556,35444313,280028,30517,1,True,8102506,396,False,3,0:2;403:144;544:203
222240,2000074954,35445300,35445849,549,561,35445861,280028,192377,1,True,93123661,267,False,3,0:2;403:144;549:202
222239,2000074953,35447710,35448289,579,591,35448301,280028,205158,2,True,2000025448,481,False,3,0:2;433:150;579:201
221193,2000070448,35448782,35449331,549,561,35449343,280028,221196,2,True,2000070460,561,False,3,0:2;403:40;549:48
221196,2000070460,35449343,35449892,549,561,35449904,280028,192312,2,True,93123169,591,False,3,0:2;403:12;549:60
221373,2000071130,35455294,35455836,542,554,35455848,280028,221374,2,True,2000071131,593,False,3,0:2;403:98;542:218
221374,2000071131,35455848,35456429,581,593,35456441,280028,192114,1,True,93121692,382,False,3,0:2;433:98;581:219
222118,2000074008,35456823,35457402,579,591,35457414,280028,191222,2,True,93089954,481,False,3,0:2;433:185;579:24
221923,2000072839,35464845,35465389,544,556,35465401,280028,192092,1,True,93121602,396,False,3,0:2;403:192;544:135
222099,2000073921,35467242,35467814,572,584,35467826,280028,203377,2,True,2000019506,613,False,3,0:2;433:7;572:193
225255,2000084351,35469030,35469609,579,591,35469621,280028,204439,2,True,2000023094,591,False,3,0:2;433:108;579:127
225257,2000084353,35470212,35470791,579,591,35470803,280028,8571,1,True,618950,334,False,3,0:2;433:108;579:129
225260,2000084357,35471137,35471674,537,549,35471686,280028,225261,2,True,2000084358,554,False,3,0:2;403:155;537:133
225261,2000084358,35471686,35472228,542,554,35472240,280028,30659,1,True,8115863,394,False,3,0:2;403:155;542:134
222206,2000074708,35473220,35473799,579,591,35473811,280028,204745,2,True,2000024029,591,False,3,0:2;433:150;579:212
225262,2000084359,35475312,35475854,542,554,35475866,280028,191652,2,True,93102285,617,False,3,0:2;403:155;542:135
223499,2000079076,35491077,35491649,572,584,35491661,280028,183990,2,True,89066831,444,False,3,0:2;433:203;572:228
223309,2000078630,35492105,35492684,579,591,35492696,280028,190066,1,True,93062066,301,False,3,0:2;433:61;579:38
223305,2000078623,35492997,35493466,469,481,35493478,280028,223137,2,True,2000078055,591,False,2,0:2;469:31
223137,2000078055,35493478,35494057,579,591,35494069,280028,200655,2,True,2000011492,578,False,3,0:2;433:135;579:231
222967,2000077540,35499008,35499575,567,579,35499587,280028,193804,2,True,93153954,586,False,3,0:2;433:225;567:228
223816,2000080037,35501045,35501624,579,591,35501636,280028,190992,2,True,93086501,488,False,3,0:2;433:236;579:165
222899,2000077304,35503015,35503557,542,554,35503569,280028,191136,2,True,93088190,598,False,3,0:2;403:13;542:248
223895,2000080289,35506288,35506898,610,622,35506910,280028,193758,2,True,93152944,603,False,3,0:2;433:223;610:161
223954,2000080622,35509286,35509828,542,554,35509840,280028,222172,1,True,2000074508,382,False,3,0:2;403:112;542:238
222067,2000073815,35548613,35549192,579,591,35549204,280028,190775,1,True,93081814,286,False,3,0:2;433:93;579:87
222770,2000076989,35567001,35567592,591,603,35567604,280028,209453,2,True,2000037592,554,False,3,0:2;433:13;591:189
222741,2000076922,35578690,35579269,579,591,35579281,280028,193372,2,True,93142582,561,False,3,0:2;433:201;579:122
222005,2000073450,35583453,35584032,579,591,35584044,280028,193274,1,True,93141746,396,False,3,0:2;433:158;579:234
222615,2000076595,35590944,35591393,449,461,35591405,280028,191954,1,True,93111345,396,False,2,0:2;449:51
222590,2000076519,35592399,35592978,579,591,35592990,280028,189203,2,True,93025118,586,False,3,0:2;433:158;579:231
222578,2000076479,35604561,35605140,579,591,35605152,280028,204085,2,True,2000021863,586,False,3,0:2;433:135;579:191
222496,2000076352,35606294,35606843,549,561,35606855,280028,191274,2,True,93096355,598,False,3,0:2;403:12;549:64
224338,2000082134,35625278,35625857,579,591,35625869,280028,192429,2,True,93124152,605,False,3,0:2;433:155;579:214
224388,2000082280,35626474,35627023,549,561,35627035,280028,30685,1,True,8118928,408,False,3,0:2;403:189;549:104
222039,2000073649,35628828,35629400,572,584,35629412,280028,192991,1,True,93137690,286,False,3,0:2;433:137;572:177
224428,2000082393,35630519,35631127,608,620,35631139,280028,192247,2,True,93122846,591,False,3,0:2;433:167;608:217
222272,2000075202,35632379,35632928,549,561,35632940,280028,224454,1,True,2000082443,382,False,3,0:2;403:207;549:194
222271,2000075201,35634523,35635067,544,556,35635079,280028,191340,1,True,93097808,286,False,3,0:2;403:207;544:193
224478,2000082484,35637631,35638203,572,584,35638215,280028,192062,1,True,93121052,286,False,3,0:2;433:112;572:52
222270,2000075200,35639488,35640037,549,561,35640049,280028,189773,2,True,93055653,605,False,3,0:2;403:207;549:192
222073,2000073842,35641089,35641697,608,620,35641709,2d0028,192916,2,True,93136099,591,False,3,0:2;433:223;608:114
224859,2000083330,35642300,35642842,542,554,35642854,280028,222258,2,True,2000075086,549,False,3,0:2;403:5;542:130
222258,2000075086,35642854,35643391,537,549,35643403,280028,224861,2,True,2000083332,591,False,3,0:2;403:149;537:78
224861,2000083332,35643403,35643982,579,591,35643994,280028,222257,2,True,2000075085,554,False,3,0:2;433:5;579:132
222257,2000075085,35643994,35644536,542,554,35644548,28002d,192027,1,True,93120179,281,False,3,0:2;403:149;542:77
224934,2000083489,35646040,35646589,549,561,35646601,280028,225024,2,True,2000083709,591,False,3,0:2;403:12;549:33
225024,2000083709,35646601,35647180,579,591,35647192,280028,192896,1,True,93135788,286,False,3,0:2;433:150;579:253
225035,2000083773,35647869,35648418,549,561,35648430,280028,200579,2,True,2000011241,591,False,3,0:2;403:172;549:61
225051,2000083818,35651908,35652487,579,591,35652499,280028,200659,2,True,2000011500,571,False,3,0:2;433:83;579:106
225061,2000083878,35653556,35654135,579,591,35654147,280028,222256,2,True,2000075072,579,False,3,0:2;433:112;579:166
222256,2000075072,35654147,35654714,567,579,35654726,280028,225062,2,True,2000083879,561,False,3,0:2;433:10;567:64
225062,2000083879,35654726,35655275,549,561,35655287,280028,191886,2,True,93108475,591,False,3,0:2;403:112;549:167
225072,2000083925,35656359,35656908,549,561,35656920,280028,192028,1,True,93120364,401,False,3,0:2;403:189;549:213
225079,2000083944,35657321,35657863,542,554,35657875,280028,222255,2,True,2000075069,554,False,3,0:2;403:252;542:232
222255,2000075069,35657875,35658417,542,554,35658429,280028,190440,2,True,93069576,591,False,3,0:2;403:10;542:61
225141,2000084093,35659925,35660474,549,561,35660486,280028,190431,1,True,93069452,396,False,3,0:2;403:194;549:125
222254,2000075068,35660882,35661456,574,586,35661468,280028,192870,2,True,93132327,591,False,3,0:2;433:10;574:60
225163,2000084157,35662059,35662643,584,596,35662655,280028,225167,2,True,2000084176,591,False,3,0:2;433:225;584:189
225167,2000084176,35662655,35663234,579,591,35663246,280028,191372,1,True,93098376,391,False,3,0:2;433:10;579:208
222131,2000074176,35669749,35670335,586,598,35670347,2b0027,192711,2,True,93128873,593,False,3,0:2;433:31;586:192
224482,2000082498,35674402,35674988,586,598,35675000,270027,154647,2,True,68008547,591,False,3,0:2;433:167;586:66
222040,2000073652,35684840,35685441,601,613,35685453,260026,207881,2,True,2000032793,586,False,3,0:2;433:51;601:180
223546,2000079253,35693728,35693886,158,170,35693898,070000,191263,2,True,93096239,476,False,3,-403:2;0:2;158:149
221344,2000070808,35697106,35697685,579,591,35697697,260026,190892,2,True,93085062,591,False,3,0:2;433:23;579:152
223894,2000080288,35698896,35699494,598,610,35699506,260026,192191,2,True,93122340,603,False,3,0:2;433:31;598:160
224469,2000082469,35710967,35711546,579,591,35711558,260026,193012,2,True,93138246,591,False,3,0:2;433:167;579:37
222375,2000075977,35717796,35718375,579,591,35718387,260026,192674,2,True,93128169,591,False,3,0:2;433:150;579:201
223832,2000080076,35731235,35731814,579,591,35731826,260026,222279,2,True,2000075308,556,False,3,0:2;433:223;579:204
222279,2000075308,35731826,35732370,544,556,35732382,260026,191837,2,True,93106210,598,False,3,0:2;403:244;544:44
221966,2000073232,35732980,35733566,586,598,35733578,260026,199070,2,True,2000006261,603,False,3,0:2;433:158;586:16
223286,2000078567,35749626,35750204,578,590,35750216,250025,189347,2,True,93033610,591,False,3,0:2;403:61;578:231
223815,2000080036,35750807,35751386,579,591,35751398,250025,189819,2,True,93057705,584,False,3,0:2;433:148;579:164
222062,2000073804,35763123,35763672,549,561,35763684,240024,192183,2,True,93122320,554,False,3,0:2;403:93;549:76
223565,2000079315,35777410,35777989,579,591,35778001,230023,199736,2,True,2000008685,561,False,3,0:2;433:147;579:211
223574,2000079331,35779563,35779709,146,158,35779721,070000,223674,2,True,2000079529,591,False,3,-403:2;0:2;146:227
223674,2000079529,35779721,35780300,579,591,35780312,230023,223695,2,True,2000079571,554,False,3,0:2;433:83;579:169
223695,2000079571,35780312,35780854,542,554,35780866,230023,223732,2,True,2000079682,591,False,3,0:2;403:150;542:211
223732,2000079682,35780866,35781445,579,591,35781457,230023,191988,2,True,93117786,474,False,3,0:2;433:147;579:66
225191,2000084263,35781931,35782480,549,561,35782492,230023,225196,2,True,2000084268,591,False,3,0:2;403:210;549:39
225196,2000084268,35782492,35783071,579,591,35783083,230023,193913,2,True,93154575,591,False,3,0:2;433:210;579:44
223826,2000080062,35814150,35814692,542,554,35814704,230023,193270,2,True,93141691,481,False,3,0:2;403:112;542:190
223953,2000080620,35823576,35824118,542,554,35824130,230023,193135,2,True,93140630,444,False,3,0:2;403:16;542:236
221189,2000070433,35841531,35842097,566,578,35842109,230023,192305,2,True,93123161,586,False,3,0:2;403:40;566:33
221190,2000070439,35842998,35843542,544,556,35843554,230023,191797,1,True,93104777,286,False,3,0:2;403:40;544:39
221191,2000070443,35844236,35844785,549,561,35844797,230023,190594,2,True,93078428,591,False,3,0:2;403:40;549:43
221198,2000070495,35845388,35845930,542,554,35845942,230023,204533,2,True,2000023441,596,False,3,0:2;403:98;542:95
224394,2000082300,35866432,35867004,572,584,35867016,230023,192365,2,True,93123491,474,False,3,0:2;433:167;572:124
222016,2000073498,35869961,35870503,542,554,35870515,2d0028,205365,2,True,2000025902,591,False,3,0:2;403:31;542:26
222042,2000073659,35872288,35872867,579,591,35872879,230023,222044,2,True,2000073681,561,False,3,0:2;433:192;579:187
222044,2000073681,35872879,35873428,549,561,35873440,230023,222046,2,True,2000073683,561,False,3,0:2;403:189;549:209
222046,2000073683,35873440,35873989,549,561,35874001,230023,222047,2,True,2000073686,561,False,3,0:2;403:189;549:211
222047,2000073686,35874001,35874550,549,561,35874562,230023,204609,2,True,2000023615,561,False,3,0:2;403:189;549:214
224461,2000082453,35876158,35876700,542,554,35876712,230023,224463,2,True,2000082457,615,False,3,0:2;403:112;542:21
224463,2000082457,35876712,35877315,603,615,35877327,230023,204165,2,True,2000022147,608,False,3,0:2;433:112;603:25
222098,2000073919,35881148,35881720,572,584,35881732,230023,189344,2,True,93033606,481,False,3,0:2;433:7;572:191
225182,2000084250,35882818,35883367,549,561,35883379,230023,222109,1,True,2000073934,391,False,3,0:2;403:69;549:26
222117,2000074007,35884951,35885488,537,549,35885500,230023,222119,2,True,2000074009,586,False,3,0:2;403:185;537:23
222119,2000074009,35885500,35886074,574,586,35886086,230023,192395,1,True,93124032,382,False,3,0:2;433:185;574:25
222140,2000074254,35887552,35888138,586,598,35888150,230023,222151,2,True,2000074330,642,False,3,0:2;433:124;586:14
222151,2000074330,35888150,35888780,630,642,35888792,230023,224860,2,True,2000083331,554,False,3,0:2;433:124;630:90
224860,2000083331,35888792,35889334,542,554,35889346,230023,192398,2,True,93124039,586,False,3,0:2;403:5;542:131
222202,2000074688,35891704,35892322,618,630,35892334,230023,192652,2,True,93127873,596,False,3,0:2;433:223;618:192
225025,2000083710,35894101,35894680,579,591,35894692,000000,191390,2,True,93098843,498,False,3,0:2;433:158;579:254
222244,2000074959,35896125,35896704,579,591,35896716,230023,192416,2,True,93124097,605,False,3,0:2;433:150;579:207
222276,2000075221,35897765,35898326,561,573,35898338,230023,215373,2,True,2000054793,596,False,3,0:2;403:168;561:213
222415,2000076075,35902150,35902722,572,584,35902734,230023,192445,2,True,93124179,598,False,3,0:2;433:135;572:43
222676,2000076737,35905246,35905842,596,608,35905854,230023,222696,2,True,2000076790,591,False,3,0:2;433:223;596:193
222696,2000076790,35905854,35906433,579,591,35906445,230023,205551,2,True,2000026291,591,False,3,0:2;433:252;579:246
225105,2000083990,35908582,35909131,549,561,35909143,230023,225106,2,True,2000083992,561,False,3,0:2;403:155;549:22
225106,2000083992,35909143,35909692,549,561,35909704,230023,192253,1,True,93122938,286,False,3,0:2;403:155;549:24
222960,2000077511,35915279,35915858,579,591,35915870,230023,204709,2,True,2000023908,591,False,3,0:2;433:192;579:199
223027,2000077710,35916461,35917027,566,578,35917039,230023,223138,2,True,2000078057,591,False,3,0:2;403:76;566:142
223138,2000078057,35917039,35917618,579,591,35917630,230023,192280,2,True,93123030,439,False,3,0:2;433:135;579:233
225181,2000084249,35918069,35918611,542,554,35918623,230023,223379,2,True,2000078862,591,False,3,0:2;403:69;542:25
223379,2000078862,35918623,35919202,579,591,35919214,230023,223439,2,True,2000078966,603,False,3,0:2;433:87;579:14
223439,2000078966,35919214,35919805,591,603,35919817,230023,200700,2,True,2000011628,586,False,3,0:2;433:87;591:118
223329,2000078725,35923773,35924322,549,561,35924334,220022,191955,2,True,93111347,591,False,3,0:2;403:11;549:133
222577,2000076478,35934264,35934843,579,591,35934855,220022,193667,2,True,93150095,591,False,3,0:2;433:158;579:190
222070,2000073824,35942856,35943405,549,561,35943417,220022,193479,2,True,93143926,591,False,3,0:2;403:93;549:96
221967,2000073234,35961338,35961887,549,561,35961899,200020,189902,2,True,93059221,584,False,3,0:2;403:158;549:18
222043,2000073662,35967339,35967918,579,591,35967930,200020,192844,2,True,93132253,603,False,3,0:2;433:192;579:190
222455,2000076171,35968533,35969112,579,591,35969124,200020,222456,2,True,2000076177,586,False,3,0:2;433:158;579:139
222456,2000076177,35969124,35969698,574,586,35969710,200020,222115,2,True,2000074002,613,False,3,0:2;433:158;574:145
222115,2000074002,35969710,35970311,601,613,35970323,260020,192401,2,True,93124047,488,False,3,0:2;433:223;601:18
224337,2000082133,35970811,35971360,549,561,35971372,200020,192014,2,True,93119334,461,False,3,0:2;403:99;549:213
221375,2000071134,35975569,35976160,591,603,35976172,200020,193378,2,True,93142595,549,False,3,0:2;433:99;591:222
221474,2000071364,35978486,35979033,547,559,35979045,200020,191778,2,True,93104410,586,False,3,0:2;403:98;547:196
222282,2000075311,35985528,35986107,579,591,35986119,200020,191566,2,True,93101668,474,False,3,0:2;433:158;579:47
222060,2000073799,35987179,35987738,559,571,35987750,200020,193219,2,True,93141043,444,False,3,0:2;403:93;559:71
224341,2000082139,35988194,35988743,549,561,35988755,200020,193129,2,True,93140610,615,False,3,0:2;403:99;549:219
222068,2000073817,35989931,35990480,549,561,35990492,1f001f,191805,2,True,93105399,596,False,3,0:2;403:93;549:89
222066,2000073814,35992611,35993177,566,578,35993189,1f001f,191452,2,True,93100338,591,False,3,0:2;403:93;566:86
222412,2000076072,35994256,35994805,549,561,35994817,1e001e,200809,2,True,2000012078,591,False,3,0:2;403:135;549:40
222447,2000076162,35998360,35998958,598,610,35998970,1e001e,222448,2,True,2000076163,591,False,3,0:2;433:158;598:130
222448,2000076163,35998970,35999549,579,591,35999561,1e001e,193121,2,True,93140579,444,False,3,0:2;433:158;579:131
222149,2000074328,36003362,36003941,579,591,36003953,1e001e,193136,2,True,93140631,444,False,3,0:2;433:51;579:88
222688,2000076779,36008352,36008931,579,591,36008943,1e001e,222690,2,True,2000076781,591,False,3,0:2;433:51;579:235
222690,2000076781,36008943,36009522,579,591,36009534,1e001e,189667,2,True,93053752,598,False,3,0:2;433:51;579:237
222721,2000076855,36012862,36013441,579,591,36013453,1e001e,190275,2,True,93066751,584,False,3,0:2;433:51;579:55
222961,2000077512,36046862,36047441,579,591,36047453,1e001e,191917,1,True,93108840,396,False,3,0:2;433:192;579:200
223084,2000077899,36051661,36052205,544,556,36052217,1e001e,193828,2,True,93154011,561,False,3,0:2;403:16;544:75
222154,2000074337,36052778,36053357,579,591,36053369,1e001e,200308,2,True,2000010263,591,False,3,0:2;433:19;579:97
223391,2000078879,36053960,36054573,613,625,36054585,1e001e,223393,2,True,2000078881,586,False,3,0:2;433:147;613:31
223393,2000078881,36054585,36055159,574,586,36055171,1e001e,192077,1,True,93121307,291,False,3,0:2;433:87;574:33
223561,2000079302,36056880,36057459,579,591,36057471,1e001e,191914,2,True,93108831,591,False,3,0:2;433:87;579:198
222061,2000073801,36063810,36064396,586,598,36064408,1e001e,222116,2,True,2000074006,591,False,3,0:2;433:31;586:73
222116,2000074006,36064408,36064987,579,591,36064999,1e001e,205324,2,True,2000025784,591,False,3,0:2;433:185;579:22
224334,2000082130,36074989,36075555,566,578,36075567,1e001e,189952,1,True,93059775,301,False,3,0:2;403:99;566:210
224400,2000082314,36078345,36078919,574,586,36078931,1e001e,200674,2,True,2000011553,591,False,3,0:2;433:167;574:138
224433,2000082400,36080699,36081288,589,601,36081300,1e001e,221345,2,True,2000070812,620,False,3,0:2;433:167;589:224
221345,2000070812,36081300,36081908,608,620,36081920,1e001e,205156,2,True,2000025445,591,False,3,0:2;433:23;608:156
224465,2000082462,36083851,36084423,572,584,36084435,1e001e,192838,2,True,93132234,591,False,3,0:2;433:167;572:30
223672,2000079517,36114050,36114599,549,561,36114611,1c001c,189019,2,True,93014645,481,False,3,0:2;403:202;549:157
223664,2000079505,36117856,36118405,549,561,36118417,1c001c,193240,2,True,93141225,598,False,3,0:2;403:202;549:145
223671,2000079515,36119576,36120125,549,561,36120137,1c001c,191568,2,True,93101671,444,False,3,0:2;403:202;549:155
222720,2000076854,36150227,36150806,579,591,36150818,190019,191780,2,True,93104415,591,False,3,0:2;433:51;579:54
222011,2000073479,36160786,36161365,579,591,36161377,190018,191959,2,True,93111577,566,False,3,0:2;433:31;579:7
224163,2000081462,37440788,37441364,576,588,37441376,650065,154072,2,True,67293498,596,False,3,0:2;433:67;576:54
224466,2000082463,37905561,37906144,583,595,37906156,5d005d,148567,2,True,67010369,583,False,3,0:2;440:186;583:31
224336,2000082132,37974528,37975116,588,600,37975128,5b005b,210531,2,True,2000040352,612,False,3,0:2;433:241;588:212
222513,2000076377,38192686,38193269,583,595,38193281,5a005a,152982,2,True,67260072,599,False,3,0:2;440:212;583:89
224339,2000082135,38225685,38226273,588,600,38226285,590059,149853,2,True,67103582,595,False,3,0:2;433:241;588:215
222818,2000077171,38286539,38287071,532,544,38287083,580058,150349,2,True,67149624,588,False,3,0:2;403:212;532:115
224380,2000082259,38551575,38552114,539,551,38552126,550055,150427,2,True,67153917,581,False,3,0:2;403:137;539:83
224517,2000082594,38554141,38554712,571,583,38554724,550055,150485,2,True,67155260,602,False,3,0:2;433:112;571:162
222537,2000076418,38561789,38562328,539,551,38562340,460046,224503,2,True,2000082559,612,False,3,0:2;403:14;539:130
224503,2000082559,38562340,38562940,600,612,38562952,550055,148719,2,True,67018372,581,False,3,0:2;442:61;600:127
224159,2000081444,38605122,38605710,588,600,38605722,000000,152693,2,True,67252461,588,False,3,0:2;433:165;588:36
221197,2000070483,38668631,38669205,574,586,38669217,540054,152278,1,True,67233399,288,False,3,0:2;433:45;574:83
224310,2000082048,38682713,38683277,564,576,38683289,530053,151106,2,True,67192449,588,False,3,0:2;433:95;564:128
224323,2000082085,38745897,38746466,569,581,38746478,520052,15373,2,True,1509452,581,False,3,0:2;433:93;569:165
222881,2000077272,38756564,38757103,539,551,38757115,520052,149251,2,True,67059990,483,False,3,0:2;408:212;539:216
223918,2000080412,38770001,38770577,576,588,38770589,460046,213390,2,True,2000048946,588,False,3,0:2;433:230;576:28
224098,2000081272,38794388,38794957,569,581,38794969,520052,149416,2,True,67071189,581,False,3,0:2;433:111;569:120
222524,2000076401,38804650,38805226,576,588,38805238,520052,150816,2,True,67179317,600,False,3,0:2;433:19;576:113
224342,2000082142,38817574,38818162,588,600,38818174,520052,26171,2,True,6702899,595,False,3,0:2;433:241;588:222
224345,2000082148,38921840,38922416,576,588,38922428,500050,26736,1,True,7447305,405,False,3,0:2;433:241;576:228
222529,2000076406,38923226,38923790,564,576,38923802,500050,153523,2,True,67276403,590,False,3,0:2;433:19;564:118
225043,2000083792,38929688,38930227,539,551,38930239,500050,150511,2,True,67156636,627,False,3,0:2;403:91;539:80
222885,2000077279,38945507,38946046,539,551,38946058,500050,154430,1,True,67296470,393,False,3,0:2;403:212;539:223
222453,2000076169,38960449,38961012,563,575,38961024,500050,152995,2,True,67260166,581,False,3,0:2;403:167;563:137
222451,2000076167,38961605,38962180,575,587,38962192,500050,213210,2,True,2000048423,589,False,3,0:2;403:167;575:135
222526,2000076403,38977617,38978187,570,582,38978199,500050,151345,2,True,67199945,478,False,3,0:2;403:19;570:115
225126,2000084061,38986466,38987005,539,551,38987017,500050,376,1,True,2913,405,False,3,0:2;403:169;539:93
222223,2000074871,38999019,38999646,627,639,38999658,000000,153848,2,True,67282689,576,False,3,0:2;433:234;627:119
223563,2000079313,39004983,39005571,588,600,39005583,500050,152049,2,True,67226753,583,False,3,0:2;433:138;588:209
222521,2000076398,39048444,39048978,534,546,39048990,4f004f,154381,2,True,67295646,605,False,3,0:2;403:19;534:110
222528,2000076405,39070533,39071072,539,551,39071084,4d004d,154233,2,True,67294987,551,False,3,0:2;403:19;539:117
222873,2000077261,39109003,39109537,534,546,39109549,4d004d,153930,2,True,67288496,617,False,3,0:2;403:212;534:205
222525,2000076402,39116357,39116896,539,551,39116908,4d004d,153107,2,True,67262370,600,False,3,0:2;403:19;539:114
222734,2000076891,39145189,39145723,534,546,39145735,000000,151744,2,True,67216554,605,False,3,0:2;403:199;534:91
222865,2000077250,39172251,39172790,539,551,39172802,4b004b,151974,2,True,67225481,619,False,3,0:2;403:212;539:194
222880,2000077270,39180700,39181239,539,551,39181251,4b004b,152229,2,True,67231941,576,False,3,0:2;403:212;539:214
222886,2000077282,39185236,39185787,551,563,39185799,4b004b,151390,2,True,67202653,593,False,3,0:2;403:212;551:226
224507,2000082565,39209965,39210535,570,582,39210547,4b004b,151767,2,True,67216759,594,False,3,0:2;412:61;570:133
222454,2000076170,39216076,39216654,578,590,39216666,4b004b,149672,1,True,67096728,398,False,3,0:2;411:167;578:138
222452,2000076168,39217695,39218258,563,575,39218270,4b004b,19627,1,True,4209672,446,False,3,0:2;403:167;563:136
222522,2000076399,39253058,39253597,539,551,39253609,4b004b,150995,2,True,67186117,598,False,3,0:2;403:19;539:111
222740,2000076900,39284598,39285137,539,551,39285149,000000,214998,2,True,2000053421,544,False,3,0:2;403:175;539:100
222530,2000076407,39298681,39299220,539,551,39299232,4a004a,152776,2,True,67256516,588,False,3,0:2;403:19;539:119
222532,2000076409,39302483,39303059,576,588,39303071,4a004a,220062,2,True,2000065893,582,False,3,0:2;433:19;576:121
222887,2000077283,39307948,39308482,534,546,39308494,4a004a,216865,2,True,2000058172,600,False,3,0:2;403:212;534:227
222531,2000076408,39327388,39327922,534,546,39327934,490049,214825,2,True,2000053017,551,False,3,0:2;403:19;534:120
222544,2000076426,39331836,39332370,534,546,39332382,490049,11193,2,True,819608,587,False,3,0:2;403:19;534:138
222736,2000076894,39344402,39344941,539,551,39344953,000000,153881,2,True,67286174,581,False,3,0:2;403:175;539:94
224480,2000082492,39357828,39358379,551,563,39358391,000000,153494,2,True,67276172,576,False,3,0:2;403:186;551:60
222816,2000077164,39360788,39361327,539,551,39361339,480048,151138,2,True,67193750,576,False,3,0:2;403:212;539:108
222460,2000076218,39376642,39377176,534,546,39377188,000000,154144,2,True,67293956,551,False,3,0:2;403:99;534:186
222542,2000076424,39380741,39381275,534,546,39381287,470047,154264,1,True,67295137,303,False,3,0:2;403:19;534:136
222553,2000076435,39390308,39390847,539,551,39390859,470047,152690,2,True,67251252,471,False,3,0:2;403:19;539:147
224013,2000080886,39410915,39411461,546,558,39411473,460046,206773,2,True,2000029729,588,False,3,0:2;403:167;546:246
222539,2000076420,39428553,39429092,539,551,39429104,460046,207684,2,True,2000032228,593,False,3,0:2;403:19;539:132
222533,2000076410,39431045,39431621,576,588,39431633,460046,153599,2,True,67277668,576,False,3,0:2;433:19;576:122
222546,2000076428,39434521,39435055,534,546,39435067,460046,75002,1,True,25054972,271,False,3,0:2;403:19;534:140
222527,2000076404,39437624,39438200,576,588,39438212,460046,153636,2,True,67277819,581,False,3,0:2;433:19;576:116
224326,2000082098,39469374,39469944,570,582,39469956,460046,153203,2,True,67264154,581,False,3,0:2;422:118;570:178
222872,2000077260,39482853,39483392,539,551,39483404,460046,89323,2,True,33076065,614,False,3,0:2;403:212;539:204
225042,2000083781,39530195,39530764,569,581,39530776,460046,153151,2,True,67263460,588,False,3,0:2;433:235;569:69
224488,2000082508,39531364,39531903,539,551,39531915,460046,154146,2,True,67293959,551,False,3,0:2;403:167;539:76
222554,2000076436,39537356,39537895,539,551,39537907,450045,222523,2,True,2000076400,593,False,3,0:2;403:19;539:148
222523,2000076400,39537907,39538488,581,593,39538500,450045,206672,2,True,2000029435,588,False,3,0:2;433:19;581:112
225041,2000083780,39554991,39555547,556,568,39555559,450045,152913,2,True,67258807,588,False,3,0:2;403:241;556:68
224170,2000081479,39557223,39557792,569,581,39557804,410041,209929,1,True,2000038782,403,False,3,0:2;433:175;569:71
222862,2000077245,39560987,39561526,539,551,39561538,440044,151171,2,True,67195846,646,False,3,0:2;403:212;539:189
223746,2000079752,39562759,39563298,539,551,39563310,000000,154294,2,True,67295237,546,False,3,0:2;403:99;539:136
222863,2000077246,39574839,39575371,532,544,39575383,440044,206251,2,True,2000028459,588,False,3,0:2;403:212;532:190
222541,2000076422,39577708,39578242,534,546,39578254,440044,215713,2,True,2000055478,551,False,3,0:2;403:19;534:134
222534,2000076411,39590134,39590673,539,551,39590685,440044,148559,2,True,67010337,495,False,3,0:2;403:19;539:123
222876,2000077265,39600202,39600736,534,546,39600748,440044,148910,1,True,67033273,386,False,3,0:2;403:212;534:209
222545,2000076427,39609295,39609834,539,551,39609846,430043,154305,2,True,67295249,546,False,3,0:2;403:19;539:139
222550,2000076432,39614160,39614699,539,551,39614711,430043,214586,2,True,2000052298,604,False,3,0:2;403:19;539:144
222556,2000076438,39627661,39628200,539,551,39628212,420042,153105,2,True,67262341,478,False,3,0:2;403:19;539:150
222549,2000076431,39630390,39630924,534,546,39630936,420042,153258,2,True,67269209,546,False,3,0:2;403:19;534:143
222555,2000076437,39633172,39633706,534,546,39633718,420042,214660,2,True,2000052482,551,False,3,0:2;403:19;534:149
222543,2000076425,39662999,39663538,539,551,39663550,410041,217934,2,True,2000060339,573,False,3,0:2;403:19;539:137
222864,2000077247,39668504,39669043,539,551,39669055,410041,11194,1,True,820011,271,False,3,0:2;403:212;539:191
222557,2000076439,39673767,39674306,539,551,39674318,410041,26141,1,True,6701336,446,False,3,0:2;403:19;539:151
222875,2000077264,39675310,39675844,534,546,39675856,410041,154355,2,True,67295589,595,False,3,0:2;403:212;534:208
222627,2000076617,39724680,39725219,539,551,39725231,000000,149676,2,True,67097091,471,False,3,0:2;403:99;539:73
222624,2000076612,39739940,39740479,539,551,39740491,000000,214816,2,True,2000053000,546,False,3,0:2;403:99;539:68
222520,2000076397,39745069,39745608,539,551,39745620,400040,154027,2,True,67291928,576,False,3,0:2;403:19;539:109
222551,2000076433,39750173,39750707,534,546,39750719,400040,212018,2,True,2000045268,576,False,3,0:2;403:19;534:145
222552,2000076434,39759068,39759602,534,546,39759614,3f003f,194313,2,True,95068783,602,False,3,0:2;403:19;534:146
222738,2000076898,39763544,39764078,534,546,39764090,000000,173701,1,True,82070494,386,False,3,0:2;403:175;534:98
222517,2000076390,39768659,39769254,595,607,39769266,000000,152981,2,True,67260038,498,False,3,0:2;433:36;595:102
223820,2000080044,39772753,39773292,539,551,39773304,000000,154216,2,True,67294879,544,False,3,0:2;403:175;539:172
222815,2000077162,39783701,39784270,569,581,39784282,3e003e,220244,2,True,2000066251,551,False,3,0:2;433:212;569:106
222620,2000076607,39788868,39789407,539,551,39789419,000000,194450,2,True,95078298,446,False,3,0:2;403:99;539:63
222670,2000076721,39793332,39793895,563,575,39793907,000000,154267,1,True,67295140,398,False,3,0:2;403:196;563:177
222628,2000076618,39798446,39798985,539,551,39798997,000000,153530,2,True,67276476,575,False,3,0:2;403:99;539:74
222558,2000076441,39802253,39802787,534,546,39802799,3d003d,154330,2,True,67295398,471,False,3,0:2;403:19;534:153
222547,2000076429,39828404,39828943,539,551,39828955,3c003c,149960,2,True,67115827,483,False,3,0:2;403:19;539:141
222548,2000076430,39835884,39836418,534,546,39836430,3c003c,184043,2,True,89067928,429,False,3,0:2;403:19;534:142
222817,2000077167,39837422,39837980,558,570,39837992,3c003c,216287,2,True,2000056738,551,False,3,0:2;429:212;558:111
224436,2000082406,39845753,39846292,539,551,39846304,3c003c,153592,2,True,67277654,591,False,3,0:2;403:248;539:230
222461,2000076220,39863350,39863889,539,551,39863901,000000,224160,2,True,2000081445,546,False,3,0:2;403:99;539:188
224160,2000081445,39863901,39864435,534,546,39864447,000000,152684,2,True,67250049,490,False,3,0:2;403:97;534:37
222890,2000077286,39867198,39867737,539,551,39867749,3c003c,148686,1,True,67016936,288,False,3,0:2;403:212;539:230
224521,2000082602,39874068,39874602,534,546,39874614,3c003c,217622,2,True,2000059772,551,False,3,0:2;403:250;534:170
223813,2000080018,39880549,39881105,556,568,39881117,3c003c,154200,2,True,67294774,551,False,3,0:2;403:138;556:146
222883,2000077276,39917177,39917716,539,551,39917728,3c003c,152051,1,True,67226805,276,False,3,0:2;403:212;539:220
222739,2000076899,39931580,39932119,539,551,39932131,000000,215421,2,True,2000054882,551,False,3,0:2;403:175;539:99
222540,2000076421,39940602,39941141,539,551,39941153,3a003a,208259,1,True,2000033769,386,False,3,0:2;403:19;539:133
222866,2000077251,39943830,39944369,539,551,39944381,3a003a,150009,2,True,67121778,600,False,3,0:2;403:212;539:195
222892,2000077288,39948572,39949106,534,546,39949118,3a003a,214845,2,True,2000053062,556,False,3,0:2;403:212;534:232
222879,2000077269,39979304,39979843,539,551,39979855,370037,85784,2,True,29221662,556,False,3,0:2;403:212;539:213
222626,2000076615,39980845,39981379,534,546,39981391,000000,26185,1,True,6703634,276,False,3,0:2;403:99;534:71
222867,2000077252,39986175,39986726,551,563,39986738,370037,213363,2,True,2000048903,581,False,3,0:2;403:212;551:196
222869,2000077255,39988851,39989414,563,575,39989426,370037,152852,2,True,67257953,581,False,3,0:2;432:212;563:199
222737,2000076897,40023135,40023669,534,546,40023681,000000,206493,2,True,2000028999,563,False,3,0:2;403:175;534:97
222622,2000076609,40031236,40031775,539,551,40031787,000000,153167,2,True,67263616,464,False,3,0:2;403:99;539:65
222284,2000075360,40056059,40056593,534,546,40056605,000000,215657,2,True,2000055374,544,False,3,0:2;403:220;534:96
222729,2000076886,40069187,40069726,539,551,40069738,000000,153861,2,True,67282862,551,False,3,0:2;403:99;539:86
223099,2000077966,40078033,40078611,578,590,40078623,23002d,153082,2,True,67261473,551,False,3,0:2;433:172;578:142
222732,2000076889,40085862,40086401,539,551,40086413,000000,153083,2,True,67261474,546,False,3,0:2;403:99;539:89
222285,2000075362,40099550,40100089,539,551,40100101,000000,149682,1,True,67097557,398,False,3,0:2;403:220;539:98
224473,2000082476,40225230,40225769,539,551,40225781,000000,214765,1,True,2000052900,372,False,3,0:2;403:186;539:44
224481,2000082496,40228010,40228586,576,588,40228598,000000,153987,1,True,67291624,372,False,3,0:2;433:186;576:64
222602,2000076537,41515856,41516452,596,608,41516464,320032,222597,2,True,2000076529,559,False,3,0:2;433:89;596:249
222597,2000076529,41516464,41517011,547,559,41517023,320032,28967,2,True,7586113,596,False,3,0:2;403:117;547:241
222600,2000076534,41529926,41530480,554,566,41530492,320032,208410,2,True,2000034061,596,False,3,0:2;403:83;554:246
225280,2000084400,42100037,42100574,537,549,42100586,000000,225279,2,True,2000084399,549,False,3,0:2;403:100;537:176
225279,2000084399,42100586,42101123,537,549,42101135,000000,144087,2,True,63033119,583,False,3,0:2;403:100;537:175
225276,2000084394,42208865,42209392,527,539,42209404,000000,144465,2,True,63038599,576,False,3,0:2;403:193;527:170
225282,2000084405,42209980,42210512,532,544,42210524,000000,143826,2,True,63027544,612,False,3,0:2;403:100;532:181
224887,2000083380,42237734,42238280,546,558,42238292,430043,75391,2,True,25058346,478,False,3,0:2;403:236;546:180
223045,2000077784,42252703,42253235,532,544,42253247,000000,144398,2,True,63038103,471,False,3,0:2;403:195;532:216
222095,2000073912,42264789,42265328,539,551,42265340,460046,143394,2,True,63002803,551,False,3,0:2;403:194;539:184
222265,2000075177,42265891,42266430,539,551,42266442,000000,203310,2,True,2000019280,544,False,3,0:2;403:95;539:169
223259,2000078417,42309716,42310255,539,551,42310267,000000,144215,2,True,63036078,481,False,3,0:2;403:72;539:81
225179,2000084247,42317049,42317588,539,551,42317600,3c003c,144028,2,True,63031656,464,False,3,0:2;403:195;539:23
222264,2000075176,42341060,42341587,527,539,42341599,3c003c,143949,2,True,63030998,581,False,3,0:2;403:91;527:168
224891,2000083386,42368892,42369432,540,552,42369444,000000,144275,2,True,63036249,471,False,3,0:2;411:61;540:186
223801,2000079941,42374959,42375528,569,581,42375540,000000,219449,2,True,2000064689,544,False,3,0:2;433:70;569:69
225034,2000083770,42381868,42382405,537,549,42382417,000000,144118,2,True,63033367,459,False,3,0:2;403:72;537:58
224155,2000081431,42412764,42413315,551,563,42413327,000000,215841,2,True,2000055762,593,False,3,0:2;403:79;551:23
224858,2000083328,42414513,42415052,539,551,42415064,000000,143891,2,True,63029270,469,False,3,0:2;403:93;539:128
221126,2000070184,43111573,43112156,583,595,43112168,4a004a,184586,2,True,90086631,590,False,3,0:2;433:45;583:40
225005,2000083657,43322613,43323140,527,539,43323152,3c003c,207807,2,True,2000032627,539,False,3,0:2;403:49;527:201
223945,2000080607,43407174,43407701,527,539,43407713,370037,184113,2,True,89070389,553,False,3,0:2;403:41;527:223
224674,2000082951,43533330,43533864,534,546,43533876,000000,205426,2,True,2000026015,546,False,3,0:2;403:45;534:7
224680,2000082957,43592187,43592714,527,539,43592726,000000,138632,2,True,61085505,473,False,3,0:2;403:58;527:13
224677,2000082954,43610573,43611100,527,539,43611112,000000,21206,1,True,5208277,405,False,3,0:2;403:45;527:10
224676,2000082953,43612602,43613136,534,546,43613148,000000,137603,2,True,61043613,588,False,3,0:2;403:45;534:9
224675,2000082952,43614153,43614687,534,546,43614699,000000,138480,2,True,61081807,466,False,3,0:2;403:45;534:8
220992,2000069640,43839183,43839747,564,576,43839759,280028,139208,2,True,61096243,546,False,3,0:2;433:28;564:8
224679,2000082956,43962470,43962997,527,539,43963009,000000,137807,2,True,61064141,576,False,3,0:2;403:13;527:12
223961,2000080679,44067520,44068054,534,546,44068066,1e001e,137183,2,True,61007634,539,False,3,0:2;403:139;534:39
220831,2000068947,44090604,44091131,527,539,44091143,1e001e,139133,2,True,61095899,546,False,3,0:2;403:137;527:83
221323,2000070768,44218462,44218989,527,539,44219001,000000,213383,1,True,2000048936,381,False,3,0:2;403:49;527:112
223318,2000078663,44222689,44223223,534,546,44223235,000000,223315,2,True,2000078641,588,False,3,0:2;403:40;534:71
223315,2000078641,44223235,44223811,576,588,44223823,000000,184371,1,True,90049314,381,False,3,0:2;433:40;576:49
222997,2000077634,44225299,44225833,534,546,44225845,000000,138560,1,True,61084442,381,False,3,0:2;403:40;534:66
222966,2000077538,44226770,44227304,534,546,44227316,000000,137112,1,True,61002213,295,False,3,0:2;403:40;534:226
222757,2000076960,44295732,44296273,541,553,44296285,120012,137095,2,True,60031153,429,False,3,0:2;403:91;541:160
222756,2000076959,44297811,44298352,541,553,44298364,120012,222760,2,True,2000076964,553,False,3,0:2;403:91;541:159
222760,2000076964,44298364,44298905,541,553,44298917,120012,137089,2,True,60030782,429,False,3,0:2;403:91;541:164
222755,2000076956,44299346,44299887,541,553,44299899,120012,216673,2,True,2000057534,553,False,3,0:2;403:91;541:156
222758,2000076961,44300452,44300993,541,553,44301005,120012,216665,2,True,2000057525,553,False,3,0:2;403:91;541:161
223936,2000080555,44976970,44977497,527,539,44977509,3c003c,134965,2,True,58047635,576,False,3,0:2;403:81;527:171
224685,2000082963,45040400,45040934,534,546,45040946,410041,7587,1,True,494251,295,False,3,0:2;403:80;534:19
224204,2000081693,45175178,45175705,527,539,45175717,2d002d,135793,2,True,58125829,576,False,3,0:2;403:201;527:29
224144,2000081404,45179138,45179665,527,539,45179677,2d002d,135772,2,True,58123838,473,False,3,0:2;403:100;527:252
224686,2000082964,45202632,45203166,534,546,45203178,2d002d,223683,2,True,2000079546,539,False,3,0:2;403:80;534:20
223683,2000079546,45203178,45203705,527,539,45203717,2d002d,136667,2,True,58159151,636,False,3,0:2;403:250;527:186
223995,2000080852,45211305,45211832,527,539,45211844,280028,135303,2,True,58090425,595,False,3,0:2;403:17;527:212
224419,2000082362,45221792,45222319,527,539,45222331,280028,136200,2,True,58144181,583,False,3,0:2;403:83;527:186
224688,2000082966,45228047,45228581,534,546,45228593,280028,135862,1,True,58132421,271,False,3,0:2;403:80;534:22
224140,2000081398,45231716,45232243,527,539,45232255,280028,221734,2,True,2000072288,546,False,3,0:2;403:100;527:246
221734,2000072288,45232255,45232789,534,546,45232801,280028,30413,1,True,8078690,381,False,3,0:2;403:60;534:96
224205,2000081694,45245456,45245983,527,539,45245995,280028,30308,1,True,8058823,281,False,3,0:2;403:201;527:30
222390,2000076019,45261676,45262203,527,539,45262215,14000a,135628,2,True,58115097,466,False,3,0:2;403:247;527:243
224406,2000082327,45266452,45266979,527,539,45266991,280028,136520,2,True,58154917,546,False,3,0:2;403:247;527:151
223996,2000080853,45273866,45274393,527,539,45274405,280028,200646,2,True,2000011476,539,False,3,0:2;403:17;527:213
224136,2000081393,45280527,45281098,571,583,45281110,280028,223685,2,True,2000079553,539,False,3,0:2;433:110;571:241
223685,2000079553,45281110,45281637,527,539,45281649,280028,136155,2,True,58141966,539,False,3,0:2;403:250;527:193
224284,2000081995,45282764,45283291,527,539,45283303,280028,136504,2,True,58154436,429,False,3,0:2;403:98;527:75
224828,2000083234,45284807,45285410,603,615,45285422,230032,136629,2,True,58158867,576,False,3,0:2;433:207;603:34
224799,2000083173,45287542,45288088,546,558,45288100,3a003a,136514,2,True,58154547,429,False,3,0:2;403:128;546:229
224219,2000081811,45290443,45290970,527,539,45290982,230023,136665,2,True,58159125,576,False,3,0:2;403:242;527:147
224210,2000081700,45296533,45297060,527,539,45297072,230023,136204,2,True,58144192,569,False,3,0:2;403:201;527:36
224690,2000082968,45310775,45311309,534,546,45311321,280028,136231,2,True,58146222,546,False,3,0:2;403:80;534:24
223729,2000079650,45311867,45312394,527,539,45312406,230023,136036,2,True,58137665,466,False,3,0:2;403:110;527:34
224139,2000081396,45313634,45314161,527,539,45314173,230023,224142,2,True,2000081400,539,False,3,0:2;403:197;527:244
224142,2000081400,45314173,45314700,527,539,45314712,230023,7386,1,True,481219,310,False,3,0:2;403:100;527:248
224407,2000082330,45317222,45317749,527,539,45317761,230023,135696,2,True,58122915,459,False,3,0:2;403:247;527:154
224681,2000082959,45324868,45325395,527,539,45325407,230023,136280,2,True,58149027,429,False,3,0:2;403:63;527:15
223594,2000079373,45326288,45326822,534,546,45326834,230023,135811,2,True,58127849,466,False,3,0:2;403:103;534:13
223633,2000079446,45327300,45327827,527,539,45327839,230023,136093,2,True,58140437,466,False,3,0:2;403:76;527:86
224408,2000082331,45333712,45334239,527,539,45334251,230023,136551,2,True,58156224,546,False,3,0:2;403:247;527:155
223935,2000080553,45337078,45337605,527,539,45337617,230023,136588,2,True,58158563,583,False,3,0:2;403:81;527:169
223766,2000079820,45338629,45339156,527,539,45339168,230023,136221,2,True,58146141,429,False,3,0:2;403:60;527:204
224220,2000081813,45340681,45341208,527,539,45341220,230023,136620,2,True,58158850,546,False,3,0:2;403:242;527:149
224286,2000081997,45341766,45342293,527,539,45342305,1e001e,136184,2,True,58142443,576,False,3,0:2;403:98;527:77
224221,2000081815,45355696,45356235,539,551,45356247,1e001e,136403,2,True,58152169,539,False,3,0:2;403:242;539:151
224199,2000081688,45356786,45357313,527,539,45357325,1e001e,223588,2,True,2000079358,539,False,3,0:2;403:201;527:24
223588,2000079358,45357325,45357852,527,539,45357864,1e001e,200966,2,True,2000012712,576,False,3,0:2;403:76;527:254
223370,2000078836,45371453,45371987,534,546,45371999,1e001e,136345,2,True,58151750,590,False,3,0:2;403:49;534:244
223991,2000080848,45375667,45376194,527,539,45376206,1e001e,135967,2,True,58134098,466,False,3,0:2;403:82;527:208
224682,2000082960,45378065,45378592,527,539,45378604,1e001e,136456,2,True,58152605,576,False,3,0:2;403:61;527:16
224409,2000082335,45380614,45381141,527,539,45381153,1e001e,7535,1,True,489016,405,False,3,0:2;403:247;527:159
224145,2000081406,45383495,45384022,527,539,45384034,1e001e,7241,1,True,478464,417,False,3,0:2;403:197;527:254
224687,2000082965,45386507,45387041,534,546,45387053,1e001e,136140,2,True,58141800,459,False,3,0:2;403:80;534:21
224222,2000081818,45387978,45388505,527,539,45388517,1e001e,224223,2,True,2000081819,539,False,3,0:2;403:242;527:154
224223,2000081819,45388517,45389044,527,539,45389056,1e001e,224224,2,True,2000081822,539,False,3,0:2;403:242;527:155
224224,2000081822,45389056,45389583,527,539,45389595,1e001e,136377,2,True,58152079,466,False,3,0:2;403:242;527:158
223419,2000078921,45399666,45400193,527,539,45400205,1e001e,136242,2,True,58146621,429,False,3,0:2;403:46;527:73
223809,2000079979,45403233,45403760,527,539,45403772,1e001e,135933,2,True,58133563,539,False,3,0:2;403:240;527:107
223420,2000078922,45406197,45406724,527,539,45406736,1e001e,136505,2,True,58154438,546,False,3,0:2;403:46;527:74
224202,2000081691,45407828,45408355,527,539,45408367,190019,136085,2,True,58140384,466,False,3,0:2;403:201;527:27
223612,2000079404,45410274,45410801,527,539,45410813,190019,224211,2,True,2000081701,539,False,3,0:2;403:76;527:44
224211,2000081701,45410813,45411340,527,539,45411352,1e001e,224225,2,True,2000081825,539,False,3,0:2;403:201;527:37
224225,2000081825,45411352,45411879,527,539,45411891,1e001e,211783,2,True,2000044616,539,False,3,0:2;403:242;527:161
223730,2000079652,45412430,45412957,527,539,45412969,190019,135963,2,True,58133915,583,False,3,0:2;403:249;527:36
224201,2000081690,45415066,45415593,527,539,45415605,190019,223615,2,True,2000079409,575,False,3,0:2;403:201;527:26
223615,2000079409,45415605,45416168,563,575,45416180,190019,211498,2,True,2000043732,563,False,3,0:2;403:76;563:49
224203,2000081692,45416743,45417270,527,539,45417282,190019,136597,2,True,58158696,583,False,3,0:2;403:201;527:28
223811,2000079983,45418987,45419531,544,556,45419543,190019,136315,2,True,58151298,576,False,3,0:2;403:240;544:111
223422,2000078924,45420119,45420646,527,539,45420658,190019,223728,2,True,2000079649,539,False,3,0:2;403:46;527:76
223728,2000079649,45420658,45421185,527,539,45421197,190019,224147,2,True,2000081410,551,False,3,0:2;403:249;527:33
224147,2000081410,45421197,45421736,539,551,45421748,190019,136651,2,True,58159044,429,False,3,0:2;403:197;539:2
224209,2000081699,45422177,45422704,527,539,45422716,190019,136427,2,True,58152293,539,False,3,0:2;403:201;527:35
223717,2000079622,45423255,45423782,527,539,45423794,190019,7593,1,True,494331,286,False,3,0:2;403:254;527:6
224262,2000081931,45436463,45437027,564,576,45437039,190019,136558,2,True,58156243,546,False,3,0:2;433:81;564:11
224148,2000081412,45438407,45438934,527,539,45438946,190019,224214,2,True,2000081720,576,False,3,0:2;403:197;527:4
224214,2000081720,45438946,45439510,564,576,45439522,190019,136661,2,True,58159070,671,False,3,0:2;433:81;564:56
224683,2000082961,45443087,45443614,527,539,45443626,190019,136010,2,True,58135999,476,False,3,0:2;403:61;527:17
224689,2000082967,45445690,45446224,534,546,45446236,190019,223423,2,True,2000078925,539,False,3,0:2;403:59;534:23
223423,2000078925,45446236,45446763,527,539,45446775,190019,136378,2,True,58152080,429,False,3,0:2;403:46;527:77
223993,2000080850,45447204,45447731,527,539,45447743,190019,49522,2,True,16302545,612,False,3,0:2;403:75;527:210
223424,2000078926,45448355,45448882,527,539,45448894,190019,223425,2,True,2000078927,539,False,3,0:2;403:46;527:78
223425,2000078927,45448894,45449421,527,539,45449433,190019,136426,2,True,58152292,546,False,3,0:2;403:46;527:79
223426,2000078928,45453683,45454210,527,539,45454222,190019,136607,2,True,58158745,546,False,3,0:2;403:46;527:80
224198,2000081687,45454768,45455295,527,539,45455307,140014,136528,2,True,58155449,546,False,3,0:2;403:201;527:23
224200,2000081689,45455853,45456380,527,539,45456392,140014,211782,2,True,2000044606,551,False,3,0:2;403:201;527:25
223427,2000078929,45459645,45460172,527,539,45460184,140014,223428,2,True,2000078930,539,False,3,0:2;403:46;527:81
223428,2000078930,45460184,45460711,527,539,45460723,140014,223430,2,True,2000078932,539,False,3,0:2;403:46;527:82
223430,2000078932,45460723,45461250,527,539,45461262,140014,135571,2,True,58113235,481,False,3,0:2;403:46;527:84
223688,2000079564,45462865,45463392,527,539,45463404,140014,224149,2,True,2000081416,583,False,3,0:2;403:15;527:204
224149,2000081416,45463404,45463975,571,583,45463987,140014,200653,2,True,2000011489,539,False,3,0:2;433:110;571:8
223725,2000079645,45467185,45467712,527,539,45467724,140014,136589,2,True,58158566,583,False,3,0:2;403:249;527:29
223723,2000079643,45468307,45468834,527,539,45468846,140014,223690,2,True,2000079566,539,False,3,0:2;403:249;527:27
223690,2000079566,45468846,45469373,527,539,45469385,140014,136583,2,True,58158491,429,False,3,0:2;403:15;527:206
223689,2000079565,45469814,45470341,527,539,45470353,140014,136401,2,True,58152167,429,False,3,0:2;403:15;527:205
224287,2000082000,45479931,45480458,527,539,45480470,140014,224212,2,True,2000081702,539,False,3,0:2;403:98;527:80
224212,2000081702,45480470,45480997,527,539,45481009,140014,224197,2,True,2000081685,539,False,3,0:2;403:73;527:38
224197,2000081685,45481009,45481536,527,539,45481548,140014,135770,2,True,58123826,441,False,3,0:2;403:201;527:21
224684,2000082962,45487170,45487697,527,539,45487709,140014,223634,2,True,2000079447,539,False,3,0:2;403:61;527:18
223634,2000079447,45487709,45488236,527,539,45488248,140014,136485,2,True,58153721,429,False,3,0:2;403:76;527:87
224096,2000081249,45489106,45489633,527,539,45489645,140014,136690,2,True,58159416,576,False,3,0:2;403:73;527:97
223994,2000080851,45491636,45492163,527,539,45492175,140014,136397,2,True,58152152,429,False,3,0:2;403:75;527:211
223992,2000080849,45492604,45493131,527,539,45493143,140014,136526,2,True,58155446,546,False,3,0:2;403:82;527:209
223773,2000079834,45493689,45494216,527,539,45494228,140014,136382,2,True,58152086,466,False,3,0:2;403:60;527:218
224288,2000082002,45496580,45497107,527,539,45497119,140014,136594,2,True,58158693,583,False,3,0:2;403:98;527:82
223431,2000078933,45498989,45499516,527,539,45499528,140014,223731,2,True,2000079653,539,False,3,0:2;403:46;527:85
223731,2000079653,45499528,45500055,527,539,45500067,140014,223722,2,True,2000079642,539,False,3,0:2;403:249;527:37
223722,2000079642,45500067,45500594,527,539,45500606,140014,223718,2,True,2000079623,539,False,3,0:2;403:249;527:26
223718,2000079623,45500606,45501133,527,539,45501145,140014,202726,2,True,2000017515,546,False,3,0:2;403:254;527:7
223726,2000079646,45503359,45503886,527,539,45503898,0f000f,136027,2,True,58137146,429,False,3,0:2;403:249;527:30
221483,2000071417,45511132,45511689,557,569,45511701,0f000f,136295,2,True,58150676,466,False,3,0:2;433:1;557:249
223724,2000079644,45512713,45513240,527,539,45513252,0f000f,136584,2,True,58158492,429,False,3,0:2;403:249;527:28
224150,2000081418,45515556,45516144,588,600,45516156,0f000f,136693,2,True,58159503,546,False,3,0:2;433:197;588:10
223432,2000078934,45518464,45518991,527,539,45519003,0f000f,136609,2,True,58158747,429,False,3,0:2;403:46;527:86
223720,2000079638,45520965,45521492,527,539,45521504,0f000f,136338,2,True,58151523,576,False,3,0:2;403:249;527:22
223721,2000079639,45522938,45523465,527,539,45523477,0f000f,224207,2,True,2000081696,539,False,3,0:2;403:249;527:23
224207,2000081696,45523477,45524004,527,539,45524016,0f000f,223719,2,True,2000079637,539,False,3,0:2;403:201;527:32
223719,2000079637,45524016,45524543,527,539,45524555,0f000f,223727,2,True,2000079648,539,False,3,0:2;403:249;527:21
223727,2000079648,45524555,45525082,527,539,45525094,0a000a,136335,2,True,58151518,576,False,3,0:2;403:249;527:32
224206,2000081695,45527992,45528519,527,539,45528531,0a000a,136622,2,True,58158855,429,False,3,0:2;403:201;527:31
224152,2000081423,45531105,45531632,527,539,45531644,0a000a,136438,2,True,58152305,429,False,3,0:2;403:197;527:15
223433,2000078935,45545410,45545937,527,539,45545949,0a000a,136496,2,True,58154024,429,False,3,0:2;403:46;527:87
224196,2000081684,45547677,45548204,527,539,45548216,050005,224307,1,True,2000082039,381,False,3,0:2;403:201;527:20
224208,2000081698,45550001,45550528,527,539,45550540,050005,136004,2,True,58135848,478,False,3,0:2;403:201;527:34
221620,2000071975,45653967,45654513,546,558,45654525,000000,2095,1,True,114538,452,False,3,0:2;403:212;546:39
221077,2000069893,47190309,47190863,554,566,47190875,2b002b,133643,2,True,57188396,591,False,3,0:2;403:234;554:5
225188,2000084258,47441006,47441538,532,544,47441550,320032,211387,2,True,2000043433,586,False,3,0:2;403:111;532:34
225190,2000084260,47444275,47444814,539,551,47444826,320032,132649,2,True,57164899,588,False,3,0:2;403:53;539:36
223549,2000079262,47578429,47578956,527,539,47578968,320032,134233,2,True,57202262,579,False,3,0:2;403:218;527:158
222515,2000076385,47989846,47990391,545,557,47990403,2b002b,133175,2,True,57176184,471,False,3,0:2;411:87;545:97
223131,2000078048,48240042,48240579,537,549,48240591,270027,133556,2,True,57187721,434,False,3,0:2;403:135;537:224
221160,2000070338,48242801,48243340,539,551,48243352,260026,133552,2,True,57187714,551,False,3,0:2;403:96;539:194
221159,2000070337,48243903,48244447,544,556,48244459,260026,130629,1,True,57062956,386,False,3,0:2;403:96;544:193
222963,2000077527,48429242,48429789,547,559,48429801,260026,132653,2,True,57164931,589,False,3,0:2;411:247;547:215
222962,2000077513,48431527,48432067,540,552,48432079,260026,134624,2,True,57214740,434,False,3,0:2;411:247;540:201
224853,2000083301,48438051,48438640,589,601,48438652,230023,131733,2,True,57146122,469,False,3,0:2;441:55;589:101
223687,2000079563,48439727,48440301,574,586,48440313,270027,131952,2,True,57150095,599,False,3,0:2;433:149;574:203
225225,2000084305,48500277,48500814,537,549,48500826,230023,209311,2,True,2000037101,552,False,3,0:2;403:78;537:81
223952,2000080619,48508821,48509375,554,566,48509387,270027,134010,2,True,57196623,429,False,3,0:2;403:4;554:235
224143,2000081401,48534373,48534917,544,556,48534929,220022,218236,2,True,2000061096,559,False,3,0:2;403:137;544:249
224524,2000082610,48586785,48587322,537,549,48587334,1e001e,213656,2,True,2000049633,544,False,3,0:2;403:255;537:178
225229,2000084309,48608677,48609214,537,549,48609226,1e001e,208808,2,True,2000035586,584,False,3,0:2;403:115;537:85
223947,2000080612,48614060,48614599,539,551,48614611,1e001e,132654,2,True,57164937,598,False,3,0:2;403:128;539:228
222965,2000077536,48626452,48626991,539,551,48627003,1e001e,133136,2,True,57175963,481,False,3,0:2;403:18;539:224
222969,2000077551,48627484,48628028,544,556,48628040,1e001e,133134,2,True,57175959,459,False,3,0:2;403:18;544:239
222970,2000077553,48629484,48630028,544,556,48630040,1e001e,133129,2,True,57175948,556,False,3,0:2;403:18;544:241
223126,2000078038,48650300,48650881,581,593,48650893,1e001e,223128,2,True,2000078043,544,False,3,0:2;433:128;581:214
223128,2000078043,48650893,48651425,532,544,48651437,1e001e,223140,2,True,2000078061,556,False,3,0:2;403:135;532:219
223140,2000078061,48651437,48651981,544,556,48651993,1e001e,133255,2,True,57177137,586,False,3,0:2;403:43;544:237
224579,2000082744,48656308,48656840,532,544,48656852,1e001e,212278,2,True,2000045926,552,False,3,0:2;403:112;532:56
223779,2000079878,48666040,48666577,537,549,48666589,1e001e,133261,2,True,57177201,434,False,3,0:2;403:158;537:6
220828,2000068927,48672256,48672795,539,551,48672807,210021,220829,2,True,2000068928,556,False,3,0:2;403:91;539:63
220829,2000068928,48672807,48673351,544,556,48673363,260026,211267,2,True,2000043154,556,False,3,0:2;403:238;544:64
221161,2000070339,48685920,48686457,537,549,48686469,1e001e,221162,2,True,2000070340,556,False,3,0:2;403:96;537:195
221162,2000070340,48686469,48687013,544,556,48687025,1e001e,221163,2,True,2000070341,551,False,3,0:2;403:96;544:196
221163,2000070341,48687025,48687564,539,551,48687576,1e001e,221164,2,True,2000070342,546,False,3,0:2;403:96;539:197
221164,2000070342,48687576,48688110,534,546,48688122,1e001e,221165,2,True,2000070343,551,False,3,0:2;403:96;534:198
221165,2000070343,48688122,48688661,539,551,48688673,1e001e,133280,1,True,57177859,386,False,3,0:2;403:96;539:199
224006,2000080867,48690361,48690898,537,549,48690910,1e001e,134023,2,True,57197006,476,False,3,0:2;403:160;537:227
224000,2000080857,48696842,48697369,527,539,48697381,1e001e,203621,2,True,2000020219,549,False,3,0:2;403:160;527:217
222457,2000076211,48700136,48700680,544,556,48700692,1e001e,134381,2,True,57209560,581,False,3,0:2;403:31;544:179
222458,2000076214,48705226,48705765,539,551,48705777,1e001e,222459,2,True,2000076216,556,False,3,0:2;403:31;539:182
222459,2000076216,48705777,48706321,544,556,48706333,1e001e,134429,2,True,57210627,581,False,3,0:2;403:31;544:184
222462,2000076229,48706914,48707458,544,556,48707470,1e001e,134443,2,True,57210953,586,False,3,0:2;403:31;544:197
223960,2000080678,48724960,48725505,545,557,48725517,1b001b,216037,2,True,2000056302,556,False,3,0:2;411:30;545:38
222499,2000076356,48730542,48731074,532,544,48731086,1b001b,212542,2,True,2000046682,556,False,3,0:2;403:144;532:68
224410,2000082342,48735434,48735978,544,556,48735990,190019,132718,2,True,57167285,581,False,3,0:2;403:138;544:166
224696,2000082980,48738116,48738696,580,592,48738708,190019,225144,2,True,2000084102,544,False,3,0:2;441:135;580:36
225144,2000084102,48738708,48739240,532,544,48739252,190019,221717,2,True,2000072234,556,False,3,0:2;403:110;532:134
221717,2000072234,48739252,48739796,544,556,48739808,1b001b,220631,2,True,2000068234,556,False,3,0:2;403:103;544:42
225230,2000084310,48744792,48745329,537,549,48745341,190019,220733,2,True,2000068703,556,False,3,0:2;403:115;537:86
225226,2000084306,48745897,48746429,532,544,48746441,190019,220528,2,True,2000067783,551,False,3,0:2;403:78;532:82
224857,2000083318,48746992,48747542,550,562,48747554,190019,220737,2,True,2000068720,589,False,3,0:2;411:159;550:118
223959,2000080674,48751098,48751667,569,581,48751679,1b001b,224411,2,True,2000082345,544,False,3,0:2;433:30;569:34
224411,2000082345,48751679,48752211,532,544,48752223,190019,132259,2,True,57157265,581,False,3,0:2;403:138;532:169
220963,2000069423,48762319,48762859,540,552,48762871,1b001b,220579,2,True,2000067972,589,False,3,0:2;411:115;540:47
224715,2000083013,48767739,48768283,544,556,48768295,190019,221895,2,True,2000072684,604,False,3,0:2;403:4;544:69
221895,2000072684,48768295,48768887,592,604,48768899,250025,220602,2,True,2000068057,551,False,3,0:2;403:105;592:236
224701,2000082986,48769450,48769994,544,556,48770006,190019,224434,2,True,2000082401,549,False,3,0:2;403:158;544:42
224434,2000082401,48770006,48770543,537,549,48770555,190019,220625,2,True,2000068225,559,False,3,0:2;403:118;537:225
221542,2000071766,48772815,48773367,552,564,48773379,180018,220668,2,True,2000068462,556,False,3,0:2;411:15;552:86
223048,2000077798,48773935,48774474,539,551,48774486,140014,223051,2,True,2000077809,563,False,3,0:2;408:15;539:230
223051,2000077809,48774486,48775037,551,563,48775049,140014,213650,2,True,2000049607,556,False,3,0:2;410:15;551:241
224464,2000082460,48778374,48778913,539,551,48778925,140014,220627,2,True,2000068229,579,False,3,0:2;403:111;539:28
224700,2000082985,48782885,48783462,577,589,48783474,140014,220746,2,True,2000068739,581,False,3,0:2;441:158;577:41
224526,2000082613,48784611,48785148,537,549,48785160,140014,215542,2,True,2000055090,564,False,3,0:2;403:255;537:181
224781,2000083140,48787421,48787966,545,557,48787978,140014,224528,2,True,2000082616,549,False,3,0:2;411:246;545:196
224528,2000082616,48787978,48788515,537,549,48788527,140014,199425,2,True,2000007731,481,False,3,0:2;403:255;537:184
224699,2000082984,48790673,48791220,547,559,48791232,140014,215493,2,True,2000055018,552,False,3,0:2;411:158;547:40
224784,2000083143,48792340,48792904,564,576,48792916,140014,224698,2,True,2000082982,551,False,3,0:2;433:54;564:199
224698,2000082982,48792916,48793455,539,551,48793467,140014,215486,2,True,2000055009,552,False,3,0:2;403:34;539:38
220964,2000069424,48797908,48798485,577,589,48798497,120012,220617,2,True,2000068211,544,False,3,0:2;441:115;577:48
224938,2000083498,48847384,48847811,427,439,48847823,000000,130458,1,True,57045175,385,False,2,0:2;427:42
223118,2000078025,49334471,49335071,600,612,49335083,000000,8334,2,True,564108,581,False,3,0:2;433:192;600:201
221454,2000071316,49346504,49347073,569,581,49347085,420042,221521,1,True,2000071707,289,False,3,0:2;433:219;569:148
223441,2000078970,49412822,49413349,527,539,49413361,000000,123057,1,True,52076571,296,False,3,0:2;403:35;527:122
223482,2000079045,49418775,49419309,534,546,49419321,3c003c,123210,2,True,52082100,583,False,3,0:2;403:227;534:197
221458,2000071322,49424420,49424989,569,581,49425001,3c003c,123017,1,True,52075573,276,False,3,0:2;433:221;569:154
222185,2000074554,49427988,49428527,539,551,49428539,3b003b,124137,2,True,52101468,581,False,3,0:2;403:228;539:58
222395,2000076039,49429715,49430249,534,546,49430261,3b003b,222396,2,True,2000076041,546,False,3,0:2;403:228;534:7
222396,2000076041,49430261,49430795,534,546,49430807,3b003b,123971,2,True,52098179,551,False,3,0:2;403:228;534:9
220868,2000069059,49431951,49432490,539,551,49432502,3b003b,122760,2,True,52062079,590,False,3,0:2;403:228;539:195
221522,2000071709,49443183,49443715,532,544,49443727,3a003a,122831,2,True,52067011,581,False,3,0:2;403:218;532:29
224620,2000082812,49466267,49466806,539,551,49466818,370037,122675,1,True,52058619,372,False,3,0:2;403:219;539:124
223478,2000079038,49482201,49482740,539,551,49482752,370037,221520,1,True,2000071706,257,False,3,0:2;403:65;539:190
224732,2000083044,49483592,49484126,534,546,49484138,370037,8343,1,True,565092,386,False,3,0:2;403:63;534:100
224896,2000083394,49546187,49546726,539,551,49546738,320032,122376,2,True,52026404,581,False,3,0:2;403:227;539:194
224888,2000083381,49558828,49559367,539,551,49559379,320032,224885,2,True,2000083375,546,False,3,0:2;403:227;539:181
224885,2000083375,49559379,49559913,534,546,49559925,320032,80883,2,True,28111377,583,False,3,0:2;403:227;534:175
225254,2000084350,49584680,49585207,527,539,49585219,300030,122657,2,True,52058234,471,False,3,0:2;403:218;527:126
225171,2000084185,49588037,49588569,532,544,49588581,300030,86965,2,True,29244939,576,False,3,0:2;403:218;532:217
224621,2000082815,49643565,49644104,539,551,49644116,2d002d,123866,2,True,52096695,466,False,3,0:2;403:219;539:127
220869,2000069060,49648224,49648763,539,551,49648775,2d002d,8301,2,True,561170,614,False,3,0:2;403:228;539:196
224894,2000083391,49653035,49653569,534,546,49653581,2d002d,221545,2,True,2000071788,429,False,3,0:2;403:227;534:191
221545,2000071788,49653581,49653998,417,429,49654010,2d002d,224889,2,True,2000083383,546,False,2,0:2;417:108
224889,2000083383,49654010,49654544,534,546,49654556,2d002d,78985,2,True,28013679,624,False,3,0:2;403:227;534:183
220939,2000069271,49663302,49663841,539,551,49663853,2c002c,122634,2,True,52048010,581,False,3,0:2;403:63;539:151
225263,2000084360,49678917,49679376,459,471,49679388,2b002b,123923,2,True,52097834,429,False,2,0:2;459:136
220830,2000068929,49723603,49724172,569,581,49724184,290029,221710,2,True,2000072219,546,False,3,0:2;433:149;569:65
221710,2000072219,49724184,49724718,534,546,49724730,280028,124101,2,True,52100872,546,False,3,0:2;403:125;534:27
221712,2000072221,49728838,49729377,539,551,49729389,280028,124118,2,True,52101131,581,False,3,0:2;403:125;539:29
221523,2000071712,49730887,49731421,534,546,49731433,280028,123441,2,True,52088334,558,False,3,0:2;403:149;534:32
221711,2000072220,49734581,49735137,556,568,49735149,280028,221524,2,True,2000071714,551,False,3,0:2;403:125;556:28
221524,2000071714,49735149,49735688,539,551,49735700,280028,84357,2,True,29175349,466,False,3,0:2;403:149;539:34
224932,2000083486,51496301,51496850,549,561,51496862,000000,173964,2,True,83108549,605,False,3,0:2;403:153;549:30
222613,2000076590,51845924,51846492,568,580,51846504,420042,174216,1,True,83114400,410,False,3,0:2;403:200;568:46
223232,2000078342,51921197,51921734,537,549,51921746,410041,175936,2,True,83227552,549,False,3,0:2;403:7;537:6
220911,2000069193,52035228,52035819,591,603,52035831,370037,177956,2,True,83327349,597,False,3,0:2;433:36;591:73
224309,2000082046,52057784,52058353,569,581,52058365,3e003e,19332,1,True,4100771,405,False,3,0:2;433:196;569:126
223595,2000079374,52144222,52144761,539,551,52144773,3c003c,178184,1,True,83335979,281,False,3,0:2;403:223;539:14
222450,2000076166,52220978,52221515,537,549,52221527,3c003c,200125,1,True,2000009863,396,False,3,0:2;403:35;537:134
222250,2000075049,52254105,52254649,544,556,52254661,3a003a,175157,2,True,83183907,476,False,3,0:2;403:221;544:41
223593,2000079369,52266686,52267260,574,586,52267272,3a003a,176430,1,True,83253066,293,False,3,0:2;433:0;574:9
223292,2000078576,52286180,52286741,561,573,52286753,390039,179220,2,True,84161786,607,False,3,0:2;403:255;561:240
224649,2000082865,52315047,52315579,532,544,52315591,380038,177296,2,True,83292287,603,False,3,0:2;403:11;532:177
223098,2000077965,52396484,52397028,544,556,52397040,370037,86056,2,True,29226444,463,False,3,0:2;403:223;544:141
222467,2000076274,52397503,52398047,544,556,52398059,370037,222430,1,True,2000076124,320,False,3,0:2;403:184;544:242
222287,2000075366,52398655,52399212,557,569,52399224,370037,174575,1,True,83149156,276,False,3,0:2;433:214;557:102
223231,2000078341,52423583,52424120,537,549,52424132,370037,10293,1,True,729907,403,False,3,0:2;403:7;537:5
223941,2000080595,52548728,52549267,539,551,52549279,340034,176968,1,True,83274081,391,False,3,0:2;403:239;539:211
223285,2000078564,52558471,52559003,532,544,52559015,330033,177320,2,True,83293622,605,False,3,0:2;403:249;532:228
223291,2000078575,52560562,52561138,576,588,52561150,330033,202715,2,True,2000017470,599,False,3,0:2;433:255;576:239
223872,2000080168,52562325,52562899,574,586,52562911,330033,175954,2,True,83227952,574,False,3,0:2;433:26;574:40
222280,2000075309,52563485,52564029,544,556,52564041,330033,211578,2,True,2000043936,593,False,3,0:2;403:105;544:45
222283,2000075348,52649835,52650367,532,544,52650379,320032,177595,2,True,83311139,593,False,3,0:2;403:211;532:84
224301,2000082022,52663761,52664293,532,544,52664305,320032,128816,2,True,55031782,469,False,3,0:2;403:109;532:102
223763,2000079817,52685204,52685743,539,551,52685755,320032,176998,1,True,83276091,391,False,3,0:2;403:45;539:201
223090,2000077933,52711786,52712330,544,556,52712342,320032,211839,2,True,2000044805,575,False,3,0:2;403:250;544:109
223942,2000080596,52713193,52713737,544,556,52713749,320032,204419,1,True,2000023008,282,False,3,0:2;403:239;544:212
223083,2000077897,52727467,52728011,544,556,52728023,310031,176004,2,True,83228490,600,False,3,0:2;403:60;544:73
223093,2000077944,52729142,52729686,544,556,52729698,310031,223081,2,True,2000077895,551,False,3,0:2;403:198;544:120
223081,2000077895,52729698,52730237,539,551,52730249,310031,176891,2,True,83272265,551,False,3,0:2;403:60;539:71
224157,2000081433,52744674,52745208,534,546,52745220,300030,174207,1,True,83113932,391,False,3,0:2;403:229;534:25
223900,2000080307,52762523,52763060,537,549,52763072,2f002f,12367,1,True,901894,281,False,3,0:2;403:10;537:179
223859,2000080143,52765051,52765595,544,556,52765607,2f002f,199225,2,True,2000006803,593,False,3,0:2;403:173;544:15
223869,2000080164,52781290,52781864,574,586,52781876,2e002e,175404,2,True,83205280,441,False,3,0:2;433:26;574:36
223092,2000077935,52796147,52796691,544,556,52796703,2d002d,223089,2,True,2000077932,549,False,3,0:2;403:250;544:111
223089,2000077932,52796703,52797240,537,549,52797252,2d002d,178418,2,True,84118329,469,False,3,0:2;403:250;537:108
223082,2000077896,52798769,52799313,544,556,52799325,2d002d,177779,2,True,83319785,556,False,3,0:2;403:60;544:72
223861,2000080151,52801601,52802145,544,556,52802157,2d002d,202924,2,True,2000018267,581,False,3,0:2;403:80;544:23
223857,2000080139,52805832,52806364,532,544,52806376,2d002d,174777,1,True,83160771,288,False,3,0:2;403:26;532:11
223080,2000077894,52808940,52809479,539,551,52809491,2d002d,176093,1,True,83230084,276,False,3,0:2;403:60;539:70
223764,2000079818,52822724,52823280,556,568,52823292,2d002d,177569,2,True,83307539,481,False,3,0:2;403:45;556:202
224299,2000082020,52842595,52843134,539,551,52843146,2d002d,177184,2,True,83283031,439,False,3,0:2;403:109;539:100
224319,2000082078,52846960,52847499,539,551,52847511,2d002d,128405,2,True,55012314,478,False,3,0:2;403:70;539:158
224329,2000082111,52851038,52851575,537,549,52851587,2d002d,175885,2,True,83224595,483,False,3,0:2;403:213;537:191
224335,2000082131,52853492,52854029,537,549,52854041,2d002d,177215,2,True,83287157,593,False,3,0:2;403:213;537:211
223238,2000078350,52859657,52860201,544,556,52860213,2d002d,223222,2,True,2000078321,544,False,3,0:2;403:7;544:14
223222,2000078321,52860213,52860745,532,544,52860757,2d002d,223221,2,True,2000078320,544,False,3,0:2;403:11;532:241
223221,2000078320,52860757,52861289,532,544,52861301,2d002d,174946,1,True,83169273,391,False,3,0:2;403:11;532:240
224651,2000082870,52872964,52873501,537,549,52873513,2d002d,202780,2,True,2000017788,556,False,3,0:2;403:11;537:182
224318,2000082077,52958377,52958921,544,556,52958933,2c002c,177717,2,True,83316121,586,False,3,0:2;403:70;544:157
223186,2000078178,52978788,52979362,574,586,52979374,2b002b,218309,2,True,2000061365,579,False,3,0:2;433:208;574:98
224320,2000082079,52979953,52980492,539,551,52980504,2a002a,175260,2,True,83191025,481,False,3,0:2;403:70;539:159
224317,2000082076,53008445,53008984,539,551,53008996,2a002a,174723,2,True,83157014,588,False,3,0:2;403:70;539:156
221352,2000070841,53010147,53010681,534,546,53010693,290029,174339,2,True,83125867,476,False,3,0:2;403:209;534:185
223858,2000080141,53012182,53012721,539,551,53012733,290029,26365,1,True,7001049,398,False,3,0:2;403:26;539:13
223873,2000080171,53013131,53013705,574,586,53013717,290029,215652,2,True,2000055362,567,False,3,0:2;433:26;574:43
224305,2000082033,53026124,53026663,539,551,53026675,280028,176830,2,True,83267122,551,False,3,0:2;403:213;539:113
224330,2000082119,53027517,53028056,539,551,53028068,280028,203327,2,True,2000019348,563,False,3,0:2;403:213;539:199
223233,2000078343,53120709,53121248,539,551,53121260,280028,10229,1,True,726918,403,False,3,0:2;403:7;539:7
223855,2000080133,53126251,53126795,544,556,53126807,280028,223862,2,True,2000080154,581,False,3,0:2;403:26;544:5
223862,2000080154,53126807,53127376,569,581,53127388,280028,129149,1,True,55061530,276,False,3,0:2;433:26;569:26
224731,2000083041,53140843,53141380,537,549,53141392,260026,177523,2,True,83304872,551,False,3,0:2;403:77;537:97
222614,2000076594,53261490,53262064,574,586,53262076,1e001e,177610,2,True,83312528,551,False,3,0:2;433:124;574:50
222749,2000076933,53278012,53278544,532,544,53278556,1b001b,178449,2,True,84124044,586,False,3,0:2;403:124;532:133
224272,2000081978,53281692,53282236,544,556,53282248,1e001e,176854,2,True,83269705,588,False,3,0:2;403:211;544:58
222796,2000077077,53289391,53289928,537,549,53289940,1b001b,222791,2,True,2000077043,586,False,3,0:2;403:124;537:21
222791,2000077043,53289940,53290514,574,586,53290526,1b001b,222616,2,True,2000076596,586,False,3,0:2;433:124;574:243
222616,2000076596,53290526,53291100,574,586,53291112,1d001d,220438,2,True,2000067349,556,False,3,0:2;433:124;574:52
222699,2000076800,53291668,53292242,574,586,53292254,1b001b,222797,2,True,2000077082,561,False,3,0:2;433:124;574:0
222797,2000077082,53292254,53292803,549,561,53292815,1b001b,220441,2,True,2000067364,583,False,3,0:2;403:124;549:26
222744,2000076926,53294542,53295111,569,581,53295123,1b001b,222586,2,True,2000076508,586,False,3,0:2;433:124;569:126
222586,2000076508,53295123,53295697,574,586,53295709,1a001a,222562,2,True,2000076449,593,False,3,0:2;433:124;574:220
222562,2000076449,53295709,53296290,581,593,53296302,1b001b,211125,1,True,2000042555,372,False,3,0:2;433:124;581:161
222745,2000076929,53296674,53297206,532,544,53297218,1b001b,175381,1,True,83204155,303,False,3,0:2;403:124;532:129
222588,2000076511,53299564,53300145,581,593,53300157,1b001b,222585,2,True,2000076507,586,False,3,0:2;433:124;581:223
222585,2000076507,53300157,53300731,574,586,53300743,1b001b,222642,2,True,2000076662,586,False,3,0:2;433:124;574:219
222642,2000076662,53300743,53301317,574,586,53301329,1a001a,222748,2,True,2000076932,581,False,3,0:2;433:124;574:118
222748,2000076932,53301329,53301898,569,581,53301910,1b001b,175715,2,True,83220312,476,False,3,0:2;433:124;569:132
222700,2000076801,53302855,53303429,574,586,53303441,1a001a,222795,2,True,2000077071,544,False,3,0:2;433:124;574:1
222795,2000077071,53303441,53303973,532,544,53303985,1b001b,222563,2,True,2000076451,586,False,3,0:2;403:124;532:15
222563,2000076451,53303985,53304559,574,586,53304571,1b001b,174737,2,True,83157870,581,False,3,0:2;433:124;574:163
222702,2000076806,53305152,53305738,586,598,53305750,1b001b,222701,2,True,2000076803,579,False,3,0:2;433:124;586:6
222701,2000076803,53305750,53306317,567,579,53306329,1b001b,222874,2,True,2000077262,598,False,3,0:2;433:124;567:3
222874,2000077262,53306329,53306915,586,598,53306927,1b001b,174317,2,True,83122004,544,False,3,0:2;433:124;586:206
222703,2000076807,53307471,53307935,464,476,53307947,1a001a,173925,2,True,83107802,581,False,2,0:2;464:7
222564,2000076452,53308528,53309060,532,544,53309072,1a001a,174234,2,True,83115531,469,False,3,0:2;403:124;532:164
221672,2000072139,53313817,53314251,434,446,53314263,190019,201806,1,True,2000015141,391,False,2,0:2;434:203
223153,2000078090,54137094,54137628,534,546,54137640,4b004b,196242,1,True,96152326,381,False,3,0:2;403:205;534:10
223158,2000078104,54174913,54175447,534,546,54175459,4a004a,196518,2,True,96163952,546,False,3,0:2;403:205;534:24
223447,2000078989,54209572,54210106,534,546,54210118,480048,195804,2,True,96125440,583,False,3,0:2;403:205;534:141
223443,2000078981,54215535,54216069,534,546,54216081,470047,10178,3,True,719136,695,False,3,0:2;403:205;534:133
223455,2000079003,54232731,54233265,534,546,54233277,470047,195555,2,True,96105350,576,False,3,0:2;403:205;534:155
223440,2000078967,54273935,54274469,534,546,54274481,470047,195956,2,True,96137834,583,False,3,0:2;403:205;534:119
224146,2000081409,54275655,54276189,534,546,54276201,460046,195335,2,True,96080054,590,False,3,0:2;403:205;534:1
224024,2000080937,54312059,54312635,576,588,54312647,3c003c,205606,2,True,2000026477,539,False,3,0:2;433:177;576:41
224315,2000082069,54322095,54322622,527,539,54322634,460046,195811,2,True,96125553,576,False,3,0:2;403:193;527:149
224322,2000082083,54329509,54330036,527,539,54330048,460046,194834,2,True,96024916,576,False,3,0:2;403:193;527:163
223308,2000078629,54345261,54345795,534,546,54345807,000000,201293,2,True,2000013806,576,False,3,0:2;403:168;534:37
223392,2000078880,54357838,54358365,527,539,54358377,410041,196404,2,True,96161572,546,False,3,0:2;403:189;527:32
220938,2000069267,54373762,54374319,557,569,54374331,3c003c,220882,1,True,2000069089,381,False,3,0:2;433:187;557:147
220877,2000069080,54463610,54464144,534,546,54464156,3c003c,217486,2,True,2000059475,576,False,3,0:2;403:136;534:216
224439,2000082413,54522203,54522737,534,546,54522749,410041,196310,2,True,96159314,546,False,3,0:2;403:59;534:237
222394,2000076032,54527294,54527858,564,576,54527870,400040,196333,2,True,96159612,583,False,3,0:2;433:59;564:0
224173,2000081492,54540313,54540840,527,539,54540852,3c003c,196021,2,True,96142904,546,False,3,0:2;403:166;527:84
223927,2000080471,54541944,54542490,546,558,54542502,320037,195706,2,True,96115993,551,False,3,0:2;403:11;546:87
224872,2000083353,54598846,54599410,564,576,54599422,3c003c,9945,1,True,710283,381,False,3,0:2;433:62;564:153
223538,2000079240,54614423,54614950,527,539,54614962,3c003c,195596,1,True,96110131,393,False,3,0:2;403:193;527:136
223874,2000080182,54623148,54623682,534,546,54623694,320032,196069,1,True,96144531,271,False,3,0:2;403:50;534:54
224070,2000081088,54647692,54648263,571,583,54648275,3c003c,208749,2,True,2000035335,576,False,3,0:2;433:171;571:192
223926,2000080469,54650863,54651390,527,539,54651402,320032,204367,2,True,2000022866,546,False,3,0:2;403:136;527:85
223876,2000080191,54655148,54655682,534,546,54655694,320032,201224,2,True,2000013604,546,False,3,0:2;403:50;534:63
222260,2000075112,54660525,54661059,534,546,54661071,3c003c,217153,2,True,2000058861,594,False,3,0:2;403:59;534:104
223889,2000080221,54664555,54665119,564,576,54665131,280028,196048,2,True,96143624,441,False,3,0:2;433:50;564:93
224431,2000082397,54668302,54668836,534,546,54668848,000000,202487,2,True,2000016611,576,False,3,0:2;403:59;534:221
223288,2000078570,54669970,54670521,551,563,54670533,320032,213898,2,True,2000050209,546,False,3,0:2;403:252;551:234
223881,2000080206,54681497,54682031,534,546,54682043,280028,212934,2,True,2000047557,546,False,3,0:2;403:50;534:78
223891,2000080227,54782889,54783433,544,556,54783445,280028,209065,2,True,2000036497,546,False,3,0:2;403:50;544:99
223289,2000078571,54783991,54784547,556,568,54784559,2d002d,216429,2,True,2000056969,546,False,3,0:2;403:135;556:235
223877,2000080195,54785105,54785639,534,546,54785651,280028,196464,2,True,96163352,546,False,3,0:2;403:50;534:67
223883,2000080210,54786197,54786731,534,546,54786743,280028,196465,2,True,96163353,546,False,3,0:2;403:50;534:82
223878,2000080202,54789483,54790017,534,546,54790029,280028,195640,1,True,96111838,381,False,3,0:2;403:50;534:74
223287,2000078569,54798150,54798711,561,573,54798723,32002d,217466,2,True,2000059429,539,False,3,0:2;403:0;561:233
223885,2000080214,54799262,54799796,534,546,54799808,280028,205318,2,True,2000025768,546,False,3,0:2;403:50;534:86
223290,2000078572,54801827,54802383,556,568,54802395,2d002d,212925,2,True,2000047539,546,False,3,0:2;403:135;556:236
224420,2000082366,54804825,54805359,534,546,54805371,320032,213097,1,True,2000047955,381,False,3,0:2;403:59;534:190
224344,2000082147,54813786,54814320,534,546,54814332,370037,85457,2,True,29217230,614,False,3,0:2;403:49;534:227
224421,2000082369,54826227,54826761,534,546,54826773,320032,218448,1,True,2000061916,381,False,3,0:2;403:59;534:193
223928,2000080472,54852820,54853347,527,539,54853359,1e001e,212275,2,True,2000045905,546,False,3,0:2;403:225;527:88
222971,2000077557,55368911,55369494,583,595,55369506,5a0041,125017,2,True,53063177,670,False,3,0:2;403:138;583:245
222945,2000077445,55673720,55674299,579,591,55674311,4f004f,87321,1,True,31037564,396,False,3,0:2;433:137;579:133
223980,2000080757,55679162,55679753,591,603,55679765,4b004b,125851,2,True,53122074,713,False,3,0:2;433:159;591:117
221513,2000071620,55751140,55751748,608,620,55751760,520052,124522,1,True,53026198,396,False,3,0:2;433:169;608:196
221776,2000072370,55757252,55757855,603,615,55757867,4b004b,210512,2,True,2000040324,598,False,3,0:2;433:47;603:178
222565,2000076455,55770774,55771377,603,615,55771389,4b004b,125669,2,True,53113118,605,False,3,0:2;433:137;603:167
222949,2000077464,55807865,55808414,549,561,55808426,4b004b,126630,2,True,53151205,603,False,3,0:2;403:137;549:152
222940,2000077431,55849094,55849673,579,591,55849685,4e004e,11003,3,True,772592,710,False,3,0:2;433:137;579:119
224049,2000081029,55899932,55900528,596,608,55900540,480048,124781,2,True,53051935,481,False,3,0:2;433:145;596:133
222480,2000076290,55907663,55908261,598,610,55908273,470047,127201,2,True,53168556,512,False,3,0:2;433:51;598:2
222697,2000076791,55912520,55913069,549,561,55913081,450045,10790,3,True,761294,765,False,3,0:2;403:137;549:247
222948,2000077448,55920981,55921560,579,591,55921572,480048,125394,2,True,53099168,598,False,3,0:2;433:137;579:136
221803,2000072451,56002446,56002927,481,493,56002939,440044,125725,2,True,53114562,622,False,2,0:2;481:3
221806,2000072460,56036308,56036935,627,639,56036947,420042,212678,2,True,2000047020,610,False,3,0:2;433:129;627:12
224274,2000081982,56058027,56058606,579,591,56058618,000000,126898,2,True,53162706,610,False,3,0:2;433:120;579:62
221782,2000072388,56084082,56084709,627,639,56084721,480048,221784,2,True,2000072391,622,False,3,0:2;433:47;627:196
221784,2000072391,56084721,56085331,610,622,56085343,480048,124796,2,True,53052414,598,False,3,0:2;433:102;610:199
222944,2000077443,56088465,56089014,549,561,56089026,480048,127040,2,True,53165503,598,False,3,0:2;403:137;549:131
222022,2000073515,56139676,56140225,549,561,56140237,370037,124247,1,True,53005968,321,False,3,0:2;403:110;549:43
224165,2000081469,56202763,56203317,554,566,56203329,000000,125907,2,True,53124585,617,False,3,0:2;403:120;554:61
221801,2000072446,56203946,56204525,579,591,56204537,3c003c,127114,2,True,53166879,610,False,3,0:2;433:129;579:254
221791,2000072423,56225915,56226506,591,603,56226518,420042,86629,2,True,29237773,568,False,3,0:2;433:47;591:231
221802,2000072447,56234037,56234616,579,591,56234628,3c003c,125449,2,True,53101516,651,False,3,0:2;433:129;579:255
221194,2000070449,56242305,56242884,579,591,56242896,3c003c,222023,2,True,2000073517,627,False,3,0:2;433:82;579:49
222023,2000073517,56242896,56243511,615,627,56243523,420042,222942,2,True,2000077438,591,False,3,0:2;433:110;615:45
222942,2000077438,56243523,56244102,579,591,56244114,450045,217462,2,True,2000059419,598,False,3,0:2;433:137;579:126
224053,2000081039,56245348,56245934,586,598,56245946,370037,126795,2,True,53159031,598,False,3,0:2;433:145;586:143
221781,2000072385,56256684,56257287,603,615,56257299,420042,126855,2,True,53160689,591,False,3,0:2;433:47;603:193
221195,2000070452,56265718,56266297,579,591,56266309,2d002d,10709,3,True,757657,710,False,3,0:2;433:82;579:52
222019,2000073506,56268616,56269202,586,598,56269214,420042,11051,1,True,801547,483,False,3,0:2;433:110;586:34
221805,2000072456,56270307,56270893,586,598,56270905,3c003c,127471,1,True,53175966,396,False,3,0:2;433:129;586:8
224916,2000083445,56273074,56273667,593,605,56273679,3c003c,125845,2,True,53121922,591,False,3,0:2;433:207;593:245
221956,2000073174,56275877,56276456,579,591,56276468,320032,127206,2,True,53168931,591,False,3,0:2;433:224;579:214
221780,2000072383,56296293,56296886,593,605,56296898,420042,127244,2,True,53170479,591,False,3,0:2;433:110;593:191
221795,2000072430,56301758,56302356,598,610,56302368,420042,221792,2,True,2000072427,603,False,3,0:2;433:47;598:238
221792,2000072427,56302368,56302959,591,603,56302971,420042,126543,2,True,53148460,498,False,3,0:2;433:47;591:235
221786,2000072394,56303469,56304096,627,639,56304108,420042,127823,1,True,53182894,396,False,3,0:2;433:47;627:202
222802,2000077104,56315805,56316391,586,598,56316403,3f003f,126113,2,True,53133094,598,False,3,0:2;433:137;586:48
223768,2000079823,56324092,56324641,549,561,56324653,370037,224052,2,True,2000081035,591,False,3,0:2;403:155;549:207
224052,2000081035,56324653,56325232,579,591,56325244,370037,127669,2,True,53180814,591,False,3,0:2;433:145;579:139
221972,2000073245,56340825,56341404,579,591,56341416,320032,127624,2,True,53179111,615,False,3,0:2;433:224;579:29
221790,2000072422,56347099,56347678,579,591,56347690,3c003c,125073,1,True,53070642,396,False,3,0:2;433:47;579:230
222694,2000076787,56361816,56362377,561,573,56362389,370037,124303,2,True,53010654,603,False,3,0:2;403:137;561:243
222804,2000077115,56364163,56364712,549,561,56364724,3f003f,126770,2,True,53157409,481,False,3,0:2;403:137;549:59
221886,2000072647,56365205,56365784,579,591,56365796,3c003c,125122,2,True,53073568,617,False,3,0:2;433:129;579:199
222928,2000077375,56369399,56369948,549,561,56369960,3f003f,127639,2,True,53179838,591,False,3,0:2;403:137;549:63
224071,2000081091,56371845,56372394,549,561,56372406,370037,127233,2,True,53170355,598,False,3,0:2;403:145;549:195
222017,2000073502,56374810,56375389,579,591,56375401,370037,126975,2,True,53163585,598,False,3,0:2;433:110;579:30
221974,2000073253,56377898,56378477,579,591,56378489,320032,125931,2,True,53124915,598,False,3,0:2;433:224;579:37
222020,2000073511,56380350,56380965,615,627,56380977,370037,125813,1,True,53119737,399,False,3,0:2;433:110;615:39
223414,2000078912,56385866,56386445,579,591,56386457,000000,223384,2,True,2000078868,603,False,3,0:2;433:93;579:64
223384,2000078868,56386457,56387048,591,603,56387060,370037,10683,1,True,755574,444,False,3,0:2;433:93;591:20
224975,2000083554,56398531,56399110,579,591,56399122,370037,10835,1,True,762910,396,False,3,0:2;433:207;579:98
223821,2000080047,56405559,56406108,549,561,56406120,000000,10928,1,True,767618,396,False,3,0:2;403:42;549:175
221311,2000070721,56455158,56455744,586,598,56455756,2d002d,124503,1,True,53025038,286,False,3,0:2;433:82;586:65
224048,2000081026,56456042,56456621,579,591,56456633,370037,127017,2,True,53164407,591,False,3,0:2;433:145;579:130
224068,2000081080,56459395,56459974,579,591,56459986,3c003c,224069,2,True,2000081087,591,False,3,0:2;433:29;579:184
224069,2000081087,56459986,56460565,579,591,56460577,370037,127081,2,True,53166516,591,False,3,0:2;433:145;579:191
221798,2000072437,56463776,56464355,579,591,56464367,3f003f,127088,2,True,53166590,591,False,3,0:2;433:47;579:245
223484,2000079047,56465869,56466430,561,573,56466442,370037,211016,2,True,2000042247,554,False,3,0:2;403:155;561:199
221797,2000072436,56472294,56472880,586,598,56472892,3c003c,86644,2,True,29237804,591,False,3,0:2;433:47;586:244
221888,2000072658,56484602,56485212,610,622,56485224,320032,184513,2,True,90077824,603,False,3,0:2;433:129;610:210
221882,2000072625,56487021,56487600,579,591,56487612,370037,124645,2,True,53039380,591,False,3,0:2;433:129;579:177
223748,2000079763,56495040,56495619,579,591,56495631,320032,126540,2,True,53148428,598,False,3,0:2;433:110;579:147
224340,2000082138,56500002,56500581,579,591,56500593,350035,126680,2,True,53152482,591,False,3,0:2;433:157;579:218
221779,2000072377,56505960,56506546,586,598,56506558,2d002d,223712,2,True,2000079592,603,False,3,0:2;433:47;586:185
223712,2000079592,56506558,56507149,591,603,56507161,410041,126538,1,True,53148118,399,False,3,0:2;433:77;591:232
221794,2000072429,56515620,56516211,591,603,56516223,2d002d,224657,2,True,2000082886,591,False,3,0:2;433:47;591:237
224657,2000082886,56516223,56516802,579,591,56516814,370037,221880,2,True,2000072623,561,False,3,0:2;433:157;579:198
221880,2000072623,56516814,56517363,549,561,56517375,320032,215457,2,True,2000054949,591,False,3,0:2;403:129;549:175
221887,2000072650,56517966,56518515,549,561,56518527,3c003c,126726,2,True,53156135,605,False,3,0:2;403:129;549:202
221980,2000073264,56522027,56522606,579,591,56522618,370037,126883,2,True,53162452,598,False,3,0:2;433:224;579:48
224171,2000081481,56525022,56525601,579,591,56525613,370037,127587,2,True,53177974,605,False,3,0:2;433:117;579:73
221785,2000072393,56527998,56528589,591,603,56528601,330033,125726,2,True,53114563,598,False,3,0:2;433:47;591:201
223510,2000079138,56529790,56530363,573,585,56530375,2d002d,126098,2,True,53132663,591,False,3,0:2;403:155;573:34
224919,2000083461,56545638,56546224,586,598,56546236,370037,125350,2,True,53098015,591,False,3,0:2;433:207;586:5
224566,2000082710,56553370,56553956,586,598,56553968,3c003c,127536,2,True,53176965,598,False,3,0:2;433:173;586:22
224073,2000081093,56559523,56560072,549,561,56560084,2d002d,127082,2,True,53166517,591,False,3,0:2;403:145;549:197
223843,2000080104,56564511,56565060,549,561,56565072,000000,126834,2,True,53159998,598,False,3,0:2;403:59;549:232
224645,2000082856,56565670,56566249,579,591,56566261,370037,127589,2,True,53177976,591,False,3,0:2;433:157;579:168
224662,2000082900,56568040,56568619,579,591,56568631,370037,126467,2,True,53145067,598,False,3,0:2;433:157;579:212
221892,2000072666,56578299,56578848,549,561,56578860,370037,125039,2,True,53065412,608,False,3,0:2;403:129;549:218
221903,2000072701,56581267,56581853,586,598,56581865,320032,125611,2,True,53109984,610,False,3,0:2;433:102;586:253
222761,2000076965,56591464,56592013,549,561,56592025,370037,203626,2,True,2000020236,591,False,3,0:2;403:137;549:165
223533,2000079218,56593615,56594194,579,591,56594206,3c003c,126485,2,True,53145578,606,False,3,0:2;433:150;579:114
221936,2000072942,56597017,56597566,549,561,56597578,320032,126722,2,True,53155249,598,False,3,0:2;403:224;549:238
223822,2000080048,56611546,56612095,549,561,56612107,000000,124384,1,True,53017951,610,False,3,0:2;403:42;549:176
225069,2000083912,56617398,56618025,627,639,56618037,3c003c,127618,2,True,53178736,591,False,3,0:2;433:126;627:200
224656,2000082885,56619243,56619822,579,591,56619834,370037,126228,2,True,53138443,608,False,3,0:2;433:157;579:197
221998,2000073404,56632091,56632699,608,620,56632711,320032,125029,2,True,53063732,500,False,3,0:2;433:197;608:188
222018,2000073505,56633211,56633760,549,561,56633772,320032,124322,2,True,53011991,646,False,3,0:2;403:110;549:33
223487,2000079051,56637838,56638424,586,598,56638436,2d002d,221877,2,True,2000072618,591,False,3,0:2;433:155;586:203
221877,2000072618,56638436,56639015,579,591,56639027,2d002d,10921,1,True,766866,396,False,3,0:2;433:51;579:170
223486,2000079049,56639423,56639972,549,561,56639984,370037,126344,3,True,53140162,710,False,3,0:2;403:155;549:201
221192,2000070446,56642089,56642668,579,591,56642680,330033,124722,2,True,53048729,658,False,3,0:2;433:102;579:46
221796,2000072434,56646667,56647282,615,627,56647294,2d002d,125888,2,True,53123134,598,False,3,0:2;433:47;615:242
221896,2000072688,56647892,56648471,579,591,56648483,320032,126801,2,True,53159469,554,False,3,0:2;433:150;579:240
224827,2000083233,56649037,56649623,586,598,56649635,370037,219810,2,True,2000065437,578,False,3,0:2;433:207;586:33
221884,2000072641,56652401,56652950,549,561,56652962,370037,222478,2,True,2000076287,573,False,3,0:2;403:129;549:193
222478,2000076287,56652962,56653523,561,573,56653535,330033,224559,2,True,2000082692,591,False,3,0:2;403:51;561:255
224559,2000082692,56653535,56654114,579,591,56654126,2c002c,126005,2,True,53126895,591,False,3,0:2;433:38;579:4
221309,2000070710,56655911,56656497,586,598,56656509,3c003c,126862,2,True,53160888,603,False,3,0:2;433:82;586:54
221984,2000073270,56658886,56659435,549,561,56659447,320032,126789,2,True,53158449,598,False,3,0:2;403:224;549:54
224778,2000083136,56660045,56660594,549,561,56660606,320032,224573,2,True,2000082720,591,False,3,0:2;403:29;549:192
224573,2000082720,56660606,56661185,579,591,56661197,2c002c,124652,1,True,53039856,408,False,3,0:2;433:38;579:32
221885,2000072643,56669526,56670075,549,561,56670087,320032,124305,2,True,53010686,591,False,3,0:2;403:129;549:195
224660,2000082894,56709907,56710486,579,591,56710498,370037,124697,2,True,53047522,481,False,3,0:2;433:157;579:206
222612,2000076585,56727403,56727945,542,554,56727957,000000,209059,2,True,2000036476,598,False,3,0:2;403:71;542:41
224569,2000082716,56775821,56776400,579,591,56776412,2c002c,127715,2,True,53181405,561,False,3,0:2;433:38;579:28
224563,2000082699,56778125,56778674,549,561,56778686,2c002c,127790,2,True,53182202,598,False,3,0:2;403:38;549:11
223770,2000079828,56780490,56781039,549,561,56781051,350035,127693,2,True,53181051,591,False,3,0:2;403:155;549:212
221982,2000073266,56784282,56784831,549,561,56784843,2d002d,126720,2,True,53155167,598,False,3,0:2;403:224;549:50
224178,2000081510,56791849,56792391,542,554,56792403,280028,126691,2,True,53152720,591,False,3,0:2;403:34;542:102
221985,2000073273,56794207,56794756,549,561,56794768,320032,127203,2,True,53168565,622,False,3,0:2;403:224;549:57
224137,2000081394,56797066,56797652,586,598,56797664,310031,125267,1,True,53091711,396,False,3,0:2;433:145;586:242
221876,2000072616,56798060,56798609,549,561,56798621,2d002d,218490,2,True,2000061991,598,False,3,0:2;403:129;549:168
221881,2000072624,56800218,56800767,549,561,56800779,2d002d,214797,2,True,2000052966,444,False,3,0:2;403:129;549:176
221893,2000072667,56804864,56805413,549,561,56805425,370037,127640,2,True,53179917,591,False,3,0:2;403:129;549:219
224555,2000082687,56831221,56831770,549,561,56831782,2c002c,127059,2,True,53165603,591,False,3,0:2;403:38;549:255
224567,2000082712,56839638,56840187,549,561,56840199,2c002c,10617,1,True,752087,396,False,3,0:2;403:38;549:24
223534,2000079219,56842369,56842948,579,591,56842960,370037,127163,2,True,53167642,481,False,3,0:2;433:150;579:115
221978,2000073262,56844623,56845172,549,561,56845184,2d002d,124289,2,True,53009766,610,False,3,0:2;403:224;549:46
224169,2000081477,56846798,56847347,549,561,56847359,2c002c,221986,2,True,2000073274,561,False,3,0:2;403:117;549:69
221986,2000073274,56847359,56847908,549,561,56847920,2d002d,125438,1,True,53101337,477,False,3,0:2;403:224;549:58
224774,2000083128,56863765,56864314,549,561,56864326,2c002c,125887,2,True,53122972,591,False,3,0:2;403:29;549:184
221799,2000072440,56873025,56873586,561,573,56873598,2a002a,127404,2,True,53175149,591,False,3,0:2;403:47;561:248
224174,2000081493,56875414,56875963,549,561,56875975,2d002d,127501,2,True,53176296,481,False,3,0:2;403:117;549:85
221879,2000072621,56877655,56878234,579,591,56878246,320032,127633,2,True,53179454,598,False,3,0:2;433:129;579:173
223771,2000079832,56878844,56879393,549,561,56879405,340034,217997,2,True,2000060451,598,False,3,0:2;403:155;549:216
221148,2000070282,56892191,56892770,579,591,56892782,2d002d,127600,2,True,53177992,591,False,3,0:2;433:71;579:138
221976,2000073258,56895604,56896183,579,591,56896195,320032,10648,1,True,753682,420,False,3,0:2;433:224;579:42
224352,2000082170,56898395,56898937,542,554,56898949,300030,124537,1,True,53027179,413,False,3,0:2;403:123;542:250
224565,2000082708,56901159,56901745,586,598,56901757,350035,125483,2,True,53102198,591,False,3,0:2;433:173;586:20
224568,2000082715,56902348,56902897,549,561,56902909,210021,127909,2,True,53186117,481,False,3,0:2;403:38;549:27
224748,2000083074,56913024,56913573,549,561,56913585,2c002c,127862,2,True,53183913,591,False,3,0:2;403:29;549:130
224663,2000082902,56914772,56915321,549,561,56915333,2c002c,124842,2,True,53054725,591,False,3,0:2;403:157;549:214
223511,2000079139,56919379,56919952,573,585,56919964,280028,223520,2,True,2000079156,591,False,3,0:2;403:155;573:35
223520,2000079156,56919964,56920543,579,591,56920555,320032,127526,2,True,53176464,598,False,3,0:2;433:115;579:52
223760,2000079814,56922356,56922905,549,561,56922917,2d002d,125514,2,True,53103803,591,False,3,0:2;403:155;549:198
224075,2000081098,56923508,56924057,549,561,56924069,2d002d,126522,2,True,53146874,493,False,3,0:2;403:145;549:202
224560,2000082694,56925135,56925714,579,591,56925726,2c002c,86698,2,True,29240367,561,False,3,0:2;433:38;579:6
224350,2000082165,56927803,56928352,549,561,56928364,280028,10707,1,True,757654,286,False,3,0:2;403:123;549:245
224078,2000081102,56939764,56940330,566,578,56940342,2d002d,224571,2,True,2000082718,578,False,3,0:2;403:145;566:206
224571,2000082718,56940342,56940908,566,578,56940920,2c002c,126558,2,True,53149514,591,False,3,0:2;403:38;566:30
224744,2000083070,56944856,56945405,549,561,56945417,250025,126904,2,True,53162744,591,False,3,0:2;403:29;549:126
221977,2000073260,56980934,56981483,549,561,56981495,2d002d,125637,2,True,53111605,603,False,3,0:2;403:224;549:44
221981,2000073265,56983085,56983634,549,561,56983646,2d002d,125562,2,True,53108049,591,False,3,0:2;403:224;549:49
224562,2000082698,56994591,56995170,579,591,56995182,2c002c,124676,1,True,53041444,396,False,3,0:2;433:38;579:10
224141,2000081399,56995578,56996144,566,578,56996156,2c002c,224138,2,True,2000081395,578,False,3,0:2;403:145;566:247
224138,2000081395,56996156,56996722,566,578,56996734,280028,4215,3,True,156275,756,False,3,0:2;403:145;566:243
224127,2000081355,56997490,56998039,549,561,56998051,2c002c,223421,2,True,2000078923,603,False,3,0:2;403:145;549:203
223421,2000078923,56998051,56998642,591,603,56998654,000000,223418,2,True,2000078919,481,False,3,0:2;433:93;591:75
223418,2000078919,56998654,56999123,469,481,56999135,000000,213343,2,True,2000048878,591,False,2,0:2;469:71
224079,2000081103,57025471,57026013,542,554,57026025,2c002c,126821,2,True,53159725,615,False,3,0:2;403:145;542:207
224125,2000081348,57026640,57027189,549,561,57027201,280028,126521,2,True,53146824,591,False,3,0:2;403:145;549:196
224126,2000081351,57028300,57028849,549,561,57028861,2b002b,184089,2,True,89068986,615,False,3,0:2;403:145;549:199
224658,2000082887,57032438,57033034,596,608,57033046,2c002c,127853,2,True,53183612,598,False,3,0:2;433:157;596:199
224561,2000082697,57036532,57037081,549,561,57037093,260026,224168,2,True,2000081475,554,False,3,0:2;403:38;549:9
224168,2000081475,57037093,57037635,542,554,57037647,280028,218198,2,True,2000060937,603,False,3,0:2;403:117;542:67
224564,2000082707,57047068,57047654,586,598,57047666,320032,126305,2,True,53139246,598,False,3,0:2;433:173;586:19
224783,2000083142,57058730,57059279,549,561,57059291,210021,10843,2,True,763061,603,False,3,0:2;403:29;549:198
221878,2000072620,57062019,57062568,549,561,57062580,280028,127746,2,True,53181653,591,False,3,0:2;403:129;549:172
223544,2000079248,57065549,57066098,549,561,57066110,2d002d,126105,2,True,53132873,603,False,3,0:2;403:155;549:144
224572,2000082719,57069728,57070277,549,561,57070289,260026,124573,2,True,53030095,591,False,3,0:2;403:38;549:31
224570,2000082717,57085514,57086063,549,561,57086075,210021,10816,2,True,762434,613,False,3,0:2;403:38;549:29
223767,2000079822,57087279,57087828,549,561,57087840,2c002c,127478,2,True,53175982,591,False,3,0:2;403:155;549:206
221902,2000072700,57105742,57106291,549,561,57106303,1e001e,125840,2,True,53121760,591,False,3,0:2;403:102;549:252
223545,2000079251,57115382,57115931,549,561,57115943,2d002d,127562,2,True,53177316,591,False,3,0:2;403:155;549:147
221904,2000072702,57132259,57132808,549,561,57132820,1e001e,127028,2,True,53165162,591,False,3,0:2;403:102;549:254
224795,2000083163,57134453,57135002,549,561,57135014,210021,127423,2,True,53175498,561,False,3,0:2;403:29;549:219
224558,2000082691,57138072,57138621,549,561,57138633,210021,126541,2,True,53148435,598,False,3,0:2;403:38;549:3
224351,2000082169,57139231,57139780,549,561,57139792,210021,125389,2,True,53099146,591,False,3,0:2;403:123;549:249
223896,2000080295,57148248,57148797,549,561,57148809,000000,127338,2,True,53173289,591,False,3,0:2;403:152;549:167
223759,2000079811,57235978,57236527,549,561,57236539,260026,126101,2,True,53132865,505,False,3,0:2;403:155;549:195
224659,2000082888,57237044,57237593,549,561,57237605,210021,126848,2,True,53160347,561,False,3,0:2;403:157;549:200
224787,2000083147,57242788,57243337,549,561,57243349,210021,126094,2,True,53132659,591,False,3,0:2;403:29;549:203
224792,2000083158,57246849,57247398,549,561,57247410,280028,10949,2,True,769384,591,False,3,0:2;403:29;549:214
223543,2000079247,57283108,57283657,549,561,57283669,240024,214794,2,True,2000052961,561,False,3,0:2;403:155;549:143
224661,2000082898,57297488,57298037,549,561,57298049,260026,124963,2,True,53059934,603,False,3,0:2;403:157;549:210
224739,2000083062,57314900,57315449,549,561,57315461,1e001e,10793,3,True,761319,710,False,3,0:2;403:29;549:118
223758,2000079809,57323521,57324070,549,561,57324082,210021,127015,2,True,53164404,573,False,3,0:2;403:155;549:193
223757,2000079808,57324655,57325204,549,561,57325216,210021,127019,2,True,53164409,561,False,3,0:2;403:155;549:192
224650,2000082869,57342850,57343429,579,591,57343441,210021,10820,1,True,762515,396,False,3,0:2;433:157;579:181
224735,2000083054,57349067,57349616,549,561,57349628,1c001c,125147,2,True,53075017,591,False,3,0:2;403:29;549:110
224785,2000083144,57357353,57357902,549,561,57357914,210021,127565,2,True,53177319,561,False,3,0:2;403:29;549:200
224736,2000083055,57388735,57389284,549,561,57389296,1e001e,224648,2,True,2000082860,561,False,3,0:2;403:29;549:111
224648,2000082860,57389296,57389845,549,561,57389857,210021,10862,2,True,764208,591,False,3,0:2;403:157;549:172
224647,2000082859,57432623,57433172,549,561,57433184,210021,124509,2,True,53025185,591,False,3,0:2;403:157;549:171
222465,2000076240,57537379,57537979,600,612,57537991,000000,10924,1,True,767056,272,False,3,0:2;433:107;600:208
222725,2000076871,57546261,57546810,549,561,57546822,000000,222731,2,True,2000076888,561,False,3,0:2;403:145;549:71
222731,2000076888,57546822,57547371,549,561,57547383,000000,222733,2,True,2000076890,561,False,3,0:2;403:145;549:88
222733,2000076890,57547383,57547932,549,561,57547944,000000,127902,1,True,53185617,382,False,3,0:2;403:145;549:90
221622,2000071978,58175589,58176153,564,576,58176165,2b002b,123060,2,True,52076622,569,False,3,0:2;433:176;564:42
221639,2000072024,58304530,58305106,576,588,58305118,270027,122863,2,True,52069872,576,False,3,0:2;433:176;576:88
221659,2000072117,58311707,58312271,564,576,58312283,260026,122961,2,True,52073028,546,False,3,0:2;433:62;564:181
221656,2000072110,58368071,58368647,576,588,58368659,230023,122912,2,True,52071435,551,False,3,0:2;433:176;576:174
221596,2000071916,58375862,58376438,576,588,58376450,220022,123685,2,True,52093233,588,False,3,0:2;433:176;576:236
221674,2000072142,58434122,58434649,527,539,58434661,1e001e,123882,2,True,52097356,576,False,3,0:2;403:176;527:206
221658,2000072115,58436917,58437451,534,546,58437463,1e001e,124058,2,True,52099986,546,False,3,0:2;403:176;534:179
221640,2000072026,58441778,58442312,534,546,58442324,1d001d,123392,2,True,52087119,583,False,3,0:2;403:176;534:90
221660,2000072123,58442907,58443471,564,576,58443483,1c001c,5972,2,True,410481,576,False,3,0:2;433:246;564:187
221661,2000072124,58463203,58463767,564,576,58463779,190019,2330,1,True,116898,405,False,3,0:2;433:176;564:188
221554,2000071821,58719612,58720146,534,546,58720158,000000,221528,1,True,2000071732,367,False,3,0:2;403:6;534:141
221376,2000071150,59564953,59565492,539,551,59565504,500050,96031,2,True,37058879,593,False,3,0:2;403:150;539:238
224043,2000081004,59805375,59805914,539,551,59805926,460046,95128,2,True,37005706,469,False,3,0:2;403:84;539:108
220959,2000069375,59903676,59904232,556,568,59904244,430043,1666,1,True,15791,396,False,3,0:2;403:56;556:255
220960,2000069376,59923756,59924302,546,558,59924314,3f003f,96715,2,True,37076228,556,False,3,0:2;403:56;546:0
221378,2000071154,59985675,59986219,544,556,59986231,000000,97050,2,True,37084663,556,False,3,0:2;403:150;544:242
221379,2000071155,60007884,60008428,544,556,60008440,000000,97057,2,True,37084670,551,False,3,0:2;403:150;544:243
220862,2000069000,60009547,60010091,544,556,60010103,000000,97266,2,True,37088080,551,False,3,0:2;403:66;544:136
221380,2000071157,60022610,60023147,537,549,60023159,000000,96798,2,True,37076845,439,False,3,0:2;403:150;537:245
221381,2000071159,60032274,60032806,532,544,60032818,000000,97056,2,True,37084669,556,False,3,0:2;403:150;532:247
221377,2000071152,60045151,60045688,537,549,60045700,000000,205125,2,True,2000025289,573,False,3,0:2;403:150;537:240
221382,2000071161,60052468,60053024,556,568,60053036,000000,184085,2,True,89068689,581,False,3,0:2;403:150;556:249
221773,2000072352,60065560,60066104,544,556,60066116,000000,211323,2,True,2000043309,551,False,3,0:2;403:236;544:160
220861,2000068999,60072798,60073337,539,551,60073349,000000,220581,2,True,2000067988,556,False,3,0:2;403:66;539:135
220864,2000069002,60075579,60076123,544,556,60076135,000000,220863,2,True,2000069001,563,False,3,0:2;403:66;544:138
220863,2000069001,60076135,60076686,551,563,60076698,000000,213049,2,True,2000047829,551,False,3,0:2;403:66;551:137
220865,2000069013,60083198,60083737,539,551,60083749,000000,202345,2,True,2000016230,617,False,3,0:2;403:66;539:149
221078,2000069896,60084366,60084915,549,561,60084927,2d002d,200329,2,True,2000010344,600,False,3,0:2;403:66;549:8
221414,2000071225,60120953,60121516,563,575,60121528,000000,214138,1,True,2000050961,377,False,3,0:2;403:193;563:57
222780,2000077011,60280944,60281483,539,551,60281495,000000,71027,1,True,23467828,282,False,3,0:2;403:68;539:211
222781,2000077016,60283196,60283747,551,563,60283759,000000,1024,1,True,10160,386,False,3,0:2;403:68;551:216
223156,2000078094,60380869,60381435,566,578,60381447,460041,132586,2,True,57164093,608,False,3,0:2;403:205;566:14
224131,2000081365,60418630,60419174,544,556,60419186,0c000c,115516,2,True,47094703,586,False,3,0:2;403:121;544:213
222929,2000077384,60505635,60506172,537,549,60506184,46003c,178768,2,True,84154022,603,False,3,0:2;403:116;537:72
221389,2000071177,60551863,60552520,657,669,60552532,000000,139513,4,True,62013816,105,False,3,0:2;499:188;657:9
221579,2000071886,60587992,60588543,551,563,60588555,000000,115366,1,True,47046340,408,False,3,0:2;403:204;551:206
222353,2000075868,63346532,63347066,534,546,63347078,450045,108500,1,True,43152387,293,False,3,0:2;403:160;534:92
224063,2000081069,63391357,63391950,593,605,63391962,440044,106458,2,True,43021132,590,False,3,0:2;433:214;593:173
224804,2000083180,63465617,63466175,558,570,63466187,420042,114467,1,True,43615174,367,False,3,0:2;403:128;558:236
224800,2000083174,63993425,63994001,576,588,63994013,3c003c,113544,1,True,43499855,286,False,3,0:2;433:220;576:230
224432,2000082399,64105484,64106018,534,546,64106030,370037,224426,1,True,2000082385,381,False,3,0:2;403:66;534:223
224291,2000082006,64117535,64118069,534,546,64118081,370037,204677,2,True,2000023801,563,False,3,0:2;403:249;534:86
224074,2000081095,64124210,64124751,541,553,64124763,370037,30228,1,True,7990972,381,False,3,0:2;403:248;541:199
222444,2000076148,64213190,64213729,539,551,64213741,300030,212329,2,True,2000046070,539,False,3,0:2;403:23;539:116
224119,2000081334,64255688,64256252,564,576,64256264,340034,111221,2,True,43379088,429,False,3,0:2;433:64;564:182
222638,2000076653,64373072,64373616,544,556,64373628,2d0032,114488,1,True,43615521,381,False,3,0:2;403:194;544:109
222323,2000075643,64466489,64467023,534,546,64467035,310031,108962,1,True,43200225,280,False,3,0:2;403:214;534:123
222334,2000075716,64496868,64497402,534,546,64497414,310031,112065,2,True,43424534,546,False,3,0:2;403:51;534:196
222566,2000076460,64714590,64715117,527,539,64715129,2d002d,18993,1,True,3802824,271,False,3,0:2;403:197;527:172
224551,2000082679,64727013,64727559,546,558,64727571,2d002d,115034,2,True,43619458,429,False,3,0:2;403:64;546:247
222288,2000075367,64969979,64970513,534,546,64970525,2a002a,113690,2,True,43500318,539,False,3,0:2;403:216;534:103
222329,2000075704,65002856,65003390,534,546,65003402,290029,106753,1,True,43049819,381,False,3,0:2;403:51;534:184
222339,2000075727,65053708,65054242,534,546,65054254,280028,217397,1,True,2000059259,381,False,3,0:2;403:51;534:207
222332,2000075714,65058010,65058544,534,546,65058556,280028,11655,1,True,836548,398,False,3,0:2;403:51;534:194
222568,2000076464,65111225,65111759,534,546,65111771,270027,212323,2,True,2000046050,539,False,3,0:2;403:197;534:176
222333,2000075715,65145989,65146523,534,546,65146535,260026,222331,2,True,2000075709,546,False,3,0:2;403:51;534:195
222331,2000075709,65146535,65147069,534,546,65147081,260026,112617,2,True,43433767,546,False,3,0:2;403:51;534:189
222561,2000076447,65167339,65167873,534,546,65167885,200020,111966,2,True,43409243,473,False,3,0:2;403:168;534:159
221938,2000072981,65190931,65191465,534,546,65191477,240024,111718,1,True,43393323,271,False,3,0:2;403:186;534:21
222328,2000075692,65301355,65301889,534,546,65301901,220022,9603,1,True,704769,381,False,3,0:2;403:52;534:172
222338,2000075726,65330226,65330760,534,546,65330772,210021,222335,2,True,2000075719,546,False,3,0:2;403:51;534:206
222335,2000075719,65330772,65331306,534,546,65331318,210021,113318,2,True,43486356,546,False,3,0:2;403:51;534:199
222322,2000075635,65377324,65377858,534,546,65377870,200020,115007,2,True,43619302,546,False,3,0:2;403:41;534:115
222698,2000076796,65436851,65437409,558,570,65437421,0a000a,113829,2,True,43500776,429,False,3,0:2;403:29;558:252
222326,2000075672,65445307,65445841,534,546,65445853,1e001e,204014,2,True,2000021636,539,False,3,0:2;403:52;534:152
220895,2000069170,65692338,65692889,551,563,65692901,000000,220896,2,True,2000069172,563,False,3,0:2;403:164;551:50
220896,2000069172,65692901,65693452,551,563,65693464,000000,220948,2,True,2000069283,558,False,3,0:2;403:164;551:52
220948,2000069283,65693464,65694010,546,558,65694022,000000,221296,2,True,2000070687,558,False,3,0:2;403:167;546:163
221296,2000070687,65694022,65694568,546,558,65694580,000000,111344,4,True,43388745,105,False,3,0:2;403:194;546:31
224554,2000082686,66169335,66169906,571,583,66169918,410041,194220,2,True,95041053,684,False,3,0:2;433:66;571:254
225264,2000084361,66281338,66281919,581,593,66281931,410041,105906,2,True,42106335,593,False,3,0:2;433:52;581:137
225037,2000083775,66312222,66312759,537,549,66312771,3c003c,105550,2,True,42094981,610,False,3,0:2;403:148;537:63
223141,2000078064,66322318,66322857,539,551,66322869,410041,105449,2,True,42092687,588,False,3,0:2;403:135;539:240
225065,2000083889,66365373,66365900,527,539,66365912,3c003c,194403,2,True,95076456,640,False,3,0:2;403:64;527:177
224949,2000083512,66397967,66398506,539,551,66398518,3c003c,105694,2,True,42100147,546,False,3,0:2;403:147;539:56
224623,2000082821,66440809,66441348,539,551,66441360,320032,29634,2,True,7862190,634,False,3,0:2;403:148;539:133
225172,2000084219,66492552,66493143,591,603,66493155,370037,224866,2,True,2000083344,546,False,3,0:2;433:63;591:251
224866,2000083344,66493155,66493689,534,546,66493701,370037,105668,2,True,42099862,434,False,3,0:2;403:66;534:144
225063,2000083884,66648516,66649050,534,546,66649062,320032,105143,2,True,42074752,588,False,3,0:2;403:74;534:172
225054,2000083834,66673231,66673770,539,551,66673782,320032,29771,2,True,7869450,636,False,3,0:2;403:144;539:122
225173,2000084221,66888042,66888603,561,573,66888615,280028,104869,2,True,42062083,586,False,3,0:2;403:140;561:253
225174,2000084223,67098411,67098950,539,551,67098962,1e001e,105741,2,True,42101375,595,False,3,0:2;403:140;539:255
224167,2000081474,67757515,67758047,532,544,67758059,000000,100788,2,True,39035766,581,False,3,0:2;403:120;532:66
221035,2000069764,67779023,67779592,569,581,67779604,3c003c,221042,2,True,2000069779,581,False,3,0:2;433:35;569:132
221042,2000069779,67779604,67780173,569,581,67780185,3c003c,221125,2,True,2000070142,581,False,3,0:2;433:35;569:147
221125,2000070142,67780185,67780754,569,581,67780766,320032,221150,2,True,2000070297,551,False,3,0:2;433:40;569:254
221150,2000070297,67780766,67781305,539,551,67781317,320032,221151,2,True,2000070303,551,False,3,0:2;403:40;539:153
221151,2000070303,67781317,67781856,539,551,67781868,320032,221152,2,True,2000070305,551,False,3,0:2;403:40;539:159
221152,2000070305,67781868,67782407,539,551,67782419,320032,200994,2,True,2000012768,551,False,3,0:2;403:40;539:161
222049,2000073718,67960780,67961356,576,588,67961368,370037,101494,2,True,39057098,563,False,3,0:2;433:65;576:246
221050,2000069797,67974035,67974652,617,629,67974664,3c003c,101630,2,True,39060760,655,False,3,0:2;433:35;617:165
224500,2000082544,67986340,67986936,596,608,67986948,230023,101448,2,True,39056950,600,False,3,0:2;433:34;596:112
221052,2000069805,67998851,67999420,569,581,67999432,390039,100621,2,True,39030709,605,False,3,0:2;433:35;569:173
225019,2000083702,68005077,68005616,539,551,68005628,280028,208664,1,True,2000034895,327,False,3,0:2;403:128;539:246
224788,2000083149,68016914,68017507,593,605,68017519,320032,101003,2,True,39043316,581,False,3,0:2;433:31;593:205
225018,2000083696,68031751,68032320,569,581,68032332,2d002d,100662,2,True,39031925,471,False,3,0:2;433:128;569:240
223531,2000079196,68040397,68040929,532,544,68040941,200020,100541,2,True,39030026,574,False,3,0:2;403:129;532:92
223532,2000079198,68051477,68052016,539,551,68052028,2f002f,100480,2,True,39018536,581,False,3,0:2;403:132;539:94
225049,2000083812,68087600,68088139,539,551,68088151,230023,100895,2,True,39039678,588,False,3,0:2;403:128;539:100
225048,2000083810,68089871,68090410,539,551,68090422,230023,100344,2,True,39008590,581,False,3,0:2;403:128;539:98
221108,2000069993,68117853,68118422,569,581,68118434,2d002d,202017,2,True,2000015642,648,False,3,0:2;433:49;569:105
225176,2000084235,68121333,68121902,569,581,68121914,1e001e,225211,2,True,2000084284,581,False,3,0:2;433:93;569:11
225211,2000084284,68121914,68122483,569,581,68122495,1e001e,29382,2,True,7841882,581,False,3,0:2;433:95;569:60
223530,2000079195,68126505,68127098,593,605,68127110,190019,29317,1,True,7840346,300,False,3,0:2;433:129;593:91
222706,2000076824,68127410,68127985,575,587,68127997,230023,101667,2,True,39061532,478,False,3,0:2;403:50;575:24
224912,2000083432,68142866,68143435,569,581,68143447,1e001e,101352,2,True,39053761,471,False,3,0:2;433:54;569:232
224925,2000083475,68143918,68144494,576,588,68144506,1e001e,101340,2,True,39053543,471,False,3,0:2;433:54;576:19
225009,2000083667,68192984,68193553,569,581,68193565,2d002d,225168,2,True,2000084177,581,False,3,0:2;433:37;569:211
225168,2000084177,68193565,68194134,569,581,68194146,230023,100659,2,True,39031365,588,False,3,0:2;433:95;569:209
224755,2000083088,68200426,68200995,569,581,68201007,230023,101219,1,True,39051986,303,False,3,0:2;433:31;569:144
224518,2000082595,68212467,68213036,569,581,68213048,230023,220760,2,True,2000068778,581,False,3,0:2;433:34;569:163
225175,2000084234,68214217,68214786,569,581,68214798,1e001e,29363,1,True,7840613,276,False,3,0:2;433:93;569:10
224535,2000082630,68215774,68216343,569,581,68216355,230023,101093,2,True,39046212,581,False,3,0:2;433:34;569:198
224519,2000082600,68227933,68228509,576,588,68228521,230023,100221,3,True,39003203,712,False,3,0:2;433:34;576:168
223528,2000079191,68239854,68240393,539,551,68240405,190019,101489,2,True,39057087,471,False,3,0:2;403:129;539:87
224533,2000082624,68250302,68250888,586,598,68250900,230023,100168,3,True,39002446,803,False,3,0:2;433:34;586:192
224848,2000083285,68256476,68257069,593,605,68257081,1e001e,100151,2,True,39002032,464,False,3,0:2;433:31;593:85
225164,2000084159,68260324,68260893,569,581,68260905,1e001e,100105,2,True,39000938,483,False,3,0:2;433:93;569:191
225213,2000084287,68264868,68265449,581,593,68265461,1e001e,100805,2,True,39035886,581,False,3,0:2;433:93;581:63
225177,2000084237,68267704,68268273,569,581,68268285,1e001e,100795,2,True,39035790,581,False,3,0:2;433:93;569:13
223527,2000079189,68272287,68272826,539,551,68272838,190019,101350,2,True,39053753,483,False,3,0:2;403:129;539:85
225234,2000084317,68273321,68273890,569,581,68273902,190019,101250,3,True,39052790,686,False,3,0:2;433:93;569:93
225118,2000084035,68277463,68278032,569,581,68278044,1e001e,101670,2,True,39061544,434,False,3,0:2;433:52;569:67
224844,2000083281,68289027,68289620,593,605,68289632,1e001e,100396,2,True,39015219,471,False,3,0:2;433:31;593:81
224547,2000082664,68290103,68290672,569,581,68290684,230023,100602,2,True,39030553,581,False,3,0:2;433:34;569:232
223003,2000077644,69160576,69161110,534,546,69161122,410041,97678,2,True,38015279,466,False,3,0:2;403:111;534:76
223005,2000077649,69397737,69398271,534,546,69398283,3c003c,99568,2,True,38059077,546,False,3,0:2;403:111;534:81
223008,2000077656,69428542,69429076,534,546,69429088,3c003c,98564,3,True,38044093,681,False,3,0:2;403:111;534:88
222999,2000077636,69506712,69507258,546,558,69507270,370037,98054,2,True,38034280,576,False,3,0:2;403:140;546:68
225212,2000084285,69564579,69565113,534,546,69565125,3c003c,98020,2,True,38033932,588,False,3,0:2;403:114;534:61
224583,2000082751,69571430,69571994,564,576,69572006,3c003c,99506,1,True,38058640,276,False,3,0:2;433:167;564:63
224527,2000082614,69573455,69574019,564,576,69574031,320032,99486,2,True,38058431,576,False,3,0:2;433:202;564:182
222931,2000077394,69689197,69689731,534,546,69689743,320032,218465,2,True,2000061943,546,False,3,0:2;403:131;534:82
222919,2000077336,69711397,69711961,564,576,69711973,320032,97440,2,True,38001973,576,False,3,0:2;433:122;564:24
225145,2000084105,69807961,69808488,527,539,69808500,320032,98721,2,True,38047780,576,False,3,0:2;403:226;527:137
224538,2000082643,69837578,69838147,569,581,69838159,2d002d,210949,2,True,2000041990,546,False,3,0:2;433:165;569:211
223013,2000077673,69850389,69850923,534,546,69850935,320032,98504,2,True,38043877,583,False,3,0:2;403:149;534:105
222934,2000077404,69852101,69852635,534,546,69852647,320032,98512,2,True,38043941,583,False,3,0:2;403:131;534:92
224618,2000082809,69867344,69867878,534,546,69867890,230023,98486,2,True,38042354,576,False,3,0:2;403:88;534:121
223017,2000077679,69916635,69917199,564,576,69917211,320032,98859,2,True,38048721,576,False,3,0:2;433:149;564:111
224539,2000082644,69933808,69934335,527,539,69934347,280028,27913,2,True,7526073,576,False,3,0:2;403:165;527:212
223021,2000077685,69980254,69980788,534,546,69980800,2d002d,99413,2,True,38057555,605,False,3,0:2;403:149;534:117
223018,2000077681,69987147,69987681,534,546,69987693,320032,208637,2,True,2000034760,546,False,3,0:2;403:149;534:113
222920,2000077344,70009547,70010093,546,558,70010105,320032,99254,2,True,38053300,546,False,3,0:2;403:166;546:32
222932,2000077396,70010651,70011185,534,546,70011197,2d002d,99247,2,True,38053288,583,False,3,0:2;403:198;534:84
224510,2000082575,70041636,70042170,534,546,70042182,300030,211725,2,True,2000044358,576,False,3,0:2;403:211;534:143
223020,2000077684,70063231,70063765,534,546,70063777,2d002d,97720,2,True,38015513,576,False,3,0:2;403:149;534:116
224025,2000080944,70064929,70065463,534,546,70065475,000000,206712,2,True,2000029565,558,False,3,0:2;403:135;534:48
223019,2000077683,70067701,70068235,534,546,70068247,2d002d,98991,2,True,38050630,607,False,3,0:2;403:149;534:115
225256,2000084352,71412651,71413192,541,553,71413204,320037,94071,2,True,36128330,583,False,3,0:2;403:107;541:128
224304,2000082027,71609726,71610287,561,573,71610299,320032,92586,2,True,36058407,590,False,3,0:2;403:75;561:107
224392,2000082293,71611486,71612032,546,558,71612044,280028,92603,2,True,36058998,588,False,3,0:2;403:50;546:117
224622,2000082820,71623188,71623764,576,588,71623776,280028,212559,2,True,2000046706,546,False,3,0:2;433:254;576:132
222080,2000073855,71902472,71903006,534,546,71903018,280028,94082,2,True,36129178,600,False,3,0:2;403:185;534:127
223846,2000080117,71950956,71951519,563,575,71951531,320032,94176,2,True,36137399,595,False,3,0:2;403:51;563:245
221958,2000073177,72024698,72025262,564,576,72025274,280028,94597,2,True,36152911,546,False,3,0:2;433:97;564:217
222078,2000073853,72112574,72113155,581,593,72113167,280028,92064,2,True,36037825,597,False,3,0:2;433:47;581:125
224917,2000083455,72137742,72138276,534,546,72138288,280028,224880,2,True,2000083366,546,False,3,0:2;403:72;534:255
224880,2000083366,72138288,72138822,534,546,72138834,280028,9190,2,True,686705,588,False,3,0:2;403:25;534:166
224588,2000082759,72155896,72156527,631,643,72156539,1e001e,92650,2,True,36061139,602,False,3,0:2;433:110;631:71
222105,2000073930,72178755,72179326,571,583,72179338,280028,94565,2,True,36152073,583,False,3,0:2;433:12;571:202
222174,2000074515,72189250,72190015,765,777,72190027,190019,93932,2,True,36125958,576,False,3,0:2;433:145;765:19
222643,2000076666,72222488,72223022,534,546,72223034,280028,92234,2,True,36045217,583,False,3,0:2;403:6;534:122
222645,2000076672,72315831,72316365,534,546,72316377,230023,222644,2,True,2000076671,546,False,3,0:2;403:77;534:128
222644,2000076671,72316377,72316911,534,546,72316923,230023,92056,2,True,36037713,583,False,3,0:2;403:77;534:127
222639,2000076654,72317506,72318040,534,546,72318052,230023,92055,2,True,36037701,588,False,3,0:2;403:63;534:110
222365,2000075942,72329108,72329696,588,600,72329708,190019,93284,2,True,36090804,459,False,3,0:2;433:91;588:166
222142,2000074265,72339090,72339624,534,546,72339636,230023,93593,2,True,36103402,576,False,3,0:2;403:25;534:25
222103,2000073926,72341886,72342450,564,576,72342462,230023,93664,2,True,36111915,600,False,3,0:2;433:100;564:198
222083,2000073859,72343062,72343613,551,563,72343625,230023,222082,2,True,2000073858,546,False,3,0:2;403:185;551:131
222082,2000073858,72343625,72344159,534,546,72344171,230023,222081,2,True,2000073856,583,False,3,0:2;403:185;534:130
222081,2000073856,72344171,72344742,571,583,72344754,230023,222079,2,True,2000073854,546,False,3,0:2;433:185;571:128
222079,2000073854,72344754,72345288,534,546,72345300,230023,93670,2,True,36112009,595,False,3,0:2;403:47;534:126
222071,2000073835,72345895,72346459,564,576,72346471,230023,222069,2,True,2000073822,576,False,3,0:2;433:68;564:107
222069,2000073822,72346471,72347035,564,576,72347047,230023,93682,2,True,36112593,588,False,3,0:2;433:47;564:94
222033,2000073583,72348689,72349608,919,931,72349620,190019,92006,2,True,36037000,612,False,3,0:2;433:110;919:111
221996,2000073304,72354728,72355292,564,576,72355304,230023,93911,2,True,36125390,576,False,3,0:2;433:32;564:88
221957,2000073175,72359330,72359887,557,569,72359899,230023,94020,2,True,36127587,588,False,3,0:2;433:97;557:215
221916,2000072803,72366571,72367135,564,576,72367147,230023,224954,2,True,2000083519,672,False,3,0:2;433:255;564:99
224954,2000083519,72367147,72367807,660,672,72367819,190019,94115,2,True,36130421,590,False,3,0:2;433:92;660:63
221573,2000071858,72425411,72426282,871,883,72426294,190019,130388,2,True,57035297,576,False,3,0:2;433:145;871:178
224333,2000082124,72442599,72443170,571,583,72443182,190019,224331,2,True,2000082122,588,False,3,0:2;433:110;571:204
224331,2000082122,72443182,72443758,576,588,72443770,190019,9250,2,True,687343,459,False,3,0:2;433:73;576:202
222102,2000073924,72479751,72480332,581,593,72480344,1e001e,91572,2,True,36009706,583,False,3,0:2;433:100;581:196
221909,2000072736,72480927,72481454,527,539,72481466,140014,94589,2,True,36152648,583,False,3,0:2;403:25;527:32
222104,2000073927,72486973,72487544,571,583,72487556,0f000f,9084,2,True,682445,485,False,3,0:2;433:100;571:199
221910,2000072739,72491383,72491917,534,546,72491929,0f000f,222640,2,True,2000076659,539,False,3,0:2;403:67;534:35
222640,2000076659,72491929,72492456,527,539,72492468,140014,9290,2,True,689560,459,False,3,0:2;403:63;527:115
220807,2000068899,72499262,72499801,539,551,72499813,000000,91769,4,True,36022962,109,False,3,0:2;403:165;539:35
222221,2000074825,72985627,72986286,659,671,72986298,730073,90915,2,True,35010525,593,False,3,0:2;499:253;659:73
224193,2000081610,73146246,73146822,576,588,73146834,4f004f,90985,1,True,35013410,303,False,3,0:2;433:45;576:202
221637,2000072022,73339534,73340090,556,568,73340102,550055,12204,1,True,889699,393,False,3,0:2;403:23;556:86
221308,2000070709,74523530,74524106,576,588,74524118,520052,188424,2,True,92083926,581,False,3,0:2;433:209;576:53
221109,2000070001,74533857,74534428,571,583,74534440,520052,187056,2,True,91200931,588,False,3,0:2;433:172;571:113
221514,2000071631,74555251,74555820,569,581,74555832,510051,186050,2,True,91157883,473,False,3,0:2;433:244;569:207
221543,2000071771,74559775,74560370,595,607,74560382,510051,221546,2,True,2000071793,605,False,3,0:2;433:209;595:91
221546,2000071793,74560382,74560975,593,605,74560987,510051,188662,2,True,92096948,558,False,3,0:2;433:209;593:113
221775,2000072368,74563004,74563597,593,605,74563609,510051,186994,2,True,91197494,621,False,3,0:2;433:1;593:176
221707,2000072209,74595037,74595606,569,581,74595618,510051,221726,2,True,2000072260,593,False,3,0:2;433:1;569:17
221726,2000072260,74595618,74596199,581,593,74596211,510051,185834,2,True,91144584,588,False,3,0:2;433:1;581:68
221396,2000071185,74685916,74686455,539,551,74686467,500050,186790,1,True,91190710,271,False,3,0:2;403:188;539:17
222201,2000074674,74711973,74712549,576,588,74712561,4f004f,184891,2,True,91013696,593,False,3,0:2;433:12;576:178
221968,2000073239,74743707,74744276,569,581,74744288,4f004f,97128,2,True,37084898,563,False,3,0:2;433:236;569:23
222030,2000073579,74826254,74826830,576,588,74826842,4c004c,210774,2,True,2000041388,546,False,3,0:2;433:236;576:107
221461,2000071335,74851114,74851653,539,551,74851665,4b004b,220104,2,True,2000065952,544,False,3,0:2;403:209;539:167
220970,2000069555,74860060,74860616,556,568,74860628,460046,186767,2,True,91190327,588,False,3,0:2;403:183;556:179
221695,2000072167,74863213,74863747,534,546,74863759,480048,186618,1,True,91185224,386,False,3,0:2;403:216;534:231
221946,2000073105,74885696,74886260,564,576,74886272,4b004b,186979,2,True,91196796,597,False,3,0:2;433:236;564:145
222028,2000073573,74887467,74888036,569,581,74888048,4b004b,203718,2,True,2000020488,583,False,3,0:2;433:236;569:101
221922,2000072835,74895549,74896088,539,551,74896100,4a004a,188746,2,True,92101508,626,False,3,0:2;403:212;539:131
222008,2000073471,74907529,74908093,564,576,74908105,4a004a,187746,1,True,92018769,417,False,3,0:2;433:236;564:255
224067,2000081078,74925192,74925761,569,581,74925773,490049,187288,2,True,91206078,568,False,3,0:2;433:214;569:182
225248,2000084338,74933119,74933659,540,552,74933671,480048,210782,2,True,2000041402,560,False,3,0:2;411:22;540:114
222007,2000073463,74937947,74938516,569,581,74938528,480048,186954,2,True,91196148,588,False,3,0:2;433:236;569:247
224066,2000081076,74945377,74945953,576,588,74945965,480048,187384,2,True,91206982,551,False,3,0:2;433:214;576:180
221654,2000072090,74985525,74986059,534,546,74986071,460046,188686,2,True,92097816,563,False,3,0:2;403:186;534:154
221033,2000069761,74997255,74997794,539,551,74997806,440044,188006,1,True,92037888,386,False,3,0:2;403:186;539:129
221969,2000073240,75015500,75016069,569,581,75016081,450045,185245,2,True,91108129,459,False,3,0:2;433:236;569:24
222031,2000073581,75051886,75052462,576,588,75052474,440044,91150,1,True,35021231,398,False,3,0:2;433:236;576:109
224065,2000081071,75058084,75058653,569,581,75058665,430043,223014,2,True,2000077675,588,False,3,0:2;433:214;569:175
223014,2000077675,75058665,75059241,576,588,75059253,430043,213975,2,True,2000050454,551,False,3,0:2;433:251;576:107
222014,2000073484,75074102,75074666,564,576,75074678,430043,209398,1,True,2000037421,379,False,3,0:2;433:236;564:12
224019,2000080922,75084317,75084851,534,546,75084863,420042,206186,1,True,2000028277,398,False,3,0:2;403:213;534:26
221301,2000070693,75249668,75250202,534,546,75250214,000000,186824,4,True,91193727,105,False,3,0:2;403:194;534:37
221300,2000070692,75250319,75250846,527,539,75250858,000000,20410,1,True,5112098,416,False,3,0:2;403:194;527:36
221299,2000070690,75251274,75251813,539,551,75251825,000000,185420,4,True,91123486,117,False,3,0:2;403:194;539:34
221298,2000070689,75252364,75252896,532,544,75252908,000000,12229,1,True,890314,425,False,3,0:2;403:194;532:33
221297,2000070688,75253946,75254480,534,546,75254492,000000,20077,1,True,5101690,384,False,3,0:2;403:194;534:32
221295,2000070686,75255320,75255852,532,544,75255864,000000,186831,4,True,91193764,105,False,3,0:2;403:194;532:30
221294,2000070685,75256503,75257047,544,556,75257059,000000,221293,2,True,2000070684,568,False,3,0:2;403:194;544:29
221293,2000070684,75257059,75257615,556,568,75257627,000000,186834,4,True,91193771,109,False,3,0:2;403:194;556:28
221292,2000070680,75257736,75258275,539,551,75258287,000000,186835,4,True,91193775,109,False,3,0:2;403:194;539:24
221291,2000070679,75258731,75259280,549,561,75259292,000000,186839,4,True,91193789,109,False,3,0:2;403:194;549:23
221290,2000070678,75259902,75260441,539,551,75260453,000000,220467,1,True,2000067470,386,False,3,0:2;403:194;539:22
221289,2000070676,75261990,75262522,532,544,75262534,000000,221288,2,True,2000070675,539,False,3,0:2;403:194;532:20
221288,2000070675,75262534,75263061,527,539,75263073,000000,221287,2,True,2000070674,568,False,3,0:2;403:194;527:19
221287,2000070674,75263073,75263629,556,568,75263641,000000,201359,1,True,2000013926,377,False,3,0:2;403:194;556:18
221286,2000070673,75264280,75264819,539,551,75264831,000000,221285,2,True,2000070672,546,False,3,0:2;403:194;539:17
221285,2000070672,75264831,75265365,534,546,75265377,000000,221284,2,True,2000070671,551,False,3,0:2;403:194;534:16
221284,2000070671,75265377,75265916,539,551,75265928,000000,187898,1,True,92026762,277,False,3,0:2;403:194;539:15
221283,2000070670,75266205,75266754,549,561,75266766,000000,187897,1,True,92026761,277,False,3,0:2;403:194;549:14
221268,2000070595,75267043,75267582,539,551,75267594,000000,212856,1,True,2000047380,372,False,3,0:2;403:14;539:195
221267,2000070594,75267966,75268522,556,568,75268534,000000,32540,4,True,8718274,117,False,3,0:2;403:198;556:194
221266,2000070593,75268764,75269308,544,556,75269320,000000,212868,1,True,2000047402,372,False,3,0:2;403:198;544:193
221264,2000070591,75270434,75270973,539,551,75270985,000000,186226,4,True,91173892,109,False,3,0:2;403:198;539:191
221262,2000070589,75271094,75271643,549,561,75271655,000000,90759,1,True,35000060,286,False,3,0:2;403:198;549:189
221261,2000070587,75272155,75272694,539,551,75272706,000000,221260,2,True,2000070586,551,False,3,0:2;403:198;539:187
221260,2000070586,75272706,75273245,539,551,75273257,000000,32544,4,True,8718286,117,False,3,0:2;403:198;539:186
221259,2000070585,75273374,75273930,556,568,75273942,000000,186933,4,True,91195745,109,False,3,0:2;403:198;556:185
221258,2000070583,75274051,75274590,539,551,75274602,000000,186224,4,True,91173886,113,False,3,0:2;403:198;539:183
221257,2000070582,75274828,75275367,539,551,75275379,000000,186223,4,True,91173879,113,False,3,0:2;403:198;539:182
221256,2000070581,75275605,75276144,539,551,75276156,000000,221255,2,True,2000070580,556,False,3,0:2;403:198;539:181
221255,2000070580,75276156,75276700,544,556,75276712,000000,221254,2,True,2000070579,551,False,3,0:2;403:198;544:180
221254,2000070579,75276712,75277251,539,551,75277263,000000,221253,2,True,2000070578,544,False,3,0:2;403:198;539:179
221253,2000070578,75277263,75277795,532,544,75277807,000000,185315,4,True,91119093,117,False,3,0:2;403:198;532:178
221252,2000070577,75278404,75278967,563,575,75278979,000000,187742,1,True,92018450,386,False,3,0:2;403:198;563:177
221251,2000070576,75280160,75280692,532,544,75280704,000000,185213,4,True,91107115,109,False,3,0:2;403:198;532:176
221250,2000070575,75280813,75281347,534,546,75281359,000000,220126,1,True,2000065990,381,False,3,0:2;403:198;534:175
221242,2000070562,75282017,75282544,527,539,75282556,000000,185767,4,True,91143678,113,False,3,0:2;403:187;527:162
221241,2000070561,75282669,75283208,539,551,75283220,000000,184836,1,True,91005101,393,False,3,0:2;403:187;539:161
221240,2000070559,75283722,75284254,532,544,75284266,000000,185768,4,True,91143681,109,False,3,0:2;403:187;532:159
221238,2000070557,75284916,75285443,527,539,75285455,000000,185316,4,True,91119099,113,False,3,0:2;403:187;527:157
221237,2000070556,75285568,75286107,539,551,75286119,000000,185872,4,True,91147388,105,False,3,0:2;403:187;539:156
221236,2000070555,75286224,75286773,549,561,75286785,000000,719,1,True,7261,384,False,3,0:2;403:187;549:155
221235,2000070553,75287169,75287725,556,568,75287737,000000,221234,2,True,2000070551,556,False,3,0:2;403:187;556:153
221234,2000070551,75287737,75288281,544,556,75288293,000000,213415,1,True,2000049014,272,False,3,0:2;403:187;544:151
221233,2000070549,75288937,75289476,539,551,75289488,000000,185413,4,True,91123436,109,False,3,0:2;403:187;539:149
221232,2000070547,75290091,75290618,527,539,75290630,000000,221231,2,True,2000070541,659,False,3,0:2;403:187;527:147
221231,2000070541,75290630,75291277,647,659,75291289,000000,188389,1,True,92082986,277,False,3,0:2;499:187;647:141
221230,2000070540,75292936,75293475,539,551,75293487,000000,185796,4,True,91143999,113,False,3,0:2;403:187;539:140
221228,2000070538,75293600,75294132,532,544,75294144,000000,32664,4,True,8728491,117,False,3,0:2;403:187;532:138
221227,2000070537,75294645,75295184,539,551,75295196,000000,32524,1,True,8718026,448,False,3,0:2;403:187;539:137
221224,2000070528,75302068,75302600,532,544,75302612,000000,32527,1,True,8718049,392,False,3,0:2;403:184;532:128
221223,2000070527,75306881,75307420,539,551,75307432,000000,219978,1,True,2000065701,272,False,3,0:2;403:184;539:127
221222,2000070526,75308639,75309274,635,647,75309286,000000,219916,2,True,2000065632,546,False,3,0:2;499:184;635:126
221221,2000070524,75309832,75310371,539,551,75310383,000000,32587,1,True,8721807,379,False,3,0:2;403:184;539:124
221220,2000070523,75310871,75311410,539,551,75311422,000000,187044,4,True,91199562,113,False,3,0:2;403:184;539:123
221219,2000070521,75313157,75313691,534,546,75313703,000000,221218,2,True,2000070519,544,False,3,0:2;403:184;534:121
221218,2000070519,75313703,75314235,532,544,75314247,000000,221217,2,True,2000070518,563,False,3,0:2;403:184;532:119
221217,2000070518,75314247,75314798,551,563,75314810,000000,32451,1,True,8707355,377,False,3,0:2;403:184;551:118
221216,2000070517,75315738,75316277,539,551,75316289,000000,187051,4,True,91199588,109,False,3,0:2;403:184;539:117
221215,2000070516,75317543,75318082,539,551,75318094,000000,187053,4,True,91199614,113,False,3,0:2;403:184;539:116
221214,2000070515,75322289,75322828,539,551,75322840,000000,219903,1,True,2000065617,386,False,3,0:2;403:184;539:115
221213,2000070514,75323488,75324027,539,551,75324039,000000,219895,1,True,2000065609,381,False,3,0:2;403:252;539:114
221212,2000070513,75324420,75324959,539,551,75324971,000000,219894,1,True,2000065608,386,False,3,0:2;403:184;539:113
221211,2000070511,75327875,75328414,539,551,75328426,000000,221210,2,True,2000070510,561,False,3,0:2;403:184;539:111
221210,2000070510,75328426,75328975,549,561,75328987,000000,219855,1,True,2000065510,372,False,3,0:2;403:184;549:110
221209,2000070509,75329745,75330291,546,558,75330303,000000,118121,1,True,49057955,377,False,3,0:2;403:184;546:109
221208,2000070508,75330680,75331212,532,544,75331224,000000,215571,1,True,2000055168,372,False,3,0:2;403:184;532:108
221178,2000070399,75333280,75333819,539,551,75333831,000000,221177,2,True,2000070398,546,False,3,0:2;403:185;539:255
221177,2000070398,75333831,75334365,534,546,75334377,000000,221606,2,True,2000071945,551,False,3,0:2;403:185;534:254
221606,2000071945,75334377,75334916,539,551,75334928,000000,219795,1,True,2000065405,386,False,3,0:2;403:212;539:9
221176,2000070397,75336966,75337500,534,546,75337512,000000,219779,1,True,2000065384,277,False,3,0:2;403:185;534:253
221175,2000070393,75338556,75339095,539,551,75339107,000000,221174,2,True,2000070392,561,False,3,0:2;403:185;539:249
221174,2000070392,75339107,75339656,549,561,75339668,000000,221173,2,True,2000070391,551,False,3,0:2;403:185;549:248
221173,2000070391,75339668,75340207,539,551,75340219,000000,219776,1,True,2000065381,386,False,3,0:2;403:185;539:247
221172,2000070390,75341926,75342460,534,546,75342472,000000,217343,1,True,2000059151,277,False,3,0:2;403:185;534:246
221171,2000070389,75342749,75343288,539,551,75343300,000000,221170,2,True,2000070388,546,False,3,0:2;403:185;539:245
221170,2000070388,75343300,75343834,534,546,75343846,000000,221169,2,True,2000070387,556,False,3,0:2;403:185;534:244
221169,2000070387,75343846,75344390,544,556,75344402,000000,217344,1,True,2000059152,272,False,3,0:2;403:185;544:243
221142,2000070224,75346272,75346828,556,568,75346840,000000,217349,1,True,2000059158,277,False,3,0:2;403:195;556:80
221141,2000070223,75347394,75347926,532,544,75347938,000000,221140,2,True,2000070220,551,False,3,0:2;403:195;532:79
221140,2000070220,75347938,75348477,539,551,75348489,000000,218174,1,True,2000060811,381,False,3,0:2;403:195;539:76
221139,2000070219,75349623,75350162,539,551,75350174,000000,218141,1,True,2000060743,386,False,3,0:2;403:195;539:75
221302,2000070694,75351635,75352174,539,551,75352186,000000,199103,1,True,2000006319,377,False,3,0:2;403:194;539:38
221303,2000070695,75352885,75353424,539,551,75353436,000000,221138,2,True,2000070218,568,False,3,0:2;403:194;539:39
221138,2000070218,75353436,75353992,556,568,75354004,000000,221305,2,True,2000070699,544,False,3,0:2;403:195;556:74
221305,2000070699,75354004,75354536,532,544,75354548,000000,221124,2,True,2000070136,551,False,3,0:2;403:194;532:43
221124,2000070136,75354548,75355087,539,551,75355099,000000,221122,2,True,2000070124,544,False,3,0:2;403:195;539:248
221122,2000070124,75355099,75355631,532,544,75355643,000000,221121,2,True,2000070121,539,False,3,0:2;403:195;532:236
221121,2000070121,75355643,75356170,527,539,75356182,000000,198729,4,True,2000003325,105,False,3,0:2;403:195;527:233
221120,2000070116,75356287,75356826,539,551,75356838,000000,221306,2,True,2000070703,551,False,3,0:2;403:195;539:228
221306,2000070703,75356838,75357377,539,551,75357389,000000,221119,2,True,2000070115,556,False,3,0:2;403:194;539:47
221119,2000070115,75357389,75357933,544,556,75357945,000000,198728,4,True,2000003324,113,False,3,0:2;403:195;544:227
221325,2000070779,75358058,75358592,534,546,75358604,000000,198727,4,True,2000003322,109,False,3,0:2;403:197;534:123
221326,2000070780,75358713,75359247,534,546,75359259,000000,221118,2,True,2000070114,568,False,3,0:2;403:197;534:124
221118,2000070114,75359259,75359815,556,568,75359827,000000,221327,2,True,2000070782,578,False,3,0:2;403:195;556:226
221327,2000070782,75359827,75360393,566,578,75360405,000000,221328,2,True,2000070784,544,False,3,0:2;403:197;566:126
221328,2000070784,75360405,75360937,532,544,75360949,000000,221329,2,True,2000070785,544,False,3,0:2;403:197;532:128
221329,2000070785,75360949,75361481,532,544,75361493,000000,221330,2,True,2000070786,544,False,3,0:2;403:197;532:129
221330,2000070786,75361493,75362025,532,544,75362037,000000,221117,2,True,2000070113,568,False,3,0:2;403:197;532:130
221117,2000070113,75362037,75362593,556,568,75362605,000000,221332,2,True,2000070792,551,False,3,0:2;403:195;556:225
221332,2000070792,75362605,75363144,539,551,75363156,000000,221333,2,True,2000070793,551,False,3,0:2;403:197;539:136
221333,2000070793,75363156,75363695,539,551,75363707,000000,221334,2,True,2000070794,539,False,3,0:2;403:197;539:137
221334,2000070794,75363707,75364234,527,539,75364246,000000,221335,2,True,2000070795,551,False,3,0:2;403:197;527:138
221335,2000070795,75364246,75364785,539,551,75364797,000000,221336,2,True,2000070796,568,False,3,0:2;403:197;539:139
221336,2000070796,75364797,75365353,556,568,75365365,000000,221339,2,True,2000070799,539,False,3,0:2;403:197;556:140
221339,2000070799,75365365,75365892,527,539,75365904,000000,221340,2,True,2000070800,568,False,3,0:2;403:197;527:143
221340,2000070800,75365904,75366460,556,568,75366472,000000,221116,2,True,2000070112,551,False,3,0:2;403:197;556:144
221116,2000070112,75366472,75367011,539,551,75367023,000000,221342,1,True,2000070804,381,False,3,0:2;403:195;539:224
221383,2000071171,75367404,75367943,539,551,75367955,000000,221384,2,True,2000071172,551,False,3,0:2;403:188;539:3
221384,2000071172,75367955,75368494,539,551,75368506,000000,221385,2,True,2000071173,546,False,3,0:2;403:188;539:4
221385,2000071173,75368506,75369040,534,546,75369052,000000,221386,2,True,2000071174,551,False,3,0:2;403:188;534:5
221386,2000071174,75369052,75369591,539,551,75369603,000000,221387,2,True,2000071175,551,False,3,0:2;403:188;539:6
221387,2000071175,75369603,75370142,539,551,75370154,000000,221115,2,True,2000070111,544,False,3,0:2;403:188;539:7
221115,2000070111,75370154,75370686,532,544,75370698,000000,221114,2,True,2000070110,544,False,3,0:2;403:195;532:223
221114,2000070110,75370698,75371230,532,544,75371242,000000,221388,2,True,2000071176,546,False,3,0:2;403:195;532:222
221388,2000071176,75371242,75371776,534,546,75371788,000000,221390,2,True,2000071179,539,False,3,0:2;403:188;534:8
221390,2000071179,75371788,75372315,527,539,75372327,000000,221391,2,True,2000071180,551,False,3,0:2;403:188;527:11
221391,2000071180,75372327,75372866,539,551,75372878,000000,221392,2,True,2000071181,551,False,3,0:2;403:188;539:12
221392,2000071181,75372878,75373417,539,551,75373429,000000,221393,2,True,2000071182,546,False,3,0:2;403:188;539:13
221393,2000071182,75373429,75373963,534,546,75373975,000000,221394,2,True,2000071183,561,False,3,0:2;403:188;534:14
221394,2000071183,75373975,75374524,549,561,75374536,000000,185421,4,True,91123500,109,False,3,0:2;403:188;549:15
221395,2000071184,75374645,75375189,544,556,75375201,000000,221397,2,True,2000071186,551,False,3,0:2;403:188;544:16
221397,2000071186,75375201,75375740,539,551,75375752,000000,221398,1,True,2000071188,403,False,3,0:2;403:188;539:18
221107,2000069989,75376155,75376694,539,551,75376706,000000,221399,1,True,2000071189,386,False,3,0:2;403:199;539:101
221400,2000071210,75377209,75377748,539,551,75377760,000000,221401,2,True,2000071211,551,False,3,0:2;403:193;539:42
221401,2000071211,75377760,75378299,539,551,75378311,000000,221106,2,True,2000069988,551,False,3,0:2;403:193;539:43
221106,2000069988,75378311,75378850,539,551,75378862,000000,221402,2,True,2000071212,551,False,3,0:2;403:199;539:100
221402,2000071212,75378862,75379401,539,551,75379413,000000,90810,1,True,35006327,286,False,3,0:2;403:193;539:44
221403,2000071213,75379699,75380238,539,551,75380250,000000,221405,2,True,2000071215,568,False,3,0:2;403:193;539:45
221405,2000071215,75380250,75380806,556,568,75380818,000000,96612,1,True,37072887,403,False,3,0:2;403:193;556:47
221406,2000071216,75381221,75381772,551,563,75381784,000000,221408,2,True,2000071219,551,False,3,0:2;403:193;551:48
221408,2000071219,75381784,75382323,539,551,75382335,000000,221409,2,True,2000071220,551,False,3,0:2;403:193;539:51
221409,2000071220,75382335,75382874,539,551,75382886,000000,221105,2,True,2000069987,551,False,3,0:2;403:193;539:52
221105,2000069987,75382886,75383425,539,551,75383437,000000,221410,2,True,2000071221,546,False,3,0:2;403:199;539:99
221410,2000071221,75383437,75383971,534,546,75383983,000000,221104,2,True,2000069986,556,False,3,0:2;403:193;534:53
221104,2000069986,75383983,75384527,544,556,75384539,000000,221411,2,True,2000071222,551,False,3,0:2;403:199;544:98
221411,2000071222,75384539,75385078,539,551,75385090,000000,221412,2,True,2000071223,551,False,3,0:2;403:193;539:54
221412,2000071223,75385090,75385629,539,551,75385641,000000,221103,2,True,2000069985,546,False,3,0:2;403:193;539:55
221103,2000069985,75385641,75386175,534,546,75386187,000000,221413,2,True,2000071224,556,False,3,0:2;403:199;534:97
221413,2000071224,75386187,75386731,544,556,75386743,000000,221415,2,True,2000071226,551,False,3,0:2;403:193;544:56
221415,2000071226,75386743,75387282,539,551,75387294,000000,221416,2,True,2000071227,546,False,3,0:2;403:193;539:58
221416,2000071227,75387294,75387828,534,546,75387840,000000,221102,2,True,2000069984,556,False,3,0:2;403:193;534:59
221102,2000069984,75387840,75388384,544,556,75388396,000000,221101,2,True,2000069983,551,False,3,0:2;403:199;544:96
221101,2000069983,75388396,75388935,539,551,75388947,000000,221417,2,True,2000071228,546,False,3,0:2;403:199;539:95
221417,2000071228,75388947,75389481,534,546,75389493,000000,221419,2,True,2000071231,551,False,3,0:2;403:193;534:60
221419,2000071231,75389493,75390032,539,551,75390044,000000,221100,2,True,2000069981,563,False,3,0:2;403:193;539:63
221100,2000069981,75390044,75390595,551,563,75390607,000000,221099,2,True,2000069980,551,False,3,0:2;403:199;551:93
221099,2000069980,75390607,75391146,539,551,75391158,000000,221098,2,True,2000069979,544,False,3,0:2;403:199;539:92
221098,2000069979,75391158,75391690,532,544,75391702,000000,90830,1,True,35007009,367,False,3,0:2;403:199;532:91
221420,2000071232,75392069,75392625,556,568,75392637,000000,185418,4,True,91123472,105,False,3,0:2;403:193;556:64
221421,2000071233,75392742,75393298,556,568,75393310,000000,221096,2,True,2000069977,539,False,3,0:2;403:193;556:65
221096,2000069977,75393310,75393837,527,539,75393849,000000,221095,2,True,2000069976,544,False,3,0:2;403:199;527:89
221095,2000069976,75393849,75394381,532,544,75394393,000000,221094,2,True,2000069975,539,False,3,0:2;403:199;532:88
221094,2000069975,75394393,75394920,527,539,75394932,000000,221093,2,True,2000069973,551,False,3,0:2;403:199;527:87
221093,2000069973,75394932,75395471,539,551,75395483,000000,221422,1,True,2000071237,386,False,3,0:2;403:199;539:85
221092,2000069972,75395869,75396418,549,561,75396430,000000,221424,2,True,2000071241,551,False,3,0:2;403:199;549:84
221424,2000071241,75396430,75396969,539,551,75396981,000000,221091,2,True,2000069971,546,False,3,0:2;403:201;539:73
221091,2000069971,75396981,75397515,534,546,75397527,000000,221090,2,True,2000069970,568,False,3,0:2;403:199;534:83
221090,2000069970,75397527,75398083,556,568,75398095,000000,221426,2,True,2000071244,551,False,3,0:2;403:199;556:82
221426,2000071244,75398095,75398634,539,551,75398646,000000,221427,2,True,2000071245,551,False,3,0:2;403:201;539:76
221427,2000071245,75398646,75399185,539,551,75399197,000000,221428,2,True,2000071246,551,False,3,0:2;403:201;539:77
221428,2000071246,75399197,75399736,539,551,75399748,000000,221429,2,True,2000071247,546,False,3,0:2;403:201;539:78
221429,2000071247,75399748,75400282,534,546,75400294,000000,221089,2,True,2000069969,546,False,3,0:2;403:201;534:79
221089,2000069969,75400294,75400828,534,546,75400840,000000,221430,2,True,2000071248,546,False,3,0:2;403:199;534:81
221430,2000071248,75400840,75401374,534,546,75401386,000000,221431,2,True,2000071249,551,False,3,0:2;403:201;534:80
221431,2000071249,75401386,75401925,539,551,75401937,000000,194506,1,True,95078829,386,False,3,0:2;403:201;539:81
221088,2000069968,75405749,75406283,534,546,75406295,000000,221087,2,True,2000069967,539,False,3,0:2;403:199;534:80
221087,2000069967,75406295,75406822,527,539,75406834,000000,221432,2,True,2000071250,551,False,3,0:2;403:199;527:79
221432,2000071250,75406834,75407373,539,551,75407385,000000,221433,2,True,2000071251,551,False,3,0:2;403:201;539:82
221433,2000071251,75407385,75407924,539,551,75407936,000000,221436,2,True,2000071260,551,False,3,0:2;403:201;539:83
221436,2000071260,75407936,75408475,539,551,75408487,000000,194495,1,True,95078778,381,False,3,0:2;403:201;539:92
221440,2000071277,75409630,75410169,539,551,75410181,000000,221441,2,True,2000071278,551,False,3,0:2;403:200;539:109
221441,2000071278,75410181,75410720,539,551,75410732,000000,221442,2,True,2000071279,551,False,3,0:2;403:200;539:110
221442,2000071279,75410732,75411271,539,551,75411283,000000,221443,2,True,2000071280,551,False,3,0:2;403:200;539:111
221443,2000071280,75411283,75411822,539,551,75411834,000000,221444,2,True,2000071281,551,False,3,0:2;403:200;539:112
221444,2000071281,75411834,75412373,539,551,75412385,000000,221445,2,True,2000071283,551,False,3,0:2;403:200;539:113
221445,2000071283,75412385,75412924,539,551,75412936,000000,221086,2,True,2000069966,563,False,3,0:2;403:200;539:115
221086,2000069966,75412936,75413487,551,563,75413499,000000,90863,4,True,35007597,105,False,3,0:2;403:199;551:78
221446,2000071284,75413604,75414143,539,551,75414155,000000,90864,4,True,35007603,105,False,3,0:2;403:200;539:116
221447,2000071285,75414260,75414799,539,551,75414811,000000,221448,2,True,2000071286,551,False,3,0:2;403:200;539:117
221448,2000071286,75414811,75415350,539,551,75415362,000000,221085,2,True,2000069965,546,False,3,0:2;403:200;539:118
221085,2000069965,75415362,75415896,534,546,75415908,000000,185360,1,True,91121125,386,False,3,0:2;403:199;534:77
221449,2000071287,75416294,75416833,539,551,75416845,000000,221450,2,True,2000071288,466,False,3,0:2;403:200;539:119
221450,2000071288,75416845,75417299,454,466,75417311,000000,221073,2,True,2000069884,546,False,2,0:2;454:120
221073,2000069884,75417311,75417845,534,546,75417857,000000,221451,2,True,2000071289,551,False,3,0:2;403:196;534:252
221451,2000071289,75417857,75418396,539,551,75418408,000000,90865,4,True,35007607,117,False,3,0:2;403:200;539:121
221072,2000069883,75419326,75419860,534,546,75419872,000000,90883,1,True,35008048,315,False,3,0:2;403:196;534:251
221071,2000069882,75420187,75420738,551,563,75420750,000000,221070,2,True,2000069878,546,False,3,0:2;403:196;551:250
221070,2000069878,75420750,75421284,534,546,75421296,000000,221462,2,True,2000071336,551,False,3,0:2;403:196;534:246
221462,2000071336,75421296,75421835,539,551,75421847,000000,90907,4,True,35010219,117,False,3,0:2;403:209;539:168
221464,2000071339,75421964,75422498,534,546,75422510,000000,221069,2,True,2000069876,546,False,3,0:2;403:209;534:171
221069,2000069876,75422510,75423044,534,546,75423056,000000,221068,2,True,2000069871,546,False,3,0:2;403:196;534:244
221068,2000069871,75423056,75423590,534,546,75423602,000000,185417,4,True,91123465,109,False,3,0:2;403:196;534:239
221067,2000069868,75423711,75424257,546,558,75424269,000000,90908,4,True,35010227,117,False,3,0:2;403:196;546:236
221465,2000071342,75424386,75424920,534,546,75424932,000000,90909,4,True,35010233,113,False,3,0:2;403:209;534:174
221066,2000069866,75425045,75425572,527,539,75425584,000000,221065,2,True,2000069865,546,False,3,0:2;403:196;527:234
221065,2000069865,75425584,75426118,534,546,75426130,000000,221064,2,True,2000069864,429,False,3,0:2;403:196;534:233
221064,2000069864,75426130,75426547,417,429,75426559,000000,90910,4,True,35010237,109,False,2,0:2;417:232
221466,2000071343,75426668,75427207,539,551,75427219,000000,90911,4,True,35010243,113,False,3,0:2;403:209;539:175
221467,2000071344,75427441,75427975,534,546,75427987,000000,221468,2,True,2000071345,546,False,3,0:2;403:209;534:176
221468,2000071345,75427987,75428521,534,546,75428533,000000,221063,2,True,2000069863,551,False,3,0:2;403:209;534:177
221063,2000069863,75428533,75429072,539,551,75429084,000000,90938,1,True,35011192,367,False,3,0:2;403:196;539:231
221469,2000071349,75429451,75429990,539,551,75430002,000000,221470,2,True,2000071354,551,False,3,0:2;403:209;539:181
221470,2000071354,75430002,75430541,539,551,75430553,000000,221062,2,True,2000069862,551,False,3,0:2;403:209;539:186
221062,2000069862,75430553,75431092,539,551,75431104,000000,221061,2,True,2000069861,551,False,3,0:2;403:196;539:230
221061,2000069861,75431104,75431643,539,551,75431655,000000,221060,2,True,2000069860,551,False,3,0:2;403:196;539:229
221060,2000069860,75431655,75432194,539,551,75432206,000000,221471,2,True,2000071355,551,False,3,0:2;403:196;539:228
221471,2000071355,75432206,75432745,539,551,75432757,000000,221472,1,True,2000071357,381,False,3,0:2;403:209;539:187
221484,2000071421,75433138,75433677,539,551,75433689,000000,188766,1,True,92102845,279,False,3,0:2;403:207;539:253
221485,2000071422,75435515,75436054,539,551,75436066,000000,221486,2,True,2000071423,551,False,3,0:2;403:207;539:254
221486,2000071423,75436066,75436605,539,551,75436617,000000,221059,2,True,2000069859,551,False,3,0:2;403:207;539:255
221059,2000069859,75436617,75437156,539,551,75437168,000000,221487,2,True,2000071424,551,False,3,0:2;403:196;539:227
221487,2000071424,75437168,75437707,539,551,75437719,000000,221488,2,True,2000071425,551,False,3,0:2;403:207;539:0
221488,2000071425,75437719,75438258,539,551,75438270,000000,221489,2,True,2000071426,551,False,3,0:2;403:207;539:1
221489,2000071426,75438270,75438809,539,551,75438821,000000,221058,2,True,2000069858,546,False,3,0:2;403:207;539:2
221058,2000069858,75438821,75439355,534,546,75439367,000000,221057,2,True,2000069857,546,False,3,0:2;403:196;534:226
221057,2000069857,75439367,75439901,534,546,75439913,000000,221490,2,True,2000071428,551,False,3,0:2;403:196;534:225
221490,2000071428,75439913,75440452,539,551,75440464,000000,221491,2,True,2000071429,546,False,3,0:2;403:207;539:4
221491,2000071429,75440464,75440998,534,546,75441010,000000,221492,2,True,2000071430,551,False,3,0:2;403:207;534:5
221492,2000071430,75441010,75441549,539,551,75441561,000000,221493,2,True,2000071433,546,False,3,0:2;403:207;539:6
221493,2000071433,75441561,75442095,534,546,75442107,000000,221039,1,True,2000069771,381,False,3,0:2;403:207;534:9
221038,2000069768,75442488,75443039,551,563,75443051,000000,221494,2,True,2000071436,551,False,3,0:2;403:186;551:136
221494,2000071436,75443051,75443590,539,551,75443602,000000,221037,2,True,2000069766,563,False,3,0:2;403:207;539:12
221037,2000069766,75443602,75444153,551,563,75444165,000000,221496,2,True,2000071439,546,False,3,0:2;403:186;551:134
221496,2000071439,75444165,75444699,534,546,75444711,000000,221497,2,True,2000071442,551,False,3,0:2;403:207;534:15
221497,2000071442,75444711,75445250,539,551,75445262,000000,135965,1,True,58133955,276,False,3,0:2;403:207;539:18
221036,2000069765,75445993,75446532,539,551,75446544,000000,221498,2,True,2000071444,551,False,3,0:2;403:186;539:133
221498,2000071444,75446544,75447083,539,551,75447095,000000,221034,2,True,2000069762,551,False,3,0:2;403:207;539:20
221034,2000069762,75447095,75447634,539,551,75447646,000000,221767,2,True,2000072346,563,False,3,0:2;403:186;539:130
221767,2000072346,75447646,75448197,551,563,75448209,000000,221499,1,True,2000071452,386,False,3,0:2;403:214;551:154
221032,2000069760,75448595,75449134,539,551,75449146,000000,221500,1,True,2000071453,386,False,3,0:2;403:186;539:128
221031,2000069757,75450766,75451305,539,551,75451317,000000,221553,2,True,2000071820,551,False,3,0:2;403:186;539:125
221553,2000071820,75451317,75451856,539,551,75451868,000000,221030,2,True,2000069756,551,False,3,0:2;403:210;539:140
221030,2000069756,75451868,75452407,539,551,75452419,000000,221555,2,True,2000071823,544,False,3,0:2;403:186;539:124
221555,2000071823,75452419,75452951,532,544,75452963,000000,221556,2,True,2000071824,551,False,3,0:2;403:210;532:143
221556,2000071824,75452963,75453502,539,551,75453514,000000,221557,2,True,2000071825,546,False,3,0:2;403:210;539:144
221557,2000071825,75453514,75454048,534,546,75454060,000000,221020,1,True,2000069703,386,False,3,0:2;403:210;534:145
221558,2000071826,75454446,75454985,539,551,75454997,000000,221559,2,True,2000071827,561,False,3,0:2;403:210;539:146
221559,2000071827,75454997,75455546,549,561,75455558,000000,221560,2,True,2000071828,544,False,3,0:2;403:210;549:147
221560,2000071828,75455558,75456090,532,544,75456102,000000,221768,2,True,2000072347,546,False,3,0:2;403:210;532:148
221768,2000072347,75456102,75456636,534,546,75456648,000000,221769,2,True,2000072348,544,False,3,0:2;403:214;534:155
221769,2000072348,75456648,75457180,532,544,75457192,000000,221561,2,True,2000071829,551,False,3,0:2;403:214;532:156
221561,2000071829,75457192,75457731,539,551,75457743,000000,221562,2,True,2000071830,544,False,3,0:2;403:210;539:149
221562,2000071830,75457743,75458275,532,544,75458287,000000,221019,1,True,2000069702,381,False,3,0:2;403:210;532:150
221563,2000071831,75458668,75459207,539,551,75459219,000000,221564,2,True,2000071832,551,False,3,0:2;403:210;539:151
221564,2000071832,75459219,75459758,539,551,75459770,000000,221018,1,True,2000069701,381,False,3,0:2;403:210;539:152
221770,2000072349,75460268,75460807,539,551,75460819,000000,221565,2,True,2000071833,551,False,3,0:2;403:214;539:157
221565,2000071833,75460819,75461358,539,551,75461370,000000,221566,2,True,2000071834,551,False,3,0:2;403:210;539:153
221566,2000071834,75461370,75461909,539,551,75461921,000000,221771,2,True,2000072350,539,False,3,0:2;403:210;539:154
221771,2000072350,75461921,75462448,527,539,75462460,000000,221567,2,True,2000071835,551,False,3,0:2;403:214;527:158
221567,2000071835,75462460,75462999,539,551,75463011,000000,221568,2,True,2000071836,551,False,3,0:2;403:210;539:155
221568,2000071836,75463011,75463550,539,551,75463562,000000,221017,2,True,2000069699,551,False,3,0:2;403:210;539:156
221017,2000069699,75463562,75464101,539,551,75464113,000000,221016,2,True,2000069698,551,False,3,0:2;403:191;539:67
221016,2000069698,75464113,75464652,539,551,75464664,000000,221014,2,True,2000069696,551,False,3,0:2;403:191;539:66
221014,2000069696,75464664,75465203,539,551,75465215,000000,221810,2,True,2000072478,551,False,3,0:2;403:191;539:64
221810,2000072478,75465215,75465754,539,551,75465766,000000,221569,2,True,2000071837,539,False,3,0:2;403:214;539:30
221569,2000071837,75465766,75466293,527,539,75466305,000000,221013,2,True,2000069694,546,False,3,0:2;403:210;527:157
221013,2000069694,75466305,75466839,534,546,75466851,000000,221012,2,True,2000069693,551,False,3,0:2;403:191;534:62
221012,2000069693,75466851,75467390,539,551,75467402,000000,221011,2,True,2000069692,568,False,3,0:2;403:191;539:61
221011,2000069692,75467402,75467958,556,568,75467970,000000,221010,2,True,2000069691,568,False,3,0:2;403:191;556:60
221010,2000069691,75467970,75468526,556,568,75468538,000000,221570,2,True,2000071853,568,False,3,0:2;403:191;556:59
221570,2000071853,75468538,75469094,556,568,75469106,000000,221811,2,True,2000072479,551,False,3,0:2;403:210;556:173
221811,2000072479,75469106,75469645,539,551,75469657,000000,221571,2,True,2000071854,546,False,3,0:2;403:214;539:31
221571,2000071854,75469657,75470191,534,546,75470203,000000,221572,2,True,2000071855,544,False,3,0:2;403:210;534:174
221572,2000071855,75470203,75470735,532,544,75470747,000000,221009,2,True,2000069689,568,False,3,0:2;403:210;532:175
221009,2000069689,75470747,75471303,556,568,75471315,000000,221008,2,True,2000069687,563,False,3,0:2;403:191;556:57
221008,2000069687,75471315,75471866,551,563,75471878,000000,221007,2,True,2000069686,546,False,3,0:2;403:191;551:55
221007,2000069686,75471878,75472412,534,546,75472424,000000,221006,2,True,2000069685,546,False,3,0:2;403:191;534:54
221006,2000069685,75472424,75472958,534,546,75472970,000000,221005,2,True,2000069684,551,False,3,0:2;403:191;534:53
221005,2000069684,75472970,75473509,539,551,75473521,000000,221575,2,True,2000071882,551,False,3,0:2;403:191;539:52
221575,2000071882,75473521,75474060,539,551,75474072,000000,221576,2,True,2000071883,546,False,3,0:2;403:204;539:202
221576,2000071883,75474072,75474606,534,546,75474618,000000,221577,2,True,2000071884,546,False,3,0:2;403:204;534:203
221577,2000071884,75474618,75475152,534,546,75475164,000000,221812,2,True,2000072480,544,False,3,0:2;403:204;534:204
221812,2000072480,75475164,75475696,532,544,75475708,000000,221578,2,True,2000071885,551,False,3,0:2;403:214;532:32
221578,2000071885,75475708,75476247,539,551,75476259,000000,221004,2,True,2000069682,539,False,3,0:2;403:204;539:205
221004,2000069682,75476259,75476786,527,539,75476798,000000,221580,2,True,2000071887,556,False,3,0:2;403:191;527:50
221580,2000071887,75476798,75477342,544,556,75477354,000000,221003,2,True,2000069681,546,False,3,0:2;403:204;544:207
221003,2000069681,75477354,75477888,534,546,75477900,000000,221581,2,True,2000071888,551,False,3,0:2;403:191;534:49
221581,2000071888,75477900,75478439,539,551,75478451,000000,221582,2,True,2000071889,551,False,3,0:2;403:204;539:208
221582,2000071889,75478451,75478990,539,551,75479002,000000,220988,2,True,2000069588,551,False,3,0:2;403:204;539:209
220988,2000069588,75479002,75479541,539,551,75479553,000000,221583,2,True,2000071890,546,False,3,0:2;403:192;539:212
221583,2000071890,75479553,75480087,534,546,75480099,000000,221584,2,True,2000071891,551,False,3,0:2;403:204;534:210
221584,2000071891,75480099,75480638,539,551,75480650,000000,221585,2,True,2000071892,546,False,3,0:2;403:204;539:211
221585,2000071892,75480650,75481184,534,546,75481196,000000,220986,2,True,2000069585,551,False,3,0:2;403:204;534:212
220986,2000069585,75481196,75481735,539,551,75481747,000000,221586,2,True,2000071894,546,False,3,0:2;403:192;539:209
221586,2000071894,75481747,75482281,534,546,75482293,000000,220985,2,True,2000069583,563,False,3,0:2;403:204;534:214
220985,2000069583,75482293,75482844,551,563,75482856,000000,220984,2,True,2000069581,551,False,3,0:2;403:192;551:207
220984,2000069581,75482856,75483395,539,551,75483407,000000,220983,2,True,2000069580,551,False,3,0:2;403:192;539:205
220983,2000069580,75483407,75483946,539,551,75483958,000000,221587,2,True,2000071896,551,False,3,0:2;403:192;539:204
221587,2000071896,75483958,75484497,539,551,75484509,000000,220982,2,True,2000069579,664,False,3,0:2;403:204;539:216
220982,2000069579,75484509,75485161,652,664,75485173,000000,221588,2,True,2000071899,551,False,3,0:2;499:192;652:203
221588,2000071899,75485173,75485712,539,551,75485724,000000,221589,2,True,2000071900,544,False,3,0:2;403:204;539:219
221589,2000071900,75485724,75486256,532,544,75486268,000000,220981,2,True,2000069578,551,False,3,0:2;403:204;532:220
220981,2000069578,75486268,75486807,539,551,75486819,000000,220980,2,True,2000069577,546,False,3,0:2;403:192;539:202
220980,2000069577,75486819,75487353,534,546,75487365,000000,221813,2,True,2000072481,551,False,3,0:2;403:192;534:201
221813,2000072481,75487365,75487904,539,551,75487916,000000,220979,2,True,2000069573,551,False,3,0:2;403:214;539:33
220979,2000069573,75487916,75488455,539,551,75488467,000000,220978,2,True,2000069571,546,False,3,0:2;403:192;539:197
220978,2000069571,75488467,75489001,534,546,75489013,000000,221591,1,True,2000071903,381,False,3,0:2;403:192;534:195
220977,2000069570,75489666,75490205,539,551,75490217,000000,220976,2,True,2000069569,546,False,3,0:2;403:192;539:194
220976,2000069569,75490217,75490751,534,546,75490763,000000,185656,4,True,91137693,105,False,3,0:2;403:192;534:193
221814,2000072482,75490868,75491400,532,544,75491412,000000,221593,1,True,2000071905,386,False,3,0:2;403:214;532:34
220974,2000069559,75492191,75492838,647,659,75492850,000000,221594,1,True,2000071906,386,False,3,0:2;499:183;647:183
220972,2000069557,75493617,75494151,534,546,75494163,000000,221597,2,True,2000071925,551,False,3,0:2;403:183;534:181
221597,2000071925,75494163,75494702,539,551,75494714,000000,221599,2,True,2000071927,551,False,3,0:2;403:212;539:245
221599,2000071927,75494714,75495253,539,551,75495265,000000,221600,2,True,2000071930,546,False,3,0:2;403:212;539:247
221600,2000071930,75495265,75495799,534,546,75495811,000000,221601,2,True,2000071931,551,False,3,0:2;403:212;534:250
221601,2000071931,75495811,75496350,539,551,75496362,000000,25805,1,True,6001929,410,False,3,0:2;403:212;539:251
220971,2000069556,75496772,75497311,539,551,75497323,000000,47476,1,True,16010782,303,False,3,0:2;403:196;539:180
221602,2000071934,75498012,75498546,534,546,75498558,000000,221603,2,True,2000071937,539,False,3,0:2;403:212;534:254
221603,2000071937,75498558,75499085,527,539,75499097,000000,185614,1,True,91136672,386,False,3,0:2;403:212;527:1
221604,2000071939,75499483,75500022,539,551,75500034,000000,221816,2,True,2000072484,551,False,3,0:2;403:212;539:3
221816,2000072484,75500034,75500573,539,551,75500585,000000,221817,2,True,2000072485,551,False,3,0:2;403:214;539:36
221817,2000072485,75500585,75501124,539,551,75501136,000000,220969,2,True,2000069554,551,False,3,0:2;403:214;539:37
220969,2000069554,75501136,75501675,539,551,75501687,000000,221605,2,True,2000071941,551,False,3,0:2;403:183;539:178
221605,2000071941,75501687,75502226,539,551,75502238,000000,220954,1,True,2000069301,386,False,3,0:2;403:212;539:5
221607,2000071948,75502624,75503168,544,556,75503180,000000,221818,2,True,2000072486,544,False,3,0:2;403:212;544:12
221818,2000072486,75503180,75503712,532,544,75503724,000000,221819,2,True,2000072487,544,False,3,0:2;403:214;532:38
221819,2000072487,75503724,75504256,532,544,75504268,000000,221820,1,True,2000072488,398,False,3,0:2;403:214;532:39
221608,2000071950,75505052,75505579,527,539,75505591,000000,221821,1,True,2000072489,386,False,3,0:2;403:212;527:14
221609,2000071953,75505977,75506511,534,546,75506523,000000,221610,2,True,2000071956,551,False,3,0:2;403:212;534:17
221610,2000071956,75506523,75507062,539,551,75507074,000000,221611,2,True,2000071961,551,False,3,0:2;403:212;539:20
221611,2000071961,75507074,75507613,539,551,75507625,000000,221612,2,True,2000071965,539,False,3,0:2;403:212;539:25
221612,2000071965,75507625,75508152,527,539,75508164,000000,221613,2,True,2000071966,551,False,3,0:2;403:212;527:29
221613,2000071966,75508164,75508703,539,551,75508715,000000,187626,1,True,92012917,257,False,3,0:2;403:212;539:30
220952,2000069289,75508972,75509511,539,551,75509523,000000,220951,2,True,2000069287,551,False,3,0:2;403:167;539:169
220951,2000069287,75509523,75510062,539,551,75510074,000000,220950,2,True,2000069285,563,False,3,0:2;403:167;539:167
220950,2000069285,75510074,75510625,551,563,75510637,000000,221614,2,True,2000071967,551,False,3,0:2;403:167;551:165
221614,2000071967,75510637,75511176,539,551,75511188,000000,221615,2,True,2000071968,551,False,3,0:2;403:212;539:31
221615,2000071968,75511188,75511727,539,551,75511739,000000,220949,2,True,2000069284,546,False,3,0:2;403:212;539:32
220949,2000069284,75511739,75512273,534,546,75512285,000000,220947,2,True,2000069282,546,False,3,0:2;403:167;534:164
220947,2000069282,75512285,75512819,534,546,75512831,000000,220946,2,True,2000069281,546,False,3,0:2;403:167;534:162
220946,2000069281,75512831,75513365,534,546,75513377,000000,221822,1,True,2000072490,386,False,3,0:2;403:4;534:161
221616,2000071971,75513763,75514302,539,551,75514314,000000,220944,2,True,2000069279,551,False,3,0:2;403:212;539:35
220944,2000069279,75514314,75514853,539,551,75514865,000000,221617,2,True,2000071972,546,False,3,0:2;403:4;539:159
221617,2000071972,75514865,75515399,534,546,75515411,000000,221825,2,True,2000072514,544,False,3,0:2;403:212;534:36
221825,2000072514,75515411,75515943,532,544,75515955,000000,220943,2,True,2000069278,551,False,3,0:2;403:215;532:66
220943,2000069278,75515955,75516494,539,551,75516506,000000,221618,2,True,2000071973,551,False,3,0:2;403:167;539:158
221618,2000071973,75516506,75517045,539,551,75517057,000000,220942,2,True,2000069277,551,False,3,0:2;403:212;539:37
220942,2000069277,75517057,75517596,539,551,75517608,000000,185117,4,True,91102847,117,False,3,0:2;403:167;539:157
221826,2000072515,75517725,75518264,539,551,75518276,000000,220940,2,True,2000069275,546,False,3,0:2;403:215;539:67
220940,2000069275,75518276,75518810,534,546,75518822,000000,221619,2,True,2000071974,546,False,3,0:2;403:167;534:155
221619,2000071974,75518822,75519356,534,546,75519368,000000,185118,4,True,91102853,117,False,3,0:2;403:212;534:38
220932,2000069251,75519485,75520012,527,539,75520024,000000,221621,1,True,2000071976,386,False,3,0:2;403:171;527:131
220931,2000069248,75520410,75520944,534,546,75520956,000000,220930,2,True,2000069246,551,False,3,0:2;403:171;534:128
220930,2000069246,75520956,75521495,539,551,75521507,000000,220929,2,True,2000069242,551,False,3,0:2;403:171;539:126
220929,2000069242,75521507,75522046,539,551,75522058,000000,220928,2,True,2000069239,546,False,3,0:2;403:171;539:122
220928,2000069239,75522058,75522592,534,546,75522604,000000,221827,2,True,2000072516,544,False,3,0:2;403:171;534:119
221827,2000072516,75522604,75523136,532,544,75523148,000000,221828,2,True,2000072518,551,False,3,0:2;403:215;532:68
221828,2000072518,75523148,75523687,539,551,75523699,000000,221626,2,True,2000072005,551,False,3,0:2;403:215;539:70
221626,2000072005,75523699,75524238,539,551,75524250,000000,221627,2,True,2000072007,551,False,3,0:2;403:203;539:69
221627,2000072007,75524250,75524789,539,551,75524801,000000,221628,2,True,2000072009,551,False,3,0:2;403:203;539:71
221628,2000072009,75524801,75525340,539,551,75525352,000000,220927,2,True,2000069238,539,False,3,0:2;403:203;539:73
220927,2000069238,75525352,75525879,527,539,75525891,000000,220926,2,True,2000069237,551,False,3,0:2;403:171;527:118
220926,2000069237,75525891,75526430,539,551,75526442,000000,221629,2,True,2000072010,551,False,3,0:2;403:171;539:117
221629,2000072010,75526442,75526981,539,551,75526993,000000,220925,2,True,2000069234,551,False,3,0:2;403:203;539:74
220925,2000069234,75526993,75527532,539,551,75527544,000000,220924,2,True,2000069233,546,False,3,0:2;403:171;539:114
220924,2000069233,75527544,75528078,534,546,75528090,000000,220923,2,True,2000069232,546,False,3,0:2;403:171;534:113
220923,2000069232,75528090,75528624,534,546,75528636,000000,221630,2,True,2000072013,546,False,3,0:2;403:171;534:112
221630,2000072013,75528636,75529170,534,546,75529182,000000,220921,2,True,2000069229,551,False,3,0:2;403:203;534:77
220921,2000069229,75529182,75529721,539,551,75529733,000000,221631,2,True,2000072015,551,False,3,0:2;403:171;539:109
221631,2000072015,75529733,75530272,539,551,75530284,000000,221632,2,True,2000072016,551,False,3,0:2;403:203;539:79
221632,2000072016,75530284,75530823,539,551,75530835,000000,221830,2,True,2000072520,539,False,3,0:2;403:203;539:80
221830,2000072520,75530835,75531362,527,539,75531374,000000,221831,2,True,2000072521,546,False,3,0:2;403:215;527:72
221831,2000072521,75531374,75531908,534,546,75531920,000000,221633,2,True,2000072018,546,False,3,0:2;403:215;534:73
221633,2000072018,75531920,75532454,534,546,75532466,000000,220920,2,True,2000069228,551,False,3,0:2;403:203;534:82
220920,2000069228,75532466,75533005,539,551,75533017,000000,185119,4,True,91102858,117,False,3,0:2;403:171;539:108
221832,2000072522,75533134,75533666,532,544,75533678,000000,220919,2,True,2000069225,546,False,3,0:2;403:215;532:74
220919,2000069225,75533678,75534212,534,546,75534224,000000,220918,1,True,2000069214,386,False,3,0:2;403:171;534:105
220916,2000069210,75534996,75535552,556,568,75535564,000000,220914,2,True,2000069206,558,False,3,0:2;403:169;556:90
220914,2000069206,75535564,75536110,546,558,75536122,000000,221833,2,True,2000072523,568,False,3,0:2;403:169;546:86
221833,2000072523,75536122,75536678,556,568,75536690,000000,220913,2,True,2000069205,551,False,3,0:2;403:215;556:75
220913,2000069205,75536690,75537229,539,551,75537241,000000,220912,2,True,2000069201,551,False,3,0:2;403:169;539:85
220912,2000069201,75537241,75537780,539,551,75537792,000000,221834,2,True,2000072524,544,False,3,0:2;403:169;539:81
221834,2000072524,75537792,75538324,532,544,75538336,000000,221635,2,True,2000072020,546,False,3,0:2;403:215;532:76
221635,2000072020,75538336,75538870,534,546,75538882,000000,220910,1,True,2000069192,386,False,3,0:2;403:203;534:84
221636,2000072021,75539268,75539824,556,568,75539836,000000,221836,2,True,2000072527,546,False,3,0:2;403:203;556:85
221836,2000072527,75539836,75540370,534,546,75540382,000000,221643,2,True,2000072070,544,False,3,0:2;403:215;534:79
221643,2000072070,75540382,75540914,532,544,75540926,000000,221837,2,True,2000072529,546,False,3,0:2;403:211;532:134
221837,2000072529,75540926,75541460,534,546,75541472,000000,221644,2,True,2000072071,546,False,3,0:2;403:215;534:81
221644,2000072071,75541472,75542006,534,546,75542018,000000,221645,2,True,2000072075,551,False,3,0:2;403:211;534:135
221645,2000072075,75542018,75542557,539,551,75542569,000000,220909,1,True,2000069191,386,False,3,0:2;403:211;539:139
221646,2000072078,75542955,75543489,534,546,75543501,000000,221647,2,True,2000072081,551,False,3,0:2;403:211;534:142
221647,2000072081,75543501,75544040,539,551,75544052,000000,220908,2,True,2000069190,563,False,3,0:2;403:211;539:145
220908,2000069190,75544052,75544603,551,563,75544615,000000,220907,2,True,2000069189,551,False,3,0:2;403:164;551:70
220907,2000069189,75544615,75545154,539,551,75545166,000000,220906,2,True,2000069187,568,False,3,0:2;403:164;539:69
220906,2000069187,75545166,75545722,556,568,75545734,000000,220905,2,True,2000069186,551,False,3,0:2;403:164;556:67
220905,2000069186,75545734,75546273,539,551,75546285,000000,221838,2,True,2000072530,551,False,3,0:2;403:164;539:66
221838,2000072530,75546285,75546824,539,551,75546836,000000,220904,2,True,2000069185,563,False,3,0:2;403:215;539:82
220904,2000069185,75546836,75547387,551,563,75547399,000000,220903,2,True,2000069184,563,False,3,0:2;403:164;551:65
220903,2000069184,75547399,75547950,551,563,75547962,000000,220902,2,True,2000069182,551,False,3,0:2;403:164;551:64
220902,2000069182,75547962,75548501,539,551,75548513,000000,221648,2,True,2000072083,551,False,3,0:2;403:164;539:62
221648,2000072083,75548513,75549052,539,551,75549064,000000,221839,2,True,2000072531,568,False,3,0:2;403:211;539:147
221839,2000072531,75549064,75549620,556,568,75549632,000000,221840,2,True,2000072532,551,False,3,0:2;403:215;556:83
221840,2000072532,75549632,75550171,539,551,75550183,000000,221841,2,True,2000072533,551,False,3,0:2;403:215;539:84
221841,2000072533,75550183,75550722,539,551,75550734,000000,221649,2,True,2000072084,539,False,3,0:2;403:215;539:85
221649,2000072084,75550734,75551261,527,539,75551273,000000,221843,2,True,2000072536,539,False,3,0:2;403:211;527:148
221843,2000072536,75551273,75551800,527,539,75551812,000000,220901,2,True,2000069181,551,False,3,0:2;403:215;527:88
220901,2000069181,75551812,75552351,539,551,75552363,000000,220900,2,True,2000069177,551,False,3,0:2;403:164;539:61
220900,2000069177,75552363,75552902,539,551,75552914,000000,220899,2,True,2000069176,546,False,3,0:2;403:164;539:57
220899,2000069176,75552914,75553448,534,546,75553460,000000,221650,2,True,2000072085,551,False,3,0:2;403:164;534:56
221650,2000072085,75553460,75553999,539,551,75554011,000000,221844,2,True,2000072537,539,False,3,0:2;403:211;539:149
221844,2000072537,75554011,75554538,527,539,75554550,000000,220898,2,True,2000069175,546,False,3,0:2;403:215;527:89
220898,2000069175,75554550,75555084,534,546,75555096,000000,221845,2,True,2000072539,551,False,3,0:2;403:164;534:55
221845,2000072539,75555096,75555635,539,551,75555647,000000,220894,2,True,2000069168,546,False,3,0:2;403:215;539:91
220894,2000069168,75555647,75556181,534,546,75556193,000000,220884,2,True,2000069096,546,False,3,0:2;403:164;534:48
220884,2000069096,75556193,75556727,534,546,75556739,000000,221651,2,True,2000072086,539,False,3,0:2;403:170;534:232
221651,2000072086,75556739,75557266,527,539,75557278,000000,221652,2,True,2000072087,551,False,3,0:2;403:211;527:150
221652,2000072087,75557278,75557817,539,551,75557829,000000,220883,2,True,2000069093,546,False,3,0:2;403:211;539:151
220883,2000069093,75557829,75558363,534,546,75558375,000000,185416,4,True,91123458,117,False,3,0:2;403:170;534:229
220881,2000069088,75558597,75559136,539,551,75559148,000000,221653,2,True,2000072089,568,False,3,0:2;403:170;539:224
221653,2000072089,75559148,75559704,556,568,75559716,000000,221662,2,True,2000072125,551,False,3,0:2;403:211;556:153
221662,2000072125,75559716,75560255,539,551,75560267,000000,185120,4,True,91102864,125,False,3,0:2;403:205;539:189
220880,2000069086,75560392,75560931,539,551,75560943,000000,220879,2,True,2000069083,546,False,3,0:2;403:170;539:222
220879,2000069083,75560943,75561477,534,546,75561489,000000,221663,2,True,2000072126,551,False,3,0:2;403:170;534:219
221663,2000072126,75561489,75562028,539,551,75562040,000000,221849,4,True,2000072543,105,False,3,0:2;403:205;539:190
221851,2000072549,75562145,75562701,556,568,75562713,000000,220878,2,True,2000069081,551,False,3,0:2;403:208;556:101
220878,2000069081,75562713,75563252,539,551,75563264,000000,221852,2,True,2000072550,539,False,3,0:2;403:170;539:217
221852,2000072550,75563264,75563791,527,539,75563803,000000,220876,2,True,2000069079,546,False,3,0:2;403:208;527:102
220876,2000069079,75563803,75564337,534,546,75564349,000000,220875,2,True,2000069077,551,False,3,0:2;403:170;534:215
220875,2000069077,75564349,75564888,539,551,75564900,000000,220874,2,True,2000069075,551,False,3,0:2;403:170;539:213
220874,2000069075,75564900,75565439,539,551,75565451,000000,221853,2,True,2000072551,551,False,3,0:2;403:170;539:211
221853,2000072551,75565451,75565990,539,551,75566002,000000,221854,2,True,2000072552,544,False,3,0:2;403:208;539:103
221854,2000072552,75566002,75566534,532,544,75566546,000000,185121,4,True,91102870,105,False,3,0:2;403:208;532:104
221855,2000072553,75566651,75567185,534,546,75567197,000000,221856,2,True,2000072555,551,False,3,0:2;403:208;534:105
221856,2000072555,75567197,75567736,539,551,75567748,000000,185122,4,True,91102876,117,False,3,0:2;403:208;539:107
220873,2000069070,75567865,75568404,539,551,75568416,000000,221857,2,True,2000072557,551,False,3,0:2;403:170;539:206
221857,2000072557,75568416,75568955,539,551,75568967,000000,221858,2,True,2000072558,546,False,3,0:2;403:208;539:109
221858,2000072558,75568967,75569501,534,546,75569513,000000,220872,2,True,2000069069,539,False,3,0:2;403:208;534:110
220872,2000069069,75569513,75570040,527,539,75570052,000000,221860,2,True,2000072560,546,False,3,0:2;403:170;527:205
221860,2000072560,75570052,75570586,534,546,75570598,000000,195291,1,True,96075770,333,False,3,0:2;403:208;534:112
221861,2000072561,75570931,75571470,539,551,75571482,000000,91163,1,True,35021885,274,False,3,0:2;403:208;539:113
220871,2000069068,75571756,75572283,527,539,75572295,000000,32472,1,True,8707875,310,False,3,0:2;403:170;527:204
221862,2000072562,75572605,75573139,534,546,75573151,000000,221863,2,True,2000072563,551,False,3,0:2;403:208;534:114
221863,2000072563,75573151,75573690,539,551,75573702,000000,221865,2,True,2000072565,546,False,3,0:2;403:208;539:115
221865,2000072565,75573702,75574236,534,546,75574248,000000,185123,4,True,91102882,113,False,3,0:2;403:208;534:117
220870,2000069066,75574591,75575130,539,551,75575142,000000,220858,1,True,2000068993,386,False,3,0:2;403:170;539:202
221665,2000072129,75575645,75576184,539,551,75576196,000000,221866,2,True,2000072566,546,False,3,0:2;403:205;539:193
221866,2000072566,75576196,75576730,534,546,75576742,000000,220857,1,True,2000068992,381,False,3,0:2;403:208;534:118
221666,2000072132,75577123,75577657,534,546,75577669,000000,221867,2,True,2000072567,551,False,3,0:2;403:205;534:196
221867,2000072567,75577669,75578208,539,551,75578220,000000,220856,1,True,2000068991,386,False,3,0:2;403:208;539:119
221868,2000072568,75578987,75579514,527,539,75579526,000000,221667,2,True,2000072133,568,False,3,0:2;403:208;527:120
221667,2000072133,75579526,75580082,556,568,75580094,000000,221668,2,True,2000072134,546,False,3,0:2;403:205;556:197
221668,2000072134,75580094,75580628,534,546,75580640,000000,221669,2,True,2000072136,551,False,3,0:2;403:205;534:198
221669,2000072136,75580640,75581179,539,551,75581191,000000,221670,2,True,2000072137,551,False,3,0:2;403:205;539:200
221670,2000072137,75581191,75581730,539,551,75581742,000000,220854,2,True,2000068989,544,False,3,0:2;403:205;539:201
220854,2000068989,75581742,75582274,532,544,75582286,000000,221870,2,True,2000072572,544,False,3,0:2;403:175;532:125
221870,2000072572,75582286,75582818,532,544,75582830,000000,221671,2,True,2000072138,551,False,3,0:2;403:208;532:124
221671,2000072138,75582830,75583369,539,551,75583381,000000,220853,2,True,2000068987,544,False,3,0:2;403:205;539:202
220853,2000068987,75583381,75583913,532,544,75583925,000000,221871,2,True,2000072574,544,False,3,0:2;403:175;532:123
221871,2000072574,75583925,75584457,532,544,75584469,000000,188627,1,True,92095186,305,False,3,0:2;403:208;532:126
221873,2000072580,75585160,75585699,539,551,75585711,000000,32469,1,True,8707861,414,False,3,0:2;403:208;539:132
220852,2000068985,75586125,75586659,534,546,75586671,000000,84096,1,True,29168621,277,False,3,0:2;403:175;534:121
220851,2000068984,75587737,75588271,534,546,75588283,000000,221683,2,True,2000072153,551,False,3,0:2;403:175;534:120
221683,2000072153,75588283,75588822,539,551,75588834,000000,185577,4,True,91135550,101,False,3,0:2;403:216;539:217
220850,2000068983,75588935,75589469,534,546,75589481,000000,221685,2,True,2000072155,551,False,3,0:2;403:175;534:119
221685,2000072155,75589481,75590020,539,551,75590032,000000,185576,4,True,91135545,113,False,3,0:2;403:216;539:219
220849,2000068982,75590517,75591056,539,551,75591068,000000,220848,2,True,2000068981,551,False,3,0:2;403:175;539:118
220848,2000068981,75591068,75591607,539,551,75591619,000000,220847,2,True,2000068979,551,False,3,0:2;403:175;539:117
220847,2000068979,75591619,75592158,539,551,75592170,000000,221686,2,True,2000072156,551,False,3,0:2;403:175;539:115
221686,2000072156,75592170,75592709,539,551,75592721,000000,220846,2,True,2000068978,539,False,3,0:2;403:216;539:220
220846,2000068978,75592721,75593248,527,539,75593260,000000,224280,1,True,2000081989,272,False,3,0:2;403:175;527:114
220845,2000068977,75594190,75594729,539,551,75594741,000000,220844,2,True,2000068975,551,False,3,0:2;403:175;539:113
220844,2000068975,75594741,75595280,539,551,75595292,000000,220842,2,True,2000068972,546,False,3,0:2;403:175;539:111
220842,2000068972,75595292,75595826,534,546,75595838,000000,185575,4,True,91135543,121,False,3,0:2;403:175;534:108
221687,2000072157,75595959,75596498,539,551,75596510,000000,220826,1,True,2000068921,386,False,3,0:2;403:216;539:221
220823,2000068918,75597294,75597843,549,561,75597855,000000,220822,2,True,2000068917,551,False,3,0:2;403:165;549:54
220822,2000068917,75597855,75598394,539,551,75598406,000000,221688,2,True,2000072159,551,False,3,0:2;403:165;539:53
221688,2000072159,75598406,75598945,539,551,75598957,000000,220821,2,True,2000068916,551,False,3,0:2;403:216;539:223
220821,2000068916,75598957,75599496,539,551,75599508,000000,220818,2,True,2000068911,551,False,3,0:2;403:165;539:52
220818,2000068911,75599508,75600047,539,551,75600059,000000,220817,2,True,2000068910,568,False,3,0:2;403:165;539:47
220817,2000068910,75600059,75600615,556,568,75600627,000000,220816,2,True,2000068909,551,False,3,0:2;403:165;556:46
220816,2000068909,75600627,75601166,539,551,75601178,000000,221690,2,True,2000072162,539,False,3,0:2;403:165;539:45
221690,2000072162,75601178,75601705,527,539,75601717,000000,220815,2,True,2000068908,546,False,3,0:2;403:216;527:226
220815,2000068908,75601717,75602251,534,546,75602263,000000,221691,2,True,2000072163,551,False,3,0:2;403:165;534:44
221691,2000072163,75602263,75602802,539,551,75602814,000000,221692,2,True,2000072164,546,False,3,0:2;403:216;539:227
221692,2000072164,75602814,75603348,534,546,75603360,000000,221693,2,True,2000072165,546,False,3,0:2;403:34;534:228
221693,2000072165,75603360,75603894,534,546,75603906,000000,220814,2,True,2000068907,551,False,3,0:2;403:216;534:229
220814,2000068907,75603906,75604445,539,551,75604457,000000,185127,4,True,91102919,117,False,3,0:2;403:165;539:43
220813,2000068906,75604574,75605113,539,551,75605125,000000,221694,2,True,2000072166,563,False,3,0:2;403:165;539:42
221694,2000072166,75605125,75605676,551,563,75605688,000000,220812,2,True,2000068905,561,False,3,0:2;403:216;551:230
220812,2000068905,75605688,75606237,549,561,75606249,000000,221697,2,True,2000072171,546,False,3,0:2;403:165;549:41
221697,2000072171,75606249,75606783,534,546,75606795,000000,221698,2,True,2000072172,568,False,3,0:2;403:216;534:235
221698,2000072172,75606795,75607351,556,568,75607363,000000,183822,1,True,89062893,391,False,3,0:2;403:216;556:236
221700,2000072174,75607754,75608293,539,551,75608305,000000,220811,2,True,2000068903,546,False,3,0:2;403:216;539:238
220811,2000068903,75608305,75608839,534,546,75608851,000000,221701,2,True,2000072175,664,False,3,0:2;403:165;534:39
221701,2000072175,75608851,75609503,652,664,75609515,000000,221702,2,True,2000072176,558,False,3,0:2;499:216;652:239
221702,2000072176,75609515,75610061,546,558,75610073,000000,221731,1,True,2000072280,386,False,3,0:2;403:216;546:240
220810,2000068902,75611360,75611894,534,546,75611906,000000,220809,2,True,2000068901,546,False,3,0:2;403:13;534:38
220809,2000068901,75611906,75612440,534,546,75612452,000000,185129,4,True,91102967,117,False,3,0:2;403:165;534:37
221737,2000072291,75612569,75613108,539,551,75613120,000000,221738,2,True,2000072292,546,False,3,0:2;403:213;539:99
221738,2000072292,75613120,75613654,534,546,75613666,000000,188665,1,True,92096951,393,False,3,0:2;403:213;534:100
221740,2000072295,75614353,75614887,534,546,75614899,000000,221741,2,True,2000072297,546,False,3,0:2;403:213;534:103
221741,2000072297,75614899,75615433,534,546,75615445,000000,223908,1,True,2000080339,386,False,3,0:2;403:213;534:105
221742,2000072299,75616598,75617137,539,551,75617149,000000,221743,2,True,2000072300,551,False,3,0:2;403:213;539:107
221743,2000072300,75617149,75617688,539,551,75617700,000000,221744,2,True,2000072301,561,False,3,0:2;403:213;539:108
221744,2000072301,75617700,75618249,549,561,75618261,000000,221745,2,True,2000072302,551,False,3,0:2;403:213;549:109
221745,2000072302,75618261,75618800,539,551,75618812,000000,220808,2,True,2000068900,539,False,3,0:2;403:213;539:110
220808,2000068900,75618812,75619339,527,539,75619351,000000,221746,2,True,2000072304,539,False,3,0:2;403:165;527:36
221746,2000072304,75619351,75619878,527,539,75619890,000000,221748,2,True,2000072307,551,False,3,0:2;403:213;527:112
221748,2000072307,75619890,75620429,539,551,75620441,000000,221749,2,True,2000072308,539,False,3,0:2;403:214;539:115
221749,2000072308,75620441,75620968,527,539,75620980,000000,221750,2,True,2000072309,546,False,3,0:2;403:214;527:116
221750,2000072309,75620980,75621514,534,546,75621526,000000,221751,2,True,2000072310,551,False,3,0:2;403:214;534:117
221751,2000072310,75621526,75622065,539,551,75622077,000000,221752,2,True,2000072311,551,False,3,0:2;403:214;539:118
221752,2000072311,75622077,75622616,539,551,75622628,000000,220806,2,True,2000068898,573,False,3,0:2;403:214;539:119
220806,2000068898,75622628,75623189,561,573,75623201,000000,220803,2,True,2000068895,561,False,3,0:2;403:165;561:34
220803,2000068895,75623201,75623750,549,561,75623762,000000,221753,2,True,2000072312,563,False,3,0:2;403:165;549:31
221753,2000072312,75623762,75624313,551,563,75624325,000000,221754,2,True,2000072313,551,False,3,0:2;403:214;551:120
221754,2000072313,75624325,75624864,539,551,75624876,000000,220802,2,True,2000068894,551,False,3,0:2;403:214;539:121
220802,2000068894,75624876,75625415,539,551,75625427,000000,221762,2,True,2000072341,544,False,3,0:2;403:165;539:30
221762,2000072341,75625427,75625959,532,544,75625971,000000,221763,2,True,2000072342,546,False,3,0:2;403:214;532:149
221763,2000072342,75625971,75626505,534,546,75626517,000000,221764,2,True,2000072343,551,False,3,0:2;403:214;534:150
221764,2000072343,75626517,75627056,539,551,75627068,000000,221765,2,True,2000072344,551,False,3,0:2;403:214;539:151
221765,2000072344,75627068,75627607,539,551,75627619,000000,96289,1,True,37065084,386,False,3,0:2;403:214;539:152
221766,2000072345,75628372,75628911,539,551,75628923,000000,220801,2,True,2000068893,544,False,3,0:2;403:214;539:153
220801,2000068893,75628923,75629455,532,544,75629467,000000,220800,2,True,2000068892,544,False,3,0:2;403:165;532:29
220800,2000068892,75629467,75629999,532,544,75630011,000000,220785,2,True,2000068837,551,False,3,0:2;403:165;532:28
221331,2000070787,75631951,75632483,532,544,75632495,000000,185225,4,True,91107614,105,False,3,0:2;403:197;532:131
221598,2000071926,75659517,75660056,539,551,75660068,000000,188792,1,True,92104018,372,False,3,0:2;403:212;539:246
221846,2000072540,75737560,75738188,628,640,75738200,000000,136716,1,True,59012073,302,False,3,0:2;499:215;628:92
223902,2000080310,78056936,78057463,527,539,78057475,500050,119157,1,True,50070441,381,False,3,0:2;403:182;527:182
224642,2000082852,78076749,78077313,564,576,78077325,500050,225006,1,True,2000083659,381,False,3,0:2;433:147;564:164
224504,2000082560,78093668,78094232,564,576,78094244,500050,224502,2,True,2000082558,576,False,3,0:2;433:18;564:128
224502,2000082558,78094244,78094808,564,576,78094820,500050,204570,2,True,2000023519,563,False,3,0:2;433:18;564:126
224506,2000082563,78270852,78271379,527,539,78271391,4e004e,117178,2,True,49040257,570,False,3,0:2;403:165;527:131
223903,2000080312,78299932,78300466,534,546,78300478,4e004e,213437,2,True,2000049118,546,False,3,0:2;403:182;534:184
224509,2000082573,78356212,78356776,564,576,78356788,4d004d,224505,2,True,2000082562,546,False,3,0:2;433:151;564:141
224505,2000082562,78356788,78357322,534,546,78357334,4d004d,116253,2,True,48044082,441,False,3,0:2;403:165;534:130
222074,2000073847,78617117,78617663,546,558,78617675,4a004a,117790,2,True,49053184,539,False,3,0:2;403:143;546:119
222143,2000074269,78789702,78790236,534,546,78790248,470047,79660,2,True,28059426,497,False,3,0:2;403:101;534:29
222122,2000074083,78832105,78832639,534,546,78832651,460046,179118,2,True,84160150,602,False,3,0:2;403:189;534:99
225008,2000083662,78843648,78844182,534,546,78844194,460046,179796,1,True,85058819,422,False,3,0:2;403:126;534:206
222773,2000076995,79024206,79024740,534,546,79024752,440044,118975,1,True,50062109,393,False,3,0:2;403:6;534:195
224719,2000083025,79035402,79035929,527,539,79035941,440044,117470,2,True,49046897,570,False,3,0:2;403:6;527:81
223560,2000079299,79224360,79224894,534,546,79224906,410041,223558,2,True,2000079294,546,False,3,0:2;403:111;534:195
223558,2000079294,79224906,79225440,534,546,79225452,410041,118324,2,True,49061458,546,False,3,0:2;403:111;534:190
223557,2000079292,79228611,79229145,534,546,79229157,410041,118339,2,True,49061475,558,False,3,0:2;403:111;534:188
223548,2000079261,79232094,79232628,534,546,79232640,410041,223547,2,True,2000079259,546,False,3,0:2;403:111;534:157
223547,2000079259,79232640,79233174,534,546,79233186,410041,199018,2,True,2000006141,546,False,3,0:2;403:111;534:155
224055,2000081046,79303445,79303979,534,546,79303991,3f003f,118487,2,True,49063234,546,False,3,0:2;403:188;534:150
222144,2000074270,79307700,79308251,551,563,79308263,3f003f,179207,2,True,84161727,558,False,3,0:2;403:101;551:30
224349,2000082160,79313747,79314325,578,590,79314337,3e003e,209017,2,True,2000036279,546,False,3,0:2;433:216;578:240
223550,2000079264,79346784,79347318,534,546,79347330,000000,18596,1,True,3505450,393,False,3,0:2;403:111;534:160
223887,2000080218,79351155,79351682,527,539,79351694,3c003c,118384,2,True,49062034,546,False,3,0:2;403:213;527:90
223554,2000079279,79365720,79366254,534,546,79366266,3c003c,136940,2,True,59110802,636,False,3,0:2;403:111;534:175
224942,2000083504,79367994,79368521,527,539,79368533,3c003c,205269,2,True,2000025696,546,False,3,0:2;403:206;527:48
223553,2000079277,79384594,79385128,534,546,79385140,3c003c,84825,2,True,29189396,429,False,3,0:2;403:111;534:173
223551,2000079269,79386949,79387483,534,546,79387495,3c003c,178102,2,True,83334815,603,False,3,0:2;403:111;534:165
223892,2000080232,79424398,79424925,527,539,79424937,3c0039,123076,2,True,52077402,614,False,3,0:2;403:100;527:104
222580,2000076483,79435220,79435792,572,584,79435804,370037,117999,2,True,49055186,429,False,3,0:2;441:244;572:195
220824,2000068919,79571178,79571717,539,551,79571729,000000,82938,1,True,29114963,381,False,3,0:2;403:165;539:55
225208,2000084281,79893627,79894218,591,603,79894230,410048,87621,2,True,33001816,581,False,3,0:2;433:176;591:57
225232,2000084314,80024385,80024966,581,593,80024978,3c0041,89259,2,True,33074888,595,False,3,0:2;433:177;581:90
225217,2000084291,80120758,80121302,544,556,80121314,3c003c,89191,2,True,33073861,581,False,3,0:2;403:85;544:67
225066,2000083901,80126619,80127188,569,581,80127200,320037,89745,2,True,33081371,586,False,3,0:2;433:212;569:189
225216,2000084290,80129113,80129650,537,549,80129662,3c003c,89706,2,True,33080786,581,False,3,0:2;403:85;537:66
225231,2000084312,80132430,80133011,581,593,80133023,3c003c,88462,2,True,33051842,600,False,3,0:2;433:177;581:88
225233,2000084315,80134191,80134767,576,588,80134779,37003c,89157,2,True,33071926,593,False,3,0:2;433:177;576:91
224438,2000082411,80171348,80171887,539,551,80171899,280028,87984,2,True,33024139,483,False,3,0:2;403:206;539:235
224455,2000082445,80207065,80207639,574,586,80207651,2d002d,87601,2,True,33001251,483,False,3,0:2;433:206;574:13
224442,2000082419,80239993,80240532,539,551,80240544,1e001e,88920,2,True,33065573,586,False,3,0:2;403:206;539:243
224460,2000082451,80248179,80248753,574,586,80248765,280028,88703,2,True,33058647,581,False,3,0:2;433:206;574:19
224653,2000082876,80264200,80264762,562,574,80264774,280028,7730,1,True,512477,401,False,3,0:2;411:23;562:188
224652,2000082874,80265175,80265712,537,549,80265724,280028,210678,1,True,2000040878,386,False,3,0:2;403:23;537:186
225244,2000084332,80338145,80338677,532,544,80338689,320032,225240,2,True,2000084325,586,False,3,0:2;403:204;532:108
225240,2000084325,80338689,80339263,574,586,80339275,320037,225214,2,True,2000084288,554,False,3,0:2;433:58;574:101
225214,2000084288,80339275,80339817,542,554,80339829,370037,89928,1,True,33083078,377,False,3,0:2;411:59;542:64
225207,2000084279,80340206,80340750,544,556,80340762,370037,89414,2,True,33077677,609,False,3,0:2;403:176;544:55
225195,2000084267,80341847,80342381,534,546,80342393,320037,89410,2,True,33077640,469,False,3,0:2;403:180;534:43
225194,2000084266,80342862,80343401,539,551,80343413,320037,89405,2,True,33077569,593,False,3,0:2;403:180;539:42
225193,2000084265,80344006,80344550,544,556,80344562,320037,89401,2,True,33077526,595,False,3,0:2;403:180;544:41
225101,2000083980,80345764,80346303,539,551,80346315,320032,89918,2,True,33082964,581,False,3,0:2;403:184;539:12
222891,2000077287,80360574,80361150,576,588,80361162,370037,7956,1,True,522138,403,False,3,0:2;433:113;576:231
222882,2000077273,80366229,80366800,571,583,80366812,370037,89177,2,True,33072453,471,False,3,0:2;433:113;571:217
221924,2000072840,80396569,80397138,569,581,80397150,1e001e,87863,2,True,33012700,556,False,3,0:2;433:56;569:136
224753,2000083084,80400380,80400924,544,556,80400936,320032,32182,2,True,8507214,476,False,3,0:2;403:220;544:140
223303,2000078618,80447339,80447883,544,556,80447895,230023,89387,2,True,33077113,492,False,3,0:2;403:121;544:26
224544,2000082659,80460932,80461520,588,600,80461532,320032,90021,2,True,33086364,586,False,3,0:2;433:109;588:227
224458,2000082448,80471352,80471928,576,588,80471940,2d002d,88192,2,True,33032732,598,False,3,0:2;433:206;576:16
224437,2000082409,80473124,80473663,539,551,80473675,1e001e,87890,2,True,33019424,605,False,3,0:2;403:206;539:233
224058,2000081054,80482425,80482964,539,551,80482976,140014,88367,2,True,33049859,615,False,3,0:2;403:212;539:158
223577,2000079336,80491492,80492061,569,581,80492073,320032,89262,2,True,33074938,602,False,3,0:2;433:102;569:232
223571,2000079328,80494874,80495455,581,593,80495467,000000,90022,2,True,33086365,593,False,3,0:2;433:211;581:224
224462,2000082455,80554102,80554666,564,576,80554678,1e001e,88995,2,True,33067519,581,False,3,0:2;433:206;564:23
224289,2000082004,80566611,80567180,569,581,80567192,0f000f,88215,2,True,33044196,586,False,3,0:2;433:212;569:84
224046,2000081017,80575263,80575839,576,588,80575851,0a000a,88970,2,True,33067076,610,False,3,0:2;433:212;576:121
223567,2000079319,80589816,80590390,574,586,80590402,2d002d,88162,2,True,33031549,471,False,3,0:2;433:102;574:215
225100,2000083979,80614255,80614799,544,556,80614811,280028,32126,2,True,8504146,476,False,3,0:2;403:184;544:11
225218,2000084292,80628417,80628993,576,588,80629005,320032,87917,2,True,33020383,586,False,3,0:2;433:177;576:68
225099,2000083978,80629982,80630526,544,556,80630538,280028,89925,2,True,33083030,593,False,3,0:2;403:184;544:10
225013,2000083681,80632347,80632879,532,544,80632891,320032,32219,2,True,8508143,581,False,3,0:2;403:196;532:225
224285,2000081996,80677550,80678124,574,586,80678136,0a000a,89927,2,True,33083032,588,False,3,0:2;433:212;574:76
222165,2000074439,80686902,80687441,539,551,80687453,190019,87823,2,True,33011457,632,False,3,0:2;403:56;539:199
223576,2000079335,80688666,80689235,569,581,80689247,2d002d,90013,2,True,33086098,593,False,3,0:2;433:102;569:231
223573,2000079330,80689840,80690404,564,576,80690416,2d002d,87922,2,True,33020558,586,False,3,0:2;433:102;564:226
224381,2000082266,80715288,80715857,569,581,80715869,1e001e,89804,2,True,33081949,581,False,3,0:2;433:228;569:90
224282,2000081993,80716921,80717453,532,544,80717465,0a000a,89547,2,True,33079518,608,False,3,0:2;403:212;532:73
224050,2000081033,80718659,80719228,569,581,80719240,0a000a,89721,2,True,33080995,598,False,3,0:2;433:212;569:137
224822,2000083209,80759852,80760389,537,549,80760401,2d002d,89838,2,True,33082406,551,False,3,0:2;403:220;537:9
224703,2000082996,80765281,80765813,532,544,80765825,2d0028,219949,2,True,2000065668,556,False,3,0:2;403:59;532:52
224702,2000082995,80766381,80766913,532,544,80766925,280028,7731,2,True,512493,586,False,3,0:2;403:185;532:51
224692,2000082975,80768102,80768641,539,551,80768653,2d002d,224691,2,True,2000082974,556,False,3,0:2;403:23;539:31
224691,2000082974,80768653,80769197,544,556,80769209,280028,7736,3,True,512560,724,False,3,0:2;403:23;544:30
224047,2000081025,80798932,80799476,544,556,80799488,140014,88046,2,True,33026501,556,False,3,0:2;403:212;544:129
223978,2000080753,80802325,80802901,576,588,80802913,140014,89764,3,True,33081497,705,False,3,0:2;433:109;576:113
223977,2000080752,80803618,80804194,576,588,80804206,190019,88291,2,True,33046723,593,False,3,0:2;433:109;576:112
223218,2000078308,80819882,80820456,574,586,80820468,230023,89181,2,True,33072863,586,False,3,0:2;433:70;574:228
223096,2000077961,80826899,80827480,581,593,80827492,1e001e,206707,2,True,2000029545,586,False,3,0:2;433:172;581:137
222493,2000076346,80838511,80839085,574,586,80839097,280028,89877,2,True,33082668,581,False,3,0:2;433:113;574:58
224962,2000083538,80847434,80847973,539,551,80847985,2d002d,89642,2,True,33080082,586,False,3,0:2;403:183;539:82
224964,2000083540,80848571,80849110,539,551,80849122,2d002d,224966,2,True,2000083542,551,False,3,0:2;403:183;539:84
224966,2000083542,80849122,80849661,539,551,80849673,2d002d,89636,2,True,33080018,458,False,3,0:2;403:183;539:86
224967,2000083543,80850131,80850675,544,556,80850687,2d002d,224968,2,True,2000083544,556,False,3,0:2;403:183;544:87
224968,2000083544,80850687,80851231,544,556,80851243,2d002d,32221,2,True,8508439,586,False,3,0:2;403:183;544:88
224969,2000083545,80851829,80852368,539,551,80852380,2d002d,32149,1,True,8505668,320,False,3,0:2;403:183;539:89
225102,2000083982,80852700,80853244,544,556,80853256,280028,225120,2,True,2000084043,551,False,3,0:2;403:184;544:14
225120,2000084043,80853256,80853795,539,551,80853807,2d002d,225205,2,True,2000084277,605,False,3,0:2;403:184;539:75
225205,2000084277,80853807,80854400,593,605,80854412,2d002d,225206,2,True,2000084278,593,False,3,0:2;433:176;593:53
225206,2000084278,80854412,80854993,581,593,80855005,2d002d,89614,2,True,33079806,586,False,3,0:2;433:176;581:54
225238,2000084321,80858477,80859004,527,539,80859016,2d002d,225239,2,True,2000084323,544,False,3,0:2;403:245;527:97
225239,2000084323,80859016,80859548,532,544,80859560,2d002d,89936,2,True,33083240,551,False,3,0:2;403:245;532:99
222689,2000076780,80973709,80974283,574,586,80974295,190019,87815,2,True,33011372,551,False,3,0:2;433:208;574:236
223220,2000078318,80982319,80982895,576,588,80982907,280028,89777,2,True,33081643,586,False,3,0:2;433:70;576:238
222681,2000076769,80984672,80985209,537,549,80985221,140014,89775,2,True,33081641,581,False,3,0:2;403:208;537:225
221705,2000072182,80997150,80997731,581,593,80997743,280028,89160,2,True,33071937,576,False,3,0:2;433:202;581:246
223219,2000078314,81001160,81001736,576,588,81001748,1e001e,7965,2,True,522440,617,False,3,0:2;433:70;576:234
223097,2000077963,81002365,81002941,576,588,81002953,1e001e,89726,2,True,33081000,586,False,3,0:2;433:172;576:139
222687,2000076778,81005313,81005867,554,566,81005879,140014,222686,2,True,2000076777,544,False,3,0:2;403:208;554:234
222686,2000076777,81005879,81006411,532,544,81006423,140014,32143,2,True,8504310,586,False,3,0:2;403:208;532:233
222684,2000076774,81007709,81008241,532,544,81008253,140014,88005,2,True,33024960,610,False,3,0:2;403:208;532:230
222682,2000076771,81008863,81009390,527,539,81009402,140014,222492,2,True,2000076344,593,False,3,0:2;403:208;527:227
222492,2000076344,81009402,81009983,581,593,81009995,280028,87681,2,True,33003761,598,False,3,0:2;433:113;581:56
225250,2000084345,81055188,81055727,539,551,81055739,280028,202970,2,True,2000018380,586,False,3,0:2;403:22;539:121
225012,2000083680,81063206,81063743,537,549,81063755,280028,87643,2,True,33003171,589,False,3,0:2;403:196;537:224
224965,2000083541,81067614,81068153,539,551,81068165,2d002d,87766,2,True,33007942,556,False,3,0:2;403:183;539:85
222683,2000076772,81072438,81072975,537,549,81072987,140014,88132,2,True,33030569,586,False,3,0:2;403:208;537:228
223572,2000079329,81100071,81100645,574,586,81100657,190019,4530,2,True,216195,586,False,3,0:2;433:102;574:225
221437,2000071264,81116778,81117352,574,586,81117364,1e001e,88276,2,True,33046002,588,False,3,0:2;433:174;574:96
222685,2000076776,81118533,81119065,532,544,81119077,140014,32145,3,True,8505546,765,False,3,0:2;403:208;532:232
225121,2000084044,81158293,81158832,539,551,81158844,2d002d,32169,1,True,8506694,386,False,3,0:2;403:184;539:76
223939,2000080579,81200978,81201515,537,549,81201527,1e001e,206819,2,True,2000029854,551,False,3,0:2;403:107;537:195
221951,2000073130,81208392,81208988,596,608,81209000,1e001e,7792,3,True,514653,743,False,3,0:2;433:51;596:170
221434,2000071253,81279040,81279596,556,568,81279608,000000,88843,1,True,33062217,286,False,3,0:2;403:201;556:85
224970,2000083547,81285308,81285847,539,551,81285859,000000,224971,2,True,2000083548,556,False,3,0:2;403:122;539:91
224971,2000083548,81285859,81286403,544,556,81286415,000000,224972,2,True,2000083549,556,False,3,0:2;403:122;544:92
224972,2000083549,81286415,81286959,544,556,81286971,000000,224973,2,True,2000083551,551,False,3,0:2;403:122;544:93
224973,2000083551,81286971,81287510,539,551,81287522,000000,224977,2,True,2000083560,556,False,3,0:2;403:122;539:95
224977,2000083560,81287522,81288066,544,556,81288078,000000,224978,2,True,2000083561,551,False,3,0:2;403:122;544:104
224978,2000083561,81288078,81288617,539,551,81288629,000000,224979,2,True,2000083562,551,False,3,0:2;403:122;539:105
224979,2000083562,81288629,81289168,539,551,81289180,000000,224981,2,True,2000083564,551,False,3,0:2;403:122;539:106
224981,2000083564,81289180,81289719,539,551,81289731,000000,224982,2,True,2000083565,551,False,3,0:2;403:122;539:108
224982,2000083565,81289731,81290270,539,551,81290282,000000,88427,1,True,33051256,276,False,3,0:2;403:122;539:109
225219,2000084293,81299070,81299651,581,593,81299663,000000,7659,1,True,510030,426,False,3,0:2;433:177;581:69
221477,2000071391,83071046,83071603,557,569,83071615,530053,161400,2,True,72056161,492,False,3,0:2;433:43;557:223
222368,2000075967,83123797,83124336,539,551,83124348,510051,82258,2,True,29063964,576,False,3,0:2;403:102;539:191
225222,2000084297,83918234,83918827,593,605,83918839,3c0046,81084,2,True,28116342,546,False,3,0:2;433:22;593:73
225089,2000083954,84324488,84325049,561,573,84325061,380038,85630,2,True,29218395,583,False,3,0:2;403:13;561:242
221270,2000070600,84486033,84486567,534,546,84486579,1e001e,81388,2,True,28122953,429,False,3,0:2;403:210;534:200
224963,2000083539,84593548,84594082,534,546,84594094,320032,20300,1,True,5109233,381,False,3,0:2;403:33;534:83
221994,2000073298,84596075,84596602,527,539,84596614,000000,85522,2,True,29217725,473,False,3,0:2;403:200;527:82
222790,2000077038,84639925,84640471,546,558,84640483,000000,183447,1,True,89018091,322,False,3,0:2;403:68;546:238
224899,2000083403,84756412,84756946,534,546,84756958,2d002d,211091,2,True,2000042494,546,False,3,0:2;403:15;534:203
224176,2000081496,84795885,84796419,534,546,84796431,280028,85206,2,True,29194983,429,False,3,0:2;403:92;534:88
221973,2000073252,84876948,84877499,551,563,84877511,000000,79712,2,True,28059831,597,False,3,0:2;403:70;551:36
224172,2000081487,84941616,84942150,534,546,84942162,280028,219201,2,True,2000064037,546,False,3,0:2;403:92;534:79
224158,2000081442,84944375,84944909,534,546,84944921,280028,223910,2,True,2000080378,539,False,3,0:2;403:41;534:34
223910,2000080378,84944921,84945448,527,539,84945460,280028,219104,1,True,2000063771,367,False,3,0:2;403:192;527:250
224108,2000081309,84968034,84968561,527,539,84968573,280028,19142,1,True,4000475,286,False,3,0:2;403:192;527:157
225064,2000083886,84972727,84973310,583,595,84973322,050028,208907,1,True,2000035848,381,False,3,0:2;433:223;583:174
221459,2000071332,84983257,84983791,534,546,84983803,0a000a,184156,2,True,89071200,576,False,3,0:2;403:144;534:164
224557,2000082689,85006356,85006883,527,539,85006895,280028,217087,2,True,2000058685,546,False,3,0:2;403:230;527:1
224115,2000081322,85051225,85051752,527,539,85051764,260026,184625,2,True,90091526,600,False,3,0:2;403:192;527:170
224106,2000081303,85091896,85092423,527,539,85092435,230023,32230,1,True,8600314,393,False,3,0:2;403:192;527:151
224184,2000081555,85094252,85094779,527,539,85094791,230023,224188,2,True,2000081565,539,False,3,0:2;403:41;527:147
224188,2000081565,85094791,85095318,527,539,85095330,230023,224270,2,True,2000081966,546,False,3,0:2;403:41;527:157
224270,2000081966,85095330,85095864,534,546,85095876,230023,224278,2,True,2000081987,546,False,3,0:2;403:41;534:46
224278,2000081987,85095876,85096410,534,546,85096422,230023,84162,2,True,29173547,429,False,3,0:2;403:41;534:67
223606,2000079395,85179861,85180422,561,573,85180434,000000,84110,2,True,29169511,441,False,3,0:2;403:168;561:35
224183,2000081553,85195231,85195758,527,539,85195770,1e001e,224186,2,True,2000081561,546,False,3,0:2;403:41;527:145
224186,2000081561,85195770,85196304,534,546,85196316,1e001e,86426,2,True,29236263,546,False,3,0:2;403:41;534:153
224267,2000081956,85197849,85198376,527,539,85198388,1e001e,86284,2,True,29235128,558,False,3,0:2;403:41;527:36
224281,2000081992,85199375,85199909,534,546,85199921,1e001e,84484,2,True,29176689,429,False,3,0:2;403:41;534:72
222316,2000075503,85267996,85268530,534,546,85268542,140014,84142,2,True,29171586,441,False,3,0:2;403:87;534:239
221990,2000073291,85283436,85283987,551,563,85283999,000000,85720,2,True,29219866,429,False,3,0:2;403:96;551:75
224161,2000081450,85298456,85298983,527,539,85298995,190019,84261,2,True,29174642,429,False,3,0:2;403:41;527:42
224187,2000081562,85301250,85301807,557,569,85301819,000000,85719,2,True,29219865,429,False,3,0:2;433:130;557:154
224269,2000081965,85303004,85303538,534,546,85303550,190019,224271,2,True,2000081968,546,False,3,0:2;403:41;534:45
224271,2000081968,85303550,85304084,534,546,85304096,190019,184569,2,True,90085958,429,False,3,0:2;403:41;534:48
224283,2000081994,85304525,85305059,534,546,85305071,190019,215700,2,True,2000055458,546,False,3,0:2;403:41;534:74
222936,2000077423,85912558,85913129,571,583,85913141,000000,79403,1,True,28046711,284,False,3,0:2;433:110;571:111
223247,2000078367,85925114,85925648,534,546,85925660,000000,85661,4,True,29218883,109,False,3,0:2;403:234;534:31
223700,2000079576,85954940,85955474,534,546,85955486,000000,223703,2,True,2000079579,546,False,3,0:2;403:242;534:216
223703,2000079579,85955486,85956020,534,546,85956032,000000,223704,2,True,2000079580,546,False,3,0:2;403:242;534:219
223704,2000079580,85956032,85956566,534,546,85956578,000000,223705,2,True,2000079581,546,False,3,0:2;403:242;534:220
223705,2000079581,85956578,85957112,534,546,85957124,000000,223706,2,True,2000079582,546,False,3,0:2;403:242;534:221
223706,2000079582,85957124,85957658,534,546,85957670,000000,223708,2,True,2000079586,546,False,3,0:2;403:242;534:222
223708,2000079586,85957670,85958204,534,546,85958216,000000,204771,2,True,2000024114,546,False,3,0:2;403:242;534:226
224027,2000080954,85977178,85977705,527,539,85977717,000000,224028,2,True,2000080956,539,False,3,0:2;403:66;527:58
224028,2000080956,85977717,85978244,527,539,85978256,000000,224029,2,True,2000080957,539,False,3,0:2;403:66;527:60
224029,2000080957,85978256,85978783,527,539,85978795,000000,224030,2,True,2000080958,539,False,3,0:2;403:66;527:61
224030,2000080958,85978795,85979322,527,539,85979334,000000,224032,2,True,2000080964,539,False,3,0:2;403:66;527:62
224032,2000080964,85979334,85979861,527,539,85979873,000000,224033,2,True,2000080965,539,False,3,0:2;403:66;527:68
224033,2000080965,85979873,85980400,527,539,85980412,000000,224034,2,True,2000080967,539,False,3,0:2;403:66;527:69
224034,2000080967,85980412,85980939,527,539,85980951,000000,224035,2,True,2000080970,539,False,3,0:2;403:66;527:71
224035,2000080970,85980951,85981478,527,539,85981490,000000,224036,2,True,2000080971,539,False,3,0:2;403:66;527:74
224036,2000080971,85981490,85982017,527,539,85982029,000000,224037,2,True,2000080972,539,False,3,0:2;403:66;527:75
224037,2000080972,85982029,85982556,527,539,85982568,000000,86081,1,True,29228690,286,False,3,0:2;403:66;527:76
225147,2000084118,86155655,86156189,534,546,86156201,000000,225148,2,True,2000084119,546,False,3,0:2;403:37;534:150
225148,2000084119,86156201,86156735,534,546,86156747,000000,86814,2,True,29242166,473,False,3,0:2;403:37;534:151
225150,2000084122,86157220,86157754,534,546,86157766,000000,225151,2,True,2000084124,546,False,3,0:2;403:37;534:154
225151,2000084124,86157766,86158300,534,546,86158312,000000,225152,2,True,2000084126,546,False,3,0:2;403:37;534:156
225152,2000084126,86158312,86158846,534,546,86158858,000000,225153,2,True,2000084127,546,False,3,0:2;403:37;534:158
225153,2000084127,86158858,86159392,534,546,86159404,000000,225154,2,True,2000084128,546,False,3,0:2;403:37;534:159
225154,2000084128,86159404,86159938,534,546,86159950,000000,225156,2,True,2000084130,546,False,3,0:2;403:37;534:160
225156,2000084130,86159950,86160484,534,546,86160496,000000,225157,2,True,2000084131,546,False,3,0:2;403:37;534:162
225157,2000084131,86160496,86161030,534,546,86161042,000000,225158,2,True,2000084132,546,False,3,0:2;403:37;534:163
225158,2000084132,86161042,86161576,534,546,86161588,000000,225159,2,True,2000084133,546,False,3,0:2;403:37;534:164
225159,2000084133,86161588,86162122,534,546,86162134,000000,205415,2,True,2000025990,539,False,3,0:2;403:37;534:165
222735,2000076892,86994677,86995238,561,573,86995250,460050,200289,2,True,2000010168,554,False,3,0:2;403:159;561:92
223503,2000079105,87091454,87092038,584,596,87092050,460046,214698,1,True,2000052673,299,False,3,0:2;409:168;584:1
222184,2000074541,87171200,87171779,579,591,87171791,000000,77735,2,True,27142052,471,False,3,0:2;433:187;579:45
221530,2000071736,87255987,87256536,549,561,87256548,000000,12894,2,True,933369,663,False,3,0:2;403:144;549:56
221418,2000071230,87280309,87280858,549,561,87280870,000000,77111,1,True,27119252,396,False,3,0:2;403:144;549:62
222193,2000074618,87311622,87312201,579,591,87312213,000000,212805,2,True,2000047265,627,False,3,0:2;433:187;579:122
224855,2000083304,87317109,87317651,542,554,87317663,350035,76745,2,True,27100976,620,False,3,0:2;403:156;542:104
224734,2000083048,87326688,87327237,549,561,87327249,340034,203944,2,True,2000021350,573,False,3,0:2;403:219;549:104
221149,2000070292,87362314,87362863,549,561,87362875,000000,76318,2,True,27058233,591,False,3,0:2;403:152;549:148
223512,2000079140,87370897,87371446,549,561,87371458,000000,77480,1,True,27134022,420,False,3,0:2;403:168;549:36
223407,2000078899,87490630,87491179,549,561,87491191,000000,76715,2,True,27099989,603,False,3,0:2;403:157;549:51
223508,2000079128,87494642,87495197,555,567,87495209,000000,78292,2,True,27152739,601,False,3,0:2;409:168;555:24
223513,2000079142,87497433,87497988,555,567,87498000,000000,75995,2,True,27020827,621,False,3,0:2;409:168;555:38
221184,2000070424,87499590,87500139,549,561,87500151,000000,221186,2,True,2000070427,561,False,3,0:2;403:152;549:24
221186,2000070427,87500151,87500700,549,561,87500712,000000,77554,1,True,27134867,396,False,3,0:2;403:152;549:27
221929,2000072888,87545625,87546167,542,554,87546179,280028,78380,1,True,27153559,396,False,3,0:2;403:235;542:184
223405,2000078896,87602376,87602920,544,556,87602932,000000,78562,2,True,27161044,561,False,3,0:2;403:157;544:48
221243,2000070564,87603779,87604323,544,556,87604335,000000,221244,2,True,2000070566,561,False,3,0:2;403:152;544:164
221244,2000070566,87604335,87604884,549,561,87604896,000000,77768,2,True,27142293,444,False,3,0:2;403:152;549:166
221245,2000070568,87605943,87606521,578,590,87606533,000000,78558,1,True,27161040,382,False,3,0:2;403:152;578:168
221249,2000070573,87607488,87608037,549,561,87608049,000000,77729,2,True,27141279,609,False,3,0:2;403:152;549:173
223409,2000078902,87680929,87681478,549,561,87681490,000000,76768,2,True,27102093,474,False,3,0:2;403:157;549:54
223514,2000079147,87682660,87683209,549,561,87683221,000000,77964,2,True,27144033,444,False,3,0:2;403:168;549:43
223539,2000079241,87684109,87684658,549,561,87684670,000000,223540,2,True,2000079243,561,False,3,0:2;403:168;549:137
223540,2000079243,87684670,87685219,549,561,87685231,000000,78152,2,True,27150754,597,False,3,0:2;403:168;549:139
221246,2000070570,87690369,87690913,544,556,87690925,000000,77197,1,True,27121575,396,False,3,0:2;403:152;544:170
221247,2000070571,87692221,87692770,549,561,87692782,000000,221248,2,True,2000070572,561,False,3,0:2;403:152;549:171
221248,2000070572,87692782,87693331,549,561,87693343,000000,78153,2,True,27150755,597,False,3,0:2;403:152;549:172
221273,2000070617,87694501,87695050,549,561,87695062,000000,221274,2,True,2000070618,556,False,3,0:2;403:152;549:217
221274,2000070618,87695062,87695606,544,556,87695618,000000,78483,2,True,27157971,554,False,3,0:2;403:152;544:218
223589,2000079359,87743704,87744253,549,561,87744265,000000,78084,2,True,27148325,561,False,3,0:2;403:224;549:255
223517,2000079153,87773674,87774223,549,561,87774235,000000,78602,2,True,27161346,439,False,3,0:2;403:168;549:49
223585,2000079352,87778906,87779455,549,561,87779467,000000,76932,2,True,27111044,474,False,3,0:2;403:224;549:248
223602,2000079391,87780390,87780939,549,561,87780951,000000,78450,2,True,27155092,444,False,3,0:2;403:168;549:31
223799,2000079919,87785531,87786097,566,578,87786109,000000,77410,2,True,27133039,591,False,3,0:2;403:168;566:47
221276,2000070620,87792612,87793173,561,573,87793185,000000,77891,2,True,27143526,474,False,3,0:2;403:152;561:220
223650,2000079487,87805305,87805854,549,561,87805866,000000,78730,2,True,27163956,554,False,3,0:2;403:224;549:127
223516,2000079151,87808448,87808997,549,561,87809009,000000,77812,2,True,27142574,444,False,3,0:2;403:168;549:47
223669,2000079513,87810593,87811142,549,561,87811154,000000,77774,2,True,27142313,603,False,3,0:2;403:224;549:153
223647,2000079482,87816625,87817174,549,561,87817186,000000,78718,2,True,27163276,573,False,3,0:2;403:224;549:122
223653,2000079490,87818350,87818899,549,561,87818911,000000,78193,2,True,27151028,603,False,3,0:2;403:224;549:130
223600,2000079388,87821314,87821863,549,561,87821875,000000,78425,2,True,27154254,456,False,3,0:2;403:168;549:28
223668,2000079512,87838023,87838572,549,561,87838584,000000,223661,2,True,2000079502,561,False,3,0:2;403:224;549:152
223661,2000079502,87838584,87839133,549,561,87839145,000000,77087,2,True,27119006,590,False,3,0:2;403:224;549:142
223515,2000079148,87845557,87846101,544,556,87846113,000000,78082,2,True,27148323,561,False,3,0:2;403:168;544:44
223670,2000079514,87853020,87853569,549,561,87853581,000000,77857,2,True,27143135,561,False,3,0:2;403:224;549:154
223646,2000079472,87855575,87856124,549,561,87856136,000000,78210,2,True,27151056,586,False,3,0:2;403:224;549:112
221874,2000072601,87954629,87955202,573,585,87955214,000000,77615,1,True,27136225,286,False,3,0:2;403:185;573:153
221541,2000071751,87958288,87958837,549,561,87958849,000000,221540,2,True,2000071749,561,False,3,0:2;403:144;549:71
221540,2000071749,87958849,87959398,549,561,87959410,000000,77479,1,True,27134020,391,False,3,0:2;403:144;549:69
221539,2000071748,87960087,87960653,566,578,87960665,000000,77590,1,True,27135717,312,False,3,0:2;403:144;566:68
221538,2000071747,87961287,87961836,549,561,87961848,000000,221537,2,True,2000071745,561,False,3,0:2;403:144;549:67
221537,2000071745,87961848,87962397,549,561,87962409,000000,78029,1,True,27145468,382,False,3,0:2;403:144;549:65
221536,2000071744,87962791,87963340,549,561,87963352,000000,221535,2,True,2000071743,561,False,3,0:2;403:144;549:64
221535,2000071743,87963352,87963901,549,561,87963913,000000,78027,1,True,27145462,287,False,3,0:2;403:144;549:63
221534,2000071741,87965156,87965705,549,561,87965717,000000,221533,2,True,2000071740,556,False,3,0:2;403:144;549:61
221533,2000071740,87965717,87966261,544,556,87966273,000000,78022,1,True,27145191,287,False,3,0:2;403:144;544:60
221532,2000071739,87966871,87967420,549,561,87967432,000000,78017,1,True,27145084,287,False,3,0:2;403:144;549:59
221531,2000071737,87968567,87969116,549,561,87969128,000000,77065,1,True,27118718,396,False,3,0:2;403:144;549:57
222195,2000074634,88043007,88043556,549,561,88043568,000000,77311,1,True,27129576,391,False,3,0:2;403:187;549:138
222296,2000075475,88045534,88046083,549,561,88046095,000000,222297,2,True,2000075478,561,False,3,0:2;403:187;549:211
222297,2000075478,88046095,88046644,549,561,88046656,000000,222298,2,True,2000075480,561,False,3,0:2;403:187;549:214
222298,2000075480,88046656,88047205,549,561,88047217,000000,222299,2,True,2000075481,561,False,3,0:2;403:187;549:216
222299,2000075481,88047217,88047766,549,561,88047778,000000,222301,2,True,2000075483,556,False,3,0:2;403:187;549:217
222301,2000075483,88047778,88048322,544,556,88048334,000000,222302,2,True,2000075484,561,False,3,0:2;403:187;544:219
222302,2000075484,88048334,88048883,549,561,88048895,000000,222303,2,True,2000075485,561,False,3,0:2;403:187;549:220
222303,2000075485,88048895,88049444,549,561,88049456,000000,222304,2,True,2000075486,561,False,3,0:2;403:187;549:221
222304,2000075486,88049456,88050005,549,561,88050017,000000,222305,2,True,2000075487,561,False,3,0:2;403:187;549:222
222305,2000075487,88050017,88050566,549,561,88050578,000000,222306,2,True,2000075489,556,False,3,0:2;403:187;549:223
222306,2000075489,88050578,88051122,544,556,88051134,000000,222307,2,True,2000075490,561,False,3,0:2;403:187;544:225
222307,2000075490,88051134,88051683,549,561,88051695,000000,222308,2,True,2000075491,561,False,3,0:2;403:187;549:226
222308,2000075491,88051695,88052244,549,561,88052256,000000,222309,2,True,2000075493,561,False,3,0:2;403:187;549:227
222309,2000075493,88052256,88052805,549,561,88052817,000000,222310,2,True,2000075494,561,False,3,0:2;403:187;549:229
222310,2000075494,88052817,88053366,549,561,88053378,000000,222311,2,True,2000075496,561,False,3,0:2;403:187;549:230
222311,2000075496,88053378,88053927,549,561,88053939,000000,222312,2,True,2000075497,561,False,3,0:2;403:187;549:232
222312,2000075497,88053939,88054488,549,561,88054500,000000,222313,2,True,2000075500,561,False,3,0:2;403:187;549:233
222313,2000075500,88054500,88055049,549,561,88055061,000000,222314,2,True,2000075501,556,False,3,0:2;403:187;549:236
222314,2000075501,88055061,88055605,544,556,88055617,000000,78177,1,True,27150938,382,False,3,0:2;403:187;544:237
222584,2000076506,88086687,88087236,549,561,88087248,000000,78769,2,True,27164397,568,False,3,0:2;403:197;549:218
222589,2000076512,88088212,88088791,579,591,88088803,000000,203283,2,True,2000019161,591,False,3,0:2;433:197;579:224
223190,2000078191,88112826,88113375,549,561,88113387,000000,223191,2,True,2000078193,561,False,3,0:2;403:157;549:111
223191,2000078193,88113387,88113936,549,561,88113948,000000,223192,2,True,2000078195,561,False,3,0:2;403:157;549:113
223192,2000078195,88113948,88114497,549,561,88114509,000000,223193,2,True,2000078196,561,False,3,0:2;403:157;549:115
223193,2000078196,88114509,88115058,549,561,88115070,000000,223194,2,True,2000078197,561,False,3,0:2;403:157;549:116
223194,2000078197,88115070,88115619,549,561,88115631,000000,223195,2,True,2000078198,561,False,3,0:2;403:157;549:117
223195,2000078198,88115631,88116180,549,561,88116192,000000,223196,2,True,2000078199,556,False,3,0:2;403:157;549:118
223196,2000078199,88116192,88116736,544,556,88116748,000000,223197,2,True,2000078200,561,False,3,0:2;403:157;544:119
223197,2000078200,88116748,88117297,549,561,88117309,000000,76500,4,True,27072558,105,False,3,0:2;403:157;549:120
223239,2000078351,88117834,88118383,549,561,88118395,000000,76505,4,True,27072584,105,False,3,0:2;403:193;549:15
223243,2000078359,88118500,88119049,549,561,88119061,000000,76506,4,True,27072588,105,False,3,0:2;403:157;549:23
223258,2000078401,88119166,88119708,542,554,88119720,000000,223276,2,True,2000078500,561,False,3,0:2;403:165;542:65
223276,2000078500,88119720,88120269,549,561,88120281,000000,223277,2,True,2000078501,561,False,3,0:2;403:90;549:164
223277,2000078501,88120281,88120830,549,561,88120842,000000,223280,2,True,2000078511,578,False,3,0:2;403:90;549:165
223280,2000078511,88120842,88121408,566,578,88121420,000000,223322,1,True,2000078687,382,False,3,0:2;403:90;566:175
223337,2000078769,88121802,88122351,549,561,88122363,000000,223341,1,True,2000078776,287,False,3,0:2;403:157;549:177
223352,2000078798,88125606,88126155,549,561,88126167,000000,223353,2,True,2000078799,561,False,3,0:2;403:157;549:206
223353,2000078799,88126167,88126716,549,561,88126728,000000,223354,2,True,2000078800,561,False,3,0:2;403:157;549:207
223354,2000078800,88126728,88127277,549,561,88127289,000000,223355,2,True,2000078801,561,False,3,0:2;403:157;549:208
223355,2000078801,88127289,88127838,549,561,88127850,000000,223356,2,True,2000078802,556,False,3,0:2;403:157;549:209
223356,2000078802,88127850,88128394,544,556,88128406,000000,223357,2,True,2000078804,561,False,3,0:2;403:157;544:210
223357,2000078804,88128406,88128955,549,561,88128967,000000,76507,4,True,27072593,105,False,3,0:2;403:157;549:212
223395,2000078885,88129072,88129616,544,556,88129628,000000,223396,2,True,2000078886,561,False,3,0:2;403:157;544:37
223396,2000078886,88129628,88130177,549,561,88130189,000000,223397,2,True,2000078887,561,False,3,0:2;403:157;549:38
223397,2000078887,88130189,88130738,549,561,88130750,000000,223398,2,True,2000078888,561,False,3,0:2;403:157;549:39
223398,2000078888,88130750,88131299,549,561,88131311,000000,223400,2,True,2000078890,561,False,3,0:2;403:157;549:40
223400,2000078890,88131311,88131860,549,561,88131872,000000,223401,2,True,2000078891,561,False,3,0:2;403:157;549:42
223401,2000078891,88131872,88132421,549,561,88132433,000000,223402,2,True,2000078893,561,False,3,0:2;403:157;549:43
223402,2000078893,88132433,88132982,549,561,88132994,000000,223403,2,True,2000078894,561,False,3,0:2;403:157;549:45
223403,2000078894,88132994,88133543,549,561,88133555,000000,78125,1,True,27150571,377,False,3,0:2;403:157;549:46
223406,2000078898,88133932,88134481,549,561,88134493,000000,76508,4,True,27072599,105,False,3,0:2;403:157;549:50
223408,2000078900,88134598,88135147,549,561,88135159,000000,12912,1,True,934300,425,False,3,0:2;403:157;549:52
223410,2000078903,88135584,88136128,544,556,88136140,000000,12914,1,True,934345,298,False,3,0:2;403:157;544:55
224615,2000082791,88700190,88700771,581,593,88700783,510051,23237,2,True,5642203,593,False,3,0:2;433:164;581:103
224933,2000083487,88765589,88766172,583,595,88766184,4e004e,220125,2,True,2000065989,615,False,3,0:2;433:157;583:31
224961,2000083531,88847709,88848283,574,586,88848295,4a004a,75097,2,True,25055304,583,False,3,0:2;433:35;574:75
224826,2000083215,88945488,88946027,539,551,88946039,000000,75705,2,True,25062521,546,False,3,0:2;403:246;539:15
220937,2000069265,88956803,88957391,588,600,88957403,460046,74754,1,True,25048785,386,False,3,0:2;433:175;588:145
220967,2000069530,88999242,88999811,569,581,88999823,3c003c,218144,2,True,2000060754,586,False,3,0:2;433:175;569:154
224624,2000082823,89002597,89003136,539,551,89003148,440044,218437,2,True,2000061900,556,False,3,0:2;403:132;539:135
224720,2000083026,89015396,89015940,544,556,89015952,430043,218378,2,True,2000061710,556,False,3,0:2;403:136;544:82
224953,2000083517,89016508,89017052,544,556,89017064,430043,224738,2,True,2000083061,551,False,3,0:2;403:141;544:61
224738,2000083061,89017064,89017603,539,551,89017615,430043,75733,2,True,25062883,586,False,3,0:2;403:16;539:117
224745,2000083071,89019253,89019821,568,580,89019833,430043,74280,2,True,25034061,615,False,3,0:2;403:16;568:127
224628,2000082835,89020448,89020987,539,551,89020999,430043,217507,2,True,2000059508,556,False,3,0:2;403:4;539:147
225078,2000083943,89036136,89036710,574,586,89036722,420042,75352,1,True,25058231,262,False,3,0:2;433:189;574:231
224777,2000083135,89129082,89129619,537,549,89129631,3f003f,219369,2,True,2000064454,544,False,3,0:2;403:181;537:191
224816,2000083201,89134691,89135235,544,556,89135247,3f003f,218385,2,True,2000061736,556,False,3,0:2;403:128;544:1
224766,2000083111,89135803,89136342,539,551,89136354,3f003f,224821,2,True,2000083208,544,False,3,0:2;403:16;539:167
224821,2000083208,89136354,89136886,532,544,89136898,3e003e,225080,2,True,2000083945,551,False,3,0:2;403:128;532:8
225080,2000083945,89136898,89137437,539,551,89137449,3e003e,217600,2,True,2000059734,595,False,3,0:2;403:189;539:233
224779,2000083138,89140265,89140809,544,556,89140821,3e003e,219022,2,True,2000063522,556,False,3,0:2;403:181;544:194
224759,2000083094,89147210,89147754,544,556,89147766,3e003e,219013,2,True,2000063502,556,False,3,0:2;403:16;544:150
224814,2000083199,89148713,89149245,532,544,89149257,3d003d,49614,2,True,16328900,600,False,3,0:2;403:128;532:255
224950,2000083514,89151897,89152441,544,556,89152453,3d003d,23168,2,True,5640464,765,False,3,0:2;403:187;544:58
220933,2000069253,89160149,89160723,574,586,89160735,370037,3121,1,True,133026,281,False,3,0:2;433:241;574:133
224913,2000083435,89255537,89256076,539,551,89256088,3b003b,74914,2,True,25052521,593,False,3,0:2;403:15;539:235
224958,2000083524,89257232,89257771,539,551,89257783,3b003b,203306,2,True,2000019266,549,False,3,0:2;403:141;539:68
224754,2000083085,89258332,89258883,551,563,89258895,3b003b,224773,2,True,2000083127,556,False,3,0:2;403:16;551:141
224773,2000083127,89258895,89259439,544,556,89259451,3b003b,23436,2,True,5648282,598,False,3,0:2;403:181;544:183
224819,2000083206,89266019,89266558,539,551,89266570,390039,74623,2,True,25044512,469,False,3,0:2;403:128;539:6
220934,2000069257,89315570,89316134,564,576,89316146,320032,74670,2,True,25044948,586,False,3,0:2;433:175;564:137
220966,2000069529,89318308,89318859,551,563,89318871,280028,75129,2,True,25055363,576,False,3,0:2;403:175;551:153
220965,2000069511,89396327,89396891,564,576,89396903,280028,75453,2,True,25058619,551,False,3,0:2;433:175;564:135
224627,2000082833,89432637,89433181,544,556,89433193,2f002f,219413,2,True,2000064578,551,False,3,0:2;403:4;544:145
220935,2000069260,89444737,89445274,537,549,89445286,280028,75187,2,True,25055772,551,False,3,0:2;403:175;537:140
220936,2000069263,89449168,89449707,539,551,89449719,280028,74556,2,True,25043656,556,False,3,0:2;403:175;539:143
221495,2000071437,89529054,89529605,551,563,89529617,000000,74011,1,True,25012623,267,False,3,0:2;403:207;551:13
223217,2000078300,90560419,90560973,554,566,90560985,4c004c,72178,2,True,24025066,534,False,3,0:2;403:109;554:220
225038,2000083776,90729480,90729954,474,486,90729966,470048,73081,2,True,24056934,589,False,2,0:2;474:64
223216,2000078299,90745004,90745558,554,566,90745570,470048,223215,2,True,2000078298,566,False,3,0:2;403:109;554:219
223215,2000078298,90745570,90746124,554,566,90746136,470048,73722,2,True,24065309,566,False,3,0:2;403:109;554:218
224005,2000080865,90818546,90819100,554,566,90819112,420046,207120,2,True,2000030698,559,False,3,0:2;403:115;554:225
225180,2000084248,90819671,90820225,554,566,90820237,420046,206366,2,True,2000028724,566,False,3,0:2;403:138;554:24
223214,2000078274,90863504,90864058,554,566,90864070,420046,73173,2,True,24058337,566,False,3,0:2;403:109;554:194
222605,2000076543,90867379,90867970,591,603,90867982,3c003c,72379,1,True,24039515,401,False,3,0:2;433:126;591:255
223229,2000078339,90902521,90903075,554,566,90903087,420044,223228,2,True,2000078337,566,False,3,0:2;403:109;554:3
223228,2000078337,90903087,90903641,554,566,90903653,420044,206996,2,True,2000030333,566,False,3,0:2;403:109;554:1
223205,2000078240,90905374,90905928,554,566,90905940,420044,73118,2,True,24057522,566,False,3,0:2;403:118;554:160
223203,2000078234,91000220,91000774,554,566,91000786,000000,73376,2,True,24061163,596,False,3,0:2;403:225;554:154
225040,2000083779,91002572,91003119,547,559,91003131,3d0040,71861,2,True,24014078,491,False,3,0:2;403:174;547:67
224886,2000083376,91009213,91009779,566,578,91009791,320046,208197,2,True,2000033591,566,False,3,0:2;403:34;566:176
225039,2000083777,91035438,91035985,547,559,91035997,3d0040,73401,2,True,24061466,603,False,3,0:2;403:98;547:65
223224,2000078328,91095751,91096305,554,566,91096317,3d003e,73713,2,True,24065293,566,False,3,0:2;403:109;554:248
223202,2000078233,91140375,91140929,554,566,91140941,38003c,223223,2,True,2000078327,566,False,3,0:2;403:216;554:153
223223,2000078327,91140941,91141495,554,566,91141507,38003c,223225,2,True,2000078329,566,False,3,0:2;403:109;554:247
223225,2000078329,91141507,91142061,554,566,91142073,38003c,223227,2,True,2000078336,566,False,3,0:2;403:109;554:249
223227,2000078336,91142073,91142627,554,566,91142639,38003c,223230,2,True,2000078340,566,False,3,0:2;403:109;554:0
223230,2000078340,91142639,91143193,554,566,91143205,38003c,73711,2,True,24065264,559,False,3,0:2;403:109;554:4
225271,2000084387,91167405,91167959,554,566,91167971,38003c,71584,2,True,24003279,596,False,3,0:2;403:110;554:163
225273,2000084389,91285438,91285992,554,566,91286004,330037,8652,1,True,652424,291,False,3,0:2;403:110;554:165
223226,2000078334,91303900,91304454,554,566,91304466,330037,8854,2,True,662604,603,False,3,0:2;403:109;554:254
225274,2000084390,91363833,91364387,554,566,91364399,330034,198588,2,True,98064495,610,False,3,0:2;403:110;554:166
225272,2000084388,91365575,91366129,554,566,91366141,330034,73723,2,True,24065316,566,False,3,0:2;403:110;554:164
225275,2000084391,91387780,91388334,554,566,91388346,2e0032,72258,2,True,24027102,566,False,3,0:2;403:110;554:167
224425,2000082384,91431667,91432238,571,583,91432250,2f002f,72299,2,True,24037088,596,False,3,0:2;403:27;571:208
221689,2000072160,91501736,91502319,583,595,91502331,000000,73602,1,True,24064137,292,False,3,0:2;403:216;583:224
221864,2000072564,91504005,91504571,566,578,91504583,000000,221425,2,True,2000071242,583,False,3,0:2;403:208;566:116
221425,2000071242,91504583,91505154,571,583,91505166,000000,72622,4,True,24047423,109,False,3,0:2;403:201;571:74
224213,2000081706,91996175,91996724,549,561,91996736,4c004d,63911,2,True,22068318,586,False,3,0:2;403:39;549:42
223831,2000080073,92136082,92136626,544,556,92136638,420045,63057,2,True,22006775,586,False,3,0:2;403:44;544:201
222009,2000073472,92143332,92143871,539,551,92143883,440044,63881,2,True,22067838,579,False,3,0:2;403:44;539:0
222210,2000074750,92160569,92161108,539,551,92161120,3e0044,64097,2,True,22075671,586,False,3,0:2;403:31;539:254
223506,2000079115,92179602,92180134,532,544,92180146,3c0041,64209,2,True,22076797,593,False,3,0:2;403:38;532:11
223829,2000080069,92190498,92191042,544,556,92191054,410043,64392,2,True,22081505,476,False,3,0:2;403:44;544:197
225165,2000084164,92208721,92209265,544,556,92209277,3c0041,63415,2,True,22037197,605,False,3,0:2;403:39;544:196
225082,2000083947,92246876,92247408,532,544,92247420,3c0040,64095,2,True,22075548,586,False,3,0:2;403:223;532:235
224713,2000083010,92283613,92284152,539,551,92284164,3a003e,63352,2,True,22032976,598,False,3,0:2;403:39;539:66
223839,2000080093,92318879,92319423,544,556,92319435,36003b,64499,2,True,22083064,593,False,3,0:2;403:254;544:221
223836,2000080086,92322344,92322888,544,556,92322900,37003a,63167,1,True,22015368,386,False,3,0:2;403:254;544:214
225087,2000083952,92366594,92367131,537,549,92367143,31003a,218047,2,True,2000060540,556,False,3,0:2;403:223;537:240
225081,2000083946,92389981,92390550,569,581,92390562,370038,64270,2,True,22078353,476,False,3,0:2;433:223;569:234
225086,2000083951,92391038,92391570,532,544,92391582,320039,64612,2,True,22085430,549,False,3,0:2;403:223;532:239
223833,2000080080,92405428,92405972,544,556,92405984,320036,63642,2,True,22055217,581,False,3,0:2;403:254;544:208
223840,2000080096,92417407,92417951,544,556,92417963,310033,64421,2,True,22081777,581,False,3,0:2;403:254;544:224
223837,2000080089,92426784,92427323,539,551,92427335,320035,64513,2,True,22083141,586,False,3,0:2;403:254;539:217
223841,2000080097,92487630,92488174,544,556,92488186,2c0031,64430,2,True,22081963,556,False,3,0:2;403:254;544:225
223834,2000080084,92501556,92502095,539,551,92502107,310032,63044,2,True,22006258,586,False,3,0:2;403:254;539:212
223842,2000080100,92587104,92587648,544,556,92587660,2c0030,64188,2,True,22076546,581,False,3,0:2;403:254;544:228
225085,2000083950,92609788,92610320,532,544,92610332,28002d,63619,2,True,22054424,439,False,3,0:2;403:223;532:238
225091,2000083957,92614120,92614657,537,549,92614669,280032,63971,2,True,22071521,464,False,3,0:2;403:223;537:245
222141,2000074259,92654099,92654636,537,549,92654648,2d002d,63066,2,True,22006959,586,False,3,0:2;403:232;537:19
225083,2000083948,92797472,92798009,537,549,92798021,000000,64806,4,True,22087009,105,False,3,0:2;403:223;537:236
225084,2000083949,92798445,92798982,537,549,92798994,000000,64810,4,True,22087019,105,False,3,0:2;403:223;537:237
225090,2000083955,92799099,92799636,537,549,92799648,000000,63038,1,True,22005956,291,False,3,0:2;403:223;537:243
224498,2000082538,92987651,92988247,596,608,92988259,510052,110487,2,True,43318363,759,False,3,0:2;433:201;596:106
221463,2000071337,93137848,93138508,660,672,93138520,000000,32105,1,True,8501183,423,False,3,0:2;499:209;660:169
221859,2000072559,93141540,93142214,674,686,93142226,000000,62830,1,True,21020239,301,False,3,0:2;499:208;674:111
223893,2000080239,93908586,93909118,532,544,93909130,000000,200553,2,True,2000011172,471,False,3,0:2;403:22;532:111
224273,2000081979,93914591,93915128,537,549,93915140,000000,51035,2,True,17038272,595,False,3,0:2;403:243;537:59
222646,2000076677,93944745,93945314,569,581,93945326,1e0014,206174,2,True,2000028258,551,False,3,0:2;433:13;569:133
223235,2000078345,93959065,93959634,569,581,93959646,1e0014,50646,2,True,17029463,588,False,3,0:2;433:23;569:9
223043,2000077764,93965396,93965965,569,581,93965977,280014,204534,2,True,2000023442,581,False,3,0:2;433:31;569:196
221199,2000070497,94006114,94006653,539,551,94006665,0a0005,206177,2,True,2000028262,544,False,3,0:2;403:26;539:97
222776,2000077004,94007209,94007785,576,588,94007797,1e0014,50684,2,True,17031318,588,False,3,0:2;433:7;576:204
222374,2000075974,94016048,94016624,576,588,94016636,0a0005,51083,2,True,17038624,434,False,3,0:2;433:33;576:198
223042,2000077761,94027613,94028175,562,574,94028187,280014,50679,2,True,17031217,603,False,3,0:2;433:36;562:193
222641,2000076661,94029334,94029873,539,551,94029885,32001e,212823,2,True,2000047290,551,False,3,0:2;403:34;539:117
222785,2000077026,94040730,94041269,539,551,94041281,32001e,50689,2,True,17031326,471,False,3,0:2;403:34;539:226
222820,2000077175,94042854,94043393,539,551,94043405,3c0028,204526,2,True,2000023429,581,False,3,0:2;403:247;539:119
221201,2000070499,94066496,94067035,539,551,94067047,1e0014,50956,2,True,17035890,434,False,3,0:2;403:26;539:99
221200,2000070498,94088579,94089111,532,544,94089123,1e0014,213081,2,True,2000047927,581,False,3,0:2;403:26;532:98
223241,2000078356,94108713,94109252,539,551,94109264,3c0028,212829,2,True,2000047301,551,False,3,0:2;403:24;539:20
221793,2000072428,94122272,94122841,569,581,94122853,280014,211114,2,True,2000042535,551,False,3,0:2;433:20;569:236
222786,2000077028,94125124,94125663,539,551,94125675,000000,144116,2,True,63033353,476,False,3,0:2;403:34;539:228
222377,2000075979,94133212,94133751,539,551,94133763,14000a,222376,2,True,2000075978,551,False,3,0:2;403:33;539:203
222376,2000075978,94133763,94134302,539,551,94134314,14000a,210564,2,True,2000040469,551,False,3,0:2;403:33;539:202
222819,2000077174,94141249,94141788,539,551,94141800,1e0014,211811,2,True,2000044718,551,False,3,0:2;403:247;539:118
221203,2000070501,94154509,94155048,539,551,94155060,32001e,211088,2,True,2000042491,588,False,3,0:2;403:31;539:101
223242,2000078358,94163458,94163997,539,551,94164009,14000a,212585,2,True,2000046773,581,False,3,0:2;403:250;539:22
221205,2000070503,94173098,94173637,539,551,94173649,32001e,212261,2,True,2000045874,551,False,3,0:2;403:31;539:103
221480,2000071405,94176478,94177017,539,551,94177029,14000a,212390,2,True,2000046184,574,False,3,0:2;403:13;539:237
222648,2000076681,94186641,94187180,539,551,94187192,28001e,204525,2,True,2000023428,551,False,3,0:2;403:13;539:137
222393,2000076028,94187743,94188326,583,595,94188338,14000a,201389,2,True,2000013992,551,False,3,0:2;433:247;583:252
222668,2000076712,94193522,94194061,539,551,94194073,000000,211526,2,True,2000043782,551,False,3,0:2;403:30;539:168
222380,2000075989,94195175,94195714,539,551,94195726,000000,211528,2,True,2000043784,551,False,3,0:2;403:33;539:213
221202,2000070500,94196828,94197367,539,551,94197379,32001e,212236,2,True,2000045827,551,False,3,0:2;403:31;539:100
221207,2000070505,94202288,94202827,539,551,94202839,1e0014,210620,2,True,2000040650,551,False,3,0:2;403:31;539:105
224097,2000081251,94210256,94210795,539,551,94210807,000000,51038,2,True,17038275,464,False,3,0:2;403:241;539:99
223909,2000080353,94213124,94213663,539,551,94213675,000000,221206,2,True,2000070504,551,False,3,0:2;403:198;539:225
221206,2000070504,94213675,94214214,539,551,94214226,28001e,212811,2,True,2000047274,551,False,3,0:2;403:31;539:104
224061,2000081059,94217592,94218131,539,551,94218143,000000,51021,2,True,17038095,588,False,3,0:2;403:241;539:163
222671,2000076722,94226357,94226896,539,551,94226908,000000,211084,2,True,2000042484,551,False,3,0:2;403:252;539:178
222647,2000076680,94227459,94227998,539,551,94228010,32001e,211854,2,True,2000044826,551,False,3,0:2;403:13;539:136
222381,2000075990,94232471,94233010,539,551,94233022,0a0005,204070,2,True,2000021811,551,False,3,0:2;403:33;539:214
222388,2000076012,94236204,94236743,539,551,94236755,1e0014,50470,2,True,17026076,588,False,3,0:2;403:31;539:236
221204,2000070502,94239040,94239579,539,551,94239591,280014,212876,2,True,2000047421,581,False,3,0:2;403:31;539:102
221481,2000071406,94245742,94246281,539,551,94246293,000000,221479,2,True,2000071404,551,False,3,0:2;403:13;539:238
221479,2000071404,94246293,94246832,539,551,94246844,000000,221478,2,True,2000071403,551,False,3,0:2;403:13;539:236
221478,2000071403,94246844,94247383,539,551,94247395,000000,51052,2,True,17038376,471,False,3,0:2;403:13;539:235
222382,2000075991,94248968,94249507,539,551,94249519,0a0005,213086,2,True,2000047934,581,False,3,0:2;403:33;539:215
224062,2000081067,94265918,94266457,539,551,94266469,000000,50587,2,True,17028709,434,False,3,0:2;403:241;539:171
225166,2000084166,95200060,95200592,532,544,95200604,4c004c,53508,2,True,18107450,561,False,3,0:2;403:137;532:198
221574,2000071872,95488400,95488937,537,549,95488949,320041,30959,1,True,8170895,387,False,3,0:2;403:64;537:192
223537,2000079236,95568879,95569476,597,609,95569488,450045,111863,2,True,43407361,578,False,3,0:2;449:8;597:132
225020,2000083704,95990284,95990821,537,549,95990833,3d003d,219574,1,True,2000064971,377,False,3,0:2;403:250;537:248
222422,2000076095,96099349,96099893,544,556,96099905,1e001e,52652,2,True,18088888,556,False,3,0:2;403:254;544:63
221239,2000070558,96194789,96195357,568,580,96195369,000000,51684,1,True,18038100,320,False,3,0:2;403:187;568:158
222984,2000077599,97229677,97230241,564,576,97230253,2d002d,49400,2,True,16282825,581,False,3,0:2;433:52;564:31
225220,2000084294,97271853,97272392,539,551,97272404,3a003a,225221,2,True,2000084296,551,False,3,0:2;403:68;539:70
225221,2000084296,97272404,97272943,539,551,97272955,3a003a,49198,1,True,16255242,305,False,3,0:2;403:127;539:72
225183,2000084251,97325479,97326018,539,551,97326030,390039,206595,2,True,2000029283,600,False,3,0:2;403:98;539:27
225215,2000084289,97337493,97338032,539,551,97338044,380038,50109,1,True,16342321,372,False,3,0:2;403:68;539:65
223010,2000077660,97344856,97344999,143,155,97345011,3c0000,49223,1,True,16255441,276,False,3,-231:1;0:2;143:92
222292,2000075434,97356045,97356584,539,551,97356596,280028,49919,2,True,16336956,551,False,3,0:2;403:98;539:170
222290,2000075432,97437912,97438451,539,551,97438463,280028,47370,1,True,16006815,386,False,3,0:2;403:51;539:168
225189,2000084259,97501670,97502204,534,546,97502216,2f002f,223394,1,True,2000078882,372,False,3,0:2;403:70;534:35
225107,2000083993,97511793,97512320,527,539,97512332,2e002e,225108,2,True,2000083995,544,False,3,0:2;403:52;527:25
225108,2000083995,97512332,97512864,532,544,97512876,2e002e,48989,2,True,16250723,598,False,3,0:2;403:52;532:27
222222,2000074832,97738026,97738717,691,703,97738729,0f000f,194270,2,True,95058990,586,False,3,0:2;529:251;691:80
222246,2000074972,97739315,97739784,469,481,97739796,0f000f,176154,2,True,83233289,463,False,2,0:2;469:220
222230,2000074896,97740259,97740931,672,684,97740943,0c000c,222228,2,True,2000074893,670,False,3,0:2;529:94;672:144
222228,2000074893,97740943,97741601,658,670,97741613,0a000a,222252,2,True,2000075063,558,False,3,0:2;529:166;658:141
222252,2000075063,97741613,97742159,546,558,97742171,0c000c,222253,2,True,2000075066,451,False,3,0:2;403:248;546:55
222253,2000075066,97742171,97742610,439,451,97742622,0a000a,194310,2,True,95066832,588,False,2,0:2;439:58
222229,2000074894,97743210,97743838,628,640,97743850,050005,115271,1,True,47000770,426,False,3,0:2;499:166;628:142
222423,2000076096,97744276,97744948,672,684,97744960,040004,222319,2,True,2000075576,654,False,3,0:2;529:251;672:64
222319,2000075576,97744960,97745602,642,654,97745614,070007,194309,2,True,95066828,593,False,3,0:2;499:251;642:56
222330,2000075708,97746207,97746879,672,684,97746891,050005,222416,2,True,2000076076,654,False,3,0:2;529:251;672:188
222416,2000076076,97746891,97747533,642,654,97747545,050005,199716,2,True,2000008647,574,False,3,0:2;499:251;642:44
222320,2000075578,97748119,97748695,576,588,97748707,030003,222424,2,True,2000076097,544,False,3,0:2;433:251;576:58
222424,2000076097,97748707,97749239,532,544,97749251,040004,222420,2,True,2000076081,654,False,3,0:2;403:251;532:65
222420,2000076081,97749251,97749893,642,654,97749905,030003,194308,2,True,95066822,464,False,3,0:2;499:251;642:49
222072,2000073840,97948094,97948651,557,569,97948663,280028,92450,2,True,36055466,605,False,3,0:2;433:68;557:112
224918,2000083458,97969045,97969603,558,570,97969615,230023,91792,2,True,36023631,476,False,3,0:2;403:72;558:2
221772,2000072351,97990421,97990967,546,558,97990979,000000,199352,2,True,2000007299,570,False,3,0:2;403:214;546:159
220820,2000068914,97992374,97992901,527,539,97992913,000000,24591,1,True,5726561,389,False,3,0:2;403:165;527:50
221404,2000071214,97993302,97993848,546,558,97993860,000000,173670,1,True,82015127,309,False,3,0:2;403:193;546:46
223335,2000078766,98395350,98395890,540,552,98395902,610061,161372,2,True,72056129,596,False,3,0:2;411:205;540:174
224487,2000082507,98429401,98429933,532,544,98429945,000000,61930,3,True,20016260,712,False,3,0:2;403:35;532:75
223625,2000079431,98479103,98479654,551,563,98479666,1e001e,62314,2,True,20045106,603,False,3,0:2;403:255;551:71
220885,2000069099,98522805,98523337,532,544,98523349,4a004a,62215,2,True,20042300,598,False,3,0:2;403:241;532:235
222482,2000076296,98549848,98550405,557,569,98550417,590059,161290,2,True,72052913,588,False,3,0:2;411:36;557:8
220891,2000069139,98589518,98590050,532,544,98590062,5c005c,161401,2,True,72056162,581,False,3,0:2;403:43;532:19
223350,2000078786,98628851,98629453,602,614,98629465,540054,223340,2,True,2000078774,546,False,3,0:2;433:36;602:194
223340,2000078774,98629465,98629999,534,546,98630011,540054,223336,2,True,2000078767,547,False,3,0:2;403:97;534:182
223336,2000078767,98630011,98630546,535,547,98630558,5a005a,62333,2,True,20046418,485,False,3,0:2;411:225;535:175
222774,2000076999,98632711,98633250,539,551,98633262,000000,62304,2,True,20045080,600,False,3,0:2;403:6;539:199
222759,2000076963,98682531,98683077,546,558,98683089,000000,14027,1,True,980484,386,False,3,0:2;403:6;546:163
224471,2000082472,98685204,98685748,544,556,98685760,000000,62486,2,True,20048626,576,False,3,0:2;403:108;544:40
223359,2000078814,98690871,98691417,546,558,98691429,520052,62311,2,True,20045098,596,False,3,0:2;403:213;546:222
222807,2000077129,98700309,98700848,539,551,98700860,520052,62682,2,True,20050376,581,False,3,0:2;403:94;539:73
222762,2000076970,98701441,98701863,422,434,98701875,000000,62510,2,True,20048728,590,False,2,0:2;422:170
223507,2000079120,98721249,98721795,546,558,98721807,000000,176281,2,True,83240678,464,False,3,0:2;403:76;546:16
221157,2000070327,98724939,98725520,581,593,98725532,510051,62540,2,True,20048853,483,False,3,0:2;433:103;581:183
222439,2000076143,98730722,98731249,527,539,98731261,510051,220331,2,True,2000066446,539,False,3,0:2;403:0;527:111
223351,2000078787,98744432,98744971,539,551,98744983,500050,62023,2,True,20031865,464,False,3,0:2;403:38;539:195
224492,2000082516,98756805,98757332,527,539,98757344,520052,208080,2,True,2000033176,478,False,3,0:2;403:29;527:84
223358,2000078810,98760516,98761055,539,551,98761067,000000,62218,2,True,20042308,471,False,3,0:2;403:6;539:218
220890,2000069136,98795367,98795906,539,551,98795918,4d004d,161066,2,True,72048306,471,False,3,0:2;403:240;539:16
223360,2000078817,98804912,98805451,539,551,98805463,000000,160373,1,True,72006947,367,False,3,0:2;403:38;539:225
224486,2000082505,98830822,98831366,544,556,98831378,520052,222808,2,True,2000077130,551,False,3,0:2;403:92;544:73
222808,2000077130,98831378,98831917,539,551,98831929,000000,213738,2,True,2000049804,689,False,3,0:2;403:94;539:74
222764,2000076974,98837322,98837856,534,546,98837868,000000,219771,2,True,2000065375,593,False,3,0:2;403:92;534:174
223213,2000078256,98841484,98842024,540,552,98842036,460046,123966,2,True,52098101,605,False,3,0:2;411:72;540:176
225058,2000083857,98872248,98872775,527,539,98872787,4a004a,62248,2,True,20044693,471,False,3,0:2;403:229;527:145
224489,2000082509,98881936,98882505,569,581,98882517,4f004f,62073,2,True,20034926,614,False,3,0:2;433:96;569:77
220892,2000069141,98892429,98892956,527,539,98892968,490049,62680,2,True,20050128,551,False,3,0:2;403:25;527:21
224491,2000082512,98908146,98908678,532,544,98908690,4b004b,62544,2,True,20049214,471,False,3,0:2;403:225;532:80
222763,2000076972,98910297,98910836,539,551,98910848,480048,187156,2,True,91204529,605,False,3,0:2;403:206;539:172
224490,2000082511,98953885,98954454,569,581,98954466,4b004b,80476,2,True,28104008,451,False,3,0:2;433:13;569:79
221729,2000072272,98967831,98968400,569,581,98968412,430043,191157,2,True,93088775,602,False,3,0:2;433:9;569:80
223856,2000080136,99017753,99018197,444,456,99018209,370037,208848,2,True,2000035673,485,False,2,0:2;444:8
225266,2000084367,99024592,99025055,463,475,99025067,370037,175942,2,True,83227690,620,False,2,0:2;463:143
220945,2000069280,99062303,99062859,556,568,99062871,000000,84727,1,True,29183227,415,False,3,0:2;403:167;556:160
222805,2000077125,99084488,99085135,647,659,99085147,000000,14056,1,True,981894,277,False,3,0:2;499:205;647:69
223774,2000079847,99215895,99216422,527,539,99216434,43004d,173467,2,True,80035875,691,False,3,0:2;403:79;527:231
224081,2000081118,99719326,99719858,532,544,99719870,4d004d,119763,1,True,51013086,303,False,3,0:2;403:76;532:222
224472,2000082475,99972593,99973162,569,581,99973174,000000,121108,1,True,51069277,372,False,3,0:2;433:83;569:43
225032,2000083765,99986210,99986772,562,574,99986784,4a004a,121134,2,True,51069338,471,False,3,0:2;433:242;562:53
225268,2000084379,99997249,99997788,539,551,99997800,4a004a,121107,2,True,51069276,574,False,3,0:2;403:89;539:155
225269,2000084380,100027469,100028038,569,581,100028050,490049,122096,2,True,51080722,581,False,3,0:2;433:53;569:156
225033,2000083766,100029200,100029769,569,581,100029781,480048,121141,2,True,51069357,581,False,3,0:2;433:110;569:54
225270,2000084382,100072300,100072857,557,569,100072869,430043,121041,2,True,51068258,588,False,3,0:2;433:47;557:158
223988,2000080821,100322471,100323040,569,581,100323052,000000,121096,2,True,51069228,464,False,3,0:2;433:138;569:181
224357,2000082195,100409030,100409592,562,574,100409604,000000,223592,2,True,2000079368,544,False,3,0:2;433:230;562:19
223592,2000079368,100409604,100410136,532,544,100410148,000000,120257,2,True,51042351,471,False,3,0:2;403:23;532:8
224368,2000082221,100461816,100462355,539,551,100462367,000000,122063,2,True,51080603,583,False,3,0:2;403:149;539:45
224441,2000082416,100481848,100482417,569,581,100482429,000000,224366,2,True,2000082217,583,False,3,0:2;433:23;569:240
224366,2000082217,100482429,100483000,571,583,100483012,000000,216436,2,True,2000056982,544,False,3,0:2;433:149;571:41
223824,2000080053,100490412,100490988,576,588,100491000,000000,2300,1,True,116678,458,False,3,0:2;433:42;576:181
224355,2000082191,100508546,100509073,527,539,100509085,000000,121070,2,True,51068431,466,False,3,0:2;403:64;527:15
223491,2000079058,100526051,100526627,576,588,100526639,000000,121262,2,True,51072463,459,False,3,0:2;433:240;576:210
223502,2000079102,100533171,100533735,564,576,100533747,000000,216243,2,True,2000056602,544,False,3,0:2;433:240;564:254
224372,2000082225,100543548,100544124,576,588,100544136,000000,216076,2,True,2000056367,551,False,3,0:2;433:149;576:49
224365,2000082216,100558389,100558965,576,588,100558977,000000,216728,2,True,2000057787,583,False,3,0:2;433:149;576:40
224448,2000082430,100580808,100581365,557,569,100581377,000000,200754,2,True,2000011880,546,False,3,0:2;433:165;557:254
224374,2000082227,100584485,100585056,571,583,100585068,000000,207718,2,True,2000032333,581,False,3,0:2;433:149;571:51
224371,2000082224,100590244,100590820,576,588,100590832,000000,122050,2,True,51080580,583,False,3,0:2;433:149;576:48
224369,2000082222,100597875,100598439,564,576,100598451,000000,122055,2,True,51080585,581,False,3,0:2;433:149;564:46
224358,2000082197,100601162,100601694,532,544,100601706,000000,121804,2,True,51079439,581,False,3,0:2;403:230;532:21
224375,2000082228,100607026,100607602,576,588,100607614,000000,121759,2,True,51079204,551,False,3,0:2;433:149;576:52
224370,2000082223,100612863,100613439,576,588,100613451,000000,122005,2,True,51080390,459,False,3,0:2;433:149;576:47
224367,2000082220,100618963,100619497,534,546,100619509,000000,121832,2,True,51079632,576,False,3,0:2;403:149;534:44
224359,2000082200,100622229,100622791,562,574,100622803,000000,121828,2,True,51079550,451,False,3,0:2;433:230;562:24
224450,2000082432,100627589,100628151,562,574,100628163,000000,121963,2,True,51080148,471,False,3,0:2;433:165;562:0
224449,2000082431,100628634,100629196,562,574,100629208,000000,121738,2,True,51079129,471,False,3,0:2;433:165;562:255
224194,2000081613,100634563,100635095,532,544,100635107,000000,121778,2,True,51079282,581,False,3,0:2;403:64;532:205
223989,2000080826,100635688,100636227,539,551,100636239,000000,121954,2,True,51080040,478,False,3,0:2;403:138;539:186
223916,2000080410,100637879,100638443,564,576,100638455,000000,223825,2,True,2000080060,576,False,3,0:2;433:40;564:26
223825,2000080060,100638455,100639019,564,576,100639031,000000,121786,2,True,51079290,583,False,3,0:2;433:42;564:188
223523,2000079168,100645121,100645690,569,581,100645702,000000,223522,2,True,2000079164,581,False,3,0:2;433:240;569:64
223522,2000079164,100645702,100646271,569,581,100646283,000000,121183,2,True,51071733,464,False,3,0:2;433:240;569:60
223519,2000079155,100647019,100647576,557,569,100647588,000000,223505,2,True,2000079113,434,False,3,0:2;433:240;557:51
223505,2000079113,100647588,100648010,422,434,100648022,000000,216244,2,True,2000056603,551,False,2,0:2;422:9
223364,2000078826,100660293,100660862,569,581,100660874,000000,120346,1,True,51048578,277,False,3,0:2;433:245;569:234
224493,2000082523,100664368,100664895,527,539,100664907,000000,120132,1,True,51039523,271,False,3,0:2;403:145;527:91
224373,2000082226,100681685,100682261,576,588,100682273,000000,224542,2,True,2000082652,539,False,3,0:2;433:149;576:50
224542,2000082652,100682273,100682800,527,539,100682812,000000,121802,2,True,51079437,581,False,3,0:2;403:7;527:220
224451,2000082433,100686612,100687176,564,576,100687188,000000,217246,2,True,2000059022,588,False,3,0:2;433:165;564:1
225029,2000083733,100709947,100710516,569,581,100710528,000000,121849,2,True,51079711,471,False,3,0:2;433:246;569:21
224997,2000083633,100741580,100742144,564,576,100742156,000000,216229,2,True,2000056579,544,False,3,0:2;433:40;564:177
223923,2000080426,100753557,100754126,569,581,100754138,000000,121945,2,True,51080031,466,False,3,0:2;433:97;569:42
223501,2000079093,100755996,100756565,569,581,100756577,000000,121930,2,True,51079998,466,False,3,0:2;433:240;569:245
223483,2000079046,100759272,100759806,534,546,100759818,000000,217739,2,True,2000060017,551,False,3,0:2;403:240;534:198
225003,2000083639,100760950,100761519,569,581,100761531,000000,211567,2,True,2000043915,574,False,3,0:2;433:45;569:183
223922,2000080423,100764698,100765262,564,576,100765274,000000,121704,2,True,51078848,471,False,3,0:2;433:97;564:39
223917,2000080411,100766640,100767174,534,546,100767186,000000,215041,2,True,2000053578,590,False,3,0:2;403:40;534:27
223827,2000080063,100770586,100771148,562,574,100771160,000000,210093,2,True,2000039223,551,False,3,0:2;433:42;562:191
225001,2000083637,100789534,100790061,527,539,100790073,000000,121599,2,True,51078411,551,False,3,0:2;403:45;527:181
225028,2000083732,100797958,100798485,527,539,100798497,000000,121923,2,True,51079981,544,False,3,0:2;403:91;527:20
225027,2000083731,100802574,100803106,532,544,100803118,000000,122041,2,True,51080465,588,False,3,0:2;403:230;532:19
225002,2000083638,100805953,100806522,569,581,100806534,000000,121850,2,True,51079712,546,False,3,0:2;433:45;569:182
225000,2000083636,100815152,100815714,562,574,100815726,000000,211599,2,True,2000044020,551,False,3,0:2;433:45;562:180
224999,2000083635,100819745,100820284,539,551,100820296,000000,121992,2,True,51080185,581,False,3,0:2;403:45;539:179
224998,2000083634,100821428,100821990,562,574,100822002,000000,210187,2,True,2000039472,576,False,3,0:2;433:195;562:178
224992,2000083606,101050171,101050752,581,593,101050764,000000,181607,2,True,87040507,588,False,3,0:2;433:145;581:150
222219,2000074811,101081360,101081887,527,539,101081899,4e004e,221156,2,True,2000070326,652,False,3,0:2;403:248;527:59
221156,2000070326,101081899,101082539,640,652,101082551,4c004c,173677,2,True,82050203,590,False,3,0:2;499:25;640:182
224072,2000081092,101115743,101116414,671,683,101116426,000000,104852,2,True,42061335,655,False,3,0:2;506:64;671:196
222438,2000076142,101155818,101156374,556,568,101156386,4c004c,212252,2,True,2000045860,708,False,3,0:2;403:91;556:110
220889,2000069118,101365965,101366497,532,544,101366509,500050,206753,1,True,2000029634,386,False,3,0:2;403:108;532:254
224901,2000083409,101372264,101372808,544,556,101372820,000000,62757,2,True,20503083,604,False,3,0:2;403:158;544:209
221506,2000071545,101383540,101384102,562,574,101384114,4e004e,61926,2,True,20016222,480,False,3,0:2;433:86;562:121
222414,2000076074,101384594,101385153,559,571,101385165,000000,223566,2,True,2000079317,563,False,3,0:2;411:157;559:42
223566,2000079317,101385165,101385716,551,563,101385728,370037,62113,2,True,20040002,624,False,3,0:2;403:134;551:213
224907,2000083422,101387058,101387634,576,588,101387646,000000,161294,2,True,72052917,614,False,3,0:2;433:156;576:222
224898,2000083402,101394499,101395031,532,544,101395043,000000,62802,2,True,20503441,602,False,3,0:2;403:158;532:202
220888,2000069115,101414311,101414843,532,544,101414855,4d004d,206750,1,True,2000029630,386,False,3,0:2;403:108;532:251
224922,2000083470,101417964,101418526,562,574,101418538,000000,62228,2,True,20042366,600,False,3,0:2;433:155;562:14
224931,2000083485,101424545,101425072,527,539,101425084,000000,62754,2,True,20503060,583,False,3,0:2;403:157;527:29
224924,2000083472,101429134,101429666,532,544,101429678,000000,187324,2,True,91206434,617,False,3,0:2;403:155;532:16
224928,2000083480,101436207,101436788,581,593,101436800,000000,207286,1,True,2000031087,386,False,3,0:2;433:160;581:24
221507,2000071546,101448088,101448620,532,544,101448632,470047,62099,2,True,20035076,605,False,3,0:2;403:86;532:122
220887,2000069112,101463121,101463653,532,544,101463665,4b004b,207289,1,True,2000031093,381,False,3,0:2;403:108;532:248
220886,2000069111,101476395,101477035,640,652,101477047,4b004b,62231,2,True,20042815,581,False,3,0:2;499:108;640:247
223091,2000077934,101685726,101686282,556,568,101686294,320032,14021,2,True,979992,581,False,3,0:2;403:250;556:110
224619,2000082810,101761253,101761802,549,561,101761814,000000,215198,1,True,2000054113,304,False,3,0:2;403:211;549:122
224904,2000083412,101792295,101792859,564,576,101792871,3e003e,173742,1,True,82085628,367,False,3,0:2;433:14;564:212
224268,2000081963,102627843,102628387,544,556,102628399,550055,148221,2,True,66044794,576,False,3,0:2;403:215;544:43
224643,2000082854,102981236,102981763,527,539,102981775,3a003a,147833,2,True,66040254,466,False,3,0:2;403:166;527:166
224737,2000083059,103056839,103057366,527,539,103057378,000000,148055,4,True,66043360,113,False,3,0:2;403:160;527:115
225155,2000084129,103063618,103064169,551,563,103064181,000000,148094,2,True,66044451,546,False,3,0:2;403:37;551:161
224614,2000082788,103069092,103069619,527,539,103069631,000000,224613,2,True,2000082787,539,False,3,0:2;403:202;527:100
224613,2000082787,103069631,103070158,527,539,103070170,000000,148134,2,True,66044510,546,False,3,0:2;403:202;527:99
224612,2000082786,103070716,103071243,527,539,103071255,000000,148135,1,True,66044511,367,False,3,0:2;403:202;527:98
224611,2000082785,103071622,103072156,534,546,103072168,000000,24405,1,True,5709020,357,False,3,0:2;403:202;534:97
224610,2000082782,103072525,103073052,527,539,103073064,000000,224609,2,True,2000082781,539,False,3,0:2;403:202;527:94
224609,2000082781,103073064,103073591,527,539,103073603,000000,224608,2,True,2000082780,539,False,3,0:2;403:202;527:93
224608,2000082780,103073603,103074130,527,539,103074142,000000,24403,4,True,5708987,113,False,3,0:2;403:129;527:92
224607,2000082779,103077486,103078013,527,539,103078025,000000,224606,2,True,2000082777,539,False,3,0:2;403:129;527:91
224606,2000082777,103078025,103078552,527,539,103078564,000000,224605,2,True,2000082776,551,False,3,0:2;403:129;527:89
224605,2000082776,103078564,103079103,539,551,103079115,000000,224604,2,True,2000082775,539,False,3,0:2;403:129;539:88
224604,2000082775,103079115,103079642,527,539,103079654,000000,148283,4,True,66045660,101,False,3,0:2;403:129;527:87
224597,2000082768,103080058,103080585,527,539,103080597,000000,224596,2,True,2000082767,539,False,3,0:2;403:155;527:80
224596,2000082767,103080597,103081124,527,539,103081136,000000,224595,2,True,2000082766,539,False,3,0:2;403:151;527:79
224595,2000082766,103081136,103081663,527,539,103081675,000000,224593,2,True,2000082764,539,False,3,0:2;403:195;527:78
224593,2000082764,103081675,103082202,527,539,103082214,000000,224592,2,True,2000082763,539,False,3,0:2;403:195;527:76
224592,2000082763,103082214,103082741,527,539,103082753,000000,224591,2,True,2000082762,546,False,3,0:2;403:195;527:75
224591,2000082762,103082753,103083287,534,546,103083299,000000,224590,2,True,2000082761,539,False,3,0:2;403:195;534:74
224590,2000082761,103083299,103083826,527,539,103083838,000000,201373,1,True,2000013965,272,False,3,0:2;403:195;527:73
224589,2000082760,103084110,103084637,527,539,103084649,000000,148287,4,True,66045664,101,False,3,0:2;403:195;527:72
224852,2000083296,103109281,103109808,527,539,103109820,000000,224851,2,True,2000083293,539,False,3,0:2;403:127;527:96
224851,2000083293,103109820,103110347,527,539,103110359,000000,224850,2,True,2000083289,539,False,3,0:2;403:127;527:93
224850,2000083289,103110359,103110886,527,539,103110898,000000,147661,4,True,66036051,113,False,3,0:2;403:127;527:89
224849,2000083288,103111011,103111538,527,539,103111550,000000,147660,4,True,66036050,113,False,3,0:2;403:127;527:88
224846,2000083283,103111663,103112190,527,539,103112202,000000,147345,1,True,66012000,367,False,3,0:2;403:154;527:83
224845,2000083282,103113526,103114060,534,546,103114072,000000,224843,2,True,2000083280,539,False,3,0:2;403:196;534:82
224843,2000083280,103114072,103114599,527,539,103114611,000000,224842,2,True,2000083278,539,False,3,0:2;403:196;527:80
224842,2000083278,103114611,103115138,527,539,103115150,000000,224841,2,True,2000083276,539,False,3,0:2;403:36;527:78
224841,2000083276,103115150,103115677,527,539,103115689,000000,224840,2,True,2000083275,539,False,3,0:2;403:36;527:76
224840,2000083275,103115689,103116216,527,539,103116228,000000,147659,4,True,66036049,101,False,3,0:2;403:36;527:75
224839,2000083274,103116329,103116856,527,539,103116868,000000,224838,2,True,2000083270,546,False,3,0:2;403:196;527:74
224838,2000083270,103116868,103117402,534,546,103117414,000000,224837,2,True,2000083269,539,False,3,0:2;403:128;534:70
224837,2000083269,103117414,103117941,527,539,103117953,000000,201322,1,True,2000013847,272,False,3,0:2;403:128;527:69
224836,2000083268,103118482,103119009,527,539,103119021,000000,224835,2,True,2000083267,539,False,3,0:2;403:128;527:68
224835,2000083267,103119021,103119548,527,539,103119560,000000,224834,2,True,2000083264,539,False,3,0:2;403:126;527:67
224834,2000083264,103119560,103120087,527,539,103120099,000000,224833,2,True,2000083262,539,False,3,0:2;403:126;527:64
224833,2000083262,103120099,103120626,527,539,103120638,000000,224832,2,True,2000083260,569,False,3,0:2;403:126;527:62
224832,2000083260,103120638,103121195,557,569,103121207,000000,224830,1,True,2000083254,367,False,3,0:2;433:126;557:60
224829,2000083252,103121574,103122101,527,539,103122113,000000,148245,4,True,66045605,109,False,3,0:2;403:249;527:52
224811,2000083192,103123232,103123759,527,539,103123771,000000,224808,2,True,2000083184,539,False,3,0:2;403:249;527:248
224808,2000083184,103123771,103124298,527,539,103124310,000000,224807,2,True,2000083183,539,False,3,0:2;403:192;527:240
224807,2000083183,103124310,103124837,527,539,103124849,000000,224805,2,True,2000083181,539,False,3,0:2;403:192;527:239
224805,2000083181,103124849,103125376,527,539,103125388,000000,24283,1,True,5703465,367,False,3,0:2;403:192;527:237
224803,2000083179,103126136,103126663,527,539,103126675,000000,24254,1,True,5703023,271,False,3,0:2;403:192;527:235
224797,2000083166,103127055,103127582,527,539,103127594,000000,224796,2,True,2000083164,539,False,3,0:2;403:151;527:222
224796,2000083164,103127594,103128121,527,539,103128133,000000,148249,4,True,66045625,101,False,3,0:2;403:151;527:220
224790,2000083154,103128234,103128761,527,539,103128773,000000,224789,2,True,2000083151,539,False,3,0:2;403:15;527:210
224789,2000083151,103128773,103129300,527,539,103129312,000000,224782,1,True,2000083141,272,False,3,0:2;403:126;527:207
224772,2000083126,103132007,103132534,527,539,103132546,000000,224771,2,True,2000083124,539,False,3,0:2;403:15;527:182
224771,2000083124,103132546,103133073,527,539,103133085,000000,224770,2,True,2000083123,539,False,3,0:2;403:15;527:180
224770,2000083123,103133085,103133612,527,539,103133624,000000,224769,2,True,2000083122,539,False,3,0:2;403:15;527:179
224769,2000083122,103133624,103134151,527,539,103134163,000000,215403,4,True,2000054849,101,False,3,0:2;403:15;527:178
224768,2000083113,103135050,103135577,527,539,103135589,000000,24293,1,True,5703598,381,False,3,0:2;403:159;527:169
224767,2000083112,103135970,103136497,527,539,103136509,000000,224765,2,True,2000083110,539,False,3,0:2;403:159;527:168
224765,2000083110,103136509,103137036,527,539,103137048,000000,224764,2,True,2000083103,539,False,3,0:2;403:159;527:166
224764,2000083103,103137048,103137575,527,539,103137587,000000,224763,2,True,2000083102,539,False,3,0:2;403:21;527:159
224763,2000083102,103137587,103138114,527,539,103138126,000000,224762,2,True,2000083101,539,False,3,0:2;403:21;527:158
224762,2000083101,103138126,103138653,527,539,103138665,000000,224760,2,True,2000083095,539,False,3,0:2;403:21;527:157
224760,2000083095,103138665,103139192,527,539,103139204,000000,24244,1,True,5702055,381,False,3,0:2;403:248;527:151
224750,2000083077,103142554,103143081,527,539,103143093,000000,147572,4,True,66033493,113,False,3,0:2;403:249;527:133
224749,2000083075,103143319,103143846,527,539,103143858,000000,224747,2,True,2000083073,539,False,3,0:2;403:249;527:131
224747,2000083073,103143858,103144385,527,539,103144397,000000,147574,4,True,66033505,113,False,3,0:2;403:249;527:129
224746,2000083072,103145595,103146122,527,539,103146134,000000,147594,1,True,66034889,381,False,3,0:2;403:249;527:128
222410,2000076070,103152947,103153474,527,539,103153486,000000,24162,1,True,5701313,381,False,3,0:2;403:160;527:38
222411,2000076071,103153867,103154406,539,551,103154418,000000,147495,1,True,66030062,272,False,3,0:2;403:160;539:39
223450,2000078998,103170237,103170764,527,539,103170776,000000,223453,2,True,2000079001,551,False,3,0:2;403:160;527:150
223453,2000079001,103170776,103171315,539,551,103171327,000000,223457,2,True,2000079005,539,False,3,0:2;403:160;539:153
223457,2000079005,103171327,103171854,527,539,103171866,000000,201375,1,True,2000013967,272,False,3,0:2;403:160;527:157
223459,2000079007,103174490,103175024,534,546,103175036,000000,8037,1,True,528589,431,False,3,0:2;403:160;534:159
223461,2000079009,103175995,103176522,527,539,103176534,000000,147853,1,True,66040310,286,False,3,0:2;403:160;527:161
223464,2000079013,103180154,103180681,527,539,103180693,000000,224740,1,True,2000083063,272,False,3,0:2;403:160;527:165
223466,2000079018,103181351,103181878,527,539,103181890,000000,24344,1,True,5705053,293,False,3,0:2;403:160;527:170
220819,2000068912,103183960,103184487,527,539,103184499,000000,24269,1,True,5703149,372,False,3,0:2;403:165;527:48
220805,2000068897,103184871,103185494,623,635,103185506,000000,147952,1,True,66041013,271,False,3,0:2;499:165;623:33
224522,2000082603,103189354,103189881,527,539,103189893,000000,224523,2,True,2000082604,539,False,3,0:2;403:36;527:171
224523,2000082604,103189893,103190420,527,539,103190432,000000,24354,1,True,5705341,367,False,3,0:2;403:3;527:172
222053,2000073771,103440257,103440831,574,586,103440843,00000f,65259,2,True,23036294,566,False,3,0:2;433:84;574:43
222052,2000073770,103441409,103441983,574,586,103441995,000010,217304,2,True,2000059091,566,False,3,0:2;433:84;574:42
224723,2000083030,103445742,103446279,537,549,103446291,00000f,71276,2,True,23494000,561,False,3,0:2;403:8;537:86
222051,2000073769,103449723,103450292,569,581,103450304,00000e,69261,2,True,23359377,561,False,3,0:2;433:84;569:41
224725,2000083033,103454972,103455504,532,544,103455516,00000a,67333,2,True,23222431,561,False,3,0:2;403:12;532:89
221928,2000072877,103485469,103486008,539,551,103486020,000000,67958,2,True,23276789,566,False,3,0:2;403:7;539:173
222110,2000073940,103926195,103926764,569,581,103926776,00002c,47009,2,True,15086556,732,False,3,0:2;433:43;569:212
222157,2000074342,104094872,104095441,569,581,104095453,000023,3866,1,True,141430,396,False,3,0:2;433:69;569:102
222191,2000074573,104117281,104117850,569,581,104117862,00001f,69573,2,True,23378630,581,False,3,0:2;433:55;569:77
222120,2000074015,104181344,104181878,534,546,104181890,000017,67692,2,True,23257848,581,False,3,0:2;403:64;534:31
222077,2000073851,104195166,104195735,569,581,104195747,000019,222076,2,True,2000073849,576,False,3,0:2;433:114;569:123
222076,2000073849,104195747,104196311,564,576,104196323,000019,69563,2,True,23378420,576,False,3,0:2;433:114;564:121
222212,2000074759,104206175,104206744,569,581,104206756,000018,64870,2,True,23005480,581,False,3,0:2;433:199;569:7
222192,2000074577,104233791,104234330,539,551,104234342,000015,70385,2,True,23424586,581,False,3,0:2;403:55;539:81
222163,2000074436,104259555,104260124,569,581,104260136,000015,69590,2,True,23379086,556,False,3,0:2;433:45;569:196
222211,2000074755,104283298,104283837,539,551,104283849,000012,67887,2,True,23270365,546,False,3,0:2;403:199;539:3
222190,2000074571,104287009,104287543,534,546,104287555,000012,70349,2,True,23423252,551,False,3,0:2;403:55;534:75
222164,2000074437,104310963,104311502,539,551,104311514,000011,67121,1,True,23201743,276,False,3,0:2;403:45;539:197
222161,2000074432,104313339,104313873,534,546,104313885,00000d,68446,2,True,23322469,581,False,3,0:2;403:62;534:192
222160,2000074431,104329698,104330232,534,546,104330244,00000d,32434,1,True,8651201,271,False,3,0:2;403:62;534:191
222162,2000074435,104330515,104331049,534,546,104331061,00000f,68444,2,True,23322410,463,False,3,0:2;403:45;534:195
224920,2000083463,104651446,104651990,544,556,104652002,000000,23024,2,True,5631651,701,False,3,0:2;403:154;544:7
221756,2000072315,104713127,104713671,544,556,104713683,000000,7228,1,True,478379,457,False,3,0:2;403:214;544:123
225245,2000084333,104852440,104853001,561,573,104853013,3c004b,11035,1,True,781569,413,False,3,0:2;403:204;561:109
225098,2000083977,104857674,104858216,542,554,104858228,000000,46199,2,True,15071135,610,False,3,0:2;403:99;542:9
223236,2000078346,104863098,104863640,542,554,104863652,00003c,211610,2,True,2000044076,622,False,3,0:2;403:12;542:10
223246,2000078366,104868684,104869256,572,584,104869268,000039,90046,2,True,33086761,610,False,3,0:2;433:12;572:30
223237,2000078348,104871648,104872190,542,554,104872202,000033,115214,2,True,45103209,603,False,3,0:2;403:12;542:12
223245,2000078364,104876820,104877392,572,584,104877404,00002f,203701,2,True,2000020453,603,False,3,0:2;433:12;572:28
224718,2000083024,104884084,104884685,601,613,104884697,00002a,224722,2,True,2000083029,554,False,3,0:2;433:12;601:80
224722,2000083029,104884697,104885239,542,554,104885251,000028,115130,2,True,45054539,583,False,3,0:2;403:12;542:85
224726,2000083034,104891603,104892145,542,554,104892157,00001f,220604,2,True,2000068063,554,False,3,0:2;403:12;542:90
224728,2000083037,104896449,104896991,542,554,104897003,000000,220024,1,True,2000065795,401,False,3,0:2;403:12;542:93
221097,2000069978,104899795,104900356,561,573,104900368,000000,53714,1,True,18110700,387,False,3,0:2;403:199;561:90
224470,2000082471,104960032,104960622,590,602,104960634,410037,190823,2,True,93084012,605,False,3,0:2;433:255;590:39
221079,2000069898,104969515,104970076,561,573,104970088,280028,192464,2,True,93124764,634,False,3,0:2;403:66;561:10
223476,2000079034,106263637,106264169,532,544,106264181,1e001e,102123,2,True,40030551,593,False,3,0:2;403:147;532:186
222716,2000076837,106283662,106284199,537,549,106284211,200020,102354,2,True,40038210,556,False,3,0:2;403:155;537:37
222582,2000076496,106299336,106299873,537,549,106299885,1f001f,102044,2,True,40028759,581,False,3,0:2;403:41;537:208
223134,2000078051,106305137,106305674,537,549,106305686,1d001d,223297,2,True,2000078599,544,False,3,0:2;403:239;537:227
223297,2000078599,106305686,106306218,532,544,106306230,1f001f,29066,2,True,7643207,593,False,3,0:2;403:4;532:7
222714,2000076835,106343146,106343683,537,549,106343695,1c001c,218775,2,True,2000062777,544,False,3,0:2;403:155;537:35
222440,2000076144,106344722,106345259,537,549,106345271,1d001d,102373,2,True,40038513,586,False,3,0:2;403:218;537:112
223473,2000079029,106356478,106357010,532,544,106357022,1d001d,218746,2,True,2000062667,549,False,3,0:2;403:147;532:181
223471,2000079026,106357571,106358108,537,549,106358120,1d001d,215660,2,True,2000055377,474,False,3,0:2;403:237;537:178
222437,2000076141,106360980,106361517,537,549,106361529,1b001b,102393,2,True,40038762,581,False,3,0:2;403:218;537:109
223296,2000078598,106366420,106366952,532,544,106366964,1d001d,102138,2,True,40030863,551,False,3,0:2;403:4;532:6
223475,2000079032,106370219,106370756,537,549,106370768,1c001c,102107,2,True,40030302,581,False,3,0:2;403:147;537:184
223415,2000078914,106374212,106374749,537,549,106374761,1c001c,201364,2,True,2000013932,544,False,3,0:2;403:196;537:66
222711,2000076832,106376851,106377388,537,549,106377400,1b001b,218769,2,True,2000062765,549,False,3,0:2;403:155;537:32
223040,2000077738,106384445,106384977,532,544,106384989,1b001b,223696,2,True,2000079572,549,False,3,0:2;403:26;532:170
223696,2000079572,106384989,106385526,537,549,106385538,1b001b,102295,2,True,40037800,439,False,3,0:2;403:147;537:212
223693,2000079569,106387342,106387884,542,554,106387896,1c001c,101801,2,True,40009752,591,False,3,0:2;403:147;542:209
223123,2000078035,106388487,106389024,537,549,106389036,1c001c,101829,2,True,40010704,596,False,3,0:2;403:239;537:211
223467,2000079019,106391560,106392092,532,544,106392104,1c001c,102310,2,True,40037839,439,False,3,0:2;403:147;532:171
223135,2000078052,106392543,106393080,537,549,106393092,1c001c,218774,2,True,2000062776,549,False,3,0:2;403:239;537:228
223463,2000079011,106393641,106394180,539,551,106394192,1c001c,218739,2,True,2000062657,556,False,3,0:2;403:227;539:163
223121,2000078032,106398570,106399107,537,549,106399119,1b001b,223465,2,True,2000079014,549,False,3,0:2;403:239;537:208
223465,2000079014,106399119,106399656,537,549,106399668,1c001c,3538,2,True,138418,593,False,3,0:2;403:147;537:166
222709,2000076830,106400261,106400793,532,544,106400805,1b001b,222708,2,True,2000076828,549,False,3,0:2;403:212;532:30
222708,2000076828,106400805,106401342,537,549,106401354,1b001b,222581,2,True,2000076494,549,False,3,0:2;403:212;537:28
222581,2000076494,106401354,106401891,537,549,106401903,190019,102360,2,True,40038276,586,False,3,0:2;403:41;537:206
223699,2000079575,106406781,106407313,532,544,106407325,1a001a,202851,2,True,2000017994,549,False,3,0:2;403:147;532:215
222710,2000076831,106413209,106413746,537,549,106413758,1b001b,102057,2,True,40029032,481,False,3,0:2;403:212;537:31
223681,2000079543,106419528,106420065,537,549,106420077,1a001a,102408,2,True,40038781,581,False,3,0:2;403:147;537:183
223133,2000078050,106421127,106421664,537,549,106421676,1a001a,223125,2,True,2000078037,549,False,3,0:2;403:239;537:226
223125,2000078037,106421676,106422213,537,549,106422225,1b001b,202806,2,True,2000017881,549,False,3,0:2;403:239;537:213
223054,2000077812,106422774,106423311,537,549,106423323,190019,102405,2,True,40038777,586,False,3,0:2;403:206;537:244
223451,2000078999,106426587,106427119,532,544,106427131,1a001a,218742,2,True,2000062662,549,False,3,0:2;403:147;532:151
223435,2000078952,106429288,106429825,537,549,106429837,1b001b,218748,2,True,2000062673,549,False,3,0:2;403:19;537:104
223127,2000078040,106433358,106433895,537,549,106433907,190019,223120,2,True,2000078031,549,False,3,0:2;403:239;537:216
223120,2000078031,106433907,106434444,537,549,106434456,1a001a,223057,2,True,2000077816,549,False,3,0:2;403:239;537:207
223057,2000077816,106434456,106434993,537,549,106435005,1a001a,102236,2,True,40036740,434,False,3,0:2;403:206;537:248
223436,2000078955,106435439,106435976,537,549,106435988,1a001a,102253,2,True,40037001,439,False,3,0:2;403:19;537:107
223052,2000077810,106436976,106437513,537,549,106437525,1a001a,223136,2,True,2000078054,549,False,3,0:2;403:206;537:242
223136,2000078054,106437525,106438062,537,549,106438074,190019,102269,2,True,40037026,476,False,3,0:2;403:239;537:230
223298,2000078600,106438550,106439087,537,549,106439099,1a001a,102335,2,True,40038016,586,False,3,0:2;403:4;537:8
223682,2000079544,106439685,106440222,537,549,106440234,190019,223041,2,True,2000077747,554,False,3,0:2;403:147;537:184
223041,2000077747,106440234,106440776,542,554,106440788,1a001a,202856,2,True,2000018009,549,False,3,0:2;403:206;542:179
223709,2000079588,106441886,106442423,537,549,106442435,1a001a,223458,2,True,2000079006,549,False,3,0:2;403:147;537:228
223458,2000079006,106442435,106442972,537,549,106442984,1a001a,223460,2,True,2000079008,549,False,3,0:2;403:147;537:158
223460,2000079008,106442984,106443521,537,549,106443533,190019,102305,2,True,40037829,439,False,3,0:2;403:147;537:160
222715,2000076836,106445566,106446103,537,549,106446115,1a001a,223470,2,True,2000079025,539,False,3,0:2;403:155;537:36
223470,2000079025,106446115,106446642,527,539,106446654,1a001a,215645,2,True,2000055351,556,False,3,0:2;403:147;527:177
223697,2000079573,106448871,106449408,537,549,106449420,1a001a,102185,1,True,40035804,391,False,3,0:2;403:147;537:213
222713,2000076834,106449811,106450348,537,549,106450360,1a001a,102371,2,True,40038504,586,False,3,0:2;403:155;537:34
223124,2000078036,106452917,106453454,537,549,106453466,1a001a,215906,2,True,2000055891,544,False,3,0:2;403:239;537:212
223129,2000078044,106456008,106456545,537,549,106456557,190019,223130,2,True,2000078047,549,False,3,0:2;403:239;537:220
223130,2000078047,106456557,106457094,537,549,106457106,190019,102286,2,True,40037503,439,False,3,0:2;403:239;537:223
223468,2000079023,106458999,106459531,532,544,106459543,190019,102372,2,True,40038511,574,False,3,0:2;403:147;532:175
223411,2000078905,106460551,106461088,537,549,106461100,190019,102252,2,True,40036998,439,False,3,0:2;403:196;537:57
222712,2000076833,106462095,106462632,537,549,106462644,190019,102313,2,True,40037845,556,False,3,0:2;403:155;537:33
223701,2000079577,106464340,106464877,537,549,106464889,180018,223698,2,True,2000079574,549,False,3,0:2;403:147;537:217
223698,2000079574,106464889,106465426,537,549,106465438,170017,102184,1,True,40035803,277,False,3,0:2;403:147;537:214
223454,2000079002,106467229,106467766,537,549,106467778,190019,223053,2,True,2000077811,549,False,3,0:2;403:147;537:154
223053,2000077811,106467778,106468315,537,549,106468327,190019,102241,2,True,40036764,551,False,3,0:2;403:206;537:243
223694,2000079570,106468878,106469410,532,544,106469422,180018,102137,2,True,40030862,439,False,3,0:2;403:147;532:210
223680,2000079542,106472838,106473370,532,544,106473382,190019,102303,2,True,40037824,471,False,3,0:2;403:147;532:182
222583,2000076497,106474409,106474941,532,544,106474953,160016,215617,2,True,2000055301,556,False,3,0:2;403:41;532:209
223132,2000078049,106477636,106478173,537,549,106478185,180018,102309,2,True,40037837,556,False,3,0:2;403:239;537:225
223417,2000078918,106479881,106480418,537,549,106480430,180018,218737,2,True,2000062653,439,False,3,0:2;403:196;537:70
223702,2000079578,106481308,106481840,532,544,106481852,170017,223056,2,True,2000077814,549,False,3,0:2;403:147;532:218
223056,2000077814,106481852,106482389,537,549,106482401,180018,219370,2,True,2000064456,549,False,3,0:2;403:206;537:246
222358,2000075882,106702812,106703344,532,544,106703356,000017,68257,2,True,23314617,576,False,3,0:2;403:23;532:106
222360,2000075884,106778126,106778663,537,549,106778675,000000,65508,1,True,23063526,325,False,3,0:2;403:23;537:108
222361,2000075885,106779000,106779539,539,551,106779551,000000,223076,2,True,2000077890,551,False,3,0:2;403:23;539:109
223076,2000077890,106779551,106780090,539,551,106780102,000000,223077,2,True,2000077891,556,False,3,0:2;403:45;539:66
223077,2000077891,106780102,106780646,544,556,106780658,000000,223078,2,True,2000077892,551,False,3,0:2;403:45;544:67
223078,2000077892,106780658,106781197,539,551,106781209,000000,22258,1,True,5441096,296,False,3,0:2;403:45;539:68
221360,2000071063,109074153,109074680,527,539,109074692,570057,200582,2,True,2000011277,654,False,3,0:2;403:152;527:151
220834,2000068957,109116687,109117248,561,573,109117260,190019,78097,2,True,27148734,632,False,3,0:2;403:128;561:93
221075,2000069888,109117892,109118443,551,563,109118455,000000,95053,1,True,37002937,539,False,3,0:2;403:196;551:0
223964,2000080709,109356357,109356901,544,556,109356913,4f004f,51287,2,True,18004450,603,False,3,0:2;410:0;544:69
224906,2000083417,109383135,109383752,617,629,109383764,3e003e,53562,2,True,18109062,598,False,3,0:2;433:229;617:217
224101,2000081289,109556240,109556796,556,568,109556808,000000,111271,2,True,43381601,622,False,3,0:2;403:12;556:137
222359,2000075883,109602485,109603029,544,556,109603041,500046,88198,2,True,33033162,684,False,3,0:2;403:85;544:107
221815,2000072483,109616588,109617134,546,558,109617146,000000,34470,2,True,13148012,711,False,3,0:2;403:214;546:35
224485,2000082503,109711861,109712417,556,568,109712429,550055,33576,2,True,12006821,551,False,3,0:2;403:92;556:71
224923,2000083471,109713890,109714434,544,556,109714446,2c002c,81089,1,True,28116349,403,False,3,0:2;403:149;544:15
221482,2000071409,109966570,109967034,464,476,109967046,000000,2811,1,True,131377,427,False,2,0:2;464:241
224980,2000083563,110190394,110190938,544,556,110190950,000000,76511,2,True,27072841,603,False,3,0:2;403:179;544:107
224878,2000083364,110231020,110231564,544,556,110231576,000000,146947,2,True,65045386,593,False,3,0:2;403:228;544:164
224929,2000083482,110234561,110235100,539,551,110235112,000000,146046,2,True,65034288,593,False,3,0:2;403:222;539:26
224936,2000083493,110255373,110255917,544,556,110255929,000000,145160,2,True,65011429,586,False,3,0:2;403:150;544:37
224939,2000083499,110256515,110257059,544,556,110257071,000000,145380,2,True,65014126,579,False,3,0:2;403:150;544:43
224870,2000083349,110258126,110258670,544,556,110258682,000000,145683,2,True,65030474,558,False,3,0:2;403:176;544:149
224708,2000083002,110266688,110267227,539,551,110267239,000000,145653,2,True,65030400,586,False,3,0:2;403:196;539:58
224874,2000083357,110268889,110269433,544,556,110269445,000000,146115,2,True,65036464,593,False,3,0:2;403:176;544:157
224941,2000083503,110295138,110295682,544,556,110295694,000000,145398,2,True,65024910,607,False,3,0:2;403:122;544:47
224869,2000083348,110319739,110320283,544,556,110320295,000000,146706,2,True,65042578,581,False,3,0:2;403:176;544:148
224710,2000083004,110320876,110321420,544,556,110321432,000000,24067,2,True,5688153,586,False,3,0:2;403:196;544:60
224871,2000083351,110351729,110352273,544,556,110352285,000000,24058,2,True,5687765,505,False,3,0:2;403:176;544:151
224704,2000082998,110383134,110383678,544,556,110383690,000000,146471,2,True,65040242,600,False,3,0:2;403:196;544:54
224952,2000083516,110403052,110403601,549,561,110403613,000000,145839,2,True,65032543,476,False,3,0:2;403:122;549:60
224587,2000082758,110420697,110421241,544,556,110421253,000000,145678,2,True,65030465,593,False,3,0:2;403:236;544:70
224946,2000083509,110468775,110469314,539,551,110469326,000000,145341,2,True,65013762,464,False,3,0:2;403:122;539:53
224876,2000083362,110487772,110488311,539,551,110488323,000000,146063,2,True,65035868,581,False,3,0:2;403:228;539:162
223498,2000079074,110491771,110492315,544,556,110492327,000000,146850,2,True,65044489,586,False,3,0:2;403:226;544:226
223493,2000079064,110497467,110498011,544,556,110498023,000000,146450,2,True,65040029,576,False,3,0:2;403:226;544:216
222159,2000074383,110505265,110505809,544,556,110505821,000000,12718,1,True,925315,461,False,3,0:2;403:209;544:143
223488,2000079052,110510725,110511269,544,556,110511281,000000,146987,2,True,65045474,546,False,3,0:2;403:226;544:204
224930,2000083483,110512413,110512952,539,551,110512964,000000,214179,2,True,2000051067,556,False,3,0:2;403:222;539:27
223497,2000079073,110516806,110517340,534,546,110517352,000000,146255,2,True,65037099,471,False,3,0:2;403:226;534:225
222275,2000075217,110552874,110553418,544,556,110553430,000000,145524,1,True,65028508,386,False,3,0:2;403:89;544:209
223399,2000078889,110572002,110572541,539,551,110572553,000000,146738,2,True,65042784,469,False,3,0:2;403:226;539:41
224937,2000083496,110595589,110596138,549,561,110596150,000000,146499,2,True,65040942,576,False,3,0:2;403:150;549:40
223489,2000079056,110596726,110597270,544,556,110597282,000000,208579,2,True,2000034610,586,False,3,0:2;403:226;544:208
223474,2000079031,110603940,110604484,544,556,110604496,000000,147115,2,True,65045982,556,False,3,0:2;403:226;544:183
222187,2000074560,110608208,110608742,534,546,110608754,000000,145099,2,True,65010234,556,False,3,0:2;403:120;534:64
223385,2000078870,110633495,110634034,539,551,110634046,000000,207904,2,True,2000032865,586,False,3,0:2;403:226;539:22
223386,2000078871,110647400,110647944,544,556,110647956,000000,146821,2,True,65043333,556,False,3,0:2;403:226;544:23
223496,2000079069,110648983,110649527,544,556,110649539,000000,145240,2,True,65013344,586,False,3,0:2;403:226;544:221
223442,2000078972,110654598,110655142,544,556,110655154,000000,146770,2,True,65043115,551,False,3,0:2;403:226;544:124
223444,2000078983,110655705,110656239,534,546,110656251,000000,147064,2,True,65045641,561,False,3,0:2;403:226;534:135
223485,2000079048,110662869,110663413,544,556,110663425,000000,146536,2,True,65041773,556,False,3,0:2;403:226;544:200
224711,2000083006,110695359,110695903,544,556,110695915,000000,146863,2,True,65045085,476,False,3,0:2;403:196;544:62
223389,2000078876,110732514,110733058,544,556,110733070,000000,146117,2,True,65036467,581,False,3,0:2;403:226;544:28
223387,2000078872,110791647,110792191,544,556,110792203,000000,146788,3,True,65043282,685,False,3,0:2;403:226;544:24
223434,2000078951,110803437,110803981,544,556,110803993,000000,147099,2,True,65045957,551,False,3,0:2;403:226;544:103
223452,2000079000,110877197,110877741,544,556,110877753,000000,219563,2,True,2000064960,556,False,3,0:2;403:226;544:152
223446,2000078988,110950313,110950857,544,556,110950869,000000,145435,1,True,65025739,391,False,3,0:2;403:226;544:140
224875,2000083359,111010317,111010861,544,556,111010873,000000,219934,1,True,2000065653,377,False,3,0:2;403:228;544:159
223800,2000079920,111137410,111138045,635,647,111138057,4c004c,53631,2,True,18110497,544,False,3,0:2;499:9;635:48
223938,2000080569,111328085,111328617,532,544,111328629,5c005c,174012,2,True,83111073,623,False,3,0:2;403:190;532:185
224617,2000082808,111431263,111431839,576,588,111431851,460046,34122,2,True,13106873,570,False,3,0:2;433:235;576:120
222516,2000076389,111456982,111457526,544,556,111457538,360036,216916,2,True,2000058351,588,False,3,0:2;403:116;544:101
221529,2000071734,111460195,111460739,544,556,111460751,320032,174716,2,True,83156674,605,False,3,0:2;403:57;544:54
223339,2000078771,111727597,111728168,571,583,111728180,370058,62131,2,True,20041465,705,False,3,0:2;433:189;571:179
225075,2000083934,111754229,111754817,588,600,111754829,510051,194512,2,True,95078947,640,False,3,0:2;433:248;588:222
225259,2000084356,111768773,111769300,527,539,111769312,500050,78144,2,True,27150708,595,False,3,0:2;403:74;527:132
224881,2000083369,111776650,111777191,541,553,111777203,000000,129520,2,True,55072273,609,False,3,0:2;403:150;541:169
225057,2000083856,111792031,111792558,527,539,111792570,4c004c,146124,2,True,65036570,539,False,3,0:2;403:98;527:144
224515,2000082590,111819242,111819776,534,546,111819788,3c003c,142616,2,True,62220382,597,False,3,0:2;403:70;534:158
224541,2000082650,111820385,111820919,534,546,111820931,460046,8095,1,True,529750,446,False,3,0:2;403:36;534:218
224514,2000082588,111823394,111823928,534,546,111823940,3c0046,93582,2,True,36102570,607,False,3,0:2;403:70;534:156
224668,2000082943,111841430,111841957,527,539,111841969,320032,178031,2,True,83328810,583,False,3,0:2;403:94;527:255
223591,2000079363,111853357,111853884,527,539,111853896,420042,67025,2,True,23189455,617,False,3,0:2;403:94;527:3
223828,2000080064,111877074,111877669,595,607,111877681,3f003f,122512,2,True,52040238,497,False,3,0:2;433:214;595:192
225137,2000084088,111885031,111885558,527,539,111885570,140032,33772,2,True,12034186,583,False,3,0:2;403:41;527:120
224625,2000082827,111900567,111901094,527,539,111901106,3a003a,102090,2,True,40030113,492,False,3,0:2;403:181;527:139
224228,2000081835,111908589,111909116,527,539,111909128,000000,157066,2,True,70110762,459,False,3,0:2;403:196;527:171
224637,2000082846,111916571,111917098,527,539,111917110,370037,101814,2,True,40010543,485,False,3,0:2;403:181;527:158
222901,2000077308,111919497,111920085,588,600,111920097,340034,222037,2,True,2000073601,619,False,3,0:2;433:13;588:252
222037,2000073601,111920097,111920704,607,619,111920716,2d0034,112057,2,True,43424514,575,False,3,0:2;433:31;607:129
224644,2000082855,111926808,111927366,558,570,111927378,320032,94647,2,True,36158505,619,False,3,0:2;403:221;558:167
224594,2000082765,111935078,111935617,539,551,111935629,300030,203755,2,True,2000020653,590,False,3,0:2;403:149;539:77
222186,2000074555,111939443,111940031,588,600,111940043,2d002d,85590,2,True,29218157,441,False,3,0:2;433:62;588:59
225071,2000083923,111945526,111946077,551,563,111946089,05002d,221927,2,True,2000072874,600,False,3,0:2;403:189;551:211
221927,2000072874,111946089,111946677,588,600,111946689,000027,102059,2,True,40029070,565,False,3,0:2;433:7;588:170
223620,2000079424,111954732,111955259,527,539,111955271,250025,224229,2,True,2000081838,539,False,3,0:2;403:10;527:64
224229,2000081838,111955271,111955798,527,539,111955810,000000,86962,2,True,29244936,588,False,3,0:2;403:253;527:174
224230,2000081839,111956398,111956925,527,539,111956937,000000,123151,2,True,52080268,490,False,3,0:2;403:253;527:175
221657,2000072111,111961639,111962124,485,497,111962136,1e001e,65261,1,True,23036382,308,False,2,0:2;485:175
220922,2000069230,111962873,111963419,546,558,111963431,000000,22249,1,True,5410059,585,False,3,0:2;403:171;546:110
224416,2000082356,111964016,111964543,527,539,111964555,000000,146973,1,True,65045454,379,False,3,0:2;403:253;527:180
224417,2000082357,111964934,111965461,527,539,111965473,000000,35166,2,True,13225891,539,False,3,0:2;403:253;527:181
224945,2000083508,112033877,112034411,534,546,112034423,480048,194254,2,True,95055927,576,False,3,0:2;403:138;534:52
224948,2000083511,112038561,112039095,534,546,112039107,460046,224947,2,True,2000083510,546,False,3,0:2;403:138;534:55
224947,2000083510,112039107,112039641,534,546,112039653,460046,224943,2,True,2000083505,558,False,3,0:2;403:138;534:54
224943,2000083505,112039653,112040199,546,558,112040211,460046,177062,2,True,83279817,597,False,3,0:2;403:138;546:49
224959,2000083525,112040808,112041342,534,546,112041354,460046,224957,2,True,2000083523,546,False,3,0:2;403:138;534:69
224957,2000083523,112041354,112041888,534,546,112041900,460046,224955,2,True,2000083521,546,False,3,0:2;403:138;534:67
224955,2000083521,112041900,112042434,534,546,112042446,460046,194250,2,True,95055360,576,False,3,0:2;403:138;534:65
224944,2000083507,112043022,112043568,546,558,112043580,460046,34966,2,True,13198597,576,False,4,-2859:2;0:2;403:138;546:51
224951,2000083515,112044156,112044690,534,546,112044702,410041,34995,2,True,13200196,576,False,3,0:2;403:138;534:59
223293,2000078577,112325994,112326548,554,566,112326560,330033,114961,2,True,43619137,575,False,3,0:2;403:255;554:241
221083,2000069961,112334118,112334763,645,657,112334775,000000,150025,2,True,67123855,568,False,3,0:2;499:199;645:73
221407,2000071218,112335744,112336305,561,573,112336317,000000,11780,1,True,851503,451,False,3,0:2;403:193;561:50
223738,2000079718,112366685,112367212,527,539,112367224,000000,116638,2,True,48049929,575,False,3,0:2;403:223;527:102
223044,2000077768,112507590,112508141,551,563,112508153,3f003f,192504,2,True,93125945,597,False,3,0:2;403:236;551:200
224820,2000083207,112511866,112512417,551,563,112512429,340034,71245,2,True,23493704,605,False,3,0:2;403:105;551:7
221739,2000072294,112513463,112514009,546,558,112514021,000000,31678,1,True,8443480,594,False,3,0:2;403:213;546:102
221324,2000070769,112569106,112569638,532,544,112569650,000000,34578,2,True,13162051,698,False,3,0:2;403:201;532:113
223940,2000080591,112604881,112605459,578,590,112605471,230023,123785,2,True,52095062,490,False,3,0:2;433:107;578:207
222754,2000076953,112621918,112622477,559,571,112622489,460062,160339,2,True,72005585,732,False,3,0:2;411:34;559:153
223324,2000078701,112867016,112867543,527,539,112867555,500050,78456,2,True,27155473,636,False,3,0:2;403:111;527:109
223234,2000078344,113021903,113022442,539,551,113022454,460046,129401,2,True,55069503,614,False,3,0:2;403:7;539:8
224110,2000081314,113042333,113042916,583,595,113042928,370037,177737,2,True,83318552,563,False,3,0:2;433:36;583:162
224717,2000083021,113045282,113045821,539,551,113045833,340034,216752,2,True,2000057856,551,False,3,0:2;403:214;539:77
222324,2000075645,113176823,113177369,546,558,113177381,2c002c,224014,2,True,2000080902,539,False,3,0:2;403:214;546:125
224014,2000080902,113177381,113177908,527,539,113177920,28002a,97151,2,True,37084948,563,False,3,0:2;403:135;527:6
222373,2000075972,113322343,113322875,532,544,113322887,000000,33789,2,True,12035984,598,False,3,0:2;403:183;532:196
223071,2000077869,113344610,113345144,534,546,113345156,000000,34219,2,True,13112977,597,False,3,0:2;403:89;534:45
224191,2000081578,113347992,113348519,527,539,113348531,000000,34801,2,True,13183095,588,False,3,0:2;403:41;527:170
224578,2000082737,113352726,113353290,564,576,113353302,5a005a,223070,2,True,2000077868,546,False,3,0:2;433:135;564:49
223070,2000077868,113353302,113353836,534,546,113353848,000000,225258,2,True,2000084354,546,False,3,0:2;403:89;534:44
225258,2000084354,113353848,113354382,534,546,113354394,5f005a,34346,2,True,13129829,615,False,3,0:2;403:164;534:130
223072,2000077872,113377236,113377770,534,546,113377782,000000,176404,2,True,83252154,588,False,3,0:2;403:89;534:48
223281,2000078524,113386311,113386845,534,546,113386857,000000,192160,2,True,93121938,588,False,3,0:2;403:89;534:188
223069,2000077867,113392960,113393524,564,576,113393536,530053,104091,2,True,42008607,602,False,3,0:2;433:135;564:43
224190,2000081576,113398621,113399148,527,539,113399160,000000,142035,2,True,62196185,459,False,3,0:2;403:41;527:168
223673,2000079527,113400219,113400753,534,546,113400765,000000,190106,2,True,93064027,583,False,3,0:2;403:89;534:167
223282,2000078526,113408856,113409390,534,546,113409402,000000,205517,2,True,2000026211,558,False,3,0:2;403:89;534:190
223254,2000078391,113409960,113410517,557,569,113410529,500050,224516,2,True,2000082593,595,False,3,0:2;433:173;557:55
224516,2000082593,113410529,113411112,583,595,113411124,500050,194528,2,True,95080975,539,False,3,0:2;433:114;583:161
224226,2000081832,113432212,113432739,527,539,113432751,000000,78476,2,True,27157500,473,False,3,0:2;403:18;527:168
222200,2000074673,113436067,113436631,564,576,113436643,4a004a,37937,2,True,14077409,480,False,3,0:2;433:100;564:177
224520,2000082601,113469180,113469707,527,539,113469719,410041,34329,2,True,13129482,633,False,3,0:2;403:169;527:169
224574,2000082725,113470933,113471460,527,539,113471472,3c003c,154286,2,True,67295224,588,False,3,0:2;403:48;527:37
224445,2000082424,113473741,113474287,546,558,113474299,000000,52884,2,True,18093509,464,False,3,0:2;403:40;546:248
221890,2000072663,113480729,113481302,573,585,113481314,320032,102279,2,True,40037065,485,False,3,0:2;403:129;573:215
222354,2000075869,113487141,113487675,534,546,113487687,280037,101781,2,True,40008395,595,False,3,0:2;403:105;534:93
220897,2000069174,113509303,113509849,546,558,113509861,000000,111011,2,True,43372270,730,False,3,0:2;403:164;546:54
221338,2000070798,113592397,113592943,546,558,113592955,000000,189661,2,True,93053719,471,False,3,0:2;403:197;546:142
220955,2000069335,113717106,113717778,672,684,113717790,500050,33832,2,True,12041702,679,False,3,0:2;529:147;672:215
222789,2000077031,114133361,114133907,546,558,114133919,3c001e,65510,2,True,23063756,488,False,3,0:2;403:32;546:231
224117,2000081327,114144191,114144747,556,568,114144759,250025,123031,2,True,52075621,495,False,3,0:2;403:192;556:175
222054,2000073776,114274868,114275451,583,595,114275463,1e001e,16831,1,True,2018558,310,False,3,0:2;433:62;583:48
224316,2000082075,114385169,114385750,581,593,114385762,2c002c,176888,2,True,83272138,571,False,3,0:2;433:70;581:155
