eid,uid,start,anchor,anchor_delta,flags3,prev_candidate_offset,prev_candidate_pos,prev_candidate_eid,prev_candidate_type,next_candidate_offset,next_candidate_pos,next_candidate_eid,next_candidate_type
223334,2000078761,162632,163188,556,460041,-12,162620,141554,7,16,162648,65535,0
221229,2000070539,185432,185988,556,000000,-17,185415,7,0,5,185437,0,0
222481,2000076293,271600,272134,534,320032,-17,271583,7,0,16,271616,65535,0
223011,2000077664,337360,337777,417,000000,-24,337336,65281,1,5,337365,0,0
224654,2000082879,439849,440445,596,420042,-16,439833,0,28,16,439865,65535,0
223590,2000079360,445492,446038,546,0a000a,-17,445475,7,0,16,445508,65535,0
224638,2000082847,490717,491303,586,370037,-17,490700,7,0,16,490733,65535,0
224346,2000082153,495052,495603,551,2d002d,-17,495035,7,0,16,495068,65535,0
221015,2000069697,510257,510909,652,000000,-12,510245,87140,12,5,510262,0,0
221304,2000070696,511491,512136,645,000000,-12,511479,86890,23,5,511496,0,0
220941,2000069276,512148,512704,556,000000,-17,512131,7,0,5,512153,0,0
221634,2000072019,512993,513645,652,000000,-17,512976,7,0,5,512998,0,0
222029,2000073577,728898,729503,605,240047,-17,728881,7,2,16,728914,65535,0
221265,2000070592,807719,808299,580,000000,-17,807702,7,0,5,807724,0,0
222775,2000077000,893731,894295,564,4b0064,-12,893719,181159,3,16,893747,65535,0
223582,2000079343,901652,902179,527,500055,-17,901635,7,0,16,901668,65535,0
224112,2000081317,936412,936968,556,410046,-16,936396,0,31,16,936428,65535,0
222623,2000076610,1003345,1003891,546,000000,-17,1003328,7,0,5,1003350,0,0
222730,2000076887,1025757,1026174,417,000000,-17,1025740,7,0,5,1025762,0,0
224497,2000082535,1885634,1886168,534,3d003d,-12,1885622,212724,15,16,1885650,65535,0
224974,2000083552,1910442,1911013,571,3a003a,-12,1910430,171213,4,16,1910458,65535,0
222570,2000076467,1915399,1915933,534,3a003a,-17,1915382,7,0,16,1915415,65535,0
223038,2000077735,2052325,2052857,532,300030,-17,2052308,7,0,16,2052341,65535,0
220833,2000068955,2065895,2066429,534,3b003b,-16,2065879,0,24,16,2065911,65535,0
222369,2000075968,2139118,2139652,534,3a003a,-17,2139101,7,0,16,2139134,65535,0
223805,2000079966,2184987,2185521,534,380038,-12,2184975,170696,18,16,2185003,65535,0
222567,2000076461,2188093,2188627,534,380038,-17,2188076,7,0,16,2188109,65535,0
224801,2000083176,2284686,2285220,534,360036,-12,2284674,170776,26,16,2284702,65535,0
222611,2000076574,2285232,2285766,534,360036,-17,2285215,7,0,16,2285248,65535,0
222097,2000073917,2285778,2286342,564,2d002d,-12,2285766,222611,30,16,2285794,65535,0
222096,2000073916,2286354,2286918,564,310031,-17,2286337,7,0,16,2286370,65535,0
220832,2000068954,2286930,2287464,534,3b003b,-17,2286913,7,0,16,2286946,65535,0
223036,2000077731,2357738,2358270,532,2d002d,-17,2357721,7,0,16,2357754,65535,0
222956,2000077483,2433789,2434328,539,2d002d,-16,2433773,0,1,16,2433805,65535,0
224360,2000082202,2473241,2473812,571,2b002b,-16,2473225,0,3,16,2473257,65535,0
224362,2000082211,2501741,2502275,534,230023,-17,2501724,7,0,16,2501757,65535,0
221550,2000071799,2517821,2518385,564,2d002d,-12,2517809,171682,9,16,2517837,65535,0
222951,2000077469,2528667,2529201,534,370037,-12,2528655,170646,24,16,2528683,65535,0
222704,2000076813,2570027,2570591,564,280028,-16,2570011,0,18,16,2570043,65535,0
221730,2000072273,2577545,2578109,564,2c002c,-17,2577528,7,0,16,2577561,65535,0
223026,2000077703,2612738,2613265,527,2b002b,-17,2612721,7,0,16,2612754,65535,0
223804,2000079965,2622113,2622677,564,280028,-17,2622096,7,0,16,2622129,65535,0
224499,2000082543,2629180,2629737,557,2b002b,-17,2629163,7,0,16,2629196,65535,0
224501,2000082549,2649511,2650067,556,260026,-17,2649494,7,0,16,2649527,65535,0
223031,2000077724,2651133,2651697,564,2a002a,-17,2651116,7,0,16,2651149,65535,0
222092,2000073899,2665619,2666183,564,230023,-17,2665602,7,0,16,2665635,65535,0
221970,2000073241,2672796,2673360,564,240024,-17,2672779,7,0,16,2672812,65535,0
222955,2000077482,2695397,2695935,538,290029,-17,2695380,7,0,16,2695413,65535,0
223039,2000077737,2705330,2705864,534,3d003d,-17,2705313,7,0,16,2705346,65535,0
221971,2000073243,2761355,2761919,564,280028,-4,2761351,135838,19,16,2761371,65535,0
223802,2000079948,2802977,2803541,564,270027,-17,2802960,7,0,16,2802993,65535,0
220956,2000069345,2859022,2859586,564,240024,-17,2859005,7,0,16,2859038,65535,0
222571,2000076468,2902975,2903539,564,1e001e,-17,2902958,7,0,16,2902991,65535,0
222091,2000073897,2937852,2938416,564,190019,-17,2937835,7,0,16,2937868,65535,0
221875,2000072602,2964026,2964590,564,190019,-12,2964014,204684,25,16,2964042,65535,0
221901,2000072699,2967860,2968424,564,1d001d,-17,2967843,7,0,16,2967876,65535,0
221897,2000072689,2970436,2971000,564,1c001c,-17,2970419,7,0,16,2970452,65535,0
222055,2000073778,2974842,2975369,527,1c001c,-17,2974825,7,0,16,2974858,65535,0
220893,2000069154,2981945,2982509,564,1a001a,-17,2981928,7,0,16,2981961,65535,0
222093,2000073903,2984160,2984687,527,140014,-17,2984143,7,0,16,2984176,65535,0
222090,2000073892,2997791,2998355,564,160016,-17,2997774,7,0,16,2997807,65535,0
221917,2000072815,2998943,2999507,564,140014,-16,2998927,0,4,16,2998959,65535,0
221899,2000072691,3003467,3004031,564,150015,-17,3003450,7,0,16,3003483,65535,0
221921,2000072829,3009673,3010237,564,140014,-17,3009656,7,0,16,3009689,65535,0
221918,2000072826,3010249,3010813,564,130013,-17,3010232,7,0,16,3010265,65535,0
220840,2000068970,3011303,3011867,564,160016,-16,3011287,0,1,16,3011319,65535,0
221898,2000072690,3013439,3014003,564,140014,-17,3013422,7,0,16,3013455,65535,0
221900,2000072698,3014591,3015155,564,120012,-17,3014574,7,0,16,3014607,65535,0
221920,2000072828,3019188,3019752,564,100010,-16,3019172,0,26,16,3019204,65535,0
221919,2000072827,3022041,3022575,534,110011,-17,3022024,7,0,16,3022057,65535,0
224575,2000082730,3416602,3417176,574,590059,-17,3416585,7,0,16,3416618,65535,0
224536,2000082637,3417188,3417732,544,590059,-17,3417171,7,0,16,3417204,65535,0
223632,2000079445,3726230,3726799,569,4c004c,-17,3726213,7,0,16,3726246,65535,0
223437,2000078961,3730091,3730630,539,4c004c,-17,3730074,7,0,16,3730107,65535,0
224192,2000081582,3808918,3809450,532,4a004a,-17,3808901,7,0,16,3808934,65535,0
221154,2000070322,3887478,3888047,569,480048,-17,3887461,7,0,16,3887494,65535,0
224166,2000081470,4065807,4066339,532,430043,-12,4065795,169798,23,16,4065823,65535,0
223157,2000078100,4176202,4176736,534,410041,-17,4176185,7,0,16,4176218,65535,0
224616,2000082792,4212244,4212818,574,400040,-12,4212232,168370,28,16,4212260,65535,0
225267,2000084369,4520363,4520897,534,460046,-17,4520346,7,0,16,4520379,65535,0
222954,2000077479,5380217,5380756,539,460050,-17,5380200,7,0,16,5380233,65535,0
223212,2000078254,5661406,5661530,124,230000,-20,5661386,0,1,5,5661411,35,0
224083,2000081136,5667302,5667836,534,4b0055,-17,5667285,7,0,16,5667318,65535,0
223363,2000078824,5733618,5734152,534,550055,-17,5733601,7,0,16,5733634,65535,0
224479,2000082490,5754969,5755503,534,580058,-17,5754952,7,0,16,5754985,65535,0
222631,2000076624,5757506,5757637,131,230000,-8,5757498,0,1,5,5757511,35,0
222218,2000074810,5759813,5760340,527,580058,-17,5759796,7,0,16,5759829,4863,0
222619,2000076606,5762500,5763034,534,580058,-17,5762483,7,0,16,5762516,65535,0
223598,2000079386,5787732,5787856,124,230000,-8,5787724,0,1,5,5787737,35,0
224122,2000081339,5787868,5788402,534,580058,-12,5787856,223598,26,16,5787884,65535,0
224121,2000081336,5798256,5798783,527,580058,-16,5798240,0,17,16,5798272,65535,0
222327,2000075691,5803085,5803619,534,580058,-17,5803068,7,0,16,5803101,65535,0
222336,2000075722,5803631,5804165,534,580058,-17,5803614,7,0,16,5803647,5119,0
222325,2000075662,5811635,5812169,534,580058,-17,5811618,7,0,16,5811651,65535,0
223863,2000080156,5815437,5815964,527,580058,-16,5815421,0,20,16,5815453,65535,0
220867,2000069049,5822508,5823042,534,580058,-17,5822491,7,0,16,5822524,65535,0
223817,2000080039,5823435,5823969,534,580058,-17,5823418,7,0,16,5823451,65535,0
220993,2000069647,5824993,5825410,417,580058,-17,5824976,7,0,16,5825009,65535,0
220994,2000069651,5825422,5825956,534,580058,-12,5825410,220993,15,16,5825438,4607,0
220995,2000069652,5825968,5826502,534,580058,-12,5825956,220994,19,16,5825984,4351,0
220996,2000069653,5826514,5827048,534,580058,-12,5826502,220995,20,16,5826530,4863,0
222357,2000075881,5830295,5830829,534,550055,-12,5830283,199252,17,16,5830311,65535,0
222625,2000076614,5847556,5848090,534,580058,-17,5847539,7,0,16,5847572,65535,0
222957,2000077484,5848919,5849453,534,580058,-17,5848902,7,0,16,5848935,65535,0
225136,2000084078,5852137,5852674,537,580058,-17,5852120,7,0,16,5852153,65535,0
222801,2000077103,5854726,5855260,534,580058,-17,5854709,7,0,16,5854742,65535,0
222633,2000076630,5859447,5859571,124,230000,-8,5859439,0,1,5,5859452,35,0
222632,2000076626,5859986,5860117,131,230000,-8,5859978,0,1,5,5859991,35,0
221504,2000071493,5869129,5869752,623,580058,-12,5869117,207367,10,16,5869145,65535,0
221788,2000072405,5870310,5870837,527,500050,-12,5870298,207368,12,16,5870326,65535,0
222126,2000074122,5875450,5875984,534,550055,-17,5875433,7,0,16,5875466,65535,0
222127,2000074123,5876579,5877113,534,550055,-17,5876562,7,0,16,5876595,65535,0
222147,2000074290,5878082,5878609,527,580058,-17,5878065,7,0,16,5878098,65535,0
222167,2000074469,5879087,5879614,527,550055,-12,5879075,214565,0,16,5879103,65535,0
222199,2000074670,5880748,5881282,534,580058,-16,5880732,0,28,16,5880764,65535,0
222621,2000076608,5881294,5881828,534,580058,-17,5881277,7,0,16,5881310,65535,0
224633,2000082841,5882845,5883379,534,580058,-17,5882828,7,0,16,5882861,65535,0
221001,2000069658,5900433,5900967,534,570057,-17,5900416,7,0,16,5900449,65535,0
223920,2000080415,5911205,5911739,534,570057,-17,5911188,7,0,16,5911221,5631,0
222234,2000074925,5972821,5973355,534,550055,-12,5972809,167267,9,16,5972837,4863,0
222235,2000074926,5975538,5976072,534,550055,-16,5975522,0,16,16,5975554,5375,0
222237,2000074946,5977211,5977738,527,550055,-17,5977194,7,0,16,5977227,65535,0
223116,2000078019,5992729,5993256,527,550055,-17,5992712,7,0,16,5992745,65535,0
222996,2000077633,5995632,5996164,532,550055,-17,5995615,7,0,16,5995648,65535,0
222800,2000077100,5998868,5999402,534,550055,-17,5998851,7,0,16,5998884,65535,0
225074,2000083929,5999897,6000431,534,550055,-17,5999880,7,0,16,5999913,65535,0
225073,2000083928,6009452,6009979,527,550055,-17,6009435,7,0,16,6009468,65535,0
224632,2000082840,6014345,6014879,534,550055,-17,6014328,7,0,16,6014361,65535,0
224477,2000082482,6020700,6021234,534,550055,-16,6020684,0,14,16,6020716,65535,0
224185,2000081556,6026846,6027380,534,550055,-16,6026830,0,10,16,6026862,65535,0
224085,2000081150,6036712,6037246,534,550055,-12,6036700,166574,16,16,6036728,65535,0
224084,2000081149,6038112,6038646,534,550055,-24,6038088,65281,1,16,6038128,65535,0
224076,2000081100,6039131,6039665,534,550055,-17,6039114,7,0,16,6039147,65535,0
223921,2000080417,6040284,6040835,551,550055,-17,6040267,7,0,16,6040300,65535,0
223819,2000080041,6042032,6042566,534,550055,-17,6042015,7,0,16,6042048,5375,0
223818,2000080040,6043806,6044340,534,550055,-16,6043790,0,23,16,6043822,5631,0
222418,2000076078,6070662,6071196,534,550055,-17,6070645,7,0,16,6070678,65535,0
223526,2000079187,6074629,6075175,546,550055,-17,6074612,7,0,16,6074645,65535,0
223525,2000079186,6075187,6075721,534,550055,-17,6075170,7,0,16,6075203,65535,0
223524,2000079185,6084046,6084580,534,550055,-16,6084030,0,26,16,6084062,65535,0
222610,2000076569,6088548,6089075,527,550055,-17,6088531,7,0,16,6088564,65535,0
222417,2000076077,6092995,6093522,527,550055,-17,6092978,7,0,16,6093011,65535,0
222618,2000076604,6093534,6094068,534,550055,-17,6093517,7,0,16,6093550,65535,0
223323,2000078699,6100271,6100805,534,550055,-17,6100254,7,0,16,6100287,65535,0
220997,2000069654,6113683,6114210,527,550055,-17,6113666,7,0,16,6113699,4607,0
220998,2000069655,6114222,6114756,534,550055,-12,6114210,220997,22,16,6114238,65535,0
220999,2000069656,6114768,6115302,534,550055,-12,6114756,220998,23,16,6114784,65535,0
221000,2000069657,6115314,6115848,534,550055,-12,6115302,220999,24,16,6115330,65535,0
221002,2000069659,6118979,6119513,534,550055,-17,6118962,7,0,16,6118995,65535,0
221021,2000069714,6119525,6120059,534,550055,-12,6119513,221002,27,16,6119541,65535,0
222609,2000076567,6120918,6121452,534,550055,-17,6120901,7,0,16,6120934,4863,0
221022,2000069727,6123015,6123549,534,550055,-17,6122998,7,0,16,6123031,65535,0
222573,2000076474,6123561,6124088,527,550055,-17,6123544,7,0,16,6123577,65535,0
221025,2000069740,6125408,6125942,534,550055,-17,6125391,7,0,16,6125424,65535,0
222519,2000076393,6128081,6128608,527,550055,-16,6128065,0,9,16,6128097,65535,0
222485,2000076313,6136742,6137276,534,550055,-12,6136730,167013,12,16,6136758,65535,0
221026,2000069744,6139275,6139809,534,550055,-12,6139263,166737,20,16,6139291,65535,0
222399,2000076050,6143196,6143723,527,550055,-17,6143179,7,0,16,6143212,6399,0
221182,2000070422,6147329,6147863,534,550055,-17,6147312,7,0,16,6147345,65535,0
222397,2000076045,6153054,6153581,527,550055,-12,6153042,167058,2,16,6153070,5375,0
222484,2000076312,6156413,6156947,534,550055,-17,6156396,7,0,16,6156429,65535,0
221185,2000070425,6159639,6160173,534,550055,-12,6159627,167404,30,16,6159655,65535,0
225143,2000084098,6164336,6164870,534,550055,-17,6164319,7,0,16,6164352,65535,0
222483,2000076308,6164882,6165409,527,550055,-17,6164865,7,0,16,6164898,65535,0
222470,2000076278,6172986,6173513,527,550055,-17,6172969,7,0,16,6173002,65535,0
222215,2000074784,6180678,6181205,527,550055,-17,6180661,7,0,16,6180694,65535,0
222216,2000074786,6182144,6182685,541,550055,-17,6182127,7,0,16,6182160,65535,0
222435,2000076139,6185904,6186431,527,550055,-17,6185887,7,0,16,6185920,5375,0
222419,2000076080,6186916,6187443,527,550055,-17,6186899,7,0,16,6186932,65535,0
222367,2000075960,6190215,6190742,527,550055,-17,6190198,7,0,16,6190231,65535,0
221183,2000070423,6203215,6203749,534,550055,-12,6203203,211605,27,16,6203231,65535,0
221181,2000070413,6295404,6295938,534,500050,-17,6295387,7,0,16,6295420,65535,0
222179,2000074525,6408029,6408556,527,4c004c,-17,6408012,7,0,16,6408045,65535,0
222601,2000076535,6420258,6420675,417,410041,-17,6420241,7,0,16,6420274,65535,0
221891,2000072665,6473039,6473600,561,0f0032,-12,6473027,199362,12,16,6473055,65535,0
224356,2000082193,6475168,6475695,527,000000,-17,6475151,7,0,5,6475173,0,0
224996,2000083632,6485158,6485685,527,000000,-17,6485141,7,0,5,6485163,0,0
223564,2000079314,7081388,7081939,551,410041,-17,7081371,7,0,6,7081394,16640,0
222209,2000074731,7169571,7170105,534,460046,-17,7169554,7,0,6,7169577,17920,0
223445,2000078987,7170117,7170651,534,460046,-16,7170101,0,1,6,7170123,17920,0
222768,2000076984,7237256,7237790,534,460046,-17,7237239,7,0,6,7237262,17920,0
223462,2000079010,7344077,7344611,534,410041,-17,7344060,7,0,6,7344083,16640,0
222208,2000074723,7367057,7367591,534,410041,-17,7367040,7,0,6,7367063,16640,0
223472,2000079028,7520352,7520886,534,3c003c,-16,7520336,0,14,6,7520358,15360,0
223785,2000079895,7538296,7538830,534,460046,-17,7538279,7,0,6,7538302,17920,0
223449,2000078997,7582925,7583459,534,370037,-17,7582908,7,0,6,7582931,14080,0
223480,2000079040,7586729,7587263,534,3c003c,-17,7586712,7,0,6,7586735,15360,0
223477,2000079037,7587821,7588355,534,3c003c,-17,7587804,7,0,6,7587827,15360,0
223448,2000078993,7588367,7588901,534,3c003c,-17,7588350,7,0,6,7588373,15360,0
223469,2000079024,7736699,7737233,534,370037,-17,7736682,7,0,6,7736705,14080,0
223481,2000079044,7737612,7738029,417,320032,-17,7737595,7,0,6,7737618,12800,0
223456,2000079004,7919001,7919535,534,2d002d,-17,7918984,7,0,6,7919007,11520,0
223119,2000078026,8146275,8146868,593,0f001e,-17,8146258,7,0,16,8146291,65535,5
224325,2000082087,8181552,8182113,561,05001f,-17,8181535,7,0,7,8181559,65567,31
223294,2000078593,9281311,9281873,562,550055,-17,9281294,7,0,16,9281327,65535,0
221355,2000070854,10205762,10206306,544,610061,-17,10205745,7,0,16,10205778,65535,0
223037,2000077732,10751885,10752473,588,3f003f,-17,10751868,7,0,16,10751901,65535,0
223775,2000079854,11266320,11266884,564,580058,-16,11266304,0,24,16,11266336,65535,0
221954,2000073171,11457561,11458105,544,570057,-17,11457544,7,0,16,11457577,65535,0
222171,2000074506,11461348,11461922,574,570057,-17,11461331,7,0,16,11461364,65535,0
221947,2000073107,11652542,11653088,546,550055,-17,11652525,7,0,16,11652558,65535,0
224721,2000083028,11661678,11662259,581,4b004b,-12,11661666,58288,13,16,11661694,65535,0
223979,2000080755,11739497,11739919,422,550055,-17,11739480,7,0,16,11739513,65535,0
223974,2000080737,11745767,11746306,539,550055,-17,11745750,7,0,16,11745783,65535,0
221915,2000072793,11753164,11753708,544,550055,-17,11753147,7,0,16,11753180,65535,0
223495,2000079066,11897440,11897984,544,540054,-17,11897423,7,0,16,11897456,65535,0
224741,2000083064,11926352,11926909,557,540054,-17,11926335,7,0,16,11926368,65535,0
224729,2000083038,12020163,12020739,576,4b004b,-12,12020151,58300,13,16,12020179,65535,0
221906,2000072706,12023382,12023964,582,530053,-17,12023365,7,0,16,12023398,65535,0
221869,2000072571,12027135,12027698,563,530053,-17,12027118,7,0,16,12027151,65535,0
221709,2000072214,12129068,12129602,534,520052,-17,12129051,7,0,16,12129084,65535,0
221774,2000072360,12129614,12130153,539,520052,-12,12129602,221709,22,16,12129630,65535,0
221965,2000073225,12134271,12134810,539,520052,-17,12134254,7,0,16,12134287,65535,6
223568,2000079323,12164574,12165113,539,520052,-16,12164558,0,28,16,12164590,65535,0
225178,2000084238,12383253,12383809,556,510051,-17,12383236,7,0,16,12383269,65535,0
224897,2000083400,12453877,12454409,532,500050,-12,12453865,57126,1,16,12453893,65535,0
222006,2000073455,12470726,12471143,417,500050,-17,12470709,7,0,16,12470742,65535,0
221708,2000072213,12621671,12622252,581,4e004e,-17,12621654,7,0,16,12621687,65535,0
221953,2000073167,12671145,12671689,544,4d004d,-17,12671128,7,0,16,12671161,65535,0
223569,2000079325,12704552,12705086,534,4c004c,-17,12704535,7,0,16,12704568,65535,0
223586,2000079353,12828478,12829010,532,4a004a,-17,12828461,7,0,16,12828494,65535,0
223570,2000079326,12845796,12846328,532,490049,-17,12845779,7,0,16,12845812,65535,0
224447,2000082429,12853941,12854475,534,490049,-17,12853924,7,0,16,12853957,65535,0
224182,2000081549,12877087,12877619,532,480048,-17,12877070,7,0,16,12877103,65535,0
222015,2000073487,12984745,12985277,532,460046,-17,12984728,7,0,16,12984761,65535,0
225249,2000084344,13040527,13041101,574,450045,-17,13040510,7,0,16,13040543,65535,0
224452,2000082436,13109117,13109656,539,430043,-16,13109101,0,19,16,13109133,65535,0
221905,2000072703,13134594,13135145,551,420042,-16,13134578,0,26,16,13134610,65535,0
225022,2000083706,13136111,13136648,537,420042,-17,13136094,7,0,16,13136127,65535,0
224153,2000081425,13144024,13144573,549,420042,-17,13144007,7,0,16,13144040,65535,0
224042,2000081001,13150027,13150571,544,420042,-17,13150010,7,0,16,13150043,65535,0
222135,2000074217,13164233,13164765,532,410041,-17,13164216,7,0,16,13164249,65535,0
224802,2000083177,13181682,13182214,532,410041,-16,13181666,0,4,16,13181698,65535,0
224181,2000081544,13183862,13184394,532,410041,-12,13183850,129894,3,16,13183878,65535,0
224082,2000081122,13212016,13212560,544,410041,-12,13212004,60904,31,16,13212032,65535,0
222137,2000074224,13228906,13229438,532,410041,-17,13228889,7,0,16,13228922,65535,0
221937,2000072949,13229450,13230030,580,410041,-17,13229433,7,0,16,13229466,65535,0
222136,2000074222,13235371,13235903,532,410041,-17,13235354,7,0,16,13235387,65535,0
224041,2000080993,13274418,13274962,544,3f003f,-17,13274401,7,0,16,13274434,65535,0
224631,2000082839,13287117,13287661,544,3e003e,-17,13287100,7,0,16,13287133,65535,0
222189,2000074570,13330456,13331012,556,3c003c,-17,13330439,7,0,16,13330472,65535,0
224639,2000082848,13341296,13341845,549,3c003c,-17,13341279,7,0,16,13341312,65535,0
224991,2000083605,13345595,13346134,539,3c003c,-12,13345583,60367,11,16,13345611,65535,0
225026,2000083721,13349696,13350228,532,320037,-17,13349679,7,0,16,13349712,65535,0
224156,2000081432,13370174,13370748,574,3c003c,-17,13370157,7,0,16,13370190,65535,0
221512,2000071609,13376480,13377024,544,3c003c,-17,13376463,7,0,16,13376496,65535,0
222366,2000075953,13393865,13394397,532,3c003c,-17,13393848,7,0,16,13393881,65535,0
225021,2000083705,13440132,13440664,532,3a003a,-16,13440116,0,1,16,13440148,65535,0
223184,2000078174,13481349,13481886,537,370037,-16,13481333,0,8,16,13481365,65535,0
223587,2000079356,13495670,13496244,574,370037,-12,13495658,59988,5,16,13495686,65535,0
224311,2000082049,13503750,13504289,539,370037,-17,13503733,7,0,16,13503766,65535,0
221372,2000071099,13552143,13552682,539,320032,-17,13552126,7,0,16,13552159,65535,0
225010,2000083670,13583970,13584497,527,320032,-17,13583953,7,0,16,13583986,65535,0
222363,2000075890,13627485,13628029,544,2d002d,-17,13627468,7,0,16,13627501,65535,0
224314,2000082063,13632013,13632491,478,2c002c,-17,13631996,7,0,16,13632029,65535,0
223860,2000080148,13640524,13641075,551,2a002a,-17,13640507,7,0,16,13640540,65535,0
223849,2000080125,13641087,13641633,546,2a002a,-12,13641075,223860,20,16,13641103,65535,0
222925,2000077364,13809371,13809793,422,000000,-12,13809359,17263,6,5,13809376,0,0
221435,2000071257,16305738,16306302,564,610061,-17,16305721,7,0,16,16305754,5375,0
225050,2000083817,16358425,16359013,588,500050,-17,16358408,7,0,16,16358441,65535,0
224353,2000082178,16371556,16372126,570,530053,-17,16371539,7,0,16,16371572,65535,0
222747,2000076931,16803024,16803595,571,000000,-17,16803007,7,0,5,16803029,0,0
224582,2000082749,16843308,16843855,547,500050,-17,16843291,7,0,16,16843324,65535,0
223733,2000079695,16846775,16847321,546,5d005d,-17,16846758,7,0,16,16846791,65535,0
223366,2000078829,16994959,16995523,564,000000,-17,16994942,7,0,5,16994964,0,0
222595,2000076527,17272135,17272706,571,550055,-17,17272118,7,0,16,17272151,65535,0
221455,2000071319,17274134,17274668,534,5a005a,-17,17274117,7,0,16,17274150,5631,0
225115,2000084019,17632831,17633365,534,280028,-17,17632814,7,0,16,17632847,65535,0
222921,2000077346,17634567,17635131,564,000000,-17,17634550,7,0,5,17634572,0,0
223752,2000079785,17659965,17660492,527,500050,-17,17659948,7,0,16,17659981,65535,0
223675,2000079530,17777469,17778003,534,580058,-16,17777453,0,26,16,17777485,65535,0
224132,2000081374,17790970,17791504,534,460046,-16,17790954,0,5,16,17790986,65535,0
221453,2000071315,17961563,17962097,534,570057,-17,17961546,7,0,16,17961579,5375,2
221457,2000071321,17962109,17962655,546,570057,-16,17962093,0,13,16,17962125,5119,0
222767,2000076982,17970825,17971389,564,000000,-12,17970813,162568,24,5,17970830,0,0
225016,2000083691,17977306,17977840,534,570057,-16,17977290,0,15,16,17977322,65535,0
225011,2000083679,17977852,17978416,564,570057,-17,17977835,7,0,16,17977868,65535,0
223033,2000077727,17979004,17979531,527,460046,-17,17978987,7,0,16,17979020,65535,0
223584,2000079348,17990608,17991172,564,000000,-12,17990596,42201,19,5,17990613,0,0
224124,2000081347,18000662,18001226,564,570057,-17,18000645,7,0,16,18000678,65535,0
221051,2000069800,18144197,18144761,564,320032,-17,18144180,7,0,16,18144213,65535,0
223029,2000077718,18151080,18151614,534,460046,-16,18151064,0,13,16,18151096,65535,0
223260,2000078444,18155414,18155985,571,500050,-17,18155397,7,0,16,18155430,65535,0
223676,2000079534,18156597,18157155,558,560056,-12,18156585,42199,16,16,18156613,65535,0
222170,2000074482,18325314,18325848,534,4c004c,-16,18325298,0,14,16,18325330,65535,0
225112,2000084011,18333383,18333917,534,280028,-17,18333366,7,0,16,18333399,65535,0
225023,2000083708,18339909,18340473,564,550055,-16,18339893,0,12,16,18339925,65535,0
222953,2000077478,18341460,18341914,454,480048,-17,18341443,7,0,16,18341476,65535,0
223111,2000077996,18345378,18345949,571,500050,-17,18345361,7,0,16,18345394,65535,0
223181,2000078166,18349247,18349781,534,550055,-17,18349230,7,0,16,18349263,65535,0
223183,2000078173,18357031,18357595,564,550055,-17,18357014,7,0,16,18357047,65535,0
223189,2000078187,18357607,18358141,534,550055,-17,18357590,7,0,16,18357623,65535,0
223204,2000078235,18358582,18359146,564,460046,-17,18358565,7,0,16,18358598,65535,2
223211,2000078252,18359158,18359692,534,460046,-17,18359141,7,0,16,18359174,65535,0
224580,2000082745,18360726,18361285,559,460046,-17,18360709,7,0,16,18360742,65535,1
223762,2000079816,18363056,18363590,534,550055,-16,18363040,0,5,16,18363072,65535,0
223807,2000079970,18367958,18368522,564,410041,-17,18367941,7,0,16,18367974,65535,0
223899,2000080302,18371699,18372226,527,4a004a,-17,18371682,7,0,16,18371715,65535,0
223375,2000078845,18726164,18726764,600,000000,-17,18726147,7,0,5,18726169,0,0
223112,2000077997,18726776,18727340,564,4b004b,-17,18726759,7,0,16,18726792,65535,1
223109,2000077990,18727940,18728504,564,4b004b,-17,18727923,7,0,16,18727956,65535,0
223073,2000077882,18728516,18729080,564,460046,-17,18728499,7,0,16,18728532,65535,0
223032,2000077725,18730275,18730809,534,460046,-17,18730258,7,0,16,18730291,65535,0
223030,2000077720,18730821,18731355,534,410041,-17,18730804,7,0,16,18730837,65535,0
222599,2000076532,18731367,18731937,570,4b004b,-17,18731350,7,0,16,18731383,65535,0
223806,2000079967,18844650,18845214,564,3c003c,-17,18844633,7,0,16,18844666,65535,0
221456,2000071320,18854546,18855080,534,530053,-16,18854530,0,5,16,18854562,65535,0
223986,2000080794,18856594,18857128,534,4b004b,-12,18856582,42147,7,16,18856610,65535,0
223957,2000080646,18864190,18864724,534,3c002d,-17,18864173,7,0,16,18864206,65535,0
222794,2000077068,18876743,18877277,534,530053,-17,18876726,7,0,16,18876759,65535,0
223946,2000080609,18879355,18879919,564,3c0032,-17,18879338,7,0,16,18879371,65535,0
224133,2000081379,18935971,18936505,534,400040,-17,18935954,7,0,16,18935987,65535,0
223209,2000078250,18957109,18957673,564,460046,-17,18957092,7,0,16,18957125,65535,1
223155,2000078092,18971243,18971697,454,460046,-17,18971226,7,0,16,18971259,65535,0
225109,2000084003,18972797,18973331,534,530053,-17,18972780,7,0,16,18972813,65535,0
223105,2000077983,18985845,18986409,564,4b004b,-17,18985828,7,0,16,18985861,65535,0
223063,2000077841,19008674,19009208,534,530053,-12,19008662,38984,25,16,19008690,65535,0
223034,2000077728,19015063,19015590,527,400040,-17,19015046,7,0,16,19015079,65535,0
224295,2000082012,19064380,19064907,527,520052,-17,19064363,7,0,16,19064396,65535,0
224545,2000082660,19145240,19145804,564,520052,-17,19145223,7,0,16,19145256,65535,0
223201,2000078232,19148077,19148604,527,460046,-17,19148060,7,0,16,19148093,65535,0
224546,2000082662,19164423,19164987,564,520052,-17,19164406,7,0,16,19164439,65535,0
224556,2000082688,19166004,19166568,564,520052,-17,19165987,7,0,16,19166020,65535,0
222572,2000076469,19227654,19228188,534,520052,-17,19227637,7,0,16,19227670,65535,0
222677,2000076748,19230566,19231100,534,460046,-17,19230549,7,0,16,19230582,65535,0
222088,2000073876,19291165,19291716,551,460046,-17,19291148,7,0,16,19291181,65535,0
222908,2000077316,19294480,19295014,534,510051,-17,19294463,7,0,16,19294496,65535,0
223200,2000078231,19303282,19303846,564,460046,-17,19303265,7,0,16,19303298,65535,0
223064,2000077844,19311908,19312442,534,510051,-17,19311891,7,0,16,19311924,65535,0
223206,2000078243,19325402,19325966,564,460046,-12,19325390,42817,26,16,19325418,65535,0
222927,2000077373,19327573,19328107,534,510051,-12,19327561,40210,13,16,19327589,65535,0
223803,2000079961,19416308,19416842,534,320032,-12,19416296,38640,7,16,19416324,65535,0
224983,2000083568,19419251,19419785,534,460046,-17,19419234,7,0,16,19419267,65535,0
225243,2000084330,19422336,19422870,534,280028,-12,19422324,39794,20,16,19422352,65535,0
222089,2000073887,19423170,19423746,576,410041,-17,19423153,7,0,16,19423186,65535,0
221147,2000070248,19423758,19424304,546,320032,-17,19423741,7,0,16,19423774,65535,0
223898,2000080297,19499393,19499920,527,440044,-17,19499376,7,0,16,19499409,65535,0
221641,2000072056,19571087,19571658,571,2f002f,-17,19571070,7,0,16,19571103,65535,0
224120,2000081335,19581255,19581672,417,460046,-17,19581238,7,0,16,19581271,65535,0
224389,2000082283,19770385,19770919,534,3b003b,-17,19770368,7,0,16,19770401,65535,0
225116,2000084027,19842542,19843100,558,280028,-12,19842530,18056,20,16,19842558,65535,0
223529,2000079194,19865969,19866503,534,31002a,-17,19865952,7,0,16,19865985,65535,0
222204,2000074706,19936895,19937459,564,3a003a,-17,19936878,7,0,16,19936911,65535,0
222207,2000074713,19995154,19995688,534,370037,-17,19995137,7,0,16,19995170,65535,0
222286,2000075364,19995700,19996241,541,000000,-17,19995683,7,0,5,19995705,0,0
224635,2000082844,20000094,20000711,617,370037,-17,20000077,7,0,16,20000110,65535,0
222617,2000076603,20004880,20005414,534,320032,-17,20004863,7,0,16,20004896,65535,0
223504,2000079107,20015095,20015646,551,000000,-17,20015078,7,0,5,20015100,0,0
222205,2000074707,20025287,20025821,534,370037,-12,20025275,183012,21,16,20025303,65535,0
223879,2000080204,20128570,20128987,417,000000,-17,20128553,7,0,5,20128575,0,0
222722,2000076867,21230187,21230721,534,000000,-17,21230170,7,2,5,21230192,0,0
222637,2000076652,21243036,21243570,534,000000,-17,21243019,7,0,5,21243041,0,0
222385,2000076001,21244697,21245287,590,000000,-17,21244680,7,0,5,21244702,0,0
223279,2000078510,21252764,21253291,527,000000,-17,21252747,7,0,5,21252769,0,0
223278,2000078504,21278295,21278853,558,000000,-12,21278283,182116,16,5,21278300,0,0
222489,2000076323,21294234,21294768,534,000000,-17,21294217,7,0,5,21294239,0,0
222426,2000076101,21325449,21325983,534,000000,-17,21325432,7,0,5,21325454,0,0
222636,2000076651,21330980,21331514,534,000000,-17,21330963,7,0,5,21330985,0,0
222812,2000077146,21339410,21339944,534,000000,-16,21339394,0,3,5,21339415,0,0
222810,2000077141,21349470,21349904,434,000000,-17,21349453,7,0,5,21349475,0,0
222473,2000076281,21351615,21352196,581,000000,-12,21351603,182193,29,5,21351620,0,0
222726,2000076873,21352791,21353325,534,000000,-17,21352774,7,0,5,21352796,0,0
222488,2000076321,21354478,21355042,564,000000,-17,21354461,7,0,5,21354483,0,0
222434,2000076135,21371300,21371834,534,000000,-17,21371283,7,0,5,21371305,0,0
221547,2000071795,21373580,21374114,534,000000,-16,21373564,0,19,5,21373585,0,0
222263,2000075141,21383409,21383943,534,000000,-17,21383392,7,0,5,21383414,0,0
222386,2000076008,21383955,21384489,534,000000,-17,21383938,7,0,5,21383960,0,0
222469,2000076277,21386216,21386750,534,000000,-17,21386199,7,0,5,21386221,0,0
222809,2000077140,21386762,21387296,534,000000,-16,21386746,0,5,5,21386767,0,0
222724,2000076870,21410473,21411007,534,000000,-16,21410457,0,29,5,21410478,0,0
222384,2000075997,21412593,21413120,527,000000,-17,21412576,7,0,5,21412598,0,0
222468,2000076275,21414315,21414849,534,000000,-17,21414298,7,0,5,21414320,0,0
222811,2000077142,21415407,21415941,534,000000,-17,21415390,7,0,5,21415412,0,0
221544,2000071782,21432402,21432960,558,000000,-16,21432386,0,2,5,21432407,0,0
221082,2000069957,21460024,21460611,587,000000,-17,21460007,7,0,5,21460029,0,0
221131,2000070191,21463513,21464059,546,000000,-17,21463496,7,0,5,21463518,0,0
222261,2000075123,21490034,21490568,534,000000,-16,21490018,0,4,5,21490039,0,0
222378,2000075984,21490580,21491114,534,000000,-17,21490563,7,0,5,21490585,0,0
222425,2000076100,21491126,21491660,534,000000,-17,21491109,7,0,5,21491131,0,0
222634,2000076649,21491672,21492218,546,000000,-17,21491655,7,0,5,21491677,0,0
222429,2000076119,21514905,21515451,546,000000,-17,21514888,7,0,5,21514910,0,0
222635,2000076650,21521783,21522317,534,000000,-17,21521766,7,0,5,21521788,0,0
224064,2000081070,21522652,21523186,534,000000,-16,21522636,0,31,5,21522657,0,0
222479,2000076288,21524829,21525363,534,000000,-17,21524812,7,0,5,21524834,0,0
221642,2000072063,21529732,21530266,534,000000,-17,21529715,7,0,5,21529737,0,0
222471,2000076279,21539614,21540148,534,000000,-17,21539597,7,0,5,21539619,0,0
221549,2000071797,21551173,21551707,534,000000,-17,21551156,7,0,5,21551178,0,0
222262,2000075131,21585484,21586018,534,000000,-17,21585467,7,0,5,21585489,0,0
222383,2000075993,21586030,21586564,534,000000,-17,21586013,7,0,5,21586035,0,0
222432,2000076133,21588349,21588883,534,000000,-12,21588337,182026,31,5,21588354,0,0
222476,2000076285,21598644,21599178,534,000000,-17,21598627,7,0,5,21598649,0,0
222475,2000076284,21600195,21600729,534,000000,-12,21600183,183246,27,5,21600200,0,0
221132,2000070197,21605618,21606152,534,000000,-17,21605601,7,0,5,21605623,0,0
222433,2000076134,21619067,21619601,534,000000,-17,21619050,7,0,5,21619072,0,0
221548,2000071796,21666848,21667382,534,000000,-17,21666831,7,0,5,21666853,0,0
222445,2000076160,21679164,21679698,534,000000,-17,21679147,7,0,5,21679169,0,0
221133,2000070198,21680273,21680807,534,000000,-12,21680261,183345,9,5,21680278,0,0
222472,2000076280,21689876,21690410,534,000000,-17,21689859,7,0,5,21689881,0,0
221519,2000071676,21705514,21706072,558,000000,-17,21705497,7,0,5,21705519,0,0
221130,2000070190,21721355,21721889,534,000000,-17,21721338,7,0,5,21721360,0,0
221134,2000070201,21722294,21722828,534,000000,-17,21722277,7,0,5,21722299,0,0
222806,2000077127,21733669,21734203,534,000000,-16,21733653,0,17,5,21733674,0,0
222474,2000076282,21749780,21750331,551,000000,-16,21749764,0,24,5,21749785,0,0
221135,2000070204,21750343,21750877,534,000000,-16,21750327,0,10,5,21750348,0,0
221137,2000070206,21758920,21759454,534,000000,-17,21758903,7,0,5,21758925,0,0
221128,2000070188,21759466,21760000,534,000000,-17,21759449,7,0,5,21759471,0,0
221129,2000070189,21760012,21760546,534,000000,-17,21759995,7,0,5,21760017,0,0
221127,2000070186,21763024,21763558,534,000000,-17,21763007,7,0,5,21763029,0,0
222370,2000075969,22426502,22427100,598,380038,-17,22426485,7,0,16,22426518,65535,0
223208,2000078246,22486124,22486758,634,4c0053,-17,22486107,7,0,16,22486140,65535,0
223362,2000078821,22710212,22710783,571,000000,-12,22710200,45281,6,5,22710217,0,0
223047,2000077787,22822341,22822868,527,000000,-17,22822324,7,0,5,22822346,0,0
221518,2000071673,23180155,23180719,564,000000,-16,23180139,0,25,5,23180160,0,0
221552,2000071814,23475020,23475591,571,000000,-17,23475003,7,0,5,23475025,0,0
224086,2000081153,23475603,23476186,583,000000,-17,23475586,7,0,5,23475608,0,0
221789,2000072409,23477906,23478467,561,190019,-17,23477889,7,0,16,23477922,65535,2
222976,2000077574,23644988,23645539,551,140014,-17,23644971,7,0,16,23645004,65535,0
223117,2000078024,23645551,23646107,556,280028,-12,23645539,222976,6,16,23645567,65535,0
222975,2000077571,23917070,23917604,534,230023,-17,23917053,7,0,16,23917086,65535,0
223252,2000078378,23919258,23919792,534,00002b,-17,23919241,7,0,16,23919274,65535,0
223929,2000080482,23941864,23942428,564,000000,-17,23941847,7,0,5,23941869,0,0
221991,2000073293,24022934,24023515,581,000000,-17,24022917,7,0,5,24022939,0,0
221992,2000073294,24045156,24045720,564,000000,-17,24045139,7,0,5,24045161,0,0
221988,2000073286,24088078,24088635,557,000000,-16,24088062,0,24,5,24088083,0,0
222705,2000076815,24092592,24093143,551,230023,-17,24092575,7,0,16,24092608,65535,0
221983,2000073267,24272965,24273504,539,000000,-17,24272948,7,0,5,24272970,0,0
221979,2000073263,24277591,24278155,564,000000,-17,24277574,7,0,5,24277596,0,0
221993,2000073295,24278167,24278743,576,000000,-16,24278151,0,27,5,24278172,0,0
221995,2000073300,24312278,24312849,571,000000,-17,24312261,7,0,5,24312283,0,0
221987,2000073279,24411558,24412134,576,000000,-16,24411542,0,7,5,24411563,0,0
222057,2000073780,24546065,24546629,564,000000,-17,24546048,7,0,5,24546070,0,0
222398,2000076046,25691173,25691720,547,500050,-17,25691156,7,0,16,25691189,65535,0
222407,2000076066,25712726,25713280,554,500050,-17,25712709,7,0,16,25712742,65535,6
222405,2000076063,25719774,25720328,554,4a004a,-17,25719757,7,2,16,25719790,65535,0
222538,2000076419,25768279,25768826,547,50004e,-17,25768262,7,0,16,25768295,65535,0
223377,2000078854,25897975,25898559,584,4e004e,-17,25897958,7,0,16,25897991,65535,0
222408,2000076067,25900104,25900658,554,4a004a,-17,25900087,7,0,16,25900120,65535,0
222413,2000076073,25995682,25996236,554,480048,-17,25995665,7,0,16,25995698,65535,0
222598,2000076530,26001570,26002134,564,460046,-16,26001554,0,20,16,26001586,65535,0
223542,2000079245,26021169,26021716,547,460046,-17,26021152,7,0,16,26021185,65535,0
224909,2000083425,26026657,26027241,584,460046,-16,26026641,0,27,16,26026673,65535,0
224864,2000083338,26044674,26045228,554,460046,-12,26044662,141523,13,16,26044690,65535,0
222403,2000076059,26052018,26052567,549,430043,-17,26052001,7,0,16,26052034,65535,0
222406,2000076064,26052579,26053128,549,460046,-12,26052567,222403,27,16,26052595,65535,0
222409,2000076068,26053762,26054316,554,4a004a,-17,26053745,7,0,16,26053778,65535,0
224910,2000083427,26261506,26262090,584,410041,-17,26261489,7,0,16,26261522,65535,0
224873,2000083354,26262698,26263247,549,440044,-17,26262681,7,0,16,26262714,65535,0
222604,2000076539,26263259,26263808,549,460046,-17,26263242,7,0,16,26263275,65535,0
223911,2000080392,26272144,26272693,549,410041,-17,26272127,7,0,16,26272160,4351,0
224862,2000083333,26292493,26293052,559,410041,-17,26292476,7,0,16,26292509,65535,0
224429,2000082395,26305093,26305647,554,000000,-16,26305077,0,19,5,26305098,0,0
224151,2000081422,26313914,26314468,554,410041,-17,26313897,7,0,16,26313930,65535,0
222606,2000076544,26335522,26336071,549,410041,-17,26335505,7,0,16,26335538,65535,0
222603,2000076538,26336576,26337137,561,3c003c,-17,26336559,7,0,16,26336592,65535,0
222400,2000076052,26342107,26342649,542,3c003c,-12,26342095,187190,23,16,26342123,65535,0
224867,2000083346,26351976,26352525,549,3e003e,-17,26351959,7,0,16,26351992,65535,0
224895,2000083393,26388134,26388683,549,3c003c,-12,26388122,24764,23,16,26388150,65535,0
224512,2000082580,26445473,26446037,564,000000,-17,26445456,7,0,5,26445478,0,0
224908,2000083423,26468094,26468689,595,370037,-17,26468077,7,0,16,26468110,65535,0
224640,2000082849,26473150,26473763,613,370037,-17,26473133,7,0,16,26473166,65535,0
221800,2000072441,26494657,26495212,555,2d002d,-17,26494640,7,0,16,26494673,65535,0
225169,2000084181,26498025,26498587,562,280028,-17,26498008,7,0,16,26498041,65535,0
220915,2000069207,26512129,26512695,566,000000,-16,26512113,0,23,5,26512134,0,0
222315,2000075502,27022284,27022835,551,120012,-17,27022267,7,0,16,27022300,65535,0
221045,2000069783,27293139,27293678,539,000000,-17,27293122,7,0,5,27293144,0,0
221046,2000069786,27294792,27295331,539,000000,-17,27294775,7,0,5,27294797,0,0
221047,2000069787,27324880,27325419,539,000000,-12,27324868,94865,26,5,27324885,0,0
221048,2000069788,27325431,27325970,539,000000,-17,27325414,7,0,5,27325436,0,0
221049,2000069790,27329118,27329657,539,000000,-17,27329101,7,0,5,27329123,0,0
224128,2000081356,27334731,27335263,532,000000,-17,27334714,7,0,5,27334736,0,0
221358,2000071049,27335493,27336027,534,000000,-17,27335476,7,0,5,27335498,0,0
221053,2000069813,27353815,27354354,539,000000,-17,27353798,7,0,5,27353820,0,0
221054,2000069830,27363422,27363961,539,000000,-17,27363405,7,0,5,27363427,0,0
222213,2000074778,27374493,27375032,539,000000,-4,27374489,123411,5,5,27374498,0,0
224397,2000082304,27386675,27387239,564,000000,-17,27386658,7,0,5,27386680,0,0
224264,2000081950,27391659,27392193,534,000000,-17,27391642,7,0,5,27391664,0,0
224189,2000081571,27396887,27397433,546,000000,-17,27396870,7,0,5,27396892,0,0
222924,2000077357,27457858,27458415,557,000000,-17,27457841,7,0,5,27457863,0,0
223707,2000079585,27520100,27520627,527,000000,-17,27520083,7,0,5,27520105,0,0
223716,2000079604,27520639,27521166,527,000000,-17,27520622,7,0,5,27520644,0,0
223751,2000079784,27523958,27524490,532,000000,-17,27523941,7,0,5,27523963,0,0
221027,2000069749,27664122,27664661,539,000000,-17,27664105,7,0,5,27664127,0,0
221028,2000069750,27666064,27666615,551,000000,-17,27666047,7,0,5,27666069,0,0
225122,2000084050,28424282,28424858,576,320032,-17,28424265,7,2,16,28424298,65535,0
223388,2000078874,28444259,28444791,532,37003c,-17,28444242,7,2,16,28444275,65535,0
224109,2000081313,28519394,28519970,576,320032,-17,28519377,7,0,16,28519410,65535,0
225278,2000084397,28591650,28592225,575,000000,-17,28591633,7,0,5,28591655,0,0
224328,2000082103,28784189,28784735,546,2d002d,-17,28784172,7,0,16,28784205,65535,0
222823,2000077179,30028390,30028924,534,4f004f,-17,30028373,7,0,6,30028396,20224,0
222827,2000077192,30031800,30032346,546,520052,-17,30031783,7,0,16,30031816,65535,0
222836,2000077207,30160413,30160947,534,490049,-17,30160396,7,0,6,30160419,18688,0
222826,2000077189,30161658,30162192,534,4b004b,-17,30161641,7,0,6,30161664,19200,0
221925,2000072841,30164711,30165268,557,460046,-12,30164699,158477,4,16,30164727,65535,0
223274,2000078469,30236650,30237189,539,480048,-17,30236633,7,0,6,30236656,18432,0
224247,2000081873,30242303,30242837,534,4a004a,-17,30242286,7,0,6,30242309,18944,0
224706,2000083000,30251912,30252439,527,000000,-17,30251895,7,0,5,30251917,0,0
225134,2000084073,30252451,30252985,534,3f003f,-17,30252434,7,0,6,30252457,16128,0
222832,2000077202,30272605,30272736,131,0d0000,-8,30272597,0,1,7,30272612,20480,0
222848,2000077225,30282720,30283254,534,480048,-16,30282704,0,0,6,30282726,18432,0
222838,2000077209,30302397,30302931,534,450045,-17,30302380,7,0,6,30302403,17664,0
223267,2000078459,30303324,30303851,527,430043,-17,30303307,7,0,6,30303330,17152,0
222842,2000077214,30308766,30309293,527,430043,-17,30308749,7,0,6,30308772,17152,0
223963,2000080708,30327108,30327652,544,430043,-17,30327091,7,0,6,30327114,17152,0
224020,2000080924,30331929,30332492,563,400040,-17,30331912,7,0,16,30331945,65535,0
222830,2000077199,30372516,30373050,534,3f003f,-17,30372499,7,0,6,30372522,16128,0
222840,2000077212,30384515,30385049,534,410041,-17,30384498,7,0,6,30384521,16640,0
222844,2000077217,30385061,30385595,534,440044,-17,30385044,7,0,6,30385067,17408,0
223269,2000078462,30409963,30410497,534,440044,-17,30409946,7,0,6,30409969,17408,0
223264,2000078456,30423546,30424080,534,3f003f,-17,30423529,7,0,6,30423552,16128,0
222859,2000077241,30428106,30428640,534,3c003c,-17,30428089,7,0,6,30428112,15360,0
224236,2000081850,30446215,30446742,527,440044,-17,30446198,7,0,6,30446221,17408,0
224245,2000081870,30451105,30451639,534,3f003f,-17,30451088,7,0,6,30451111,16128,0
224531,2000082622,30453995,30454529,534,3c003c,-17,30453978,7,0,6,30454001,15360,0
222837,2000077208,30482893,30483427,534,3e003e,-16,30482877,0,5,6,30482899,15872,0
223971,2000080723,30497283,30497817,534,430043,-17,30497266,7,0,6,30497289,17152,0
224532,2000082623,30515311,30515845,534,400040,-17,30515294,7,0,6,30515317,16384,0
222824,2000077180,30535628,30536162,534,3b003b,-17,30535611,7,0,6,30535634,15104,0
223742,2000079736,30542158,30542692,534,3b003b,-17,30542141,7,0,6,30542164,15104,0
224255,2000081899,30560442,30560969,527,350035,-17,30560425,7,0,6,30560448,13568,0
224260,2000081923,30560981,30561513,532,320032,-17,30560964,7,0,6,30560987,12800,0
224529,2000082620,30561525,30562059,534,350035,-12,30561513,224260,3,6,30561531,13568,0
223271,2000078464,30585139,30585673,534,3c003c,-17,30585122,7,0,6,30585145,15360,0
223266,2000078458,30587834,30588361,527,320032,-17,30587817,7,0,6,30587840,12800,0
223739,2000079723,30589186,30589713,527,320032,-17,30589169,7,0,6,30589192,12800,0
223850,2000080126,30589725,30590252,527,320032,-17,30589708,7,0,6,30589731,12800,0
222860,2000077242,30612060,30612594,534,350035,-16,30612044,0,3,6,30612066,13568,0
224418,2000082359,30652319,30652853,534,2c002c,-12,30652307,156009,29,6,30652325,11264,0
224250,2000081892,30659048,30659592,544,310031,-17,30659031,7,0,6,30659054,12544,0
224242,2000081862,30660972,30661499,527,2f002f,-17,30660955,7,0,6,30660978,12032,0
223268,2000078460,30661511,30662038,527,2f002f,-17,30661494,7,0,6,30661517,12032,0
223741,2000079735,30662050,30662584,534,360036,-17,30662033,7,0,6,30662056,13824,0
223272,2000078466,30665822,30666349,527,310031,-17,30665805,7,0,6,30665828,12544,0
222852,2000077231,30667247,30667781,534,2f002f,-17,30667230,7,0,6,30667253,12032,0
223736,2000079715,30691830,30692362,532,2f002f,-17,30691813,7,0,6,30691836,12032,0
222833,2000077203,30700006,30700540,534,310031,-17,30699989,7,0,6,30700012,12544,0
222828,2000077195,30701915,30702449,534,360036,-16,30701899,0,27,6,30701921,13824,0
222680,2000076764,30712373,30712919,546,2f002f,-17,30712356,7,0,16,30712389,65535,0
223973,2000080729,30726524,30727051,527,2f002f,-16,30726508,0,6,6,30726530,12032,0
223966,2000080712,30735305,30735832,527,2f002f,-17,30735288,7,0,6,30735311,12032,0
223737,2000079716,30743979,30744511,532,2f002f,-17,30743962,7,0,6,30743985,12032,0
223743,2000079740,30752320,30752854,534,280028,-17,30752303,7,0,6,30752326,10240,0
223967,2000080714,30757502,30758036,534,000000,-16,30757486,0,26,5,30757507,0,0
222857,2000077236,30758638,30759172,534,2b002b,-17,30758621,7,0,6,30758644,11008,0
223273,2000078468,30762757,30763291,534,300030,-12,30762745,78314,8,6,30762763,12288,0
223970,2000080720,30764151,30764678,527,2b002b,-17,30764134,7,0,6,30764157,11008,0
222843,2000077215,30774906,30775433,527,2b002b,-16,30774890,0,12,6,30774912,11008,0
223261,2000078450,30776263,30776797,534,260026,-17,30776246,7,0,6,30776269,9728,0
223972,2000080728,30791384,30791911,527,2b002b,-17,30791367,7,0,6,30791390,11008,0
223740,2000079731,30798229,30798756,527,2b002b,-17,30798212,7,0,6,30798235,11008,0
222849,2000077227,30799608,30800142,534,2b002b,-17,30799591,7,0,6,30799614,11008,0
222850,2000077228,30801269,30801803,534,2b002b,-17,30801252,7,0,6,30801275,11008,0
222853,2000077232,30812156,30812690,534,2b002b,-17,30812139,7,0,6,30812162,11008,0
222856,2000077235,30814520,30815054,534,2b002b,-12,30814508,156789,6,6,30814526,11008,0
223968,2000080718,30816788,30817322,534,2b002b,-12,30816776,6665,31,6,30816794,11008,0
222829,2000077196,30833215,30833749,534,280028,-16,30833199,0,13,6,30833221,10240,0
222858,2000077237,30833761,30834295,534,2b002b,-17,30833744,7,0,6,30833767,11008,0
222825,2000077182,30837884,30838418,534,2b002b,-17,30837867,7,0,6,30837890,11008,0
222854,2000077233,30838969,30839503,534,2b002b,-17,30838952,7,0,6,30838975,11008,0
222855,2000077234,30844183,30844717,534,2b002b,-16,30844167,0,24,6,30844189,11008,0
224239,2000081857,30846741,30847268,527,2b002b,-17,30846724,7,0,6,30846747,11008,0
224259,2000081917,30855334,30855861,527,2b002b,-17,30855317,7,0,6,30855340,11008,0
224258,2000081913,30857229,30857763,534,2b002b,-17,30857212,7,0,6,30857235,11008,0
224254,2000081898,30857775,30858302,527,2d002d,-16,30857759,0,2,6,30857781,11520,0
224252,2000081894,30858314,30858858,544,2b002b,-17,30858297,7,0,6,30858320,11008,0
224251,2000081893,30859416,30859943,527,2b002b,-17,30859399,7,0,6,30859422,11008,0
224240,2000081859,30859955,30860482,527,2b002b,-17,30859938,7,0,6,30859961,11008,0
224248,2000081885,30861733,30862260,527,2d002d,-17,30861716,7,0,6,30861739,11520,0
224244,2000081868,30863903,30864430,527,2b002b,-17,30863886,7,0,6,30863909,11008,0
222851,2000077229,30866950,30867484,534,270027,-17,30866933,7,0,6,30866956,9984,0
222847,2000077224,30871032,30871566,534,270027,-17,30871015,7,0,6,30871038,9984,0
222846,2000077223,30871578,30872112,534,270027,-17,30871561,7,0,6,30871584,9984,0
222845,2000077222,30872124,30872658,534,270027,-17,30872107,7,0,6,30872130,9984,0
222839,2000077211,30876921,30877455,534,270027,-17,30876904,7,0,6,30876927,9984,0
224237,2000081852,30878442,30878969,527,270027,-17,30878425,7,0,6,30878448,9984,0
223744,2000079750,30880502,30881029,527,270027,-12,30880490,158399,31,6,30880508,9984,0
222861,2000077243,30886096,30886630,534,250025,-16,30886080,0,4,6,30886102,9472,0
223853,2000080130,30896021,30896548,527,270027,-16,30896005,0,4,6,30896027,9984,0
223265,2000078457,30900585,30901119,534,220022,-17,30900568,7,0,6,30900591,8704,0
224253,2000081895,30916365,30916892,527,270027,-12,30916353,156867,8,6,30916371,9984,0
224246,2000081872,30921677,30922204,527,270027,-16,30921661,0,13,6,30921683,9984,0
224232,2000081842,30924896,30925423,527,270027,-17,30924879,7,0,6,30924902,9984,0
222834,2000077205,30928122,30928656,534,1e001e,-17,30928105,7,0,6,30928128,7680,0
222831,2000077201,30930531,30931065,534,210021,-17,30930514,7,0,6,30930537,8448,0
223262,2000078451,30938431,30938958,527,210021,-16,30938415,0,16,6,30938437,8448,0
222841,2000077213,30938970,30939504,534,230023,-16,30938954,0,30,6,30938976,8960,0
223854,2000080132,30939516,30940043,527,230023,-17,30939499,7,0,6,30939522,8960,0
223275,2000078471,30942494,30943028,534,260026,-17,30942477,7,0,6,30942500,9728,0
223745,2000079751,30943928,30944462,534,210021,-17,30943911,7,0,6,30943934,8448,0
224243,2000081864,30959137,30959664,527,230023,-17,30959120,7,0,6,30959143,8960,0
222835,2000077206,30974330,30974864,534,1b001b,-17,30974313,7,0,6,30974336,6912,0
224023,2000080936,31143471,31143595,124,0d0000,-8,31143463,0,1,5,31143476,13,0
223969,2000080719,31143607,31144134,527,000000,-16,31143591,0,23,5,31143612,0,0
223965,2000080710,31144146,31144673,527,000000,-17,31144129,7,0,5,31144151,0,0
223852,2000080129,31144685,31145219,534,000000,-17,31144668,7,0,5,31144690,0,0
223851,2000080128,31145231,31145758,527,000000,-12,31145219,223852,1,5,31145236,0,0
223635,2000079448,31148779,31148903,124,0d0000,-8,31148771,0,1,5,31148784,13,0
223270,2000078463,31148915,31149449,534,000000,-17,31148898,7,0,5,31148920,0,0
223263,2000078453,31149461,31149995,534,000000,-17,31149444,7,0,5,31149466,0,0
221835,2000072525,31151975,31152615,640,000000,-17,31151958,7,0,5,31151980,0,0
221809,2000072477,31152627,31153173,546,000000,-17,31152610,7,0,5,31152632,0,0
221341,2000070801,31153507,31154053,546,000000,-17,31153490,7,0,5,31153512,0,0
221337,2000070797,31154065,31154616,551,000000,-17,31154048,7,0,5,31154070,0,0
221263,2000070590,31154628,31155268,640,000000,-17,31154611,7,0,5,31154633,0,0
220987,2000069587,31155666,31156313,647,000000,-17,31155649,7,0,5,31155671,0,0
220973,2000069558,31156325,31156876,551,000000,-17,31156308,7,0,5,31156330,0,0
224227,2000081833,31194731,31195258,527,000000,-17,31194714,7,0,5,31194736,0,0
224231,2000081840,31195270,31195797,527,000000,-17,31195253,7,0,5,31195275,0,0
224233,2000081843,31195809,31196336,527,000000,-17,31195792,7,0,5,31195814,0,0
224234,2000081844,31196348,31196875,527,000000,-17,31196331,7,0,5,31196353,0,0
224235,2000081847,31196887,31197414,527,000000,-17,31196870,7,0,5,31196892,0,0
224238,2000081856,31197426,31197953,527,000000,-17,31197409,7,0,5,31197431,0,0
224241,2000081860,31197965,31198492,527,000000,-17,31197948,7,0,5,31197970,0,0
224249,2000081889,31198504,31199031,527,000000,-17,31198487,7,0,5,31198509,0,0
224256,2000081902,31199043,31199577,534,000000,-17,31199026,7,0,5,31199048,0,0
224257,2000081911,31199589,31200116,527,000000,-16,31199573,0,0,5,31199594,0,0
224413,2000082353,31200128,31200672,544,000000,-16,31200112,0,1,5,31200133,0,0
224414,2000082354,31200684,31201228,544,000000,-17,31200667,7,0,5,31200689,0,0
224415,2000082355,31201240,31201784,544,000000,-17,31201223,7,0,5,31201245,0,0
224530,2000082621,31201796,31202330,534,000000,-17,31201779,7,0,5,31201801,0,0
223490,2000079057,31775225,31775843,618,4c004c,-17,31775208,7,0,16,31775241,5631,0
223772,2000079833,31876532,31877106,574,480048,-17,31876515,7,0,16,31876548,65535,0
224810,2000083188,32055870,32056458,588,370037,-16,32055854,0,8,16,32055886,65535,0
224817,2000083202,32153724,32154298,574,320032,-17,32153707,7,0,16,32153740,65535,0
224552,2000082681,32201180,32201766,586,2d002d,-17,32201163,7,0,16,32201196,65535,0
224154,2000081427,32333448,32334022,574,3d003d,-17,32333431,7,0,16,32333464,65535,0
225015,2000083689,32397272,32397887,615,370037,-16,32397256,0,29,16,32397288,65535,0
224080,2000081106,32419328,32419882,554,3c003c,-17,32419311,7,0,16,32419344,65535,0
223884,2000080211,32420480,32421047,567,3c003c,-17,32420463,7,0,16,32420496,65535,0
224111,2000081316,32432315,32432906,591,3a003a,-17,32432298,7,0,16,32432331,65535,0
224021,2000080927,32435290,32435864,574,370037,-17,32435273,7,0,16,32435306,65535,0
224104,2000081301,32491875,32492412,537,3c003c,-17,32491858,7,2,16,32491891,65535,0
224815,2000083200,32538474,32539048,574,2d002d,-17,32538457,7,0,16,32538490,65535,0
224634,2000082843,32539616,32540190,574,370037,-17,32539599,7,0,16,32539632,65535,0
222274,2000075212,32549082,32549680,598,370037,-17,32549065,7,0,16,32549098,65535,0
224051,2000081034,32593545,32594089,544,370037,-12,32593533,197830,8,16,32593561,65535,0
224343,2000082143,32609663,32610207,544,2d002d,-16,32609647,0,17,16,32609679,65535,0
224812,2000083194,32610219,32610763,544,2d002d,-17,32610202,7,0,16,32610235,65535,0
224818,2000083204,32655751,32656332,581,320032,-17,32655734,7,0,16,32655767,65535,0
220843,2000068973,32699481,32700025,544,2d002d,-17,32699464,7,0,16,32699497,65535,0
220841,2000068971,32710177,32710721,544,2d002d,-17,32710160,7,0,16,32710193,65535,0
224347,2000082156,32711868,32712412,544,2d002d,-17,32711851,7,0,16,32711884,65535,0
224813,2000083198,32718408,32718982,574,2d002d,-17,32718391,7,0,16,32718424,65535,0
224056,2000081048,32721258,32721802,544,320032,-17,32721241,7,0,16,32721274,65535,0
224054,2000081040,32722949,32723493,544,320032,-17,32722932,7,0,16,32722965,65535,0
224550,2000082676,32726185,32726729,544,2d002d,-12,32726173,198630,3,16,32726201,65535,0
224549,2000082673,32727930,32728474,544,2d002d,-17,32727913,7,0,16,32727946,65535,0
224757,2000083092,32756501,32757055,554,1e001e,-17,32756484,7,0,16,32756517,65535,0
223955,2000080628,33907217,33907837,620,440044,-17,33907200,7,0,16,33907233,65535,0
221889,2000072662,34010394,34010967,573,370037,-16,34010378,0,31,16,34010410,65535,0
222494,2000076349,34371191,34371782,591,3b003b,-16,34371175,0,16,16,34371207,65535,0
222878,2000077267,34432323,34432902,579,3a003a,-17,34432306,7,0,16,34432339,65535,0
222402,2000076057,34437999,34438600,601,390039,-17,34437982,7,0,16,34438015,65535,0
222778,2000077006,34470437,34471047,610,380038,-17,34470420,7,0,16,34470453,65535,0
224444,2000082422,34579699,34580248,549,370037,-17,34579682,7,0,16,34579715,65535,0
222904,2000077311,34667423,34668002,579,360036,-17,34667406,7,0,16,34667439,65535,0
222152,2000074331,34709454,34710045,591,340034,-17,34709437,7,0,16,34709470,65535,0
224302,2000082024,34715083,34715674,591,340034,-17,34715066,7,0,16,34715099,65535,0
223310,2000078631,34745228,34745817,589,310034,-17,34745211,7,0,16,34745244,65535,0
222771,2000076992,34778440,34779014,574,330033,-17,34778423,7,0,16,34778456,65535,0
222404,2000076060,34811802,34812351,549,320032,-17,34811785,7,0,16,34811818,65535,0
222695,2000076788,34817665,34818207,542,320032,-16,34817649,0,32,16,34817681,65535,0
222870,2000077258,34824878,34825457,579,320032,-17,34824861,7,0,16,34824894,65535,0
224276,2000081985,34899556,34900152,596,320032,-17,34899539,7,0,16,34899572,65535,0
224376,2000082237,34901564,34902113,549,320032,-17,34901547,7,0,16,34901580,65535,0
224423,2000082377,34902521,34903063,542,320032,-17,34902504,7,0,16,34902537,65535,0
224424,2000082381,34903867,34904421,554,320032,-17,34903850,7,0,16,34903883,65535,0
221180,2000070403,35032044,35032593,549,320032,-12,35032032,30515,31,16,35032060,65535,0
222912,2000077320,35076734,35077313,579,310031,-13,35076721,169216,0,16,35076750,65535,0
221940,2000073034,35103846,35104449,603,32003a,-17,35103829,7,0,16,35103862,65535,0
222012,2000073482,35116877,35117470,593,300030,-17,35116860,7,0,16,35116893,65535,0
222784,2000077024,35127792,35128402,610,300030,-16,35127776,0,14,16,35127808,65535,0
222719,2000076847,35147090,35147676,586,2f002f,-17,35147073,7,0,16,35147106,65535,0
222788,2000077030,35157145,35157736,591,2f002f,-17,35157128,7,0,16,35157161,65535,0
222916,2000077325,35163803,35164394,591,2f002f,-12,35163791,191771,14,16,35163819,65535,0
222238,2000074950,35186758,35187337,579,2d002d,-12,35186746,191532,9,16,35186774,65535,0
222247,2000075011,35188885,35189498,613,2d002d,-17,35188868,7,0,16,35188901,65535,0
222449,2000076165,35201963,35202537,574,2d002d,-17,35201946,7,0,16,35201979,65535,7
222446,2000076161,35204133,35204722,589,2d002d,-17,35204116,7,0,16,35204149,65535,0
221516,2000071653,35226166,35226738,572,2d002d,-17,35226149,7,0,16,35226182,65535,0
221515,2000071652,35235207,35235786,579,2d002d,-17,35235190,7,0,16,35235223,65535,0
221508,2000071554,35238908,35239487,579,2d002d,-17,35238891,7,0,16,35238924,65535,0
222226,2000074887,35240968,35241510,542,2d002d,-17,35240951,7,0,16,35240984,65535,0
221503,2000071459,35244033,35244607,574,2d002d,-12,35244021,191246,7,16,35244049,65535,0
222227,2000074888,35245625,35246197,572,2d002d,-17,35245608,7,0,16,35245641,65535,0
221939,2000073032,35247049,35247652,603,1e002d,-12,35247037,191667,16,16,35247065,65535,0
222203,2000074700,35248145,35248682,537,2d002d,-17,35248128,7,0,16,35248161,65535,0
223812,2000079984,35249569,35250148,579,2d002d,-17,35249552,7,0,16,35249585,65535,0
224092,2000081208,35260120,35260699,579,2d002d,-12,35260108,193215,18,16,35260136,65535,0
224094,2000081224,35260711,35261270,559,2d002d,-17,35260694,7,0,16,35260727,65535,0
223580,2000079340,35275914,35276463,549,2d002d,-17,35275897,7,0,16,35275930,65535,0
223578,2000079337,35280221,35280807,586,2d002d,-17,35280204,7,0,16,35280237,65535,0
222224,2000074885,35285826,35286368,542,2d002d,-17,35285809,7,0,16,35285842,65535,0
223492,2000079061,35288460,35289002,542,2d002d,-17,35288443,7,0,16,35288476,65535,0
222914,2000077322,35305865,35306475,610,2d002d,-17,35305848,7,0,16,35305881,65535,0
224443,2000082420,35312033,35312612,579,2d002d,-17,35312016,7,0,16,35312049,65535,0
224667,2000082942,35317407,35317956,549,2d002d,-16,35317391,0,6,16,35317423,65535,0
224669,2000082944,35317968,35318517,549,2d002d,-17,35317951,7,0,16,35317984,65535,0
224670,2000082946,35318529,35319078,549,2d002d,-12,35318517,224669,0,16,35318545,65535,0
224671,2000082947,35319090,35319634,544,2d002d,-12,35319078,224670,2,16,35319106,65535,0
224865,2000083339,35320523,35321072,549,2d002d,-17,35320506,7,0,16,35320539,65535,0
222153,2000074333,35334866,35335452,586,2c002c,-17,35334849,7,0,16,35334882,65535,0
224823,2000083211,35348072,35348621,549,2c002c,-17,35348055,7,0,16,35348088,65535,0
222772,2000076994,35361334,35361920,586,2b002b,-17,35361317,7,0,16,35361350,65535,0
222888,2000077284,35379592,35380178,586,2b002b,-17,35379575,7,0,16,35379608,65535,0
222128,2000074157,35385938,35386517,579,2a002a,-17,35385921,7,0,16,35385954,65535,0
223814,2000080028,35396479,35397058,579,2a002a,-16,35396463,0,17,16,35396495,65535,0
222150,2000074329,35410468,35411047,579,2a002a,-16,35410452,0,28,16,35410484,65535,0
222896,2000077299,35414052,35414624,572,2a002a,-17,35414035,7,0,16,35414068,65535,0
222243,2000074958,35436100,35436649,549,280028,-17,35436083,7,0,16,35436116,65535,0
222242,2000074956,35442623,35443209,586,280028,-16,35442607,0,13,16,35442639,65535,0
222241,2000074955,35443757,35444301,544,280028,-12,35443745,30508,10,16,35443773,65535,0
222240,2000074954,35445300,35445849,549,280028,-16,35445284,0,6,16,35445316,65535,0
222239,2000074953,35447710,35448289,579,280028,-17,35447693,7,0,16,35447726,65535,0
221193,2000070448,35448782,35449331,549,280028,-17,35448765,7,0,16,35448798,65535,0
221196,2000070460,35449343,35449892,549,280028,-16,35449327,0,9,16,35449359,65535,0
221373,2000071130,35455294,35455836,542,280028,-12,35455282,200732,12,16,35455310,65535,0
221374,2000071131,35455848,35456429,581,280028,-17,35455831,7,0,16,35455864,65535,0
222118,2000074008,35456823,35457402,579,280028,-17,35456806,7,0,16,35456839,65535,0
221923,2000072839,35464845,35465389,544,280028,-17,35464828,7,0,16,35464861,65535,0
222099,2000073921,35467242,35467814,572,280028,-17,35467225,7,0,16,35467258,65535,0
225255,2000084351,35469030,35469609,579,280028,-17,35469013,7,0,16,35469046,65535,0
225257,2000084353,35470212,35470791,579,280028,-17,35470195,7,0,16,35470228,65535,0
225260,2000084357,35471137,35471674,537,280028,-17,35471120,7,0,16,35471153,65535,0
225261,2000084358,35471686,35472228,542,280028,-17,35471669,7,0,16,35471702,65535,0
222206,2000074708,35473220,35473799,579,280028,-17,35473203,7,0,16,35473236,65535,0
225262,2000084359,35475312,35475854,542,280028,-17,35475295,7,0,16,35475328,65535,0
223499,2000079076,35491077,35491649,572,280028,-17,35491060,7,0,16,35491093,65535,0
223309,2000078630,35492105,35492684,579,280028,-17,35492088,7,0,16,35492121,65535,0
223305,2000078623,35492997,35493466,469,280028,-17,35492980,7,0,16,35493013,65535,0
223137,2000078055,35493478,35494057,579,280028,-12,35493466,223305,31,16,35493494,65535,0
222967,2000077540,35499008,35499575,567,280028,-12,35498996,190375,31,16,35499024,65535,0
223816,2000080037,35501045,35501624,579,280028,-16,35501029,0,7,16,35501061,65535,0
222899,2000077304,35503015,35503557,542,280028,-16,35502999,0,32,16,35503031,65535,0
223895,2000080289,35506288,35506898,610,280028,-17,35506271,7,0,16,35506304,65535,0
223954,2000080622,35509286,35509828,542,280028,-17,35509269,7,0,16,35509302,65535,0
222067,2000073815,35548613,35549192,579,280028,-17,35548596,7,0,16,35548629,65535,0
222770,2000076989,35567001,35567592,591,280028,-17,35566984,7,0,16,35567017,65535,0
222741,2000076922,35578690,35579269,579,280028,-12,35578678,190276,4,16,35578706,65535,0
222005,2000073450,35583453,35584032,579,280028,-16,35583437,0,2,16,35583469,65535,0
222615,2000076595,35590944,35591393,449,280028,-17,35590927,7,0,16,35590960,65535,0
222590,2000076519,35592399,35592978,579,280028,-17,35592382,7,0,16,35592415,65535,0
222578,2000076479,35604561,35605140,579,280028,-17,35604544,7,0,16,35604577,65535,0
222496,2000076352,35606294,35606843,549,280028,-17,35606277,7,0,16,35606310,65535,0
224338,2000082134,35625278,35625857,579,280028,-17,35625261,7,0,16,35625294,65535,0
224388,2000082280,35626474,35627023,549,280028,-17,35626457,7,0,16,35626490,65535,0
222039,2000073649,35628828,35629400,572,280028,-12,35628816,192993,28,16,35628844,65535,0
224428,2000082393,35630519,35631127,608,280028,-17,35630502,7,0,16,35630535,65535,4
222272,2000075202,35632379,35632928,549,280028,-17,35632362,7,0,16,35632395,65535,0
222271,2000075201,35634523,35635067,544,280028,-17,35634506,7,0,16,35634539,65535,0
224478,2000082484,35637631,35638203,572,280028,-17,35637614,7,0,16,35637647,65535,0
222270,2000075200,35639488,35640037,549,280028,-17,35639471,7,0,16,35639504,65535,0
222073,2000073842,35641089,35641697,608,2d0028,-17,35641072,7,0,16,35641105,65535,0
224859,2000083330,35642300,35642842,542,280028,-17,35642283,7,0,16,35642316,65535,0
222258,2000075086,35642854,35643391,537,280028,-17,35642837,7,0,16,35642870,65535,0
224861,2000083332,35643403,35643982,579,280028,-17,35643386,7,0,16,35643419,65535,0
222257,2000075085,35643994,35644536,542,28002d,-17,35643977,7,0,16,35644010,65535,0
224934,2000083489,35646040,35646589,549,280028,-12,35646028,192900,21,16,35646056,65535,0
225024,2000083709,35646601,35647180,579,280028,-17,35646584,7,0,16,35646617,65535,0
225035,2000083773,35647869,35648418,549,280028,-17,35647852,7,0,16,35647885,65535,0
225051,2000083818,35651908,35652487,579,280028,-16,35651892,0,29,16,35651924,65535,0
225061,2000083878,35653556,35654135,579,280028,-17,35653539,7,0,16,35653572,65535,0
222256,2000075072,35654147,35654714,567,280028,-17,35654130,7,0,16,35654163,65535,0
225062,2000083879,35654726,35655275,549,280028,-17,35654709,7,0,16,35654742,65535,0
225072,2000083925,35656359,35656908,549,280028,-17,35656342,7,0,16,35656375,65535,0
225079,2000083944,35657321,35657863,542,280028,-16,35657305,0,28,16,35657337,65535,0
222255,2000075069,35657875,35658417,542,280028,-17,35657858,7,0,16,35657891,65535,0
225141,2000084093,35659925,35660474,549,280028,-17,35659908,7,0,16,35659941,65535,0
222254,2000075068,35660882,35661456,574,280028,-17,35660865,7,0,16,35660898,65535,0
225163,2000084157,35662059,35662643,584,280028,-17,35662042,7,0,16,35662075,65535,0
225167,2000084176,35662655,35663234,579,280028,-17,35662638,7,0,16,35662671,65535,0
222131,2000074176,35669749,35670335,586,2b0027,-17,35669732,7,0,16,35669765,65535,0
224482,2000082498,35674402,35674988,586,270027,-17,35674385,7,0,16,35674418,65535,0
222040,2000073652,35684840,35685441,601,260026,-17,35684823,7,0,16,35684856,65535,0
223546,2000079253,35693728,35693886,158,070000,-8,35693720,0,1,5,35693733,7,0
221344,2000070808,35697106,35697685,579,260026,-17,35697089,7,0,16,35697122,65535,0
223894,2000080288,35698896,35699494,598,260026,-17,35698879,7,0,16,35698912,65535,0
224469,2000082469,35710967,35711546,579,260026,-17,35710950,7,0,16,35710983,65535,0
222375,2000075977,35717796,35718375,579,260026,-16,35717780,0,31,16,35717812,65535,0
223832,2000080076,35731235,35731814,579,260026,-12,35731223,189505,0,16,35731251,65535,0
222279,2000075308,35731826,35732370,544,260026,-17,35731809,7,0,16,35731842,65535,0
221966,2000073232,35732980,35733566,586,260026,-17,35732963,7,0,16,35732996,65535,0
223286,2000078567,35749626,35750204,578,250025,-17,35749609,7,0,16,35749642,65535,0
223815,2000080036,35750807,35751386,579,250025,-17,35750790,7,0,16,35750823,65535,0
222062,2000073804,35763123,35763672,549,240024,-16,35763107,0,17,16,35763139,65535,0
223565,2000079315,35777410,35777989,579,230023,-17,35777393,7,0,16,35777426,65535,0
223574,2000079331,35779563,35779709,146,070000,-8,35779555,0,1,5,35779568,7,0
223674,2000079529,35779721,35780300,579,230023,-17,35779704,7,0,16,35779737,65535,0
223695,2000079571,35780312,35780854,542,230023,-17,35780295,7,0,16,35780328,65535,5
223732,2000079682,35780866,35781445,579,230023,-17,35780849,7,0,16,35780882,65535,0
225191,2000084263,35781931,35782480,549,230023,-17,35781914,7,0,16,35781947,65535,0
225196,2000084268,35782492,35783071,579,230023,-17,35782475,7,0,16,35782508,65535,0
223826,2000080062,35814150,35814692,542,230023,-17,35814133,7,0,16,35814166,65535,0
223953,2000080620,35823576,35824118,542,230023,-17,35823559,7,0,16,35823592,65535,0
221189,2000070433,35841531,35842097,566,230023,-16,35841515,0,2,16,35841547,65535,0
221190,2000070439,35842998,35843542,544,230023,-16,35842982,0,22,16,35843014,65535,0
221191,2000070443,35844236,35844785,549,230023,-17,35844219,7,0,16,35844252,65535,0
221198,2000070495,35845388,35845930,542,230023,-17,35845371,7,0,16,35845404,65535,0
224394,2000082300,35866432,35867004,572,230023,-17,35866415,7,0,16,35866448,65535,0
222016,2000073498,35869961,35870503,542,2d0028,-17,35869944,7,0,16,35869977,65535,0
222042,2000073659,35872288,35872867,579,230023,-16,35872272,0,3,16,35872304,65535,0
222044,2000073681,35872879,35873428,549,230023,-17,35872862,7,0,16,35872895,65535,0
222046,2000073683,35873440,35873989,549,230023,-17,35873423,7,0,16,35873456,65535,0
222047,2000073686,35874001,35874550,549,230023,-17,35873984,7,0,16,35874017,65535,0
224461,2000082453,35876158,35876700,542,230023,-17,35876141,7,0,16,35876174,65535,0
224463,2000082457,35876712,35877315,603,230023,-12,35876700,224461,21,16,35876728,65535,0
222098,2000073919,35881148,35881720,572,230023,-16,35881132,0,6,16,35881164,65535,0
225182,2000084250,35882818,35883367,549,230023,-17,35882801,7,0,16,35882834,65535,0
222117,2000074007,35884951,35885488,537,230023,-17,35884934,7,0,16,35884967,65535,0
222119,2000074009,35885500,35886074,574,230023,-12,35885488,222117,23,16,35885516,65535,0
222140,2000074254,35887552,35888138,586,230023,-17,35887535,7,0,16,35887568,65535,0
222151,2000074330,35888150,35888780,630,230023,-12,35888138,222140,14,16,35888166,65535,0
224860,2000083331,35888792,35889334,542,230023,-17,35888775,7,0,16,35888808,65535,0
222202,2000074688,35891704,35892322,618,230023,-24,35891680,65281,1,16,35891720,65535,0
225025,2000083710,35894101,35894680,579,000000,-12,35894089,200733,16,5,35894106,0,0
222244,2000074959,35896125,35896704,579,230023,-17,35896108,7,0,16,35896141,65535,2
222276,2000075221,35897765,35898326,561,230023,-12,35897753,191360,0,16,35897781,65535,0
222415,2000076075,35902150,35902722,572,230023,-12,35902138,192864,30,16,35902166,65535,0
222676,2000076737,35905246,35905842,596,230023,-17,35905229,7,0,16,35905262,65535,0
222696,2000076790,35905854,35906433,579,230023,-17,35905837,7,0,16,35905870,65535,0
225105,2000083990,35908582,35909131,549,230023,-12,35908570,192865,31,16,35908598,65535,0
225106,2000083992,35909143,35909692,549,230023,-12,35909131,225105,22,16,35909159,65535,0
222960,2000077511,35915279,35915858,579,230023,-17,35915262,7,0,16,35915295,65535,0
223027,2000077710,35916461,35917027,566,230023,-17,35916444,7,0,16,35916477,65535,0
223138,2000078057,35917039,35917618,579,230023,-17,35917022,7,0,16,35917055,65535,0
225181,2000084249,35918069,35918611,542,230023,-16,35918053,0,24,16,35918085,65535,0
223379,2000078862,35918623,35919202,579,230023,-12,35918611,225181,25,16,35918639,65535,0
223439,2000078966,35919214,35919805,591,230023,-12,35919202,223379,14,16,35919230,65535,0
223329,2000078725,35923773,35924322,549,220022,-17,35923756,7,0,16,35923789,65535,0
222577,2000076478,35934264,35934843,579,220022,-17,35934247,7,0,16,35934280,65535,7
222070,2000073824,35942856,35943405,549,220022,-17,35942839,7,0,16,35942872,65535,0
221967,2000073234,35961338,35961887,549,200020,-17,35961321,7,0,7,35961345,65568,32
222043,2000073662,35967339,35967918,579,200020,-17,35967322,7,0,7,35967346,65568,32
222455,2000076171,35968533,35969112,579,200020,-17,35968516,7,0,7,35968540,65568,32
222456,2000076177,35969124,35969698,574,200020,-17,35969107,7,0,7,35969131,65568,32
222115,2000074002,35969710,35970311,601,260020,-17,35969693,7,0,7,35969717,65568,32
224337,2000082133,35970811,35971360,549,200020,-17,35970794,7,0,7,35970818,65568,32
221375,2000071134,35975569,35976160,591,200020,-17,35975552,7,0,7,35975576,65568,32
221474,2000071364,35978486,35979033,547,200020,-12,35978474,193708,14,7,35978493,65568,32
222282,2000075311,35985528,35986107,579,200020,-17,35985511,7,0,7,35985535,65568,32
222060,2000073799,35987179,35987738,559,200020,-17,35987162,7,0,7,35987186,65568,32
224341,2000082139,35988194,35988743,549,200020,-17,35988177,7,0,7,35988201,65568,32
222068,2000073817,35989931,35990480,549,1f001f,-17,35989914,7,0,7,35989938,65567,31
222066,2000073814,35992611,35993177,566,1f001f,-17,35992594,7,0,7,35992618,65567,31
222412,2000076072,35994256,35994805,549,1e001e,-17,35994239,7,0,7,35994263,65566,30
222447,2000076162,35998360,35998958,598,1e001e,-17,35998343,7,0,7,35998367,65566,30
222448,2000076163,35998970,35999549,579,1e001e,-17,35998953,7,0,7,35998977,65566,30
222149,2000074328,36003362,36003941,579,1e001e,-17,36003345,7,0,7,36003369,65566,30
222688,2000076779,36008352,36008931,579,1e001e,-17,36008335,7,0,7,36008359,65566,30
222690,2000076781,36008943,36009522,579,1e001e,-17,36008926,7,0,7,36008950,65566,30
222721,2000076855,36012862,36013441,579,1e001e,-17,36012845,7,0,7,36012869,65566,30
222961,2000077512,36046862,36047441,579,1e001e,-17,36046845,7,0,7,36046869,65566,30
223084,2000077899,36051661,36052205,544,1e001e,-16,36051645,0,30,7,36051668,65566,30
222154,2000074337,36052778,36053357,579,1e001e,-17,36052761,7,0,7,36052785,65566,30
223391,2000078879,36053960,36054573,613,1e001e,-12,36053948,200308,23,7,36053967,65566,30
223393,2000078881,36054585,36055159,574,1e001e,-12,36054573,223391,31,7,36054592,65566,30
223561,2000079302,36056880,36057459,579,1e001e,-17,36056863,7,0,7,36056887,65566,30
222061,2000073801,36063810,36064396,586,1e001e,-16,36063794,0,20,7,36063817,65566,30
222116,2000074006,36064408,36064987,579,1e001e,-17,36064391,7,0,7,36064415,65566,30
224334,2000082130,36074989,36075555,566,1e001e,-17,36074972,7,0,7,36074996,65566,30
224400,2000082314,36078345,36078919,574,1e001e,-17,36078328,7,0,7,36078352,65566,30
224433,2000082400,36080699,36081288,589,1e001e,-17,36080682,7,0,7,36080706,65566,30
221345,2000070812,36081300,36081908,608,1e001e,-17,36081283,7,0,7,36081307,65566,30
224465,2000082462,36083851,36084423,572,1e001e,-17,36083834,7,0,7,36083858,65566,30
223672,2000079517,36114050,36114599,549,1c001c,-17,36114033,7,0,7,36114057,65564,28
223664,2000079505,36117856,36118405,549,1c001c,-17,36117839,7,0,7,36117863,65564,28
223671,2000079515,36119576,36120125,549,1c001c,-12,36119564,193214,17,7,36119583,65564,28
222720,2000076854,36150227,36150806,579,190019,-17,36150210,7,0,7,36150234,65561,25
222011,2000073479,36160786,36161365,579,190018,-17,36160769,7,0,7,36160793,65560,24
224163,2000081462,37440788,37441364,576,650065,-17,37440771,7,0,6,37440794,25856,0
224466,2000082463,37905561,37906144,583,5d005d,-17,37905544,7,0,16,37905577,65535,0
224336,2000082132,37974528,37975116,588,5b005b,-17,37974511,7,0,16,37974544,65535,0
222513,2000076377,38192686,38193269,583,5a005a,-17,38192669,7,0,16,38192702,65535,0
224339,2000082135,38225685,38226273,588,590059,-17,38225668,7,0,16,38225701,65535,0
222818,2000077171,38286539,38287071,532,580058,-17,38286522,7,0,16,38286555,65535,0
224380,2000082259,38551575,38552114,539,550055,-17,38551558,7,0,16,38551591,65535,0
224517,2000082594,38554141,38554712,571,550055,-16,38554125,4096,5,16,38554157,65535,0
222537,2000076418,38561789,38562328,539,460046,-16,38561773,0,0,16,38561805,65535,0
224503,2000082559,38562340,38562940,600,550055,-17,38562323,7,0,16,38562356,65535,0
224159,2000081444,38605122,38605710,588,000000,-17,38605105,7,0,5,38605127,0,0
221197,2000070483,38668631,38669205,574,540054,-17,38668614,7,0,16,38668647,65535,0
224310,2000082048,38682713,38683277,564,530053,-17,38682696,7,0,6,38682719,21248,0
224323,2000082085,38745897,38746466,569,520052,-17,38745880,7,0,16,38745913,65535,0
222881,2000077272,38756564,38757103,539,520052,-17,38756547,7,0,16,38756580,65535,0
223918,2000080412,38770001,38770577,576,460046,-17,38769984,7,0,16,38770017,65535,0
224098,2000081272,38794388,38794957,569,520052,-17,38794371,7,0,16,38794404,65535,0
222524,2000076401,38804650,38805226,576,520052,-17,38804633,7,0,16,38804666,65535,0
224342,2000082142,38817574,38818162,588,520052,-17,38817557,7,0,16,38817590,65535,0
224345,2000082148,38921840,38922416,576,500050,-17,38921823,7,0,16,38921856,65535,0
222529,2000076406,38923226,38923790,564,500050,-16,38923210,0,15,16,38923242,65535,0
225043,2000083792,38929688,38930227,539,500050,-17,38929671,7,0,16,38929704,65535,0
222885,2000077279,38945507,38946046,539,500050,-17,38945490,7,0,16,38945523,65535,0
222453,2000076169,38960449,38961012,563,500050,-17,38960432,7,0,16,38960465,65535,0
222451,2000076167,38961605,38962180,575,500050,-12,38961593,152995,6,16,38961621,65535,0
222526,2000076403,38977617,38978187,570,500050,-17,38977600,7,0,16,38977633,65535,6
225126,2000084061,38986466,38987005,539,500050,-13,38986453,81152,0,16,38986482,65535,0
222223,2000074871,38999019,38999646,627,000000,-17,38999002,7,0,5,38999024,0,0
223563,2000079313,39004983,39005571,588,500050,-12,39004971,148436,3,16,39004999,65535,0
222521,2000076398,39048444,39048978,534,4f004f,-17,39048427,7,0,16,39048460,65535,6
222528,2000076405,39070533,39071072,539,4d004d,-17,39070516,7,0,16,39070549,65535,7
222873,2000077261,39109003,39109537,534,4d004d,-12,39108991,148852,10,16,39109019,65535,0
222525,2000076402,39116357,39116896,539,4d004d,-17,39116340,7,0,16,39116373,65535,0
222734,2000076891,39145189,39145723,534,000000,-17,39145172,7,0,5,39145194,0,0
222865,2000077250,39172251,39172790,539,4b004b,-12,39172239,11099,20,16,39172267,65535,0
222880,2000077270,39180700,39181239,539,4b004b,-17,39180683,7,0,16,39180716,65535,0
222886,2000077282,39185236,39185787,551,4b004b,-12,39185224,206237,12,16,39185252,65535,0
224507,2000082565,39209965,39210535,570,4b004b,-17,39209948,7,0,16,39209981,65535,0
222454,2000076170,39216076,39216654,578,4b004b,-17,39216059,7,0,16,39216092,65535,0
222452,2000076168,39217695,39218258,563,4b004b,-17,39217678,7,0,16,39217711,65535,0
222522,2000076399,39253058,39253597,539,4b004b,-16,39253042,0,1,16,39253074,65535,0
222740,2000076900,39284598,39285137,539,000000,-17,39284581,7,0,5,39284603,0,0
222530,2000076407,39298681,39299220,539,4a004a,-17,39298664,7,0,16,39298697,65535,0
222532,2000076409,39302483,39303059,576,4a004a,-17,39302466,7,0,16,39302499,65535,0
222887,2000077283,39307948,39308482,534,4a004a,-17,39307931,7,0,16,39307964,65535,0
222531,2000076408,39327388,39327922,534,490049,-17,39327371,7,0,16,39327404,65535,0
222544,2000076426,39331836,39332370,534,490049,-17,39331819,7,0,16,39331852,65535,7
222736,2000076894,39344402,39344941,539,000000,-16,39344386,0,32,5,39344407,0,0
224480,2000082492,39357828,39358379,551,000000,-17,39357811,7,0,5,39357833,0,0
222816,2000077164,39360788,39361327,539,480048,-17,39360771,7,0,16,39360804,65535,0
222460,2000076218,39376642,39377176,534,000000,-12,39376630,149324,8,5,39376647,0,0
222542,2000076424,39380741,39381275,534,470047,-17,39380724,7,0,16,39380757,65535,1
222553,2000076435,39390308,39390847,539,470047,-17,39390291,7,0,16,39390324,65535,0
224013,2000080886,39410915,39411461,546,460046,-16,39410899,0,25,16,39410931,65535,2
222539,2000076420,39428553,39429092,539,460046,-17,39428536,7,0,16,39428569,65535,0
222533,2000076410,39431045,39431621,576,460046,-16,39431029,0,9,16,39431061,65535,0
222546,2000076428,39434521,39435055,534,460046,-17,39434504,7,0,16,39434537,65535,0
222527,2000076404,39437624,39438200,576,460046,-17,39437607,7,0,16,39437640,65535,6
224326,2000082098,39469374,39469944,570,460046,-16,39469358,0,13,16,39469390,65535,0
222872,2000077260,39482853,39483392,539,460046,-17,39482836,7,0,16,39482869,65535,0
225042,2000083781,39530195,39530764,569,460046,-12,39530183,215236,9,16,39530211,65535,0
224488,2000082508,39531364,39531903,539,460046,-17,39531347,7,0,16,39531380,65535,0
222554,2000076436,39537356,39537895,539,450045,-12,39537344,210174,32,16,39537372,65535,0
222523,2000076400,39537907,39538488,581,450045,-17,39537890,7,0,16,39537923,65535,6
225041,2000083780,39554991,39555547,556,450045,-17,39554974,7,0,16,39555007,65535,0
224170,2000081479,39557223,39557792,569,410041,-17,39557206,7,0,16,39557239,65535,0
222862,2000077245,39560987,39561526,539,440044,-17,39560970,7,0,16,39561003,65535,0
223746,2000079752,39562759,39563298,539,000000,-17,39562742,7,0,5,39562764,0,0
222863,2000077246,39574839,39575371,532,440044,-16,39574823,0,9,16,39574855,65535,0
222541,2000076422,39577708,39578242,534,440044,-17,39577691,7,0,16,39577724,65535,0
222534,2000076411,39590134,39590673,539,440044,-17,39590117,7,0,16,39590150,65535,0
222876,2000077265,39600202,39600736,534,440044,-12,39600190,208912,24,16,39600218,65535,0
222545,2000076427,39609295,39609834,539,430043,-17,39609278,7,0,16,39609311,65535,0
222550,2000076432,39614160,39614699,539,430043,-17,39614143,7,0,16,39614176,65535,7
222556,2000076438,39627661,39628200,539,420042,-17,39627644,7,0,16,39627677,65535,0
222549,2000076431,39630390,39630924,534,420042,-17,39630373,7,0,16,39630406,65535,0
222555,2000076437,39633172,39633706,534,420042,-17,39633155,7,0,16,39633188,65535,0
222543,2000076425,39662999,39663538,539,410041,-16,39662983,0,2,16,39663015,65535,0
222864,2000077247,39668504,39669043,539,410041,-17,39668487,7,0,16,39668520,65535,0
222557,2000076439,39673767,39674306,539,410041,-12,39673755,26135,11,16,39673783,65535,0
222875,2000077264,39675310,39675844,534,410041,-17,39675293,7,0,16,39675326,65535,0
222627,2000076617,39724680,39725219,539,000000,-17,39724663,7,0,5,39724685,0,0
222624,2000076612,39739940,39740479,539,000000,-17,39739923,7,0,5,39739945,0,0
222520,2000076397,39745069,39745608,539,400040,-16,39745053,0,18,16,39745085,65535,0
222551,2000076433,39750173,39750707,534,400040,-12,39750161,153053,27,16,39750189,65535,6
222552,2000076434,39759068,39759602,534,3f003f,-17,39759051,7,0,16,39759084,65535,0
222738,2000076898,39763544,39764078,534,000000,-17,39763527,7,0,5,39763549,0,0
222517,2000076390,39768659,39769254,595,000000,-16,39768643,0,9,5,39768664,0,0
223820,2000080044,39772753,39773292,539,000000,-16,39772737,0,27,5,39772758,0,0
222815,2000077162,39783701,39784270,569,3e003e,-17,39783684,7,0,16,39783717,65535,0
222620,2000076607,39788868,39789407,539,000000,-17,39788851,7,0,5,39788873,0,0
222670,2000076721,39793332,39793895,563,000000,-17,39793315,7,0,5,39793337,0,0
222628,2000076618,39798446,39798985,539,000000,-12,39798434,154145,6,5,39798451,0,0
222558,2000076441,39802253,39802787,534,3d003d,-17,39802236,7,0,16,39802269,65535,0
222547,2000076429,39828404,39828943,539,3c003c,-17,39828387,7,0,16,39828420,65535,0
222548,2000076430,39835884,39836418,534,3c003c,-17,39835867,7,0,16,39835900,65535,0
222817,2000077167,39837422,39837980,558,3c003c,-16,39837406,0,8,16,39837438,65535,0
224436,2000082406,39845753,39846292,539,3c003c,-17,39845736,7,0,16,39845769,65535,0
222461,2000076220,39863350,39863889,539,000000,-12,39863338,215523,28,5,39863355,0,0
224160,2000081445,39863901,39864435,534,000000,-17,39863884,7,0,5,39863906,0,0
222890,2000077286,39867198,39867737,539,3c003c,-17,39867181,7,0,16,39867214,65535,0
224521,2000082602,39874068,39874602,534,3c003c,-17,39874051,7,0,16,39874084,65535,0
223813,2000080018,39880549,39881105,556,3c003c,-17,39880532,7,0,16,39880565,65535,0
222883,2000077276,39917177,39917716,539,3c003c,-17,39917160,7,0,16,39917193,65535,0
222739,2000076899,39931580,39932119,539,000000,-17,39931563,7,0,5,39931585,0,0
222540,2000076421,39940602,39941141,539,3a003a,-17,39940585,7,0,16,39940618,65535,0
222866,2000077251,39943830,39944369,539,3a003a,-17,39943813,7,0,16,39943846,65535,0
222892,2000077288,39948572,39949106,534,3a003a,-17,39948555,7,0,16,39948588,65535,0
222879,2000077269,39979304,39979843,539,370037,-17,39979287,7,0,16,39979320,65535,0
222626,2000076615,39980845,39981379,534,000000,-17,39980828,7,0,5,39980850,0,0
222867,2000077252,39986175,39986726,551,370037,-17,39986158,7,0,16,39986191,65535,0
222869,2000077255,39988851,39989414,563,370037,-12,39988839,153103,22,16,39988867,65535,0
222737,2000076897,40023135,40023669,534,000000,-17,40023118,7,0,5,40023140,0,0
222622,2000076609,40031236,40031775,539,000000,-17,40031219,7,0,5,40031241,0,0
222284,2000075360,40056059,40056593,534,000000,-12,40056047,215093,7,5,40056064,0,0
222729,2000076886,40069187,40069726,539,000000,-17,40069170,7,0,5,40069192,0,0
223099,2000077966,40078033,40078611,578,23002d,-17,40078016,7,0,16,40078049,65535,0
222732,2000076889,40085862,40086401,539,000000,-17,40085845,7,0,5,40085867,0,0
222285,2000075362,40099550,40100089,539,000000,-17,40099533,7,0,5,40099555,0,0
224473,2000082476,40225230,40225769,539,000000,-17,40225213,7,0,5,40225235,0,0
224481,2000082496,40228010,40228586,576,000000,-17,40227993,7,0,5,40228015,0,0
222602,2000076537,41515856,41516452,596,320032,-17,41515839,7,0,16,41515872,65535,0
222597,2000076529,41516464,41517011,547,320032,-17,41516447,7,0,16,41516480,65535,5
222600,2000076534,41529926,41530480,554,320032,-17,41529909,7,0,16,41529942,65535,3
225280,2000084400,42100037,42100574,537,000000,-17,42100020,7,0,5,42100042,0,0
225279,2000084399,42100586,42101123,537,000000,-16,42100570,0,0,5,42100591,0,0
225276,2000084394,42208865,42209392,527,000000,-17,42208848,7,0,5,42208870,0,0
225282,2000084405,42209980,42210512,532,000000,-17,42209963,7,0,5,42209985,0,0
224887,2000083380,42237734,42238280,546,430043,-17,42237717,7,0,16,42237750,65535,0
223045,2000077784,42252703,42253235,532,000000,-16,42252687,0,32,5,42252708,0,0
222095,2000073912,42264789,42265328,539,460046,-17,42264772,7,0,6,42264795,17920,0
222265,2000075177,42265891,42266430,539,000000,-17,42265874,7,0,5,42265896,0,0
223259,2000078417,42309716,42310255,539,000000,-17,42309699,7,0,5,42309721,0,0
225179,2000084247,42317049,42317588,539,3c003c,-17,42317032,7,0,6,42317055,15360,0
222264,2000075176,42341060,42341587,527,3c003c,-17,42341043,7,0,6,42341066,15360,0
224891,2000083386,42368892,42369432,540,000000,-17,42368875,7,0,5,42368897,0,0
223801,2000079941,42374959,42375528,569,000000,-12,42374947,144002,18,5,42374964,0,0
225034,2000083770,42381868,42382405,537,000000,-17,42381851,7,0,5,42381873,0,0
224155,2000081431,42412764,42413315,551,000000,-17,42412747,7,0,5,42412769,0,0
224858,2000083328,42414513,42415052,539,000000,-17,42414496,7,0,5,42414518,0,0
221126,2000070184,43111573,43112156,583,4a004a,-17,43111556,7,0,16,43111589,65535,0
225005,2000083657,43322613,43323140,527,3c003c,-17,43322596,7,0,6,43322619,15360,0
223945,2000080607,43407174,43407701,527,370037,-12,43407162,16710,26,6,43407180,14080,0
224674,2000082951,43533330,43533864,534,000000,-17,43533313,7,0,5,43533335,0,0
224680,2000082957,43592187,43592714,527,000000,-17,43592170,7,0,5,43592192,0,0
224677,2000082954,43610573,43611100,527,000000,-17,43610556,7,0,5,43610578,0,0
224676,2000082953,43612602,43613136,534,000000,-17,43612585,7,0,5,43612607,0,0
224675,2000082952,43614153,43614687,534,000000,-17,43614136,7,0,5,43614158,0,0
220992,2000069640,43839183,43839747,564,280028,-17,43839166,7,0,16,43839199,65535,0
224679,2000082956,43962470,43962997,527,000000,-17,43962453,7,0,5,43962475,0,0
223961,2000080679,44067520,44068054,534,1e001e,-17,44067503,7,0,6,44067526,7680,0
220831,2000068947,44090604,44091131,527,1e001e,-12,44090592,138440,9,7,44090611,65566,30
221323,2000070768,44218462,44218989,527,000000,-17,44218445,7,0,5,44218467,0,0
223318,2000078663,44222689,44223223,534,000000,-12,44222677,223390,30,5,44222694,0,0
223315,2000078641,44223235,44223811,576,000000,-17,44223218,7,0,5,44223240,0,0
222997,2000077634,44225299,44225833,534,000000,-17,44225282,7,0,5,44225304,0,0
222966,2000077538,44226770,44227304,534,000000,-12,44226758,138562,28,5,44226775,0,0
222757,2000076960,44295732,44296273,541,120012,-17,44295715,7,0,6,44295738,4608,0
222756,2000076959,44297811,44298352,541,120012,-17,44297794,7,0,6,44297817,4608,0
222760,2000076964,44298364,44298905,541,120012,-17,44298347,7,0,6,44298370,4608,0
222755,2000076956,44299346,44299887,541,120012,-17,44299329,7,0,6,44299352,4608,0
222758,2000076961,44300452,44300993,541,120012,-17,44300435,7,0,6,44300458,4608,0
223936,2000080555,44976970,44977497,527,3c003c,-17,44976953,7,0,16,44976986,65535,0
224685,2000082963,45040400,45040934,534,410041,-17,45040383,7,0,16,45040416,65535,0
224204,2000081693,45175178,45175705,527,2d002d,-17,45175161,7,0,16,45175194,65535,0
224144,2000081404,45179138,45179665,527,2d002d,-16,45179122,0,20,16,45179154,65535,0
224686,2000082964,45202632,45203166,534,2d002d,-17,45202615,7,0,16,45202648,65535,0
223683,2000079546,45203178,45203705,527,2d002d,-12,45203166,224686,20,16,45203194,65535,0
223995,2000080852,45211305,45211832,527,280028,-16,45211289,0,2,16,45211321,65535,0
224419,2000082362,45221792,45222319,527,280028,-12,45221780,205998,24,16,45221808,65535,0
224688,2000082966,45228047,45228581,534,280028,-17,45228030,7,0,16,45228063,65535,0
224140,2000081398,45231716,45232243,527,280028,-17,45231699,7,0,16,45231732,65535,0
221734,2000072288,45232255,45232789,534,280028,-17,45232238,7,0,16,45232271,65535,2
224205,2000081694,45245456,45245983,527,280028,-12,45245444,136153,4,16,45245472,65535,0
222390,2000076019,45261676,45262203,527,14000a,-12,45261664,136461,10,16,45261692,65535,0
224406,2000082327,45266452,45266979,527,280028,-17,45266435,7,0,16,45266468,65535,0
223996,2000080853,45273866,45274393,527,280028,-17,45273849,7,0,16,45273882,65535,0
224136,2000081393,45280527,45281098,571,280028,-17,45280510,7,0,16,45280543,65535,0
223685,2000079553,45281110,45281637,527,280028,-17,45281093,7,0,16,45281126,65535,0
224284,2000081995,45282764,45283291,527,280028,-17,45282747,7,0,16,45282780,65535,0
224828,2000083234,45284807,45285410,603,230032,-16,45284791,0,19,16,45284823,65535,0
224799,2000083173,45287542,45288088,546,3a003a,-17,45287525,7,0,16,45287558,65535,0
224219,2000081811,45290443,45290970,527,230023,-12,45290431,136244,22,16,45290459,65535,0
224210,2000081700,45296533,45297060,527,230023,-17,45296516,7,0,16,45296549,65535,0
224690,2000082968,45310775,45311309,534,280028,-17,45310758,7,0,16,45310791,65535,0
223729,2000079650,45311867,45312394,527,230023,-17,45311850,7,0,16,45311883,65535,0
224139,2000081396,45313634,45314161,527,230023,-17,45313617,7,0,16,45313650,65535,0
224142,2000081400,45314173,45314700,527,230023,-17,45314156,7,0,16,45314189,65535,0
224407,2000082330,45317222,45317749,527,230023,-17,45317205,7,0,16,45317238,65535,0
224681,2000082959,45324868,45325395,527,230023,-17,45324851,7,0,16,45324884,65535,0
223594,2000079373,45326288,45326822,534,230023,-17,45326271,7,0,16,45326304,65535,0
223633,2000079446,45327300,45327827,527,230023,-17,45327283,7,0,16,45327316,65535,0
224408,2000082331,45333712,45334239,527,230023,-17,45333695,7,0,16,45333728,65535,0
223935,2000080553,45337078,45337605,527,230023,-17,45337061,7,0,16,45337094,65535,0
223766,2000079820,45338629,45339156,527,230023,-17,45338612,7,0,16,45338645,65535,0
224220,2000081813,45340681,45341208,527,230023,-17,45340664,7,0,16,45340697,65535,0
224286,2000081997,45341766,45342293,527,1e001e,-12,45341754,136620,2,16,45341782,65535,0
224221,2000081815,45355696,45356235,539,1e001e,-17,45355679,7,0,16,45355712,65535,0
224199,2000081688,45356786,45357313,527,1e001e,-17,45356769,7,0,16,45356802,65535,0
223588,2000079358,45357325,45357852,527,1e001e,-12,45357313,224199,24,16,45357341,65535,0
223370,2000078836,45371453,45371987,534,1e001e,-17,45371436,7,0,16,45371469,65535,0
223991,2000080848,45375667,45376194,527,1e001e,-12,45375655,189866,14,16,45375683,65535,0
224682,2000082960,45378065,45378592,527,1e001e,-17,45378048,7,0,16,45378081,65535,0
224409,2000082335,45380614,45381141,527,1e001e,-17,45380597,7,0,16,45380630,65535,0
224145,2000081406,45383495,45384022,527,1e001e,-17,45383478,7,0,16,45383511,65535,0
224687,2000082965,45386507,45387041,534,1e001e,-17,45386490,7,0,16,45386523,65535,0
224222,2000081818,45387978,45388505,527,1e001e,-17,45387961,7,0,16,45387994,65535,0
224223,2000081819,45388517,45389044,527,1e001e,-17,45388500,7,0,16,45388533,65535,0
224224,2000081822,45389056,45389583,527,1e001e,-17,45389039,7,0,16,45389072,65535,0
223419,2000078921,45399666,45400193,527,1e001e,-17,45399649,7,0,16,45399682,65535,0
223809,2000079979,45403233,45403760,527,1e001e,-17,45403216,7,0,16,45403249,65535,0
223420,2000078922,45406197,45406724,527,1e001e,-17,45406180,7,0,16,45406213,65535,0
224202,2000081691,45407828,45408355,527,190019,-17,45407811,7,0,16,45407844,65535,0
223612,2000079404,45410274,45410801,527,190019,-16,45410258,0,2,16,45410290,65535,0
224211,2000081701,45410813,45411340,527,1e001e,-17,45410796,7,0,16,45410829,65535,0
224225,2000081825,45411352,45411879,527,1e001e,-17,45411335,7,0,16,45411368,65535,0
223730,2000079652,45412430,45412957,527,190019,-17,45412413,7,0,16,45412446,65535,0
224201,2000081690,45415066,45415593,527,190019,-17,45415049,7,0,16,45415082,65535,0
223615,2000079409,45415605,45416168,563,190019,-12,45415593,224201,26,16,45415621,65535,0
224203,2000081692,45416743,45417270,527,190019,-17,45416726,7,0,16,45416759,65535,0
223811,2000079983,45418987,45419531,544,190019,-17,45418970,7,0,16,45419003,65535,0
223422,2000078924,45420119,45420646,527,190019,-17,45420102,7,0,16,45420135,65535,0
223728,2000079649,45420658,45421185,527,190019,-17,45420641,7,0,16,45420674,65535,0
224147,2000081410,45421197,45421736,539,190019,-17,45421180,7,0,16,45421213,65535,0
224209,2000081699,45422177,45422704,527,190019,-17,45422160,7,0,16,45422193,65535,0
223717,2000079622,45423255,45423782,527,190019,-17,45423238,7,0,16,45423271,65535,0
224262,2000081931,45436463,45437027,564,190019,-17,45436446,7,0,16,45436479,65535,0
224148,2000081412,45438407,45438934,527,190019,-12,45438395,136631,21,16,45438423,65535,0
224214,2000081720,45438946,45439510,564,190019,-12,45438934,224148,4,16,45438962,4607,0
224683,2000082961,45443087,45443614,527,190019,-17,45443070,7,0,16,45443103,65535,0
224689,2000082967,45445690,45446224,534,190019,-17,45445673,7,0,16,45445706,65535,0
223423,2000078925,45446236,45446763,527,190019,-12,45446224,224689,23,16,45446252,65535,0
223993,2000080850,45447204,45447731,527,190019,-17,45447187,7,0,16,45447220,65535,0
223424,2000078926,45448355,45448882,527,190019,-17,45448338,7,0,16,45448371,65535,0
223425,2000078927,45448894,45449421,527,190019,-17,45448877,7,0,16,45448910,65535,0
223426,2000078928,45453683,45454210,527,190019,-17,45453666,7,0,16,45453699,65535,0
224198,2000081687,45454768,45455295,527,140014,-17,45454751,7,0,16,45454784,65535,0
224200,2000081689,45455853,45456380,527,140014,-17,45455836,7,0,16,45455869,65535,0
223427,2000078929,45459645,45460172,527,140014,-17,45459628,7,0,16,45459661,65535,0
223428,2000078930,45460184,45460711,527,140014,-17,45460167,7,0,16,45460200,65535,0
223430,2000078932,45460723,45461250,527,140014,-17,45460706,7,0,16,45460739,65535,0
223688,2000079564,45462865,45463392,527,140014,-17,45462848,7,0,16,45462881,65535,0
224149,2000081416,45463404,45463975,571,140014,-17,45463387,7,0,16,45463420,65535,0
223725,2000079645,45467185,45467712,527,140014,-16,45467169,0,26,16,45467201,65535,0
223723,2000079643,45468307,45468834,527,140014,-17,45468290,7,0,16,45468323,65535,0
223690,2000079566,45468846,45469373,527,140014,-12,45468834,223723,27,16,45468862,65535,0
223689,2000079565,45469814,45470341,527,140014,-17,45469797,7,0,16,45469830,65535,0
224287,2000082000,45479931,45480458,527,140014,-17,45479914,7,0,16,45479947,65535,0
224212,2000081702,45480470,45480997,527,140014,-16,45480454,0,31,16,45480486,65535,0
224197,2000081685,45481009,45481536,527,140014,-17,45480992,7,0,16,45481025,65535,0
224684,2000082962,45487170,45487697,527,140014,-12,45487158,136664,15,16,45487186,65535,0
223634,2000079447,45487709,45488236,527,140014,-12,45487697,224684,18,16,45487725,65535,0
224096,2000081249,45489106,45489633,527,140014,-17,45489089,7,0,16,45489122,65535,0
223994,2000080851,45491636,45492163,527,140014,-17,45491619,7,0,16,45491652,65535,0
223992,2000080849,45492604,45493131,527,140014,-17,45492587,7,0,16,45492620,65535,0
223773,2000079834,45493689,45494216,527,140014,-17,45493672,7,0,16,45493705,65535,0
224288,2000082002,45496580,45497107,527,140014,-17,45496563,7,0,16,45496596,65535,0
223431,2000078933,45498989,45499516,527,140014,-17,45498972,7,0,16,45499005,65535,0
223731,2000079653,45499528,45500055,527,140014,-17,45499511,7,0,16,45499544,65535,0
223722,2000079642,45500067,45500594,527,140014,-17,45500050,7,0,16,45500083,65535,0
223718,2000079623,45500606,45501133,527,140014,-12,45500594,223722,26,16,45500622,65535,0
223726,2000079646,45503359,45503886,527,0f000f,-17,45503342,7,0,16,45503375,65535,0
221483,2000071417,45511132,45511689,557,0f000f,-17,45511115,7,0,16,45511148,65535,0
223724,2000079644,45512713,45513240,527,0f000f,-17,45512696,7,0,16,45512729,65535,0
224150,2000081418,45515556,45516144,588,0f000f,-17,45515539,7,0,16,45515572,65535,0
223432,2000078934,45518464,45518991,527,0f000f,-17,45518447,7,0,16,45518480,65535,0
223720,2000079638,45520965,45521492,527,0f000f,-16,45520949,0,4,16,45520981,65535,0
223721,2000079639,45522938,45523465,527,0f000f,-17,45522921,7,0,16,45522954,65535,0
224207,2000081696,45523477,45524004,527,0f000f,-12,45523465,223721,23,16,45523493,65535,0
223719,2000079637,45524016,45524543,527,0f000f,-12,45524004,224207,32,16,45524032,65535,0
223727,2000079648,45524555,45525082,527,0a000a,-12,45524543,223719,21,7,45524562,65546,31
224206,2000081695,45527992,45528519,527,0a000a,-17,45527975,7,0,7,45527999,65546,30
224152,2000081423,45531105,45531632,527,0a000a,-17,45531088,7,0,7,45531112,65546,30
223433,2000078935,45545410,45545937,527,0a000a,-17,45545393,7,0,7,45545417,65546,29
224196,2000081684,45547677,45548204,527,050005,-17,45547660,7,0,7,45547684,65541,25
224208,2000081698,45550001,45550528,527,050005,-17,45549984,7,0,7,45550008,65541,25
221620,2000071975,45653967,45654513,546,000000,-12,45653955,221808,22,5,45653972,0,0
221077,2000069893,47190309,47190863,554,2b002b,-17,47190292,7,0,16,47190325,65535,0
225188,2000084258,47441006,47441538,532,320032,-17,47440989,7,0,16,47441022,65535,0
225190,2000084260,47444275,47444814,539,320032,-17,47444258,7,0,16,47444291,65535,0
223549,2000079262,47578429,47578956,527,320032,-12,47578417,28145,29,16,47578445,65535,0
222515,2000076385,47989846,47990391,545,2b002b,-12,47989834,134619,6,16,47989862,65535,0
223131,2000078048,48240042,48240579,537,270027,-17,48240025,7,0,16,48240058,65535,0
221160,2000070338,48242801,48243340,539,260026,-17,48242784,7,0,16,48242817,65535,0
221159,2000070337,48243903,48244447,544,260026,-17,48243886,7,0,16,48243919,65535,0
222963,2000077527,48429242,48429789,547,260026,-17,48429225,7,0,16,48429258,65535,0
222962,2000077513,48431527,48432067,540,260026,-17,48431510,7,0,16,48431543,65535,0
224853,2000083301,48438051,48438640,589,230023,-12,48438039,132264,28,16,48438067,65535,0
223687,2000079563,48439727,48440301,574,270027,-17,48439710,7,0,16,48439743,65535,0
225225,2000084305,48500277,48500814,537,230023,-17,48500260,7,2,16,48500293,65535,0
223952,2000080619,48508821,48509375,554,270027,-17,48508804,7,0,16,48508837,65535,0
224143,2000081401,48534373,48534917,544,220022,-17,48534356,7,0,16,48534389,65535,0
224524,2000082610,48586785,48587322,537,1e001e,-17,48586768,7,0,16,48586801,65535,0
225229,2000084309,48608677,48609214,537,1e001e,-17,48608660,7,0,16,48608693,65535,0
223947,2000080612,48614060,48614599,539,1e001e,-17,48614043,7,0,7,48614067,131102,30
222965,2000077536,48626452,48626991,539,1e001e,-17,48626435,7,0,7,48626459,196638,30
222969,2000077551,48627484,48628028,544,1e001e,-17,48627467,7,2,7,48627491,196638,30
222970,2000077553,48629484,48630028,544,1e001e,-16,48629468,0,12,7,48629491,131102,30
223126,2000078038,48650300,48650881,581,1e001e,-17,48650283,7,0,16,48650316,65535,0
223128,2000078043,48650893,48651425,532,1e001e,-17,48650876,7,0,16,48650909,65535,0
223140,2000078061,48651437,48651981,544,1e001e,-17,48651420,7,0,7,48651444,131102,30
224579,2000082744,48656308,48656840,532,1e001e,-17,48656291,7,0,16,48656324,65535,0
223779,2000079878,48666040,48666577,537,1e001e,-17,48666023,7,0,7,48666047,131102,30
220828,2000068927,48672256,48672795,539,210021,-16,48672240,0,11,7,48672263,65569,30
220829,2000068928,48672807,48673351,544,260026,-17,48672790,7,0,7,48672814,65574,30
221161,2000070339,48685920,48686457,537,1e001e,-17,48685903,7,0,7,48685927,131102,30
221162,2000070340,48686469,48687013,544,1e001e,-17,48686452,7,0,7,48686476,65566,30
221163,2000070341,48687025,48687564,539,1e001e,-17,48687008,7,0,7,48687032,65566,30
221164,2000070342,48687576,48688110,534,1e001e,-17,48687559,7,0,7,48687583,65566,30
221165,2000070343,48688122,48688661,539,1e001e,-17,48688105,7,0,7,48688129,65566,30
224006,2000080867,48690361,48690898,537,1e001e,-17,48690344,7,0,7,48690368,196638,30
224000,2000080857,48696842,48697369,527,1e001e,-12,48696830,132863,28,7,48696849,196638,30
222457,2000076211,48700136,48700680,544,1e001e,-17,48700119,7,0,16,48700152,65535,0
222458,2000076214,48705226,48705765,539,1e001e,-17,48705209,7,0,16,48705242,65535,0
222459,2000076216,48705777,48706321,544,1e001e,-17,48705760,7,0,16,48705793,65535,0
222462,2000076229,48706914,48707458,544,1e001e,-12,48706902,134429,3,7,48706921,196638,30
223960,2000080678,48724960,48725505,545,1b001b,-17,48724943,7,0,7,48724967,65563,25
222499,2000076356,48730542,48731074,532,1b001b,-17,48730525,7,0,7,48730549,65563,25
224410,2000082342,48735434,48735978,544,190019,-17,48735417,7,0,16,48735450,65535,0
224696,2000082980,48738116,48738696,580,190019,-17,48738099,7,0,16,48738132,65535,0
225144,2000084102,48738708,48739240,532,190019,-17,48738691,7,2,16,48738724,65535,0
221717,2000072234,48739252,48739796,544,1b001b,-17,48739235,7,0,16,48739268,65535,0
225230,2000084310,48744792,48745329,537,190019,-17,48744775,7,0,16,48744808,65535,0
225226,2000084306,48745897,48746429,532,190019,-17,48745880,7,0,16,48745913,65535,0
224857,2000083318,48746992,48747542,550,190019,-17,48746975,7,0,16,48747008,65535,0
223959,2000080674,48751098,48751667,569,1b001b,-17,48751081,7,0,7,48751105,131099,25
224411,2000082345,48751679,48752211,532,190019,-17,48751662,7,0,16,48751695,65535,0
220963,2000069423,48762319,48762859,540,1b001b,-17,48762302,7,0,7,48762326,131099,25
224715,2000083013,48767739,48768283,544,190019,-17,48767722,7,0,7,48767746,196633,25
221895,2000072684,48768295,48768887,592,250025,-17,48768278,7,0,16,48768311,65535,0
224701,2000082986,48769450,48769994,544,190019,-17,48769433,7,0,16,48769466,65535,0
224434,2000082401,48770006,48770543,537,190019,-17,48769989,7,0,16,48770022,65535,0
221542,2000071766,48772815,48773367,552,180018,-16,48772799,0,26,7,48772822,131096,23
223048,2000077798,48773935,48774474,539,140014,-17,48773918,7,0,7,48773942,131092,22
223051,2000077809,48774486,48775037,551,140014,-17,48774469,7,0,7,48774493,65556,22
224464,2000082460,48778374,48778913,539,140014,-17,48778357,7,0,16,48778390,65535,0
224700,2000082985,48782885,48783462,577,140014,-17,48782868,7,0,16,48782901,65535,0
224526,2000082613,48784611,48785148,537,140014,-17,48784594,7,0,7,48784618,65556,20
224781,2000083140,48787421,48787966,545,140014,-17,48787404,7,0,16,48787437,65535,0
224528,2000082616,48787978,48788515,537,140014,-16,48787962,0,13,7,48787985,65556,20
224699,2000082984,48790673,48791220,547,140014,-17,48790656,7,0,16,48790689,65535,0
224784,2000083143,48792340,48792904,564,140014,-12,48792328,215624,21,16,48792356,65535,0
224698,2000082982,48792916,48793455,539,140014,-16,48792900,0,16,16,48792932,65535,0
220964,2000069424,48797908,48798485,577,120012,-17,48797891,7,0,7,48797915,65554,20
224938,2000083498,48847384,48847811,427,000000,-17,48847367,7,0,5,48847389,0,0
223118,2000078025,49334471,49335071,600,000000,-17,49334454,7,0,5,49334476,0,0
221454,2000071316,49346504,49347073,569,420042,-17,49346487,7,0,16,49346520,5119,0
223441,2000078970,49412822,49413349,527,000000,-12,49412810,183490,12,5,49412827,0,0
223482,2000079045,49418775,49419309,534,3c003c,-17,49418758,7,0,16,49418791,4607,0
221458,2000071322,49424420,49424989,569,3c003c,-4,49424416,222726,18,16,49424436,4863,0
222185,2000074554,49427988,49428527,539,3b003b,-17,49427971,7,0,16,49428004,65535,0
222395,2000076039,49429715,49430249,534,3b003b,-17,49429698,7,0,16,49429731,4863,0
222396,2000076041,49430261,49430795,534,3b003b,-12,49430249,222395,7,16,49430277,4863,0
220868,2000069059,49431951,49432490,539,3b003b,-17,49431934,7,0,16,49431967,4607,0
221522,2000071709,49443183,49443715,532,3a003a,-17,49443166,7,0,16,49443199,65535,0
224620,2000082812,49466267,49466806,539,370037,-12,49466255,198956,32,16,49466283,65535,0
223478,2000079038,49482201,49482740,539,370037,-17,49482184,7,0,16,49482217,65535,0
224732,2000083044,49483592,49484126,534,370037,-17,49483575,7,0,16,49483608,65535,0
224896,2000083394,49546187,49546726,539,320032,-17,49546170,7,0,16,49546203,65535,0
224888,2000083381,49558828,49559367,539,320032,-17,49558811,7,0,16,49558844,65535,0
224885,2000083375,49559379,49559913,534,320032,-17,49559362,7,0,16,49559395,65535,0
225254,2000084350,49584680,49585207,527,300030,-17,49584663,7,0,16,49584696,65535,0
225171,2000084185,49588037,49588569,532,300030,-12,49588025,122730,1,16,49588053,65535,0
224621,2000082815,49643565,49644104,539,2d002d,-17,49643548,7,0,16,49643581,65535,0
220869,2000069060,49648224,49648763,539,2d002d,-17,49648207,7,0,16,49648240,65535,0
224894,2000083391,49653035,49653569,534,2d002d,-17,49653018,7,0,16,49653051,65535,0
221545,2000071788,49653581,49653998,417,2d002d,-17,49653564,7,0,16,49653597,65535,0
224889,2000083383,49654010,49654544,534,2d002d,-17,49653993,7,0,16,49654026,65535,0
220939,2000069271,49663302,49663841,539,2c002c,-12,49663290,124100,3,16,49663318,65535,0
225263,2000084360,49678917,49679376,459,2b002b,-17,49678900,7,0,16,49678933,65535,0
220830,2000068929,49723603,49724172,569,290029,-17,49723586,7,0,16,49723619,65535,0
221710,2000072219,49724184,49724718,534,280028,-17,49724167,7,0,16,49724200,65535,0
221712,2000072221,49728838,49729377,539,280028,-17,49728821,7,0,16,49728854,65535,0
221523,2000071712,49730887,49731421,534,280028,-17,49730870,7,0,16,49730903,65535,0
221711,2000072220,49734581,49735137,556,280028,-17,49734564,7,0,16,49734597,65535,0
221524,2000071714,49735149,49735688,539,280028,-12,49735137,221711,28,16,49735165,65535,0
224932,2000083486,51496301,51496850,549,000000,-17,51496284,7,0,5,51496306,0,0
222613,2000076590,51845924,51846492,568,420042,-17,51845907,7,0,16,51845940,65535,0
223232,2000078342,51921197,51921734,537,410041,-16,51921181,0,18,16,51921213,65535,0
220911,2000069193,52035228,52035819,591,370037,-17,52035211,7,0,16,52035244,65535,0
224309,2000082046,52057784,52058353,569,3e003e,-17,52057767,7,0,16,52057800,65535,0
223595,2000079374,52144222,52144761,539,3c003c,-17,52144205,7,0,16,52144238,65535,0
222450,2000076166,52220978,52221515,537,3c003c,-17,52220961,7,0,16,52220994,65535,0
222250,2000075049,52254105,52254649,544,3a003a,-17,52254088,7,0,16,52254121,65535,0
223593,2000079369,52266686,52267260,574,3a003a,-17,52266669,7,0,16,52266702,65535,0
223292,2000078576,52286180,52286741,561,390039,-17,52286163,7,0,16,52286196,65535,0
224649,2000082865,52315047,52315579,532,380038,-16,52315031,0,18,16,52315063,65535,0
223098,2000077965,52396484,52397028,544,370037,-17,52396467,7,0,16,52396500,65535,0
222467,2000076274,52397503,52398047,544,370037,-17,52397486,7,0,16,52397519,65535,0
222287,2000075366,52398655,52399212,557,370037,-17,52398638,7,0,16,52398671,65535,0
223231,2000078341,52423583,52424120,537,370037,-17,52423566,7,0,16,52423599,65535,0
223941,2000080595,52548728,52549267,539,340034,-17,52548711,7,0,16,52548744,65535,0
223285,2000078564,52558471,52559003,532,330033,-17,52558454,7,0,16,52558487,65535,0
223291,2000078575,52560562,52561138,576,330033,-17,52560545,7,0,16,52560578,65535,0
223872,2000080168,52562325,52562899,574,330033,-17,52562308,7,0,16,52562341,65535,0
222280,2000075309,52563485,52564029,544,330033,-17,52563468,7,0,16,52563501,65535,0
222283,2000075348,52649835,52650367,532,320032,-17,52649818,7,0,16,52649851,65535,0
224301,2000082022,52663761,52664293,532,320032,-17,52663744,7,0,16,52663777,65535,0
223763,2000079817,52685204,52685743,539,320032,-17,52685187,7,0,16,52685220,65535,0
223090,2000077933,52711786,52712330,544,320032,-12,52711774,211837,3,16,52711802,65535,0
223942,2000080596,52713193,52713737,544,320032,-17,52713176,7,0,16,52713209,65535,0
223083,2000077897,52727467,52728011,544,310031,-17,52727450,7,0,16,52727483,65535,0
223093,2000077944,52729142,52729686,544,310031,-17,52729125,7,0,16,52729158,65535,0
223081,2000077895,52729698,52730237,539,310031,-17,52729681,7,0,16,52729714,65535,0
224157,2000081433,52744674,52745208,534,300030,-17,52744657,7,0,16,52744690,65535,0
223900,2000080307,52762523,52763060,537,2f002f,-17,52762506,7,0,16,52762539,65535,0
223859,2000080143,52765051,52765595,544,2f002f,-16,52765035,0,21,16,52765067,65535,0
223869,2000080164,52781290,52781864,574,2e002e,-17,52781273,7,0,16,52781306,65535,0
223092,2000077935,52796147,52796691,544,2d002d,-17,52796130,7,0,16,52796163,65535,0
223089,2000077932,52796703,52797240,537,2d002d,-17,52796686,7,0,16,52796719,65535,0
223082,2000077896,52798769,52799313,544,2d002d,-17,52798752,7,0,16,52798785,65535,0
223861,2000080151,52801601,52802145,544,2d002d,-17,52801584,7,0,16,52801617,65535,0
223857,2000080139,52805832,52806364,532,2d002d,-17,52805815,7,0,16,52805848,65535,0
223080,2000077894,52808940,52809479,539,2d002d,-17,52808923,7,0,16,52808956,65535,0
223764,2000079818,52822724,52823280,556,2d002d,-17,52822707,7,0,16,52822740,65535,0
224299,2000082020,52842595,52843134,539,2d002d,-17,52842578,7,0,16,52842611,65535,0
224319,2000082078,52846960,52847499,539,2d002d,-16,52846944,0,22,16,52846976,65535,0
224329,2000082111,52851038,52851575,537,2d002d,-12,52851026,205750,31,16,52851054,65535,0
224335,2000082131,52853492,52854029,537,2d002d,-17,52853475,7,0,16,52853508,65535,0
223238,2000078350,52859657,52860201,544,2d002d,-17,52859640,7,0,16,52859673,65535,0
223222,2000078321,52860213,52860745,532,2d002d,-12,52860201,223238,14,16,52860229,65535,0
223221,2000078320,52860757,52861289,532,2d002d,-17,52860740,7,0,16,52860773,65535,0
224651,2000082870,52872964,52873501,537,2d002d,-17,52872947,7,0,16,52872980,65535,0
224318,2000082077,52958377,52958921,544,2c002c,-17,52958360,7,0,16,52958393,65535,0
223186,2000078178,52978788,52979362,574,2b002b,-17,52978771,7,0,16,52978804,65535,0
224320,2000082079,52979953,52980492,539,2a002a,-17,52979936,7,0,16,52979969,65535,0
224317,2000082076,53008445,53008984,539,2a002a,-17,53008428,7,0,16,53008461,65535,0
221352,2000070841,53010147,53010681,534,290029,-17,53010130,7,0,16,53010163,65535,0
223858,2000080141,53012182,53012721,539,290029,-17,53012165,7,0,16,53012198,65535,0
223873,2000080171,53013131,53013705,574,290029,-17,53013114,7,0,16,53013147,65535,0
224305,2000082033,53026124,53026663,539,280028,-17,53026107,7,0,16,53026140,65535,0
224330,2000082119,53027517,53028056,539,280028,-12,53027505,176819,18,16,53027533,65535,0
223233,2000078343,53120709,53121248,539,280028,-17,53120692,7,0,16,53120725,65535,0
223855,2000080133,53126251,53126795,544,280028,-17,53126234,7,0,16,53126267,65535,0
223862,2000080154,53126807,53127376,569,280028,-12,53126795,223855,5,16,53126823,65535,0
224731,2000083041,53140843,53141380,537,260026,-17,53140826,7,0,16,53140859,65535,0
222614,2000076594,53261490,53262064,574,1e001e,-17,53261473,7,0,16,53261506,65535,0
222749,2000076933,53278012,53278544,532,1b001b,-17,53277995,7,0,16,53278028,65535,0
224272,2000081978,53281692,53282236,544,1e001e,-17,53281675,7,0,7,53281699,65566,30
222796,2000077077,53289391,53289928,537,1b001b,-17,53289374,7,0,7,53289398,196635,29
222791,2000077043,53289940,53290514,574,1b001b,-12,53289928,222796,21,7,53289947,196635,29
222616,2000076596,53290526,53291100,574,1d001d,-17,53290509,7,0,7,53290533,196637,29
222699,2000076800,53291668,53292242,574,1b001b,-12,53291656,220438,21,7,53291675,196635,29
222797,2000077082,53292254,53292803,549,1b001b,-12,53292242,222699,0,7,53292261,196635,29
222744,2000076926,53294542,53295111,569,1b001b,-17,53294525,7,0,7,53294549,196635,28
222586,2000076508,53295123,53295697,574,1a001a,-16,53295107,0,24,7,53295130,196634,28
222562,2000076449,53295709,53296290,581,1b001b,-17,53295692,7,0,7,53295716,196635,28
222745,2000076929,53296674,53297206,532,1b001b,-17,53296657,7,0,7,53296681,196635,28
222588,2000076511,53299564,53300145,581,1b001b,-12,53299552,174396,29,7,53299571,196635,28
222585,2000076507,53300157,53300731,574,1b001b,-17,53300140,7,0,7,53300164,196635,28
222642,2000076662,53300743,53301317,574,1a001a,-17,53300726,7,0,7,53300750,196634,28
222748,2000076932,53301329,53301898,569,1b001b,-17,53301312,7,0,7,53301336,196635,27
222700,2000076801,53302855,53303429,574,1a001a,-17,53302838,7,0,7,53302862,196634,27
222795,2000077071,53303441,53303973,532,1b001b,-12,53303429,222700,1,7,53303448,196635,27
222563,2000076451,53303985,53304559,574,1b001b,-12,53303973,222795,15,7,53303992,196635,27
222702,2000076806,53305152,53305738,586,1b001b,-17,53305135,7,0,7,53305159,196635,27
222701,2000076803,53305750,53306317,567,1b001b,-12,53305738,222702,6,7,53305757,196635,27
222874,2000077262,53306329,53306915,586,1b001b,-12,53306317,222701,3,7,53306336,196635,27
222703,2000076807,53307471,53307935,464,1a001a,-17,53307454,7,0,7,53307478,196634,27
222564,2000076452,53308528,53309060,532,1a001a,-17,53308511,7,0,7,53308535,196634,26
221672,2000072139,53313817,53314251,434,190019,-17,53313800,7,0,7,53313824,65561,25
223153,2000078090,54137094,54137628,534,4b004b,-16,54137078,0,21,16,54137110,65535,0
223158,2000078104,54174913,54175447,534,4a004a,-17,54174896,7,0,16,54174929,65535,0
223447,2000078989,54209572,54210106,534,480048,-12,54209560,195306,10,16,54209588,65535,0
223443,2000078981,54215535,54216069,534,470047,-17,54215518,7,0,16,54215551,65535,0
223455,2000079003,54232731,54233265,534,470047,-17,54232714,7,0,16,54232747,65535,0
223440,2000078967,54273935,54274469,534,470047,-17,54273918,7,0,16,54273951,65535,0
224146,2000081409,54275655,54276189,534,460046,-12,54275643,195657,2,16,54275671,65535,0
224024,2000080937,54312059,54312635,576,3c003c,-17,54312042,7,0,16,54312075,65535,0
224315,2000082069,54322095,54322622,527,460046,-17,54322078,7,0,16,54322111,65535,0
224322,2000082083,54329509,54330036,527,460046,-12,54329497,195775,6,16,54329525,65535,0
223308,2000078629,54345261,54345795,534,000000,-17,54345244,7,0,5,54345266,0,0
223392,2000078880,54357838,54358365,527,410041,-17,54357821,7,0,16,54357854,65535,0
220938,2000069267,54373762,54374319,557,3c003c,-24,54373738,65281,1,16,54373778,65535,0
220877,2000069080,54463610,54464144,534,3c003c,-17,54463593,7,0,16,54463626,65535,0
224439,2000082413,54522203,54522737,534,410041,-17,54522186,7,0,16,54522219,65535,0
222394,2000076032,54527294,54527858,564,400040,-17,54527277,7,0,16,54527310,65535,0
224173,2000081492,54540313,54540840,527,3c003c,-17,54540296,7,0,16,54540329,65535,0
223927,2000080471,54541944,54542490,546,320037,-12,54541932,199410,1,16,54541960,65535,0
224872,2000083353,54598846,54599410,564,3c003c,-17,54598829,7,0,16,54598862,65535,0
223538,2000079240,54614423,54614950,527,3c003c,-16,54614407,0,0,16,54614439,4607,0
223874,2000080182,54623148,54623682,534,320032,-17,54623131,7,0,16,54623164,65535,0
224070,2000081088,54647692,54648263,571,3c003c,-17,54647675,7,0,16,54647708,65535,0
223926,2000080469,54650863,54651390,527,320032,-12,54650851,195653,6,16,54650879,65535,0
223876,2000080191,54655148,54655682,534,320032,-17,54655131,7,0,16,54655164,65535,0
222260,2000075112,54660525,54661059,534,3c003c,-17,54660508,7,0,16,54660541,65535,0
223889,2000080221,54664555,54665119,564,280028,-17,54664538,7,0,16,54664571,65535,0
224431,2000082397,54668302,54668836,534,000000,-12,54668290,201220,31,5,54668307,0,0
223288,2000078570,54669970,54670521,551,320032,-12,54669958,196309,1,16,54669986,65535,0
223881,2000080206,54681497,54682031,534,280028,-12,54681485,10083,12,16,54681513,65535,0
223891,2000080227,54782889,54783433,544,280028,-12,54782877,207245,11,16,54782905,65535,0
223289,2000078571,54783991,54784547,556,2d002d,-17,54783974,7,0,16,54784007,65535,0
223877,2000080195,54785105,54785639,534,280028,-17,54785088,7,0,16,54785121,65535,0
223883,2000080210,54786197,54786731,534,280028,-12,54786185,196464,24,16,54786213,65535,0
223878,2000080202,54789483,54790017,534,280028,-12,54789471,213881,4,16,54789499,65535,0
223287,2000078569,54798150,54798711,561,32002d,-17,54798133,7,0,16,54798166,65535,0
223885,2000080214,54799262,54799796,534,280028,-17,54799245,7,0,16,54799278,65535,0
223290,2000078572,54801827,54802383,556,2d002d,-16,54801811,0,7,16,54801843,65535,0
224420,2000082366,54804825,54805359,534,320032,-12,54804813,218484,29,16,54804841,65535,0
224344,2000082147,54813786,54814320,534,370037,-12,54813774,196469,29,16,54813802,65535,0
224421,2000082369,54826227,54826761,534,320032,-17,54826210,7,0,16,54826243,65535,0
223928,2000080472,54852820,54853347,527,1e001e,-17,54852803,7,0,16,54852836,65535,0
222971,2000077557,55368911,55369494,583,5a0041,-17,55368894,7,0,16,55368927,65535,0
222945,2000077445,55673720,55674299,579,4f004f,-17,55673703,7,0,16,55673736,65535,0
223980,2000080757,55679162,55679753,591,4b004b,-17,55679145,7,0,16,55679178,4863,0
221513,2000071620,55751140,55751748,608,520052,-12,55751128,124397,31,16,55751156,65535,0
221776,2000072370,55757252,55757855,603,4b004b,-17,55757235,7,0,16,55757268,65535,0
222565,2000076455,55770774,55771377,603,4b004b,-16,55770758,0,26,16,55770790,4863,0
222949,2000077464,55807865,55808414,549,4b004b,-17,55807848,7,0,16,55807881,4095,0
222940,2000077431,55849094,55849673,579,4e004e,-17,55849077,7,0,16,55849110,65535,0
224049,2000081029,55899932,55900528,596,480048,-17,55899915,7,0,16,55899948,4607,0
222480,2000076290,55907663,55908261,598,470047,-17,55907646,7,0,16,55907679,65535,0
222697,2000076791,55912520,55913069,549,450045,-17,55912503,7,0,16,55912536,65535,0
222948,2000077448,55920981,55921560,579,480048,-17,55920964,7,0,16,55920997,65535,0
221803,2000072451,56002446,56002927,481,440044,-17,56002429,7,0,16,56002462,65535,0
221806,2000072460,56036308,56036935,627,420042,-17,56036291,7,0,16,56036324,65535,0
224274,2000081982,56058027,56058606,579,000000,-17,56058010,7,0,5,56058032,0,0
221782,2000072388,56084082,56084709,627,480048,-12,56084070,124748,17,16,56084098,65535,0
221784,2000072391,56084721,56085331,610,480048,-17,56084704,7,0,16,56084737,65535,0
222944,2000077443,56088465,56089014,549,480048,-17,56088448,7,0,16,56088481,65535,0
222022,2000073515,56139676,56140225,549,370037,-16,56139660,0,29,16,56139692,65535,0
224165,2000081469,56202763,56203317,554,000000,-17,56202746,7,0,5,56202768,0,0
221801,2000072446,56203946,56204525,579,3c003c,-17,56203929,7,0,16,56203962,65535,0
221791,2000072423,56225915,56226506,591,420042,-12,56225903,126989,13,16,56225931,65535,0
221802,2000072447,56234037,56234616,579,3c003c,-17,56234020,7,0,16,56234053,65535,0
221194,2000070449,56242305,56242884,579,3c003c,-17,56242288,7,0,16,56242321,65535,0
222023,2000073517,56242896,56243511,615,420042,-16,56242880,0,10,16,56242912,65535,0
222942,2000077438,56243523,56244102,579,450045,-17,56243506,7,0,16,56243539,65535,0
224053,2000081039,56245348,56245934,586,370037,-17,56245331,7,0,16,56245364,65535,0
221781,2000072385,56256684,56257287,603,420042,-17,56256667,7,0,16,56256700,65535,0
221195,2000070452,56265718,56266297,579,2d002d,-17,56265701,7,0,16,56265734,65535,0
222019,2000073506,56268616,56269202,586,420042,-17,56268599,7,0,16,56268632,65535,0
221805,2000072456,56270307,56270893,586,3c003c,-17,56270290,7,0,16,56270323,65535,0
224916,2000083445,56273074,56273667,593,3c003c,-17,56273057,7,0,16,56273090,65535,0
221956,2000073174,56275877,56276456,579,320032,-17,56275860,7,0,16,56275893,65535,0
221780,2000072383,56296293,56296886,593,420042,-12,56296281,127328,31,16,56296309,65535,0
221795,2000072430,56301758,56302356,598,420042,-17,56301741,7,0,16,56301774,65535,0
221792,2000072427,56302368,56302959,591,420042,-17,56302351,7,0,16,56302384,65535,0
221786,2000072394,56303469,56304096,627,420042,-17,56303452,7,0,16,56303485,65535,0
222802,2000077104,56315805,56316391,586,3f003f,-17,56315788,7,0,16,56315821,65535,0
223768,2000079823,56324092,56324641,549,370037,-17,56324075,7,0,16,56324108,65535,0
224052,2000081035,56324653,56325232,579,370037,-16,56324637,0,24,16,56324669,65535,0
221972,2000073245,56340825,56341404,579,320032,-17,56340808,7,0,16,56340841,65535,0
221790,2000072422,56347099,56347678,579,3c003c,-17,56347082,7,0,16,56347115,65535,0
222694,2000076787,56361816,56362377,561,370037,-5,56361811,57856,0,16,56361832,65535,0
222804,2000077115,56364163,56364712,549,3f003f,-17,56364146,7,0,16,56364179,65535,0
221886,2000072647,56365205,56365784,579,3c003c,-17,56365188,7,0,16,56365221,65535,0
222928,2000077375,56369399,56369948,549,3f003f,-17,56369382,7,0,16,56369415,65535,0
224071,2000081091,56371845,56372394,549,370037,-16,56371829,0,25,16,56371861,65535,0
222017,2000073502,56374810,56375389,579,370037,-17,56374793,7,0,16,56374826,65535,0
221974,2000073253,56377898,56378477,579,320032,-12,56377886,218472,4,16,56377914,65535,0
222020,2000073511,56380350,56380965,615,370037,-17,56380333,7,0,16,56380366,65535,0
223414,2000078912,56385866,56386445,579,000000,-17,56385849,7,0,5,56385871,0,0
223384,2000078868,56386457,56387048,591,370037,-17,56386440,7,0,16,56386473,65535,0
224975,2000083554,56398531,56399110,579,370037,-17,56398514,7,0,16,56398547,65535,0
223821,2000080047,56405559,56406108,549,000000,-17,56405542,7,0,5,56405564,0,0
221311,2000070721,56455158,56455744,586,2d002d,-17,56455141,7,0,16,56455174,65535,0
224048,2000081026,56456042,56456621,579,370037,-12,56456030,124503,14,16,56456058,65535,0
224068,2000081080,56459395,56459974,579,3c003c,-17,56459378,7,0,16,56459411,4863,0
224069,2000081087,56459986,56460565,579,370037,-17,56459969,7,0,16,56460002,65535,0
221798,2000072437,56463776,56464355,579,3f003f,-17,56463759,7,0,16,56463792,65535,0
223484,2000079047,56465869,56466430,561,370037,-17,56465852,7,0,16,56465885,65535,0
221797,2000072436,56472294,56472880,586,3c003c,-17,56472277,7,0,16,56472310,65535,0
221888,2000072658,56484602,56485212,610,320032,-17,56484585,7,0,16,56484618,65535,0
221882,2000072625,56487021,56487600,579,370037,-17,56487004,7,0,16,56487037,65535,0
223748,2000079763,56495040,56495619,579,320032,-17,56495023,7,0,16,56495056,65535,0
224340,2000082138,56500002,56500581,579,350035,-13,56499989,209920,0,16,56500018,65535,0
221779,2000072377,56505960,56506546,586,2d002d,-17,56505943,7,0,16,56505976,65535,0
223712,2000079592,56506558,56507149,591,410041,-17,56506541,7,0,16,56506574,65535,0
221794,2000072429,56515620,56516211,591,2d002d,-17,56515603,7,0,16,56515636,65535,0
224657,2000082886,56516223,56516802,579,370037,-17,56516206,7,0,16,56516239,65535,0
221880,2000072623,56516814,56517363,549,320032,-17,56516797,7,0,16,56516830,65535,0
221887,2000072650,56517966,56518515,549,3c003c,-17,56517949,7,0,16,56517982,65535,0
221980,2000073264,56522027,56522606,579,370037,-17,56522010,7,0,16,56522043,65535,0
224171,2000081481,56525022,56525601,579,370037,-17,56525005,7,0,16,56525038,65535,0
221785,2000072393,56527998,56528589,591,330033,-16,56527982,0,9,16,56528014,65535,0
223510,2000079138,56529790,56530363,573,2d002d,-17,56529773,7,0,16,56529806,65535,0
224919,2000083461,56545638,56546224,586,370037,-17,56545621,7,0,16,56545654,65535,0
224566,2000082710,56553370,56553956,586,3c003c,-12,56553358,126807,3,16,56553386,65535,0
224073,2000081093,56559523,56560072,549,2d002d,-17,56559506,7,0,16,56559539,65535,0
223843,2000080104,56564511,56565060,549,000000,-17,56564494,7,0,5,56564516,0,0
224645,2000082856,56565670,56566249,579,370037,-17,56565653,7,0,16,56565686,65535,0
224662,2000082900,56568040,56568619,579,370037,-17,56568023,7,0,16,56568056,65535,0
221892,2000072666,56578299,56578848,549,370037,-17,56578282,7,0,16,56578315,65535,0
221903,2000072701,56581267,56581853,586,320032,-12,56581255,126238,32,16,56581283,65535,0
222761,2000076965,56591464,56592013,549,370037,-16,56591448,0,18,16,56591480,65535,0
223533,2000079218,56593615,56594194,579,3c003c,-12,56593603,124561,24,16,56593631,65535,0
221936,2000072942,56597017,56597566,549,320032,-12,56597005,10971,9,16,56597033,65535,0
223822,2000080048,56611546,56612095,549,000000,-24,56611522,65281,1,5,56611551,0,0
225069,2000083912,56617398,56618025,627,3c003c,-17,56617381,7,0,16,56617414,65535,0
224656,2000082885,56619243,56619822,579,370037,-17,56619226,7,0,16,56619259,65535,0
221998,2000073404,56632091,56632699,608,320032,-12,56632079,125057,25,16,56632107,65535,0
222018,2000073505,56633211,56633760,549,320032,-17,56633194,7,0,16,56633227,65535,0
223487,2000079051,56637838,56638424,586,2d002d,-17,56637821,7,0,16,56637854,65535,0
221877,2000072618,56638436,56639015,579,2d002d,-17,56638419,7,0,16,56638452,65535,0
223486,2000079049,56639423,56639972,549,370037,-17,56639406,7,0,16,56639439,65535,0
221192,2000070446,56642089,56642668,579,330033,-17,56642072,7,0,16,56642105,65535,0
221796,2000072434,56646667,56647282,615,2d002d,-17,56646650,7,0,16,56646683,65535,0
221896,2000072688,56647892,56648471,579,320032,-17,56647875,7,0,16,56647908,65535,0
224827,2000083233,56649037,56649623,586,370037,-17,56649020,7,0,16,56649053,65535,0
221884,2000072641,56652401,56652950,549,370037,-17,56652384,7,0,16,56652417,65535,0
222478,2000076287,56652962,56653523,561,330033,-17,56652945,7,0,16,56652978,65535,0
224559,2000082692,56653535,56654114,579,2c002c,-16,56653519,0,14,16,56653551,65535,0
221309,2000070710,56655911,56656497,586,3c003c,-16,56655895,0,4,16,56655927,65535,0
221984,2000073270,56658886,56659435,549,320032,-12,56658874,127135,21,16,56658902,65535,0
224778,2000083136,56660045,56660594,549,320032,-17,56660028,7,0,16,56660061,65535,0
224573,2000082720,56660606,56661185,579,2c002c,-16,56660590,0,10,16,56660622,65535,0
221885,2000072643,56669526,56670075,549,320032,-17,56669509,7,0,16,56669542,65535,0
224660,2000082894,56709907,56710486,579,370037,-17,56709890,7,0,16,56709923,65535,0
222612,2000076585,56727403,56727945,542,000000,-17,56727386,7,0,5,56727408,0,0
224569,2000082716,56775821,56776400,579,2c002c,-17,56775804,7,0,16,56775837,65535,0
224563,2000082699,56778125,56778674,549,2c002c,-17,56778108,7,0,16,56778141,65535,0
223770,2000079828,56780490,56781039,549,350035,-16,56780474,0,22,16,56780506,65535,0
221982,2000073266,56784282,56784831,549,2d002d,-17,56784265,7,0,16,56784298,65535,0
224178,2000081510,56791849,56792391,542,280028,-17,56791832,7,0,16,56791865,65535,0
221985,2000073273,56794207,56794756,549,320032,-17,56794190,7,0,16,56794223,65535,0
224137,2000081394,56797066,56797652,586,310031,-17,56797049,7,0,16,56797082,65535,0
221876,2000072616,56798060,56798609,549,2d002d,-17,56798043,7,0,16,56798076,65535,0
221881,2000072624,56800218,56800767,549,2d002d,-17,56800201,7,0,16,56800234,65535,0
221893,2000072667,56804864,56805413,549,370037,-17,56804847,7,0,16,56804880,65535,0
224555,2000082687,56831221,56831770,549,2c002c,-17,56831204,7,0,16,56831237,65535,0
224567,2000082712,56839638,56840187,549,2c002c,-12,56839626,127751,9,16,56839654,65535,0
223534,2000079219,56842369,56842948,579,370037,-16,56842353,0,22,16,56842385,65535,0
221978,2000073262,56844623,56845172,549,2d002d,-17,56844606,7,0,16,56844639,65535,0
224169,2000081477,56846798,56847347,549,2c002c,-16,56846782,0,11,16,56846814,65535,0
221986,2000073274,56847359,56847908,549,2d002d,-17,56847342,7,0,16,56847375,65535,0
224774,2000083128,56863765,56864314,549,2c002c,-17,56863748,7,0,16,56863781,65535,0
221799,2000072440,56873025,56873586,561,2a002a,-17,56873008,7,0,16,56873041,65535,0
224174,2000081493,56875414,56875963,549,2d002d,-17,56875397,7,0,16,56875430,65535,0
221879,2000072621,56877655,56878234,579,320032,-17,56877638,7,0,16,56877671,65535,0
223771,2000079832,56878844,56879393,549,340034,-17,56878827,7,0,16,56878860,65535,0
221148,2000070282,56892191,56892770,579,2d002d,-13,56892178,142848,0,16,56892207,65535,0
221976,2000073258,56895604,56896183,579,320032,-17,56895587,7,0,16,56895620,65535,0
224352,2000082170,56898395,56898937,542,300030,-17,56898378,7,0,16,56898411,65535,0
224565,2000082708,56901159,56901745,586,350035,-17,56901142,7,0,16,56901175,65535,0
224568,2000082715,56902348,56902897,549,210021,-17,56902331,7,0,16,56902364,65535,0
224748,2000083074,56913024,56913573,549,2c002c,-12,56913012,127851,9,16,56913040,65535,0
224663,2000082902,56914772,56915321,549,2c002c,-17,56914755,7,0,16,56914788,65535,0
223511,2000079139,56919379,56919952,573,280028,-17,56919362,7,0,16,56919395,65535,0
223520,2000079156,56919964,56920543,579,320032,-16,56919948,0,23,16,56919980,65535,0
223760,2000079814,56922356,56922905,549,2d002d,-24,56922332,65281,1,16,56922372,65535,0
224075,2000081098,56923508,56924057,549,2d002d,-17,56923491,7,0,16,56923524,65535,0
224560,2000082694,56925135,56925714,579,2c002c,-17,56925118,7,0,16,56925151,65535,0
224350,2000082165,56927803,56928352,549,280028,-17,56927786,7,0,16,56927819,65535,0
224078,2000081102,56939764,56940330,566,2d002d,-17,56939747,7,0,16,56939780,65535,0
224571,2000082718,56940342,56940908,566,2c002c,-17,56940325,7,0,16,56940358,65535,0
224744,2000083070,56944856,56945405,549,250025,-17,56944839,7,0,16,56944872,65535,0
221977,2000073260,56980934,56981483,549,2d002d,-17,56980917,7,0,16,56980950,65535,0
221981,2000073265,56983085,56983634,549,2d002d,-4,56983081,479,29,16,56983101,65535,0
224562,2000082698,56994591,56995170,579,2c002c,-17,56994574,7,0,16,56994607,65535,0
224141,2000081399,56995578,56996144,566,2c002c,-16,56995562,0,4,16,56995594,65535,0
224138,2000081395,56996156,56996722,566,280028,-17,56996139,7,0,16,56996172,65535,0
224127,2000081355,56997490,56998039,549,2c002c,-24,56997466,65281,1,16,56997506,65535,0
223421,2000078923,56998051,56998642,591,000000,-17,56998034,7,0,5,56998056,0,0
223418,2000078919,56998654,56999123,469,000000,-17,56998637,7,0,5,56998659,0,0
224079,2000081103,57025471,57026013,542,2c002c,-12,57025459,125672,16,16,57025487,65535,0
224125,2000081348,57026640,57027189,549,280028,-17,57026623,7,0,16,57026656,65535,0
224126,2000081351,57028300,57028849,549,2b002b,-17,57028283,7,0,16,57028316,65535,0
224658,2000082887,57032438,57033034,596,2c002c,-17,57032421,7,0,16,57032454,65535,0
224561,2000082697,57036532,57037081,549,260026,-17,57036515,7,0,16,57036548,65535,0
224168,2000081475,57037093,57037635,542,280028,-12,57037081,224561,9,16,57037109,65535,0
224564,2000082707,57047068,57047654,586,320032,-17,57047051,7,0,16,57047084,65535,0
224783,2000083142,57058730,57059279,549,210021,-16,57058714,0,25,16,57058746,65535,0
221878,2000072620,57062019,57062568,549,280028,-17,57062002,7,0,16,57062035,65535,0
223544,2000079248,57065549,57066098,549,2d002d,-17,57065532,7,0,16,57065565,65535,0
224572,2000082719,57069728,57070277,549,260026,-17,57069711,7,0,16,57069744,65535,0
224570,2000082717,57085514,57086063,549,210021,-16,57085498,0,24,16,57085530,65535,0
223767,2000079822,57087279,57087828,549,2c002c,-16,57087263,0,17,16,57087295,65535,0
221902,2000072700,57105742,57106291,549,1e001e,-12,57105730,126372,25,16,57105758,65535,0
223545,2000079251,57115382,57115931,549,2d002d,-17,57115365,7,0,16,57115398,65535,0
221904,2000072702,57132259,57132808,549,1e001e,-17,57132242,7,0,16,57132275,65535,0
224795,2000083163,57134453,57135002,549,210021,-17,57134436,7,0,16,57134469,65535,0
224558,2000082691,57138072,57138621,549,210021,-12,57138060,10811,27,16,57138088,65535,0
224351,2000082169,57139231,57139780,549,210021,-12,57139219,126541,19,16,57139247,65535,0
223896,2000080295,57148248,57148797,549,000000,-17,57148231,7,0,5,57148253,0,0
223759,2000079811,57235978,57236527,549,260026,-16,57235962,0,20,16,57235994,65535,0
224659,2000082888,57237044,57237593,549,210021,-17,57237027,7,0,16,57237060,65535,0
224787,2000083147,57242788,57243337,549,210021,-17,57242771,7,0,16,57242804,65535,0
224792,2000083158,57246849,57247398,549,280028,-17,57246832,7,0,16,57246865,65535,0
223543,2000079247,57283108,57283657,549,240024,-17,57283091,7,0,16,57283124,65535,0
224661,2000082898,57297488,57298037,549,260026,-17,57297471,7,0,16,57297504,65535,0
224739,2000083062,57314900,57315449,549,1e001e,-17,57314883,7,0,16,57314916,65535,0
223758,2000079809,57323521,57324070,549,210021,-17,57323504,7,0,16,57323537,65535,0
223757,2000079808,57324655,57325204,549,210021,-17,57324638,7,0,16,57324671,65535,0
224650,2000082869,57342850,57343429,579,210021,-17,57342833,7,0,16,57342866,65535,0
224735,2000083054,57349067,57349616,549,1c001c,-17,57349050,7,0,16,57349083,65535,0
224785,2000083144,57357353,57357902,549,210021,-17,57357336,7,0,16,57357369,65535,0
224736,2000083055,57388735,57389284,549,1e001e,-17,57388718,7,0,16,57388751,65535,0
224648,2000082860,57389296,57389845,549,210021,-17,57389279,7,0,16,57389312,65535,0
224647,2000082859,57432623,57433172,549,210021,-17,57432606,7,0,16,57432639,65535,0
222465,2000076240,57537379,57537979,600,000000,-12,57537367,126204,2,5,57537384,0,0
222725,2000076871,57546261,57546810,549,000000,-17,57546244,7,0,5,57546266,0,0
222731,2000076888,57546822,57547371,549,000000,-16,57546806,0,5,5,57546827,0,0
222733,2000076890,57547383,57547932,549,000000,-16,57547367,0,11,5,57547388,0,0
221622,2000071978,58175589,58176153,564,2b002b,-12,58175577,122915,22,16,58175605,65535,0
221639,2000072024,58304530,58305106,576,270027,-17,58304513,7,0,16,58304546,65535,0
221659,2000072117,58311707,58312271,564,260026,-17,58311690,7,0,16,58311723,65535,0
221656,2000072110,58368071,58368647,576,230023,-12,58368059,123053,28,16,58368087,65535,0
221596,2000071916,58375862,58376438,576,220022,-16,58375846,0,16,16,58375878,65535,0
221674,2000072142,58434122,58434649,527,1e001e,-17,58434105,7,0,7,58434129,65566,30
221658,2000072115,58436917,58437451,534,1e001e,-17,58436900,7,0,7,58436924,65566,30
221640,2000072026,58441778,58442312,534,1d001d,-17,58441761,7,0,7,58441785,65565,29
221660,2000072123,58442907,58443471,564,1c001c,-16,58442891,0,0,7,58442914,65564,28
221661,2000072124,58463203,58463767,564,190019,-17,58463186,7,0,7,58463210,65561,25
221554,2000071821,58719612,58720146,534,000000,-12,58719600,223240,19,5,58719617,0,0
221376,2000071150,59564953,59565492,539,500050,-17,59564936,7,0,16,59564969,65535,0
224043,2000081004,59805375,59805914,539,460046,-17,59805358,7,0,16,59805391,65535,0
220959,2000069375,59903676,59904232,556,430043,-17,59903659,7,0,16,59903692,65535,0
220960,2000069376,59923756,59924302,546,3f003f,-17,59923739,7,0,16,59923772,65535,0
221378,2000071154,59985675,59986219,544,000000,-17,59985658,7,0,5,59985680,0,0
221379,2000071155,60007884,60008428,544,000000,-17,60007867,7,0,5,60007889,0,0
220862,2000069000,60009547,60010091,544,000000,-16,60009531,0,16,5,60009552,0,0
221380,2000071157,60022610,60023147,537,000000,-17,60022593,7,0,5,60022615,0,0
221381,2000071159,60032274,60032806,532,000000,-17,60032257,7,0,5,60032279,0,0
221377,2000071152,60045151,60045688,537,000000,-17,60045134,7,0,5,60045156,0,0
221382,2000071161,60052468,60053024,556,000000,-17,60052451,7,0,5,60052473,0,0
221773,2000072352,60065560,60066104,544,000000,-17,60065543,7,0,5,60065565,0,0
220861,2000068999,60072798,60073337,539,000000,-17,60072781,7,0,5,60072803,0,0
220864,2000069002,60075579,60076123,544,000000,-17,60075562,7,0,5,60075584,0,0
220863,2000069001,60076135,60076686,551,000000,-17,60076118,7,0,5,60076140,0,0
220865,2000069013,60083198,60083737,539,000000,-12,60083186,96666,17,5,60083203,0,0
221078,2000069896,60084366,60084915,549,2d002d,-17,60084349,7,0,16,60084382,65535,0
221414,2000071225,60120953,60121516,563,000000,-17,60120936,7,0,5,60120958,0,0
222780,2000077011,60280944,60281483,539,000000,-17,60280927,7,0,5,60280949,0,0
222781,2000077016,60283196,60283747,551,000000,-17,60283179,7,0,5,60283201,0,0
223156,2000078094,60380869,60381435,566,460041,-12,60380857,209970,22,16,60380885,65535,0
224131,2000081365,60418630,60419174,544,0c000c,-16,60418614,0,25,6,60418636,3072,0
222929,2000077384,60505635,60506172,537,46003c,-16,60505619,0,25,6,60505641,15360,0
221389,2000071177,60551863,60552520,657,000000,-17,60551846,7,2,5,60551868,0,0
221579,2000071886,60587992,60588543,551,000000,-12,60587980,194305,29,5,60587997,0,0
222353,2000075868,63346532,63347066,534,450045,-8,63346524,14862,14,6,63346538,17664,0
224063,2000081069,63391357,63391950,593,440044,-17,63391340,7,0,16,63391373,65535,0
224804,2000083180,63465617,63466175,558,420042,-17,63465600,7,0,16,63465633,65535,0
224800,2000083174,63993425,63994001,576,3c003c,-17,63993408,7,0,16,63993441,65535,0
224432,2000082399,64105484,64106018,534,370037,-17,64105467,7,0,16,64105500,65535,0
224291,2000082006,64117535,64118069,534,370037,-17,64117518,7,0,6,64117541,14080,0
224074,2000081095,64124210,64124751,541,370037,-16,64124194,0,24,16,64124226,65535,0
222444,2000076148,64213190,64213729,539,300030,-12,64213178,111121,21,16,64213206,65535,0
224119,2000081334,64255688,64256252,564,340034,-17,64255671,7,0,6,64255694,13312,0
222638,2000076653,64373072,64373616,544,2d0032,-17,64373055,7,0,16,64373088,65535,0
222323,2000075643,64466489,64467023,534,310031,-17,64466472,7,0,16,64466505,65535,0
222334,2000075716,64496868,64497402,534,310031,-17,64496851,7,0,16,64496884,65535,0
222566,2000076460,64714590,64715117,527,2d002d,-17,64714573,7,0,6,64714596,11520,0
224551,2000082679,64727013,64727559,546,2d002d,-17,64726996,7,0,16,64727029,65535,0
222288,2000075367,64969979,64970513,534,2a002a,-12,64969967,113939,20,6,64969985,10752,0
222329,2000075704,65002856,65003390,534,290029,-12,65002844,112555,24,16,65002872,65535,0
222339,2000075727,65053708,65054242,534,280028,-17,65053691,7,0,16,65053724,65535,0
222332,2000075714,65058010,65058544,534,280028,-12,65057998,112142,6,16,65058026,65535,0
222568,2000076464,65111225,65111759,534,270027,-16,65111209,0,19,6,65111231,9984,0
222333,2000075715,65145989,65146523,534,260026,-17,65145972,7,0,16,65146005,65535,0
222331,2000075709,65146535,65147069,534,260026,-17,65146518,7,0,16,65146551,65535,0
222561,2000076447,65167339,65167873,534,200020,-17,65167322,7,0,16,65167355,65535,0
221938,2000072981,65190931,65191465,534,240024,-12,65190919,212349,32,16,65190947,65535,0
222328,2000075692,65301355,65301889,534,220022,-17,65301338,7,0,16,65301371,65535,0
222338,2000075726,65330226,65330760,534,210021,-17,65330209,7,0,16,65330242,65535,0
222335,2000075719,65330772,65331306,534,210021,-17,65330755,7,0,16,65330788,65535,0
222322,2000075635,65377324,65377858,534,200020,-12,65377312,113342,18,16,65377340,65535,0
222698,2000076796,65436851,65437409,558,0a000a,-17,65436834,7,0,7,65436858,65546,30
222326,2000075672,65445307,65445841,534,1e001e,-17,65445290,7,0,16,65445323,65535,0
220895,2000069170,65692338,65692889,551,000000,-12,65692326,220431,1,5,65692343,0,0
220896,2000069172,65692901,65693452,551,000000,-17,65692884,7,0,5,65692906,0,0
220948,2000069283,65693464,65694010,546,000000,-17,65693447,7,0,5,65693469,0,0
221296,2000070687,65694022,65694568,546,000000,-16,65694006,0,20,5,65694027,0,0
224554,2000082686,66169335,66169906,571,410041,-17,66169318,7,0,16,66169351,65535,0
225264,2000084361,66281338,66281919,581,410041,-17,66281321,7,2,16,66281354,65535,0
225037,2000083775,66312222,66312759,537,3c003c,-17,66312205,7,0,16,66312238,65535,0
223141,2000078064,66322318,66322857,539,410041,-16,66322302,0,28,16,66322334,65535,0
225065,2000083889,66365373,66365900,527,3c003c,-17,66365356,7,0,16,66365389,65535,0
224949,2000083512,66397967,66398506,539,3c003c,-12,66397955,104236,14,16,66397983,4863,0
224623,2000082821,66440809,66441348,539,320032,-16,66440793,0,9,16,66440825,65535,0
225172,2000084219,66492552,66493143,591,370037,-17,66492535,7,0,16,66492568,65535,0
224866,2000083344,66493155,66493689,534,370037,-17,66493138,7,2,16,66493171,65535,0
225063,2000083884,66648516,66649050,534,320032,-17,66648499,7,0,16,66648532,65535,0
225054,2000083834,66673231,66673770,539,320032,-12,66673219,105107,23,16,66673247,65535,0
225173,2000084221,66888042,66888603,561,280028,-17,66888025,7,2,16,66888058,65535,0
225174,2000084223,67098411,67098950,539,1e001e,-12,67098399,105263,19,16,67098427,65535,0
224167,2000081474,67757515,67758047,532,000000,-17,67757498,7,0,5,67757520,0,0
221035,2000069764,67779023,67779592,569,3c003c,-17,67779006,7,0,16,67779039,65535,0
221042,2000069779,67779604,67780173,569,3c003c,-17,67779587,7,0,16,67779620,65535,0
221125,2000070142,67780185,67780754,569,320032,-17,67780168,7,0,16,67780201,4863,0
221150,2000070297,67780766,67781305,539,320032,-17,67780749,7,0,16,67780782,4607,0
221151,2000070303,67781317,67781856,539,320032,-17,67781300,7,0,16,67781333,4607,0
221152,2000070305,67781868,67782407,539,320032,-17,67781851,7,0,16,67781884,4607,0
222049,2000073718,67960780,67961356,576,370037,-17,67960763,7,0,16,67960796,65535,0
221050,2000069797,67974035,67974652,617,3c003c,-17,67974018,7,0,16,67974051,65535,0
224500,2000082544,67986340,67986936,596,230023,-17,67986323,7,0,16,67986356,65535,0
221052,2000069805,67998851,67999420,569,390039,-17,67998834,7,0,16,67998867,65535,0
225019,2000083702,68005077,68005616,539,280028,-17,68005060,7,0,16,68005093,4351,0
224788,2000083149,68016914,68017507,593,320032,-17,68016897,7,0,16,68016930,65535,0
225018,2000083696,68031751,68032320,569,2d002d,-17,68031734,7,0,16,68031767,5119,0
223531,2000079196,68040397,68040929,532,200020,-17,68040380,7,0,16,68040413,65535,0
223532,2000079198,68051477,68052016,539,2f002f,-17,68051460,7,0,16,68051493,65535,0
225049,2000083812,68087600,68088139,539,230023,-12,68087588,101584,1,16,68087616,4351,0
225048,2000083810,68089871,68090410,539,230023,-17,68089854,7,0,16,68089887,4607,0
221108,2000069993,68117853,68118422,569,2d002d,-17,68117836,7,0,16,68117869,65535,0
225176,2000084235,68121333,68121902,569,1e001e,-17,68121316,7,0,16,68121349,65535,0
225211,2000084284,68121914,68122483,569,1e001e,-12,68121902,225176,11,16,68121930,65535,0
223530,2000079195,68126505,68127098,593,190019,-17,68126488,7,0,16,68126521,65535,0
222706,2000076824,68127410,68127985,575,230023,-17,68127393,7,0,16,68127426,65535,0
224912,2000083432,68142866,68143435,569,1e001e,-17,68142849,7,0,16,68142882,65535,0
224925,2000083475,68143918,68144494,576,1e001e,-17,68143901,7,0,16,68143934,65535,0
225009,2000083667,68192984,68193553,569,2d002d,-17,68192967,7,0,16,68193000,5119,0
225168,2000084177,68193565,68194134,569,230023,-17,68193548,7,0,16,68193581,65535,0
224755,2000083088,68200426,68200995,569,230023,-17,68200409,7,0,16,68200442,65535,0
224518,2000082595,68212467,68213036,569,230023,-12,68212455,100842,21,16,68212483,65535,0
225175,2000084234,68214217,68214786,569,1e001e,-17,68214200,7,0,16,68214233,65535,0
224535,2000082630,68215774,68216343,569,230023,-16,68215758,0,9,16,68215790,65535,0
224519,2000082600,68227933,68228509,576,230023,-17,68227916,7,0,16,68227949,65535,0
223528,2000079191,68239854,68240393,539,190019,-17,68239837,7,0,16,68239870,65535,0
224533,2000082624,68250302,68250888,586,230023,-17,68250285,7,0,16,68250318,65535,0
224848,2000083285,68256476,68257069,593,1e001e,-12,68256464,100762,3,16,68256492,65535,0
225164,2000084159,68260324,68260893,569,1e001e,-12,68260312,100771,24,16,68260340,65535,0
225213,2000084287,68264868,68265449,581,1e001e,-17,68264851,7,0,16,68264884,65535,0
225177,2000084237,68267704,68268273,569,1e001e,-17,68267687,7,0,16,68267720,65535,0
223527,2000079189,68272287,68272826,539,190019,-17,68272270,7,0,16,68272303,65535,0
225234,2000084317,68273321,68273890,569,190019,-17,68273304,7,0,16,68273337,65535,0
225118,2000084035,68277463,68278032,569,1e001e,-17,68277446,7,0,16,68277479,65535,0
224844,2000083281,68289027,68289620,593,1e001e,-12,68289015,100202,7,16,68289043,65535,0
224547,2000082664,68290103,68290672,569,230023,-17,68290086,7,0,16,68290119,65535,0
223003,2000077644,69160576,69161110,534,410041,-17,69160559,7,0,6,69160582,16640,0
223005,2000077649,69397737,69398271,534,3c003c,-17,69397720,7,0,6,69397743,15360,0
223008,2000077656,69428542,69429076,534,3c003c,-17,69428525,7,0,6,69428548,15360,0
222999,2000077636,69506712,69507258,546,370037,-17,69506695,7,0,6,69506718,14080,0
225212,2000084285,69564579,69565113,534,3c003c,-16,69564563,0,16,6,69564585,15360,0
224583,2000082751,69571430,69571994,564,3c003c,-12,69571418,99548,26,6,69571436,15360,0
224527,2000082614,69573455,69574019,564,320032,-17,69573438,7,0,6,69573461,12800,0
222931,2000077394,69689197,69689731,534,320032,-17,69689180,7,0,6,69689203,12800,0
222919,2000077336,69711397,69711961,564,320032,-17,69711380,7,0,6,69711403,12800,0
225145,2000084105,69807961,69808488,527,320032,-17,69807944,7,0,6,69807967,12800,0
224538,2000082643,69837578,69838147,569,2d002d,-17,69837561,7,0,6,69837584,11520,0
223013,2000077673,69850389,69850923,534,320032,-17,69850372,7,0,6,69850395,12800,0
222934,2000077404,69852101,69852635,534,320032,-17,69852084,7,0,6,69852107,12800,0
224618,2000082809,69867344,69867878,534,230023,-17,69867327,7,0,6,69867350,8960,0
223017,2000077679,69916635,69917199,564,320032,-17,69916618,7,0,6,69916641,12800,0
224539,2000082644,69933808,69934335,527,280028,-17,69933791,7,0,6,69933814,10240,0
223021,2000077685,69980254,69980788,534,2d002d,-16,69980238,0,26,6,69980260,11520,0
223018,2000077681,69987147,69987681,534,320032,-17,69987130,7,0,6,69987153,12800,0
222920,2000077344,70009547,70010093,546,320032,-17,70009530,7,0,6,70009553,12800,0
222932,2000077396,70010651,70011185,534,2d002d,-17,70010634,7,0,6,70010657,11520,0
224510,2000082575,70041636,70042170,534,300030,-17,70041619,7,0,6,70041642,12288,0
223020,2000077684,70063231,70063765,534,2d002d,-17,70063214,7,0,6,70063237,11520,0
224025,2000080944,70064929,70065463,534,000000,-17,70064912,7,0,5,70064934,0,0
223019,2000077683,70067701,70068235,534,2d002d,-16,70067685,0,26,6,70067707,11520,0
225256,2000084352,71412651,71413192,541,320037,-17,71412634,7,0,16,71412667,65535,0
224304,2000082027,71609726,71610287,561,320032,-17,71609709,7,0,16,71609742,65535,0
224392,2000082293,71611486,71612032,546,280028,-12,71611474,92598,26,16,71611502,65535,0
224622,2000082820,71623188,71623764,576,280028,-17,71623171,7,0,16,71623204,65535,0
222080,2000073855,71902472,71903006,534,280028,-17,71902455,7,0,16,71902488,65535,0
223846,2000080117,71950956,71951519,563,320032,-16,71950940,0,12,16,71950972,65535,0
221958,2000073177,72024698,72025262,564,280028,-17,72024681,7,0,16,72024714,65535,0
222078,2000073853,72112574,72113155,581,280028,-17,72112557,7,0,16,72112590,65535,0
224917,2000083455,72137742,72138276,534,280028,-17,72137725,7,0,16,72137758,4351,0
224880,2000083366,72138288,72138822,534,280028,-17,72138271,7,0,16,72138304,4607,0
224588,2000082759,72155896,72156527,631,1e001e,-17,72155879,7,0,16,72155912,65535,0
222105,2000073930,72178755,72179326,571,280028,-16,72178739,0,2,16,72178771,65535,0
222174,2000074515,72189250,72190015,765,190019,-17,72189233,7,0,16,72189266,5375,0
222643,2000076666,72222488,72223022,534,280028,-17,72222471,7,0,16,72222504,5119,5
222645,2000076672,72315831,72316365,534,230023,-17,72315814,7,0,16,72315847,65535,0
222644,2000076671,72316377,72316911,534,230023,-17,72316360,7,0,16,72316393,65535,0
222639,2000076654,72317506,72318040,534,230023,-17,72317489,7,0,16,72317522,65535,0
222365,2000075942,72329108,72329696,588,190019,-17,72329091,7,0,16,72329124,65535,0
222142,2000074265,72339090,72339624,534,230023,-17,72339073,7,0,16,72339106,4351,0
222103,2000073926,72341886,72342450,564,230023,-17,72341869,7,0,16,72341902,65535,0
222083,2000073859,72343062,72343613,551,230023,-17,72343045,7,0,16,72343078,65535,0
222082,2000073858,72343625,72344159,534,230023,-17,72343608,7,0,16,72343641,65535,0
222081,2000073856,72344171,72344742,571,230023,-17,72344154,7,0,16,72344187,65535,0
222079,2000073854,72344754,72345288,534,230023,-17,72344737,7,0,16,72344770,65535,0
222071,2000073835,72345895,72346459,564,230023,-17,72345878,7,0,16,72345911,65535,0
222069,2000073822,72346471,72347035,564,230023,-17,72346454,7,0,16,72346487,65535,0
222033,2000073583,72348689,72349608,919,190019,-12,72348677,93733,15,16,72348705,65535,0
221996,2000073304,72354728,72355292,564,230023,-17,72354711,7,0,16,72354744,65535,0
221957,2000073175,72359330,72359887,557,230023,-12,72359318,93994,7,16,72359346,65535,0
221916,2000072803,72366571,72367135,564,230023,-17,72366554,7,0,16,72366587,65535,0
224954,2000083519,72367147,72367807,660,190019,-17,72367130,7,0,16,72367163,65535,0
221573,2000071858,72425411,72426282,871,190019,-17,72425394,7,0,16,72425427,4863,0
224333,2000082124,72442599,72443170,571,190019,-16,72442583,0,30,16,72442615,65535,0
224331,2000082122,72443182,72443758,576,190019,-17,72443165,7,0,16,72443198,65535,0
222102,2000073924,72479751,72480332,581,1e001e,-17,72479734,7,0,16,72479767,65535,0
221909,2000072736,72480927,72481454,527,140014,-17,72480910,7,0,16,72480943,65535,0
222104,2000073927,72486973,72487544,571,0f000f,-17,72486956,7,0,16,72486989,65535,0
221910,2000072739,72491383,72491917,534,0f000f,-17,72491366,7,0,16,72491399,65535,0
222640,2000076659,72491929,72492456,527,140014,-17,72491912,7,0,7,72491936,65556,30
220807,2000068899,72499262,72499801,539,000000,-17,72499245,7,0,5,72499267,0,0
222221,2000074825,72985627,72986286,659,730073,-16,72985611,0,15,16,72985643,65535,0
224193,2000081610,73146246,73146822,576,4f004f,-17,73146229,7,0,16,73146262,65535,0
221637,2000072022,73339534,73340090,556,550055,-16,73339518,0,18,16,73339550,65535,0
221308,2000070709,74523530,74524106,576,520052,-16,74523514,0,26,16,74523546,65535,0
221109,2000070001,74533857,74534428,571,520052,-17,74533840,7,0,16,74533873,65535,0
221514,2000071631,74555251,74555820,569,510051,-17,74555234,7,0,16,74555267,65535,0
221543,2000071771,74559775,74560370,595,510051,-12,74559763,213806,16,16,74559791,65535,0
221546,2000071793,74560382,74560975,593,510051,-17,74560365,7,0,16,74560398,65535,0
221775,2000072368,74563004,74563597,593,510051,-17,74562987,7,0,16,74563020,65535,0
221707,2000072209,74595037,74595606,569,510051,-11,74595026,810,17,16,74595053,65535,0
221726,2000072260,74595618,74596199,581,510051,-12,74595606,221707,17,16,74595634,65535,0
221396,2000071185,74685916,74686455,539,500050,-17,74685899,7,0,16,74685932,65535,0
222201,2000074674,74711973,74712549,576,4f004f,-17,74711956,7,0,16,74711989,65535,0
221968,2000073239,74743707,74744276,569,4f004f,-17,74743690,7,0,16,74743723,65535,0
222030,2000073579,74826254,74826830,576,4c004c,-17,74826237,7,0,16,74826270,65535,0
221461,2000071335,74851114,74851653,539,4b004b,-17,74851097,7,0,16,74851130,65535,0
220970,2000069555,74860060,74860616,556,460046,-12,74860048,203002,15,16,74860076,65535,0
221695,2000072167,74863213,74863747,534,480048,-17,74863196,7,0,16,74863229,65535,0
221946,2000073105,74885696,74886260,564,4b004b,-17,74885679,7,0,16,74885712,65535,0
222028,2000073573,74887467,74888036,569,4b004b,-17,74887450,7,0,16,74887483,65535,0
221922,2000072835,74895549,74896088,539,4a004a,-16,74895533,0,29,16,74895565,65535,0
222008,2000073471,74907529,74908093,564,4a004a,-17,74907512,7,0,16,74907545,65535,0
224067,2000081078,74925192,74925761,569,490049,-17,74925175,7,0,16,74925208,65535,0
225248,2000084338,74933119,74933659,540,480048,-17,74933102,7,0,16,74933135,65535,0
222007,2000073463,74937947,74938516,569,480048,-17,74937930,7,0,16,74937963,65535,0
224066,2000081076,74945377,74945953,576,480048,-17,74945360,7,0,16,74945393,65535,0
221654,2000072090,74985525,74986059,534,460046,-17,74985508,7,0,16,74985541,65535,0
221033,2000069761,74997255,74997794,539,440044,-17,74997238,7,0,16,74997271,65535,0
221969,2000073240,75015500,75016069,569,450045,-16,75015484,0,20,16,75015516,65535,0
222031,2000073581,75051886,75052462,576,440044,-17,75051869,7,0,16,75051902,65535,0
224065,2000081071,75058084,75058653,569,430043,-12,75058072,188713,9,16,75058100,65535,0
223014,2000077675,75058665,75059241,576,430043,-17,75058648,7,0,16,75058681,65535,0
222014,2000073484,75074102,75074666,564,430043,-17,75074085,7,0,16,75074118,65535,0
224019,2000080922,75084317,75084851,534,420042,-17,75084300,7,0,16,75084333,65535,0
221301,2000070693,75249668,75250202,534,000000,-17,75249651,7,0,5,75249673,0,0
221300,2000070692,75250319,75250846,527,000000,-17,75250302,7,0,5,75250324,0,0
221299,2000070690,75251274,75251813,539,000000,-17,75251257,7,0,5,75251279,0,0
221298,2000070689,75252364,75252896,532,000000,-17,75252347,7,0,5,75252369,0,0
221297,2000070688,75253946,75254480,534,000000,-17,75253929,7,0,5,75253951,0,0
221295,2000070686,75255320,75255852,532,000000,-17,75255303,7,0,5,75255325,0,0
221294,2000070685,75256503,75257047,544,000000,-17,75256486,7,0,5,75256508,0,0
221293,2000070684,75257059,75257615,556,000000,-12,75257047,221294,29,5,75257064,0,0
221292,2000070680,75257736,75258275,539,000000,-17,75257719,7,0,5,75257741,0,0
221291,2000070679,75258731,75259280,549,000000,-17,75258714,7,0,5,75258736,0,0
221290,2000070678,75259902,75260441,539,000000,-17,75259885,7,0,5,75259907,0,0
221289,2000070676,75261990,75262522,532,000000,-12,75261978,186372,22,5,75261995,0,0
221288,2000070675,75262534,75263061,527,000000,-12,75262522,221289,20,5,75262539,0,0
221287,2000070674,75263073,75263629,556,000000,-12,75263061,221288,19,5,75263078,0,0
221286,2000070673,75264280,75264819,539,000000,-12,75264268,32563,9,5,75264285,0,0
221285,2000070672,75264831,75265365,534,000000,-12,75264819,221286,17,5,75264836,0,0
221284,2000070671,75265377,75265916,539,000000,-12,75265365,221285,16,5,75265382,0,0
221283,2000070670,75266205,75266754,549,000000,-17,75266188,7,0,5,75266210,0,0
221268,2000070595,75267043,75267582,539,000000,-17,75267026,7,0,5,75267048,0,0
221267,2000070594,75267966,75268522,556,000000,-12,75267954,212856,20,5,75267971,0,0
221266,2000070593,75268764,75269308,544,000000,-17,75268747,7,0,5,75268769,0,0
221264,2000070591,75270434,75270973,539,000000,-12,75270422,186227,7,5,75270439,0,0
221262,2000070589,75271094,75271643,549,000000,-12,75271082,186226,4,5,75271099,0,0
221261,2000070587,75272155,75272694,539,000000,-16,75272139,0,31,5,75272160,0,0
221260,2000070586,75272706,75273245,539,000000,-17,75272689,7,0,5,75272711,0,0
221259,2000070585,75273374,75273930,556,000000,-16,75273358,0,32,5,75273379,0,0
221258,2000070583,75274051,75274590,539,000000,-17,75274034,7,0,5,75274056,0,0
221257,2000070582,75274828,75275367,539,000000,-17,75274811,7,0,5,75274833,0,0
221256,2000070581,75275605,75276144,539,000000,-17,75275588,7,0,5,75275610,0,0
221255,2000070580,75276156,75276700,544,000000,-17,75276139,7,0,5,75276161,0,0
221254,2000070579,75276712,75277251,539,000000,-17,75276695,7,0,5,75276717,0,0
221253,2000070578,75277263,75277795,532,000000,-17,75277246,7,0,5,75277268,0,0
221252,2000070577,75278404,75278967,563,000000,-17,75278387,7,0,5,75278409,0,0
221251,2000070576,75280160,75280692,532,000000,-17,75280143,7,0,5,75280165,0,0
221250,2000070575,75280813,75281347,534,000000,-17,75280796,7,0,5,75280818,0,0
221242,2000070562,75282017,75282544,527,000000,-17,75282000,7,0,5,75282022,0,0
221241,2000070561,75282669,75283208,539,000000,-17,75282652,7,0,5,75282674,0,0
221240,2000070559,75283722,75284254,532,000000,-17,75283705,7,0,5,75283727,0,0
221238,2000070557,75284916,75285443,527,000000,-17,75284899,7,0,5,75284921,0,0
221237,2000070556,75285568,75286107,539,000000,-17,75285551,7,0,5,75285573,0,0
221236,2000070555,75286224,75286773,549,000000,-16,75286208,0,16,5,75286229,0,0
221235,2000070553,75287169,75287725,556,000000,-13,75287156,184064,0,5,75287174,0,0
221234,2000070551,75287737,75288281,544,000000,-17,75287720,7,0,5,75287742,0,0
221233,2000070549,75288937,75289476,539,000000,-17,75288920,7,0,5,75288942,0,0
221232,2000070547,75290091,75290618,527,000000,-16,75290075,0,17,5,75290096,0,0
221231,2000070541,75290630,75291277,647,000000,-17,75290613,7,0,5,75290635,0,0
221230,2000070540,75292936,75293475,539,000000,-17,75292919,7,0,5,75292941,0,0
221228,2000070538,75293600,75294132,532,000000,-17,75293583,7,0,5,75293605,0,0
221227,2000070537,75294645,75295184,539,000000,-17,75294628,7,0,5,75294650,0,0
221224,2000070528,75302068,75302600,532,000000,-17,75302051,7,0,5,75302073,0,0
221223,2000070527,75306881,75307420,539,000000,-17,75306864,7,0,5,75306886,0,0
221222,2000070526,75308639,75309274,635,000000,-17,75308622,7,0,5,75308644,0,0
221221,2000070524,75309832,75310371,539,000000,-16,75309816,0,12,5,75309837,0,0
221220,2000070523,75310871,75311410,539,000000,-17,75310854,7,0,5,75310876,0,0
221219,2000070521,75313157,75313691,534,000000,-17,75313140,7,0,5,75313162,0,0
221218,2000070519,75313703,75314235,532,000000,-17,75313686,7,0,5,75313708,0,0
221217,2000070518,75314247,75314798,551,000000,-17,75314230,7,0,5,75314252,0,0
221216,2000070517,75315738,75316277,539,000000,-16,75315722,0,10,5,75315743,0,0
221215,2000070516,75317543,75318082,539,000000,-17,75317526,7,0,5,75317548,0,0
221214,2000070515,75322289,75322828,539,000000,-16,75322273,0,1,5,75322294,0,0
221213,2000070514,75323488,75324027,539,000000,-24,75323464,65281,1,5,75323493,0,0
221212,2000070513,75324420,75324959,539,000000,-17,75324403,7,0,5,75324425,0,0
221211,2000070511,75327875,75328414,539,000000,-17,75327858,7,0,5,75327880,0,0
221210,2000070510,75328426,75328975,549,000000,-16,75328410,0,27,5,75328431,0,0
221209,2000070509,75329745,75330291,546,000000,-17,75329728,7,0,5,75329750,0,0
221208,2000070508,75330680,75331212,532,000000,-17,75330663,7,0,5,75330685,0,0
221178,2000070399,75333280,75333819,539,000000,-17,75333263,7,0,5,75333285,0,0
221177,2000070398,75333831,75334365,534,000000,-17,75333814,7,0,5,75333836,0,0
221606,2000071945,75334377,75334916,539,000000,-17,75334360,7,0,5,75334382,0,0
221176,2000070397,75336966,75337500,534,000000,-17,75336949,7,0,5,75336971,0,0
221175,2000070393,75338556,75339095,539,000000,-17,75338539,7,0,5,75338561,0,0
221174,2000070392,75339107,75339656,549,000000,-17,75339090,7,0,5,75339112,0,0
221173,2000070391,75339668,75340207,539,000000,-17,75339651,7,0,5,75339673,0,0
221172,2000070390,75341926,75342460,534,000000,-17,75341909,7,0,5,75341931,0,0
221171,2000070389,75342749,75343288,539,000000,-12,75342737,217343,15,5,75342754,0,0
221170,2000070388,75343300,75343834,534,000000,-17,75343283,7,0,5,75343305,0,0
221169,2000070387,75343846,75344390,544,000000,-17,75343829,7,0,5,75343851,0,0
221142,2000070224,75346272,75346828,556,000000,-12,75346260,217347,20,5,75346277,0,0
221141,2000070223,75347394,75347926,532,000000,-17,75347377,7,0,5,75347399,0,0
221140,2000070220,75347938,75348477,539,000000,-17,75347921,7,0,5,75347943,0,0
221139,2000070219,75349623,75350162,539,000000,-17,75349606,7,0,5,75349628,0,0
221302,2000070694,75351635,75352174,539,000000,-17,75351618,7,0,5,75351640,0,0
221303,2000070695,75352885,75353424,539,000000,-17,75352868,7,0,5,75352890,0,0
221138,2000070218,75353436,75353992,556,000000,-17,75353419,7,0,5,75353441,0,0
221305,2000070699,75354004,75354536,532,000000,-17,75353987,7,0,5,75354009,0,0
221124,2000070136,75354548,75355087,539,000000,-17,75354531,7,0,5,75354553,0,0
221122,2000070124,75355099,75355631,532,000000,-17,75355082,7,0,5,75355104,0,0
221121,2000070121,75355643,75356170,527,000000,-17,75355626,7,0,5,75355648,0,0
221120,2000070116,75356287,75356826,539,000000,-17,75356270,7,0,5,75356292,0,0
221306,2000070703,75356838,75357377,539,000000,-17,75356821,7,0,5,75356843,0,0
221119,2000070115,75357389,75357933,544,000000,-17,75357372,7,0,5,75357394,0,0
221325,2000070779,75358058,75358592,534,000000,-17,75358041,7,0,5,75358063,0,0
221326,2000070780,75358713,75359247,534,000000,-17,75358696,7,0,5,75358718,0,0
221118,2000070114,75359259,75359815,556,000000,-17,75359242,7,0,5,75359264,0,0
221327,2000070782,75359827,75360393,566,000000,-17,75359810,7,0,5,75359832,0,0
221328,2000070784,75360405,75360937,532,000000,-17,75360388,7,0,5,75360410,0,0
221329,2000070785,75360949,75361481,532,000000,-17,75360932,7,0,5,75360954,0,0
221330,2000070786,75361493,75362025,532,000000,-17,75361476,7,0,5,75361498,0,0
221117,2000070113,75362037,75362593,556,000000,-17,75362020,7,0,5,75362042,0,0
221332,2000070792,75362605,75363144,539,000000,-17,75362588,7,0,5,75362610,0,0
221333,2000070793,75363156,75363695,539,000000,-17,75363139,7,0,5,75363161,0,0
221334,2000070794,75363707,75364234,527,000000,-17,75363690,7,0,5,75363712,0,0
221335,2000070795,75364246,75364785,539,000000,-17,75364229,7,0,5,75364251,0,0
221336,2000070796,75364797,75365353,556,000000,-17,75364780,7,0,5,75364802,0,0
221339,2000070799,75365365,75365892,527,000000,-17,75365348,7,0,5,75365370,0,0
221340,2000070800,75365904,75366460,556,000000,-17,75365887,7,0,5,75365909,0,0
221116,2000070112,75366472,75367011,539,000000,-17,75366455,7,0,5,75366477,0,0
221383,2000071171,75367404,75367943,539,000000,-17,75367387,7,0,5,75367409,0,0
221384,2000071172,75367955,75368494,539,000000,-12,75367943,221383,3,5,75367960,0,0
221385,2000071173,75368506,75369040,534,000000,-12,75368494,221384,4,5,75368511,0,0
221386,2000071174,75369052,75369591,539,000000,-12,75369040,221385,5,5,75369057,0,0
221387,2000071175,75369603,75370142,539,000000,-12,75369591,221386,6,5,75369608,0,0
221115,2000070111,75370154,75370686,532,000000,-12,75370142,221387,7,5,75370159,0,0
221114,2000070110,75370698,75371230,532,000000,-17,75370681,7,0,5,75370703,0,0
221388,2000071176,75371242,75371776,534,000000,-17,75371225,7,0,5,75371247,0,0
221390,2000071179,75371788,75372315,527,000000,-12,75371776,221388,8,5,75371793,0,0
221391,2000071180,75372327,75372866,539,000000,-12,75372315,221390,11,5,75372332,0,0
221392,2000071181,75372878,75373417,539,000000,-12,75372866,221391,12,5,75372883,0,0
221393,2000071182,75373429,75373963,534,000000,-12,75373417,221392,13,5,75373434,0,0
221394,2000071183,75373975,75374524,549,000000,-12,75373963,221393,14,5,75373980,0,0
221395,2000071184,75374645,75375189,544,000000,-17,75374628,7,0,5,75374650,0,0
221397,2000071186,75375201,75375740,539,000000,-12,75375189,221395,16,5,75375206,0,0
221107,2000069989,75376155,75376694,539,000000,-12,75376143,221398,20,5,75376160,0,0
221400,2000071210,75377209,75377748,539,000000,-12,75377197,185419,27,5,75377214,0,0
221401,2000071211,75377760,75378299,539,000000,-17,75377743,7,0,5,75377765,0,0
221106,2000069988,75378311,75378850,539,000000,-17,75378294,7,0,5,75378316,0,0
221402,2000071212,75378862,75379401,539,000000,-17,75378845,7,0,5,75378867,0,0
221403,2000071213,75379699,75380238,539,000000,-17,75379682,7,0,5,75379704,0,0
221405,2000071215,75380250,75380806,556,000000,-17,75380233,7,0,5,75380255,0,0
221406,2000071216,75381221,75381772,551,000000,-17,75381204,7,0,5,75381226,0,0
221408,2000071219,75381784,75382323,539,000000,-17,75381767,7,0,5,75381789,0,0
221409,2000071220,75382335,75382874,539,000000,-17,75382318,7,0,5,75382340,0,0
221105,2000069987,75382886,75383425,539,000000,-17,75382869,7,0,5,75382891,0,0
221410,2000071221,75383437,75383971,534,000000,-17,75383420,7,0,5,75383442,0,0
221104,2000069986,75383983,75384527,544,000000,-17,75383966,7,0,5,75383988,0,0
221411,2000071222,75384539,75385078,539,000000,-17,75384522,7,0,5,75384544,0,0
221412,2000071223,75385090,75385629,539,000000,-17,75385073,7,0,5,75385095,0,0
221103,2000069985,75385641,75386175,534,000000,-17,75385624,7,0,5,75385646,0,0
221413,2000071224,75386187,75386731,544,000000,-17,75386170,7,0,5,75386192,0,0
221415,2000071226,75386743,75387282,539,000000,-17,75386726,7,0,5,75386748,0,0
221416,2000071227,75387294,75387828,534,000000,-17,75387277,7,0,5,75387299,0,0
221102,2000069984,75387840,75388384,544,000000,-17,75387823,7,0,5,75387845,0,0
221101,2000069983,75388396,75388935,539,000000,-17,75388379,7,0,5,75388401,0,0
221417,2000071228,75388947,75389481,534,000000,-17,75388930,7,0,5,75388952,0,0
221419,2000071231,75389493,75390032,539,000000,-17,75389476,7,0,5,75389498,0,0
221100,2000069981,75390044,75390595,551,000000,-17,75390027,7,0,5,75390049,0,0
221099,2000069980,75390607,75391146,539,000000,-17,75390590,7,0,5,75390612,0,0
221098,2000069979,75391158,75391690,532,000000,-17,75391141,7,0,5,75391163,0,0
221420,2000071232,75392069,75392625,556,000000,-17,75392052,7,0,5,75392074,0,0
221421,2000071233,75392742,75393298,556,000000,-12,75392730,185418,16,5,75392747,0,0
221096,2000069977,75393310,75393837,527,000000,-17,75393293,7,0,5,75393315,0,0
221095,2000069976,75393849,75394381,532,000000,-17,75393832,7,0,5,75393854,0,0
221094,2000069975,75394393,75394920,527,000000,-17,75394376,7,0,5,75394398,0,0
221093,2000069973,75394932,75395471,539,000000,-17,75394915,7,0,5,75394937,0,0
221092,2000069972,75395869,75396418,549,000000,-17,75395852,7,0,5,75395874,0,0
221424,2000071241,75396430,75396969,539,000000,-17,75396413,7,0,5,75396435,0,0
221091,2000069971,75396981,75397515,534,000000,-17,75396964,7,0,5,75396986,0,0
221090,2000069970,75397527,75398083,556,000000,-17,75397510,7,0,5,75397532,0,0
221426,2000071244,75398095,75398634,539,000000,-17,75398078,7,0,5,75398100,0,0
221427,2000071245,75398646,75399185,539,000000,-17,75398629,7,0,5,75398651,0,0
221428,2000071246,75399197,75399736,539,000000,-17,75399180,7,0,5,75399202,0,0
221429,2000071247,75399748,75400282,534,000000,-17,75399731,7,0,5,75399753,0,0
221089,2000069969,75400294,75400828,534,000000,-17,75400277,7,0,5,75400299,0,0
221430,2000071248,75400840,75401374,534,000000,-17,75400823,7,0,5,75400845,0,0
221431,2000071249,75401386,75401925,539,000000,-17,75401369,7,0,5,75401391,0,0
221088,2000069968,75405749,75406283,534,000000,-17,75405732,7,0,5,75405754,0,0
221087,2000069967,75406295,75406822,527,000000,-17,75406278,7,0,5,75406300,0,0
221432,2000071250,75406834,75407373,539,000000,-17,75406817,7,0,5,75406839,0,0
221433,2000071251,75407385,75407924,539,000000,-17,75407368,7,0,5,75407390,0,0
221436,2000071260,75407936,75408475,539,000000,-17,75407919,7,0,5,75407941,0,0
221440,2000071277,75409630,75410169,539,000000,-17,75409613,7,0,5,75409635,0,0
221441,2000071278,75410181,75410720,539,000000,-16,75410165,0,0,5,75410186,0,0
221442,2000071279,75410732,75411271,539,000000,-16,75410716,0,1,5,75410737,0,0
221443,2000071280,75411283,75411822,539,000000,-16,75411267,0,2,5,75411288,0,0
221444,2000071281,75411834,75412373,539,000000,-16,75411818,0,3,5,75411839,0,0
221445,2000071283,75412385,75412924,539,000000,-16,75412369,0,4,5,75412390,0,0
221086,2000069966,75412936,75413487,551,000000,-16,75412920,0,5,5,75412941,0,0
221446,2000071284,75413604,75414143,539,000000,-17,75413587,7,0,5,75413609,0,0
221447,2000071285,75414260,75414799,539,000000,-17,75414243,7,0,5,75414265,0,0
221448,2000071286,75414811,75415350,539,000000,-16,75414795,0,7,5,75414816,0,0
221085,2000069965,75415362,75415896,534,000000,-16,75415346,0,8,5,75415367,0,0
221449,2000071287,75416294,75416833,539,000000,-16,75416278,0,16,5,75416299,0,0
221450,2000071288,75416845,75417299,454,000000,-16,75416829,0,9,5,75416850,0,0
221073,2000069884,75417311,75417845,534,000000,-16,75417295,0,10,5,75417316,0,0
221451,2000071289,75417857,75418396,539,000000,-17,75417840,7,0,5,75417862,0,0
221072,2000069883,75419326,75419860,534,000000,-17,75419309,7,0,5,75419331,0,0
221071,2000069882,75420187,75420738,551,000000,-16,75420171,0,3,5,75420192,0,0
221070,2000069878,75420750,75421284,534,000000,-17,75420733,7,0,5,75420755,0,0
221462,2000071336,75421296,75421835,539,000000,-17,75421279,7,0,5,75421301,0,0
221464,2000071339,75421964,75422498,534,000000,-16,75421948,0,27,5,75421969,0,0
221069,2000069876,75422510,75423044,534,000000,-16,75422494,0,24,5,75422515,0,0
221068,2000069871,75423056,75423590,534,000000,-17,75423039,7,0,5,75423061,0,0
221067,2000069868,75423711,75424257,546,000000,-12,75423699,185417,9,5,75423716,0,0
221465,2000071342,75424386,75424920,534,000000,-16,75424370,0,28,5,75424391,0,0
221066,2000069866,75425045,75425572,527,000000,-16,75425029,0,29,5,75425050,0,0
221065,2000069865,75425584,75426118,534,000000,-17,75425567,7,0,5,75425589,0,0
221064,2000069864,75426130,75426547,417,000000,-17,75426113,7,0,5,75426135,0,0
221466,2000071343,75426668,75427207,539,000000,-16,75426652,0,30,5,75426673,0,0
221467,2000071344,75427441,75427975,534,000000,-16,75427425,0,32,5,75427446,0,0
221468,2000071345,75427987,75428521,534,000000,-16,75427971,0,27,5,75427992,0,0
221063,2000069863,75428533,75429072,539,000000,-16,75428517,0,28,5,75428538,0,0
221469,2000071349,75429451,75429990,539,000000,-17,75429434,7,0,5,75429456,0,0
221470,2000071354,75430002,75430541,539,000000,-16,75429986,0,29,5,75430007,0,0
221062,2000069862,75430553,75431092,539,000000,-16,75430537,0,30,5,75430558,0,0
221061,2000069861,75431104,75431643,539,000000,-17,75431087,7,0,5,75431109,0,0
221060,2000069860,75431655,75432194,539,000000,-17,75431638,7,0,5,75431660,0,0
221471,2000071355,75432206,75432745,539,000000,-17,75432189,7,0,5,75432211,0,0
221484,2000071421,75433138,75433677,539,000000,-16,75433122,4096,32,5,75433143,0,0
221485,2000071422,75435515,75436054,539,000000,-12,75435503,194463,7,5,75435520,0,0
221486,2000071423,75436066,75436605,539,000000,-17,75436049,7,0,5,75436071,0,0
221059,2000069859,75436617,75437156,539,000000,-17,75436600,7,0,5,75436622,0,0
221487,2000071424,75437168,75437707,539,000000,-17,75437151,7,0,5,75437173,0,0
221488,2000071425,75437719,75438258,539,000000,-12,75437707,221487,0,5,75437724,0,0
221489,2000071426,75438270,75438809,539,000000,-12,75438258,221488,1,5,75438275,0,0
221058,2000069858,75438821,75439355,534,000000,-12,75438809,221489,2,5,75438826,0,0
221057,2000069857,75439367,75439901,534,000000,-17,75439350,7,0,5,75439372,0,0
221490,2000071428,75439913,75440452,539,000000,-17,75439896,7,0,5,75439918,0,0
221491,2000071429,75440464,75440998,534,000000,-12,75440452,221490,4,5,75440469,0,0
221492,2000071430,75441010,75441549,539,000000,-12,75440998,221491,5,5,75441015,0,0
221493,2000071433,75441561,75442095,534,000000,-12,75441549,221492,6,5,75441566,0,0
221038,2000069768,75442488,75443039,551,000000,-17,75442471,7,0,5,75442493,0,0
221494,2000071436,75443051,75443590,539,000000,-17,75443034,7,0,5,75443056,0,0
221037,2000069766,75443602,75444153,551,000000,-12,75443590,221494,12,5,75443607,0,0
221496,2000071439,75444165,75444699,534,000000,-17,75444148,7,0,5,75444170,0,0
221497,2000071442,75444711,75445250,539,000000,-12,75444699,221496,15,5,75444716,0,0
221036,2000069765,75445993,75446532,539,000000,-17,75445976,7,0,5,75445998,0,0
221498,2000071444,75446544,75447083,539,000000,-17,75446527,7,0,5,75446549,0,0
221034,2000069762,75447095,75447634,539,000000,-12,75447083,221498,20,5,75447100,0,0
221767,2000072346,75447646,75448197,551,000000,-17,75447629,7,0,5,75447651,0,0
221032,2000069760,75448595,75449134,539,000000,-12,75448583,221499,28,5,75448600,0,0
221031,2000069757,75450766,75451305,539,000000,-17,75450749,7,0,5,75450771,0,0
221553,2000071820,75451317,75451856,539,000000,-17,75451300,7,0,5,75451322,0,0
221030,2000069756,75451868,75452407,539,000000,-17,75451851,7,0,5,75451873,0,0
221555,2000071823,75452419,75452951,532,000000,-17,75452402,7,0,5,75452424,0,0
221556,2000071824,75452963,75453502,539,000000,-17,75452946,7,0,5,75452968,0,0
221557,2000071825,75453514,75454048,534,000000,-17,75453497,7,0,5,75453519,0,0
221558,2000071826,75454446,75454985,539,000000,-17,75454429,7,0,5,75454451,0,0
221559,2000071827,75454997,75455546,549,000000,-17,75454980,7,0,5,75455002,0,0
221560,2000071828,75455558,75456090,532,000000,-17,75455541,7,0,5,75455563,0,0
221768,2000072347,75456102,75456636,534,000000,-17,75456085,7,0,5,75456107,0,0
221769,2000072348,75456648,75457180,532,000000,-17,75456631,7,0,5,75456653,0,0
221561,2000071829,75457192,75457731,539,000000,-17,75457175,7,0,5,75457197,0,0
221562,2000071830,75457743,75458275,532,000000,-17,75457726,7,0,5,75457748,0,0
221563,2000071831,75458668,75459207,539,000000,-17,75458651,7,0,5,75458673,0,0
221564,2000071832,75459219,75459758,539,000000,-17,75459202,7,0,5,75459224,0,0
221770,2000072349,75460268,75460807,539,000000,-8,75460260,115735,23,5,75460273,0,0
221565,2000071833,75460819,75461358,539,000000,-17,75460802,7,0,5,75460824,0,0
221566,2000071834,75461370,75461909,539,000000,-17,75461353,7,0,5,75461375,0,0
221771,2000072350,75461921,75462448,527,000000,-17,75461904,7,0,5,75461926,0,0
221567,2000071835,75462460,75462999,539,000000,-17,75462443,7,0,5,75462465,0,0
221568,2000071836,75463011,75463550,539,000000,-17,75462994,7,0,5,75463016,0,0
221017,2000069699,75463562,75464101,539,000000,-17,75463545,7,0,5,75463567,0,0
221016,2000069698,75464113,75464652,539,000000,-17,75464096,7,0,5,75464118,0,0
221014,2000069696,75464664,75465203,539,000000,-17,75464647,7,0,5,75464669,0,0
221810,2000072478,75465215,75465754,539,000000,-17,75465198,7,0,5,75465220,0,0
221569,2000071837,75465766,75466293,527,000000,-12,75465754,221810,30,5,75465771,0,0
221013,2000069694,75466305,75466839,534,000000,-17,75466288,7,0,5,75466310,0,0
221012,2000069693,75466851,75467390,539,000000,-17,75466834,7,0,5,75466856,0,0
221011,2000069692,75467402,75467958,556,000000,-17,75467385,7,0,5,75467407,0,0
221010,2000069691,75467970,75468526,556,000000,-17,75467953,7,0,5,75467975,0,0
221570,2000071853,75468538,75469094,556,000000,-17,75468521,7,0,5,75468543,0,0
221811,2000072479,75469106,75469645,539,000000,-17,75469089,7,0,5,75469111,0,0
221571,2000071854,75469657,75470191,534,000000,-12,75469645,221811,31,5,75469662,0,0
221572,2000071855,75470203,75470735,532,000000,-17,75470186,7,0,5,75470208,0,0
221009,2000069689,75470747,75471303,556,000000,-17,75470730,7,0,5,75470752,0,0
221008,2000069687,75471315,75471866,551,000000,-17,75471298,7,0,5,75471320,0,0
221007,2000069686,75471878,75472412,534,000000,-17,75471861,7,0,5,75471883,0,0
221006,2000069685,75472424,75472958,534,000000,-17,75472407,7,0,5,75472429,0,0
221005,2000069684,75472970,75473509,539,000000,-17,75472953,7,0,5,75472975,0,0
221575,2000071882,75473521,75474060,539,000000,-17,75473504,7,0,5,75473526,0,0
221576,2000071883,75474072,75474606,534,000000,-17,75474055,7,0,5,75474077,0,0
221577,2000071884,75474618,75475152,534,000000,-17,75474601,7,0,5,75474623,0,0
221812,2000072480,75475164,75475696,532,000000,-17,75475147,7,0,5,75475169,0,0
221578,2000071885,75475708,75476247,539,000000,-12,75475696,221812,32,5,75475713,0,0
221004,2000069682,75476259,75476786,527,000000,-17,75476242,7,0,5,75476264,0,0
221580,2000071887,75476798,75477342,544,000000,-17,75476781,7,0,5,75476803,0,0
221003,2000069681,75477354,75477888,534,000000,-17,75477337,7,0,5,75477359,0,0
221581,2000071888,75477900,75478439,539,000000,-17,75477883,7,0,5,75477905,0,0
221582,2000071889,75478451,75478990,539,000000,-17,75478434,7,0,5,75478456,0,0
220988,2000069588,75479002,75479541,539,000000,-17,75478985,7,0,5,75479007,0,0
221583,2000071890,75479553,75480087,534,000000,-17,75479536,7,0,5,75479558,0,0
221584,2000071891,75480099,75480638,539,000000,-17,75480082,7,0,5,75480104,0,0
221585,2000071892,75480650,75481184,534,000000,-17,75480633,7,0,5,75480655,0,0
220986,2000069585,75481196,75481735,539,000000,-17,75481179,7,0,5,75481201,0,0
221586,2000071894,75481747,75482281,534,000000,-17,75481730,7,0,5,75481752,0,0
220985,2000069583,75482293,75482844,551,000000,-17,75482276,7,0,5,75482298,0,0
220984,2000069581,75482856,75483395,539,000000,-17,75482839,7,0,5,75482861,0,0
220983,2000069580,75483407,75483946,539,000000,-17,75483390,7,0,5,75483412,0,0
221587,2000071896,75483958,75484497,539,000000,-17,75483941,7,0,5,75483963,0,0
220982,2000069579,75484509,75485161,652,000000,-17,75484492,7,0,5,75484514,0,0
221588,2000071899,75485173,75485712,539,000000,-17,75485156,7,0,5,75485178,0,0
221589,2000071900,75485724,75486256,532,000000,-17,75485707,7,0,5,75485729,0,0
220981,2000069578,75486268,75486807,539,000000,-17,75486251,7,0,5,75486273,0,0
220980,2000069577,75486819,75487353,534,000000,-17,75486802,7,0,5,75486824,0,0
221813,2000072481,75487365,75487904,539,000000,-17,75487348,7,0,5,75487370,0,0
220979,2000069573,75487916,75488455,539,000000,-17,75487899,7,0,5,75487921,0,0
220978,2000069571,75488467,75489001,534,000000,-17,75488450,7,0,5,75488472,0,0
220977,2000069570,75489666,75490205,539,000000,-17,75489649,7,0,5,75489671,0,0
220976,2000069569,75490217,75490751,534,000000,-17,75490200,7,0,5,75490222,0,0
221814,2000072482,75490868,75491400,532,000000,-17,75490851,7,0,5,75490873,0,0
220974,2000069559,75492191,75492838,647,000000,-17,75492174,7,0,5,75492196,0,0
220972,2000069557,75493617,75494151,534,000000,-17,75493600,7,0,5,75493622,0,0
221597,2000071925,75494163,75494702,539,000000,-17,75494146,7,0,5,75494168,0,0
221599,2000071927,75494714,75495253,539,000000,-17,75494697,7,0,5,75494719,0,0
221600,2000071930,75495265,75495799,534,000000,-17,75495248,7,0,5,75495270,0,0
221601,2000071931,75495811,75496350,539,000000,-17,75495794,7,0,5,75495816,0,0
220971,2000069556,75496772,75497311,539,000000,-12,75496760,25805,9,5,75496777,0,0
221602,2000071934,75498012,75498546,534,000000,-17,75497995,7,0,5,75498017,0,0
221603,2000071937,75498558,75499085,527,000000,-17,75498541,7,0,5,75498563,0,0
221604,2000071939,75499483,75500022,539,000000,-16,75499467,0,14,5,75499488,0,0
221816,2000072484,75500034,75500573,539,000000,-12,75500022,221604,3,5,75500039,0,0
221817,2000072485,75500585,75501124,539,000000,-17,75500568,7,0,5,75500590,0,0
220969,2000069554,75501136,75501675,539,000000,-17,75501119,7,0,5,75501141,0,0
221605,2000071941,75501687,75502226,539,000000,-17,75501670,7,0,5,75501692,0,0
221607,2000071948,75502624,75503168,544,000000,-16,75502608,0,26,5,75502629,0,0
221818,2000072486,75503180,75503712,532,000000,-12,75503168,221607,12,5,75503185,0,0
221819,2000072487,75503724,75504256,532,000000,-17,75503707,7,0,5,75503729,0,0
221608,2000071950,75505052,75505579,527,000000,-16,75505036,0,25,5,75505057,0,0
221609,2000071953,75505977,75506511,534,000000,-17,75505960,7,0,5,75505982,0,0
221610,2000071956,75506523,75507062,539,000000,-12,75506511,221609,17,5,75506528,0,0
221611,2000071961,75507074,75507613,539,000000,-12,75507062,221610,20,5,75507079,0,0
221612,2000071965,75507625,75508152,527,000000,-12,75507613,221611,25,5,75507630,0,0
221613,2000071966,75508164,75508703,539,000000,-12,75508152,221612,29,5,75508169,0,0
220952,2000069289,75508972,75509511,539,000000,-17,75508955,7,0,5,75508977,0,0
220951,2000069287,75509523,75510062,539,000000,-16,75509507,0,24,5,75509528,0,0
220950,2000069285,75510074,75510625,551,000000,-16,75510058,0,23,5,75510079,0,0
221614,2000071967,75510637,75511176,539,000000,-16,75510621,0,22,5,75510642,0,0
221615,2000071968,75511188,75511727,539,000000,-12,75511176,221614,31,5,75511193,0,0
220949,2000069284,75511739,75512273,534,000000,-12,75511727,221615,32,5,75511744,0,0
220947,2000069282,75512285,75512819,534,000000,-16,75512269,0,21,5,75512290,0,0
220946,2000069281,75512831,75513365,534,000000,-16,75512815,0,19,5,75512836,0,0
221616,2000071971,75513763,75514302,539,000000,-17,75513746,7,0,5,75513768,0,0
220944,2000069279,75514314,75514853,539,000000,-17,75514297,7,0,5,75514319,0,0
221617,2000071972,75514865,75515399,534,000000,-16,75514849,0,16,5,75514870,0,0
221825,2000072514,75515411,75515943,532,000000,-17,75515394,7,0,5,75515416,0,0
220943,2000069278,75515955,75516494,539,000000,-17,75515938,7,0,5,75515960,0,0
221618,2000071973,75516506,75517045,539,000000,-16,75516490,0,15,5,75516511,0,0
220942,2000069277,75517057,75517596,539,000000,-17,75517040,7,0,5,75517062,0,0
221826,2000072515,75517725,75518264,539,000000,-16,75517709,0,29,5,75517730,0,0
220940,2000069275,75518276,75518810,534,000000,-17,75518259,7,0,5,75518281,0,0
221619,2000071974,75518822,75519356,534,000000,-16,75518806,0,12,5,75518827,0,0
220932,2000069251,75519485,75520012,527,000000,-16,75519469,0,30,5,75519490,0,0
220931,2000069248,75520410,75520944,534,000000,-17,75520393,7,0,5,75520415,0,0
220930,2000069246,75520956,75521495,539,000000,-16,75520940,0,3,5,75520961,0,0
220929,2000069242,75521507,75522046,539,000000,-16,75521491,0,2,5,75521512,0,0
220928,2000069239,75522058,75522592,534,000000,-16,75522042,0,1,5,75522063,0,0
221827,2000072516,75522604,75523136,532,000000,-16,75522588,0,0,5,75522609,0,0
221828,2000072518,75523148,75523687,539,000000,-17,75523131,7,0,5,75523153,0,0
221626,2000072005,75523699,75524238,539,000000,-17,75523682,7,0,5,75523704,0,0
221627,2000072007,75524250,75524789,539,000000,-17,75524233,7,0,5,75524255,0,0
221628,2000072009,75524801,75525340,539,000000,-17,75524784,7,0,5,75524806,0,0
220927,2000069238,75525352,75525879,527,000000,-17,75525335,7,0,5,75525357,0,0
220926,2000069237,75525891,75526430,539,000000,-17,75525874,7,0,5,75525896,0,0
221629,2000072010,75526442,75526981,539,000000,-17,75526425,7,0,5,75526447,0,0
220925,2000069234,75526993,75527532,539,000000,-17,75526976,7,0,5,75526998,0,0
220924,2000069233,75527544,75528078,534,000000,-17,75527527,7,0,5,75527549,0,0
220923,2000069232,75528090,75528624,534,000000,-17,75528073,7,0,5,75528095,0,0
221630,2000072013,75528636,75529170,534,000000,-17,75528619,7,0,5,75528641,0,0
220921,2000069229,75529182,75529721,539,000000,-17,75529165,7,0,5,75529187,0,0
221631,2000072015,75529733,75530272,539,000000,-17,75529716,7,0,5,75529738,0,0
221632,2000072016,75530284,75530823,539,000000,-17,75530267,7,0,5,75530289,0,0
221830,2000072520,75530835,75531362,527,000000,-17,75530818,7,0,5,75530840,0,0
221831,2000072521,75531374,75531908,534,000000,-17,75531357,7,0,5,75531379,0,0
221633,2000072018,75531920,75532454,534,000000,-17,75531903,7,0,5,75531925,0,0
220920,2000069228,75532466,75533005,539,000000,-17,75532449,7,0,5,75532471,0,0
221832,2000072522,75533134,75533666,532,000000,-16,75533118,0,31,5,75533139,0,0
220919,2000069225,75533678,75534212,534,000000,-17,75533661,7,0,5,75533683,0,0
220916,2000069210,75534996,75535552,556,000000,-17,75534979,7,0,5,75535001,0,0
220914,2000069206,75535564,75536110,546,000000,-17,75535547,7,0,5,75535569,0,0
221833,2000072523,75536122,75536678,556,000000,-17,75536105,7,0,5,75536127,0,0
220913,2000069205,75536690,75537229,539,000000,-17,75536673,7,0,5,75536695,0,0
220912,2000069201,75537241,75537780,539,000000,-17,75537224,7,0,5,75537246,0,0
221834,2000072524,75537792,75538324,532,000000,-17,75537775,7,0,5,75537797,0,0
221635,2000072020,75538336,75538870,534,000000,-17,75538319,7,0,5,75538341,0,0
221636,2000072021,75539268,75539824,556,000000,-24,75539244,65281,1,5,75539273,0,0
221836,2000072527,75539836,75540370,534,000000,-17,75539819,7,0,5,75539841,0,0
221643,2000072070,75540382,75540914,532,000000,-17,75540365,7,0,5,75540387,0,0
221837,2000072529,75540926,75541460,534,000000,-17,75540909,7,0,5,75540931,0,0
221644,2000072071,75541472,75542006,534,000000,-17,75541455,7,0,5,75541477,0,0
221645,2000072075,75542018,75542557,539,000000,-17,75542001,7,0,5,75542023,0,0
221646,2000072078,75542955,75543489,534,000000,-17,75542938,7,0,5,75542960,0,0
221647,2000072081,75543501,75544040,539,000000,-17,75543484,7,0,5,75543506,0,0
220908,2000069190,75544052,75544603,551,000000,-17,75544035,7,0,5,75544057,0,0
220907,2000069189,75544615,75545154,539,000000,-17,75544598,7,0,5,75544620,0,0
220906,2000069187,75545166,75545722,556,000000,-17,75545149,7,0,5,75545171,0,0
220905,2000069186,75545734,75546273,539,000000,-17,75545717,7,0,5,75545739,0,0
221838,2000072530,75546285,75546824,539,000000,-17,75546268,7,0,5,75546290,0,0
220904,2000069185,75546836,75547387,551,000000,-17,75546819,7,0,5,75546841,0,0
220903,2000069184,75547399,75547950,551,000000,-17,75547382,7,0,5,75547404,0,0
220902,2000069182,75547962,75548501,539,000000,-17,75547945,7,0,5,75547967,0,0
221648,2000072083,75548513,75549052,539,000000,-17,75548496,7,0,5,75548518,0,0
221839,2000072531,75549064,75549620,556,000000,-17,75549047,7,0,5,75549069,0,0
221840,2000072532,75549632,75550171,539,000000,-17,75549615,7,0,5,75549637,0,0
221841,2000072533,75550183,75550722,539,000000,-17,75550166,7,0,5,75550188,0,0
221649,2000072084,75550734,75551261,527,000000,-17,75550717,7,0,5,75550739,0,0
221843,2000072536,75551273,75551800,527,000000,-17,75551256,7,0,5,75551278,0,0
220901,2000069181,75551812,75552351,539,000000,-17,75551795,7,0,5,75551817,0,0
220900,2000069177,75552363,75552902,539,000000,-17,75552346,7,0,5,75552368,0,0
220899,2000069176,75552914,75553448,534,000000,-17,75552897,7,0,5,75552919,0,0
221650,2000072085,75553460,75553999,539,000000,-17,75553443,7,0,5,75553465,0,0
221844,2000072537,75554011,75554538,527,000000,-17,75553994,7,0,5,75554016,0,0
220898,2000069175,75554550,75555084,534,000000,-17,75554533,7,0,5,75554555,0,0
221845,2000072539,75555096,75555635,539,000000,-17,75555079,7,0,5,75555101,0,0
220894,2000069168,75555647,75556181,534,000000,-17,75555630,7,0,5,75555652,0,0
220884,2000069096,75556193,75556727,534,000000,-17,75556176,7,0,5,75556198,0,0
221651,2000072086,75556739,75557266,527,000000,-17,75556722,7,0,5,75556744,0,0
221652,2000072087,75557278,75557817,539,000000,-17,75557261,7,0,5,75557283,0,0
220883,2000069093,75557829,75558363,534,000000,-17,75557812,7,0,5,75557834,0,0
220881,2000069088,75558597,75559136,539,000000,-17,75558580,7,0,5,75558602,0,0
221653,2000072089,75559148,75559704,556,000000,-17,75559131,7,0,5,75559153,0,0
221662,2000072125,75559716,75560255,539,000000,-17,75559699,7,0,5,75559721,0,0
220880,2000069086,75560392,75560931,539,000000,-16,75560376,0,32,5,75560397,0,0
220879,2000069083,75560943,75561477,534,000000,-17,75560926,7,0,5,75560948,0,0
221663,2000072126,75561489,75562028,539,000000,-17,75561472,7,0,5,75561494,0,0
221851,2000072549,75562145,75562701,556,000000,-24,75562121,65535,1,5,75562150,0,0
220878,2000069081,75562713,75563252,539,000000,-17,75562696,7,0,5,75562718,0,0
221852,2000072550,75563264,75563791,527,000000,-17,75563247,7,0,5,75563269,0,0
220876,2000069079,75563803,75564337,534,000000,-17,75563786,7,0,5,75563808,0,0
220875,2000069077,75564349,75564888,539,000000,-17,75564332,7,0,5,75564354,0,0
220874,2000069075,75564900,75565439,539,000000,-17,75564883,7,0,5,75564905,0,0
221853,2000072551,75565451,75565990,539,000000,-17,75565434,7,0,5,75565456,0,0
221854,2000072552,75566002,75566534,532,000000,-17,75565985,7,0,5,75566007,0,0
221855,2000072553,75566651,75567185,534,000000,-17,75566634,7,0,5,75566656,0,0
221856,2000072555,75567197,75567736,539,000000,-17,75567180,7,0,5,75567202,0,0
220873,2000069070,75567865,75568404,539,000000,-17,75567848,7,0,5,75567870,0,0
221857,2000072557,75568416,75568955,539,000000,-17,75568399,7,0,5,75568421,0,0
221858,2000072558,75568967,75569501,534,000000,-17,75568950,7,0,5,75568972,0,0
220872,2000069069,75569513,75570040,527,000000,-17,75569496,7,0,5,75569518,0,0
221860,2000072560,75570052,75570586,534,000000,-17,75570035,7,0,5,75570057,0,0
221861,2000072561,75570931,75571470,539,000000,-17,75570914,7,0,5,75570936,0,0
220871,2000069068,75571756,75572283,527,000000,-16,75571740,0,27,5,75571761,0,0
221862,2000072562,75572605,75573139,534,000000,-17,75572588,7,0,5,75572610,0,0
221863,2000072563,75573151,75573690,539,000000,-17,75573134,7,0,5,75573156,0,0
221865,2000072565,75573702,75574236,534,000000,-17,75573685,7,0,5,75573707,0,0
220870,2000069066,75574591,75575130,539,000000,-17,75574574,7,0,5,75574596,0,0
221665,2000072129,75575645,75576184,539,000000,-17,75575628,7,0,5,75575650,0,0
221866,2000072566,75576196,75576730,534,000000,-17,75576179,7,0,5,75576201,0,0
221666,2000072132,75577123,75577657,534,000000,-17,75577106,7,0,5,75577128,0,0
221867,2000072567,75577669,75578208,539,000000,-17,75577652,7,0,5,75577674,0,0
221868,2000072568,75578987,75579514,527,000000,-17,75578970,7,0,5,75578992,0,0
221667,2000072133,75579526,75580082,556,000000,-17,75579509,7,0,5,75579531,0,0
221668,2000072134,75580094,75580628,534,000000,-17,75580077,7,0,5,75580099,0,0
221669,2000072136,75580640,75581179,539,000000,-17,75580623,7,0,5,75580645,0,0
221670,2000072137,75581191,75581730,539,000000,-17,75581174,7,0,5,75581196,0,0
220854,2000068989,75581742,75582274,532,000000,-17,75581725,7,0,5,75581747,0,0
221870,2000072572,75582286,75582818,532,000000,-17,75582269,7,0,5,75582291,0,0
221671,2000072138,75582830,75583369,539,000000,-17,75582813,7,0,5,75582835,0,0
220853,2000068987,75583381,75583913,532,000000,-17,75583364,7,0,5,75583386,0,0
221871,2000072574,75583925,75584457,532,000000,-17,75583908,7,0,5,75583930,0,0
221873,2000072580,75585160,75585699,539,000000,-17,75585143,7,0,5,75585165,0,0
220852,2000068985,75586125,75586659,534,000000,-12,75586113,32469,21,5,75586130,0,0
220851,2000068984,75587737,75588271,534,000000,-17,75587720,7,0,5,75587742,0,0
221683,2000072153,75588283,75588822,539,000000,-17,75588266,7,0,5,75588288,0,0
220850,2000068983,75588935,75589469,534,000000,-17,75588918,7,0,5,75588940,0,0
221685,2000072155,75589481,75590020,539,000000,-17,75589464,7,0,5,75589486,0,0
220849,2000068982,75590517,75591056,539,000000,-17,75590500,7,0,5,75590522,0,0
220848,2000068981,75591068,75591607,539,000000,-17,75591051,7,0,5,75591073,0,0
220847,2000068979,75591619,75592158,539,000000,-17,75591602,7,0,5,75591624,0,0
221686,2000072156,75592170,75592709,539,000000,-17,75592153,7,0,5,75592175,0,0
220846,2000068978,75592721,75593248,527,000000,-17,75592704,7,0,5,75592726,0,0
220845,2000068977,75594190,75594729,539,000000,-16,75594174,0,21,5,75594195,0,0
220844,2000068975,75594741,75595280,539,000000,-17,75594724,7,0,5,75594746,0,0
220842,2000068972,75595292,75595826,534,000000,-17,75595275,7,0,5,75595297,0,0
221687,2000072157,75595959,75596498,539,000000,-17,75595942,7,0,5,75595964,0,0
220823,2000068918,75597294,75597843,549,000000,-17,75597277,7,0,5,75597299,0,0
220822,2000068917,75597855,75598394,539,000000,-17,75597838,7,0,5,75597860,0,0
221688,2000072159,75598406,75598945,539,000000,-17,75598389,7,0,5,75598411,0,0
220821,2000068916,75598957,75599496,539,000000,-17,75598940,7,0,5,75598962,0,0
220818,2000068911,75599508,75600047,539,000000,-17,75599491,7,0,5,75599513,0,0
220817,2000068910,75600059,75600615,556,000000,-17,75600042,7,0,5,75600064,0,0
220816,2000068909,75600627,75601166,539,000000,-17,75600610,7,0,5,75600632,0,0
221690,2000072162,75601178,75601705,527,000000,-17,75601161,7,0,5,75601183,0,0
220815,2000068908,75601717,75602251,534,000000,-17,75601700,7,0,5,75601722,0,0
221691,2000072163,75602263,75602802,539,000000,-17,75602246,7,0,5,75602268,0,0
221692,2000072164,75602814,75603348,534,000000,-17,75602797,7,0,5,75602819,0,0
221693,2000072165,75603360,75603894,534,000000,-17,75603343,7,0,5,75603365,0,0
220814,2000068907,75603906,75604445,539,000000,-17,75603889,7,0,5,75603911,0,0
220813,2000068906,75604574,75605113,539,000000,-17,75604557,7,0,5,75604579,0,0
221694,2000072166,75605125,75605676,551,000000,-17,75605108,7,0,5,75605130,0,0
220812,2000068905,75605688,75606237,549,000000,-17,75605671,7,0,5,75605693,0,0
221697,2000072171,75606249,75606783,534,000000,-17,75606232,7,0,5,75606254,0,0
221698,2000072172,75606795,75607351,556,000000,-16,75606779,0,1,5,75606800,0,0
221700,2000072174,75607754,75608293,539,000000,-16,75607738,0,14,5,75607759,0,0
220811,2000068903,75608305,75608839,534,000000,-16,75608289,0,4,5,75608310,0,0
221701,2000072175,75608851,75609503,652,000000,-17,75608834,7,0,5,75608856,0,0
221702,2000072176,75609515,75610061,546,000000,-16,75609499,0,5,5,75609520,0,0
220810,2000068902,75611360,75611894,534,000000,-17,75611343,7,0,5,75611365,0,0
220809,2000068901,75611906,75612440,534,000000,-17,75611889,7,0,5,75611911,0,0
221737,2000072291,75612569,75613108,539,000000,-17,75612552,7,0,5,75612574,0,0
221738,2000072292,75613120,75613654,534,000000,-17,75613103,7,0,5,75613125,0,0
221740,2000072295,75614353,75614887,534,000000,-16,75614337,0,24,5,75614358,0,0
221741,2000072297,75614899,75615433,534,000000,-17,75614882,7,0,5,75614904,0,0
221742,2000072299,75616598,75617137,539,000000,-17,75616581,7,0,5,75616603,0,0
221743,2000072300,75617149,75617688,539,000000,-17,75617132,7,0,5,75617154,0,0
221744,2000072301,75617700,75618249,549,000000,-17,75617683,7,0,5,75617705,0,0
221745,2000072302,75618261,75618800,539,000000,-17,75618244,7,0,5,75618266,0,0
220808,2000068900,75618812,75619339,527,000000,-17,75618795,7,0,5,75618817,0,0
221746,2000072304,75619351,75619878,527,000000,-17,75619334,7,0,5,75619356,0,0
221748,2000072307,75619890,75620429,539,000000,-17,75619873,7,0,5,75619895,0,0
221749,2000072308,75620441,75620968,527,000000,-17,75620424,7,0,5,75620446,0,0
221750,2000072309,75620980,75621514,534,000000,-17,75620963,7,0,5,75620985,0,0
221751,2000072310,75621526,75622065,539,000000,-17,75621509,7,0,5,75621531,0,0
221752,2000072311,75622077,75622616,539,000000,-17,75622060,7,0,5,75622082,0,0
220806,2000068898,75622628,75623189,561,000000,-17,75622611,7,0,5,75622633,0,0
220803,2000068895,75623201,75623750,549,000000,-17,75623184,7,0,5,75623206,0,0
221753,2000072312,75623762,75624313,551,000000,-12,75623750,220803,31,5,75623767,0,0
221754,2000072313,75624325,75624864,539,000000,-17,75624308,7,0,5,75624330,0,0
220802,2000068894,75624876,75625415,539,000000,-17,75624859,7,0,5,75624881,0,0
221762,2000072341,75625427,75625959,532,000000,-12,75625415,220802,30,5,75625432,0,0
221763,2000072342,75625971,75626505,534,000000,-17,75625954,7,0,5,75625976,0,0
221764,2000072343,75626517,75627056,539,000000,-17,75626500,7,0,5,75626522,0,0
221765,2000072344,75627068,75627607,539,000000,-17,75627051,7,0,5,75627073,0,0
221766,2000072345,75628372,75628911,539,000000,-17,75628355,7,0,5,75628377,0,0
220801,2000068893,75628923,75629455,532,000000,-17,75628906,7,0,5,75628928,0,0
220800,2000068892,75629467,75629999,532,000000,-12,75629455,220801,29,5,75629472,0,0
221331,2000070787,75631951,75632483,532,000000,-17,75631934,7,0,5,75631956,0,0
221598,2000071926,75659517,75660056,539,000000,-17,75659500,7,0,5,75659522,0,0
221846,2000072540,75737560,75738188,628,000000,-17,75737543,7,0,5,75737565,0,0
223902,2000080310,78056936,78057463,527,500050,-24,78056912,65281,1,16,78056952,65535,0
224642,2000082852,78076749,78077313,564,500050,-17,78076732,7,0,16,78076765,65535,0
224504,2000082560,78093668,78094232,564,500050,-17,78093651,7,0,16,78093684,65535,0
224502,2000082558,78094244,78094808,564,500050,-17,78094227,7,0,16,78094260,65535,0
224506,2000082563,78270852,78271379,527,4e004e,-17,78270835,7,0,16,78270868,65535,0
223903,2000080312,78299932,78300466,534,4e004e,-12,78299920,116169,7,16,78299948,65535,0
224509,2000082573,78356212,78356776,564,4d004d,-17,78356195,7,0,16,78356228,65535,0
224505,2000082562,78356788,78357322,534,4d004d,-17,78356771,7,0,16,78356804,65535,0
222074,2000073847,78617117,78617663,546,4a004a,-17,78617100,7,0,16,78617133,65535,0
222143,2000074269,78789702,78790236,534,470047,-17,78789685,7,0,16,78789718,65535,0
222122,2000074083,78832105,78832639,534,460046,-17,78832088,7,0,16,78832121,65535,0
225008,2000083662,78843648,78844182,534,460046,-17,78843631,7,0,16,78843664,65535,0
222773,2000076995,79024206,79024740,534,440044,-17,79024189,7,0,16,79024222,65535,0
224719,2000083025,79035402,79035929,527,440044,-17,79035385,7,0,16,79035418,65535,0
223560,2000079299,79224360,79224894,534,410041,-17,79224343,7,0,16,79224376,65535,0
223558,2000079294,79224906,79225440,534,410041,-17,79224889,7,0,16,79224922,65535,0
223557,2000079292,79228611,79229145,534,410041,-17,79228594,7,0,16,79228627,65535,0
223548,2000079261,79232094,79232628,534,410041,-17,79232077,7,0,16,79232110,65535,0
223547,2000079259,79232640,79233174,534,410041,-17,79232623,7,0,16,79232656,65535,0
224055,2000081046,79303445,79303979,534,3f003f,-17,79303428,7,0,16,79303461,65535,0
222144,2000074270,79307700,79308251,551,3f003f,-17,79307683,7,0,16,79307716,65535,0
224349,2000082160,79313747,79314325,578,3e003e,-17,79313730,7,0,16,79313763,65535,0
223550,2000079264,79346784,79347318,534,000000,-16,79346768,0,22,5,79346789,0,0
223887,2000080218,79351155,79351682,527,3c003c,-16,79351139,0,10,16,79351171,65535,0
223554,2000079279,79365720,79366254,534,3c003c,-17,79365703,7,0,16,79365736,65535,0
224942,2000083504,79367994,79368521,527,3c003c,-17,79367977,7,0,16,79368010,65535,0
223553,2000079277,79384594,79385128,534,3c003c,-16,79384578,0,30,16,79384610,65535,0
223551,2000079269,79386949,79387483,534,3c003c,-12,79386937,31674,5,16,79386965,65535,0
223892,2000080232,79424398,79424925,527,3c0039,-17,79424381,7,0,6,79424404,14592,0
222580,2000076483,79435220,79435792,572,370037,-12,79435208,116843,21,16,79435236,65535,0
220824,2000068919,79571178,79571717,539,000000,-12,79571166,161497,6,5,79571183,0,0
225208,2000084281,79893627,79894218,591,410048,-17,79893610,7,0,16,79893643,65535,0
225232,2000084314,80024385,80024966,581,3c0041,-17,80024368,7,0,16,80024401,65535,0
225217,2000084291,80120758,80121302,544,3c003c,-17,80120741,7,0,16,80120774,65535,0
225066,2000083901,80126619,80127188,569,320037,-17,80126602,7,0,16,80126635,65535,0
225216,2000084290,80129113,80129650,537,3c003c,-17,80129096,7,0,16,80129129,65535,0
225231,2000084312,80132430,80133011,581,3c003c,-17,80132413,7,0,16,80132446,65535,0
225233,2000084315,80134191,80134767,576,37003c,-17,80134174,7,0,16,80134207,65535,0
224438,2000082411,80171348,80171887,539,280028,-17,80171331,7,0,16,80171364,65535,0
224455,2000082445,80207065,80207639,574,2d002d,-17,80207048,7,0,16,80207081,65535,0
224442,2000082419,80239993,80240532,539,1e001e,-17,80239976,7,0,16,80240009,65535,0
224460,2000082451,80248179,80248753,574,280028,-17,80248162,7,0,16,80248195,65535,0
224653,2000082876,80264200,80264762,562,280028,-16,80264184,0,10,16,80264216,65535,0
224652,2000082874,80265175,80265712,537,280028,-24,80265151,65281,1,16,80265191,65535,0
225244,2000084332,80338145,80338677,532,320032,-17,80338128,7,0,16,80338161,65535,0
225240,2000084325,80338689,80339263,574,320037,-17,80338672,7,0,16,80338705,65535,0
225214,2000084288,80339275,80339817,542,370037,-17,80339258,7,0,16,80339291,65535,0
225207,2000084279,80340206,80340750,544,370037,-17,80340189,7,0,16,80340222,65535,0
225195,2000084267,80341847,80342381,534,320037,-17,80341830,7,0,16,80341863,65535,0
225194,2000084266,80342862,80343401,539,320037,-17,80342845,7,0,16,80342878,65535,0
225193,2000084265,80344006,80344550,544,320037,-17,80343989,7,0,16,80344022,65535,0
225101,2000083980,80345764,80346303,539,320032,-12,80345752,89397,6,16,80345780,65535,0
222891,2000077287,80360574,80361150,576,370037,-17,80360557,7,0,16,80360590,65535,0
222882,2000077273,80366229,80366800,571,370037,-17,80366212,7,0,16,80366245,65535,0
221924,2000072840,80396569,80397138,569,1e001e,-17,80396552,7,0,16,80396585,65535,0
224753,2000083084,80400380,80400924,544,320032,-17,80400363,7,0,16,80400396,65535,0
223303,2000078618,80447339,80447883,544,230023,-17,80447322,7,0,16,80447355,65535,0
224544,2000082659,80460932,80461520,588,320032,-17,80460915,7,0,16,80460948,65535,0
224458,2000082448,80471352,80471928,576,2d002d,-17,80471335,7,0,16,80471368,65535,0
224437,2000082409,80473124,80473663,539,1e001e,-12,80473112,89352,17,16,80473140,65535,0
224058,2000081054,80482425,80482964,539,140014,-17,80482408,7,0,16,80482441,65535,0
223577,2000079336,80491492,80492061,569,320032,-17,80491475,7,0,16,80491508,65535,0
223571,2000079328,80494874,80495455,581,000000,-17,80494857,7,0,5,80494879,0,0
224462,2000082455,80554102,80554666,564,1e001e,-17,80554085,7,0,16,80554118,65535,0
224289,2000082004,80566611,80567180,569,0f000f,-17,80566594,7,0,16,80566627,65535,0
224046,2000081017,80575263,80575839,576,0a000a,-16,80575247,0,13,16,80575279,65535,0
223567,2000079319,80589816,80590390,574,2d002d,-17,80589799,7,0,16,80589832,65535,0
225100,2000083979,80614255,80614799,544,280028,-17,80614238,7,0,16,80614271,65535,0
225218,2000084292,80628417,80628993,576,320032,-17,80628400,7,0,16,80628433,65535,0
225099,2000083978,80629982,80630526,544,280028,-17,80629965,7,0,16,80629998,65535,0
225013,2000083681,80632347,80632879,532,320032,-17,80632330,7,0,16,80632363,65535,0
224285,2000081996,80677550,80678124,574,0a000a,-17,80677533,7,0,16,80677566,65535,0
222165,2000074439,80686902,80687441,539,190019,-17,80686885,7,0,16,80686918,65535,0
223576,2000079335,80688666,80689235,569,2d002d,-17,80688649,7,0,16,80688682,65535,0
223573,2000079330,80689840,80690404,564,2d002d,-17,80689823,7,0,16,80689856,65535,0
224381,2000082266,80715288,80715857,569,1e001e,-17,80715271,7,0,16,80715304,65535,0
224282,2000081993,80716921,80717453,532,0a000a,-17,80716904,7,0,16,80716937,65535,0
224050,2000081033,80718659,80719228,569,0a000a,-17,80718642,7,0,16,80718675,65535,0
224822,2000083209,80759852,80760389,537,2d002d,-17,80759835,7,0,16,80759868,65535,0
224703,2000082996,80765281,80765813,532,2d0028,-12,80765269,89830,30,16,80765297,65535,0
224702,2000082995,80766381,80766913,532,280028,-17,80766364,7,0,16,80766397,65535,0
224692,2000082975,80768102,80768641,539,2d002d,-17,80768085,7,2,16,80768118,65535,0
224691,2000082974,80768653,80769197,544,280028,-12,80768641,224692,31,16,80768669,65535,0
224047,2000081025,80798932,80799476,544,140014,-17,80798915,7,0,16,80798948,65535,0
223978,2000080753,80802325,80802901,576,140014,-17,80802308,7,0,16,80802341,65535,0
223977,2000080752,80803618,80804194,576,190019,-17,80803601,7,0,16,80803634,65535,0
223218,2000078308,80819882,80820456,574,230023,-16,80819866,0,1,16,80819898,65535,0
223096,2000077961,80826899,80827480,581,1e001e,-17,80826882,7,0,16,80826915,65535,0
222493,2000076346,80838511,80839085,574,280028,-17,80838494,7,0,16,80838527,65535,0
224962,2000083538,80847434,80847973,539,2d002d,-17,80847417,7,0,16,80847450,65535,0
224964,2000083540,80848571,80849110,539,2d002d,-12,80848559,89642,18,16,80848587,65535,0
224966,2000083542,80849122,80849661,539,2d002d,-17,80849105,7,0,16,80849138,65535,0
224967,2000083543,80850131,80850675,544,2d002d,-17,80850114,7,0,16,80850147,65535,0
224968,2000083544,80850687,80851231,544,2d002d,-17,80850670,7,0,16,80850703,65535,0
224969,2000083545,80851829,80852368,539,2d002d,-12,80851817,32221,23,16,80851845,65535,0
225102,2000083982,80852700,80853244,544,280028,-17,80852683,7,0,16,80852716,65535,0
225120,2000084043,80853256,80853795,539,2d002d,-12,80853244,225102,14,16,80853272,65535,0
225205,2000084277,80853807,80854400,593,2d002d,-17,80853790,7,0,16,80853823,65535,0
225206,2000084278,80854412,80854993,581,2d002d,-17,80854395,7,0,16,80854428,65535,0
225238,2000084321,80858477,80859004,527,2d002d,-17,80858460,7,0,16,80858493,65535,0
225239,2000084323,80859016,80859548,532,2d002d,-17,80858999,7,0,16,80859032,65535,0
222689,2000076780,80973709,80974283,574,190019,-17,80973692,7,0,16,80973725,65535,0
223220,2000078318,80982319,80982895,576,280028,-17,80982302,7,0,16,80982335,65535,0
222681,2000076769,80984672,80985209,537,140014,-17,80984655,7,0,16,80984688,65535,0
221705,2000072182,80997150,80997731,581,280028,-17,80997133,7,0,16,80997166,65535,0
223219,2000078314,81001160,81001736,576,1e001e,-17,81001143,7,0,16,81001176,65535,0
223097,2000077963,81002365,81002941,576,1e001e,-16,81002349,0,29,16,81002381,65535,0
222687,2000076778,81005313,81005867,554,140014,-17,81005296,7,0,16,81005329,65535,0
222686,2000076777,81005879,81006411,532,140014,-17,81005862,7,0,16,81005895,65535,0
222684,2000076774,81007709,81008241,532,140014,-17,81007692,7,0,16,81007725,65535,0
222682,2000076771,81008863,81009390,527,140014,-17,81008846,7,0,16,81008879,65535,0
222492,2000076344,81009402,81009983,581,280028,-17,81009385,7,0,16,81009418,65535,0
225250,2000084345,81055188,81055727,539,280028,-17,81055171,7,0,16,81055204,65535,0
225012,2000083680,81063206,81063743,537,280028,-17,81063189,7,0,16,81063222,65535,0
224965,2000083541,81067614,81068153,539,2d002d,-17,81067597,7,0,16,81067630,65535,0
222683,2000076772,81072438,81072975,537,140014,-17,81072421,7,0,16,81072454,65535,0
223572,2000079329,81100071,81100645,574,190019,-17,81100054,7,0,16,81100087,65535,0
221437,2000071264,81116778,81117352,574,1e001e,-12,81116766,89531,8,16,81116794,65535,0
222685,2000076776,81118533,81119065,532,140014,-17,81118516,7,0,16,81118549,65535,0
225121,2000084044,81158293,81158832,539,2d002d,-17,81158276,7,0,16,81158309,65535,0
223939,2000080579,81200978,81201515,537,1e001e,-17,81200961,7,0,7,81200985,65566,32
221951,2000073130,81208392,81208988,596,1e001e,-16,81208376,0,31,7,81208399,65566,30
221434,2000071253,81279040,81279596,556,000000,-17,81279023,7,0,5,81279045,0,0
224970,2000083547,81285308,81285847,539,000000,-12,81285296,88502,9,5,81285313,0,0
224971,2000083548,81285859,81286403,544,000000,-17,81285842,7,0,5,81285864,0,0
224972,2000083549,81286415,81286959,544,000000,-17,81286398,7,0,5,81286420,0,0
224973,2000083551,81286971,81287510,539,000000,-17,81286954,7,0,5,81286976,0,0
224977,2000083560,81287522,81288066,544,000000,-17,81287505,7,0,5,81287527,0,0
224978,2000083561,81288078,81288617,539,000000,-17,81288061,7,0,5,81288083,0,0
224979,2000083562,81288629,81289168,539,000000,-17,81288612,7,0,5,81288634,0,0
224981,2000083564,81289180,81289719,539,000000,-17,81289163,7,0,5,81289185,0,0
224982,2000083565,81289731,81290270,539,000000,-17,81289714,7,0,5,81289736,0,0
225219,2000084293,81299070,81299651,581,000000,-17,81299053,7,0,5,81299075,0,0
221477,2000071391,83071046,83071603,557,530053,-17,83071029,7,0,16,83071062,65535,0
222368,2000075967,83123797,83124336,539,510051,-17,83123780,7,0,16,83123813,65535,0
225222,2000084297,83918234,83918827,593,3c0046,-17,83918217,7,0,16,83918250,65535,0
225089,2000083954,84324488,84325049,561,380038,-17,84324471,7,0,6,84324494,14336,0
221270,2000070600,84486033,84486567,534,1e001e,-11,84486022,757,18,16,84486049,65535,0
224963,2000083539,84593548,84594082,534,320032,-17,84593531,131079,0,16,84593564,65535,0
221994,2000073298,84596075,84596602,527,000000,-17,84596058,7,0,5,84596080,0,0
222790,2000077038,84639925,84640471,546,000000,-12,84639913,85608,4,5,84639930,0,0
224899,2000083403,84756412,84756946,534,2d002d,-12,84756400,211094,4,16,84756428,65535,0
224176,2000081496,84795885,84796419,534,280028,-17,84795868,7,0,16,84795901,65535,0
221973,2000073252,84876948,84877499,551,000000,-12,84876936,162139,10,5,84876953,0,0
224172,2000081487,84941616,84942150,534,280028,-17,84941599,7,0,16,84941632,65535,0
224158,2000081442,84944375,84944909,534,280028,-17,84944358,7,0,16,84944391,65535,7
223910,2000080378,84944921,84945448,527,280028,-17,84944904,7,0,16,84944937,65535,0
224108,2000081309,84968034,84968561,527,280028,-17,84968017,7,0,16,84968050,65535,0
225064,2000083886,84972727,84973310,583,050028,-17,84972710,131079,0,16,84972743,65535,0
221459,2000071332,84983257,84983791,534,0a000a,-17,84983240,7,0,16,84983273,65535,0
224557,2000082689,85006356,85006883,527,280028,-17,85006339,7,0,16,85006372,65535,0
224115,2000081322,85051225,85051752,527,260026,-12,85051213,184600,27,16,85051241,65535,0
224106,2000081303,85091896,85092423,527,230023,-16,85091880,0,11,16,85091912,65535,0
224184,2000081555,85094252,85094779,527,230023,-16,85094236,0,27,16,85094268,65535,0
224188,2000081565,85094791,85095318,527,230023,-17,85094774,7,0,16,85094807,65535,0
224270,2000081966,85095330,85095864,534,230023,-17,85095313,7,0,16,85095346,65535,0
224278,2000081987,85095876,85096410,534,230023,-16,85095860,0,14,16,85095892,65535,0
223606,2000079395,85179861,85180422,561,000000,-16,85179845,0,13,5,85179866,0,0
224183,2000081553,85195231,85195758,527,1e001e,-12,85195219,203981,9,7,85195238,196638,30
224186,2000081561,85195770,85196304,534,1e001e,-17,85195753,7,0,7,85195777,196638,30
224267,2000081956,85197849,85198376,527,1e001e,-17,85197832,131079,0,7,85197856,196638,30
224281,2000081992,85199375,85199909,534,1e001e,-17,85199358,7,0,7,85199382,196638,30
222316,2000075503,85267996,85268530,534,140014,-17,85267979,7,0,16,85268012,65535,0
221990,2000073291,85283436,85283987,551,000000,-24,85283412,65281,1,5,85283441,0,0
224161,2000081450,85298456,85298983,527,190019,-17,85298439,7,0,7,85298463,131097,25
224187,2000081562,85301250,85301807,557,000000,-17,85301233,7,0,5,85301255,0,0
224269,2000081965,85303004,85303538,534,190019,-17,85302987,7,0,7,85303011,131097,25
224271,2000081968,85303550,85304084,534,190019,-16,85303534,0,13,7,85303557,131097,25
224283,2000081994,85304525,85305059,534,190019,-17,85304508,7,0,7,85304532,131097,25
222936,2000077423,85912558,85913129,571,000000,-17,85912541,7,0,5,85912563,0,0
223247,2000078367,85925114,85925648,534,000000,-17,85925097,7,0,5,85925119,0,0
223700,2000079576,85954940,85955474,534,000000,-17,85954923,7,0,5,85954945,0,0
223703,2000079579,85955486,85956020,534,000000,-17,85955469,7,0,5,85955491,0,0
223704,2000079580,85956032,85956566,534,000000,-17,85956015,7,0,5,85956037,0,0
223705,2000079581,85956578,85957112,534,000000,-17,85956561,7,0,5,85956583,0,0
223706,2000079582,85957124,85957658,534,000000,-17,85957107,7,0,5,85957129,0,0
223708,2000079586,85957670,85958204,534,000000,-17,85957653,7,0,5,85957675,0,0
224027,2000080954,85977178,85977705,527,000000,-17,85977161,7,0,5,85977183,0,0
224028,2000080956,85977717,85978244,527,000000,-16,85977701,512,27,5,85977722,0,0
224029,2000080957,85978256,85978783,527,000000,-16,85978240,512,28,5,85978261,0,0
224030,2000080958,85978795,85979322,527,000000,-16,85978779,512,29,5,85978800,0,0
224032,2000080964,85979334,85979861,527,000000,-16,85979318,512,30,5,85979339,0,0
224033,2000080965,85979873,85980400,527,000000,-16,85979857,512,32,5,85979878,0,0
224034,2000080967,85980412,85980939,527,000000,-17,85980395,131079,0,5,85980417,0,0
224035,2000080970,85980951,85981478,527,000000,-17,85980934,131079,0,5,85980956,0,0
224036,2000080971,85981490,85982017,527,000000,-17,85981473,131079,0,5,85981495,0,0
224037,2000080972,85982029,85982556,527,000000,-17,85982012,131079,0,5,85982034,0,0
225147,2000084118,86155655,86156189,534,000000,-17,86155638,131079,0,5,86155660,0,0
225148,2000084119,86156201,86156735,534,000000,-17,86156184,131079,0,5,86156206,0,0
225150,2000084122,86157220,86157754,534,000000,-16,86157204,0,30,5,86157225,0,0
225151,2000084124,86157766,86158300,534,000000,-17,86157749,131079,0,5,86157771,0,0
225152,2000084126,86158312,86158846,534,000000,-17,86158295,131079,0,5,86158317,0,0
225153,2000084127,86158858,86159392,534,000000,-17,86158841,131079,0,5,86158863,0,0
225154,2000084128,86159404,86159938,534,000000,-17,86159387,131079,0,5,86159409,0,0
225156,2000084130,86159950,86160484,534,000000,-17,86159933,131079,0,5,86159955,0,0
225157,2000084131,86160496,86161030,534,000000,-17,86160479,131079,0,5,86160501,0,0
225158,2000084132,86161042,86161576,534,000000,-17,86161025,131079,0,5,86161047,0,0
225159,2000084133,86161588,86162122,534,000000,-17,86161571,131079,0,5,86161593,0,0
222735,2000076892,86994677,86995238,561,460050,-17,86994660,7,0,16,86994693,65535,0
223503,2000079105,87091454,87092038,584,460046,-17,87091437,7,0,16,87091470,65535,0
222184,2000074541,87171200,87171779,579,000000,-17,87171183,7,0,5,87171205,0,0
221530,2000071736,87255987,87256536,549,000000,-17,87255970,7,0,5,87255992,0,0
221418,2000071230,87280309,87280858,549,000000,-17,87280292,7,0,5,87280314,0,0
222193,2000074618,87311622,87312201,579,000000,-17,87311605,7,0,5,87311627,0,0
224855,2000083304,87317109,87317651,542,350035,-17,87317092,7,0,16,87317125,65535,0
224734,2000083048,87326688,87327237,549,340034,-12,87326676,15561,11,16,87326704,65535,0
221149,2000070292,87362314,87362863,549,000000,-17,87362297,7,0,5,87362319,0,0
223512,2000079140,87370897,87371446,549,000000,-17,87370880,7,0,5,87370902,0,0
223407,2000078899,87490630,87491179,549,000000,-17,87490613,7,0,5,87490635,0,0
223508,2000079128,87494642,87495197,555,000000,-17,87494625,7,0,5,87494647,0,0
223513,2000079142,87497433,87497988,555,000000,-17,87497416,7,0,5,87497438,0,0
221184,2000070424,87499590,87500139,549,000000,-17,87499573,7,0,5,87499595,0,0
221186,2000070427,87500151,87500700,549,000000,-12,87500139,221184,24,5,87500156,0,0
221929,2000072888,87545625,87546167,542,280028,-12,87545613,77062,26,16,87545641,65535,0
223405,2000078896,87602376,87602920,544,000000,-17,87602359,7,0,5,87602381,0,0
221243,2000070564,87603779,87604323,544,000000,-17,87603762,7,0,5,87603784,0,0
221244,2000070566,87604335,87604884,549,000000,-17,87604318,7,0,5,87604340,0,0
221245,2000070568,87605943,87606521,578,000000,-16,87605927,0,9,5,87605948,0,0
221249,2000070573,87607488,87608037,549,000000,-17,87607471,7,0,5,87607493,0,0
223409,2000078902,87680929,87681478,549,000000,-17,87680912,7,0,5,87680934,0,0
223514,2000079147,87682660,87683209,549,000000,-17,87682643,7,0,5,87682665,0,0
223539,2000079241,87684109,87684658,549,000000,-17,87684092,7,0,5,87684114,0,0
223540,2000079243,87684670,87685219,549,000000,-17,87684653,7,0,5,87684675,0,0
221246,2000070570,87690369,87690913,544,000000,-17,87690352,7,0,5,87690374,0,0
221247,2000070571,87692221,87692770,549,000000,-17,87692204,7,0,5,87692226,0,0
221248,2000070572,87692782,87693331,549,000000,-17,87692765,7,0,5,87692787,0,0
221273,2000070617,87694501,87695050,549,000000,-17,87694484,7,0,5,87694506,0,0
221274,2000070618,87695062,87695606,544,000000,-17,87695045,7,0,5,87695067,0,0
223589,2000079359,87743704,87744253,549,000000,-12,87743692,77881,14,5,87743709,0,0
223517,2000079153,87773674,87774223,549,000000,-17,87773657,7,0,5,87773679,0,0
223585,2000079352,87778906,87779455,549,000000,-17,87778889,7,0,5,87778911,0,0
223602,2000079391,87780390,87780939,549,000000,-17,87780373,7,0,5,87780395,0,0
223799,2000079919,87785531,87786097,566,000000,-17,87785514,7,0,5,87785536,0,0
221276,2000070620,87792612,87793173,561,000000,-17,87792595,7,0,5,87792617,0,0
223650,2000079487,87805305,87805854,549,000000,-17,87805288,7,0,5,87805310,0,0
223516,2000079151,87808448,87808997,549,000000,-17,87808431,7,0,5,87808453,0,0
223669,2000079513,87810593,87811142,549,000000,-12,87810581,76164,27,5,87810598,0,0
223647,2000079482,87816625,87817174,549,000000,-17,87816608,7,0,5,87816630,0,0
223653,2000079490,87818350,87818899,549,000000,-16,87818334,0,25,5,87818355,0,0
223600,2000079388,87821314,87821863,549,000000,-17,87821297,7,0,5,87821319,0,0
223668,2000079512,87838023,87838572,549,000000,-17,87838006,7,0,5,87838028,0,0
223661,2000079502,87838584,87839133,549,000000,-17,87838567,7,0,5,87838589,0,0
223515,2000079148,87845557,87846101,544,000000,-17,87845540,7,0,5,87845562,0,0
223670,2000079514,87853020,87853569,549,000000,-17,87853003,7,0,5,87853025,0,0
223646,2000079472,87855575,87856124,549,000000,-17,87855558,7,0,5,87855580,0,0
221874,2000072601,87954629,87955202,573,000000,-17,87954612,7,0,5,87954634,0,0
221541,2000071751,87958288,87958837,549,000000,-16,87958272,0,9,5,87958293,0,0
221540,2000071749,87958849,87959398,549,000000,-17,87958832,7,0,5,87958854,0,0
221539,2000071748,87960087,87960653,566,000000,-17,87960070,7,0,5,87960092,0,0
221538,2000071747,87961287,87961836,549,000000,-12,87961275,77588,16,5,87961292,0,0
221537,2000071745,87961848,87962397,549,000000,-17,87961831,7,0,5,87961853,0,0
221536,2000071744,87962791,87963340,549,000000,-17,87962774,7,0,5,87962796,0,0
221535,2000071743,87963352,87963901,549,000000,-17,87963335,7,0,5,87963357,0,0
221534,2000071741,87965156,87965705,549,000000,-17,87965139,7,0,5,87965161,0,0
221533,2000071740,87965717,87966261,544,000000,-17,87965700,7,0,5,87965722,0,0
221532,2000071739,87966871,87967420,549,000000,-17,87966854,7,0,5,87966876,0,0
221531,2000071737,87968567,87969116,549,000000,-12,87968555,78015,25,5,87968572,0,0
222195,2000074634,88043007,88043556,549,000000,-17,88042990,7,0,5,88043012,0,0
222296,2000075475,88045534,88046083,549,000000,-17,88045517,7,0,5,88045539,0,0
222297,2000075478,88046095,88046644,549,000000,-17,88046078,7,0,5,88046100,0,0
222298,2000075480,88046656,88047205,549,000000,-17,88046639,7,0,5,88046661,0,0
222299,2000075481,88047217,88047766,549,000000,-17,88047200,7,0,5,88047222,0,0
222301,2000075483,88047778,88048322,544,000000,-17,88047761,7,0,5,88047783,0,0
222302,2000075484,88048334,88048883,549,000000,-17,88048317,7,0,5,88048339,0,0
222303,2000075485,88048895,88049444,549,000000,-17,88048878,7,0,5,88048900,0,0
222304,2000075486,88049456,88050005,549,000000,-17,88049439,7,0,5,88049461,0,0
222305,2000075487,88050017,88050566,549,000000,-17,88050000,7,0,5,88050022,0,0
222306,2000075489,88050578,88051122,544,000000,-17,88050561,7,0,5,88050583,0,0
222307,2000075490,88051134,88051683,549,000000,-17,88051117,7,0,5,88051139,0,0
222308,2000075491,88051695,88052244,549,000000,-17,88051678,7,0,5,88051700,0,0
222309,2000075493,88052256,88052805,549,000000,-17,88052239,7,0,5,88052261,0,0
222310,2000075494,88052817,88053366,549,000000,-17,88052800,7,0,5,88052822,0,0
222311,2000075496,88053378,88053927,549,000000,-17,88053361,7,0,5,88053383,0,0
222312,2000075497,88053939,88054488,549,000000,-17,88053922,7,0,5,88053944,0,0
222313,2000075500,88054500,88055049,549,000000,-17,88054483,7,0,5,88054505,0,0
222314,2000075501,88055061,88055605,544,000000,-17,88055044,7,0,5,88055066,0,0
222584,2000076506,88086687,88087236,549,000000,-16,88086671,0,21,5,88086692,0,0
222589,2000076512,88088212,88088791,579,000000,-17,88088195,7,0,5,88088217,0,0
223190,2000078191,88112826,88113375,549,000000,-17,88112809,7,0,5,88112831,0,0
223191,2000078193,88113387,88113936,549,000000,-17,88113370,7,0,5,88113392,0,0
223192,2000078195,88113948,88114497,549,000000,-17,88113931,7,0,5,88113953,0,0
223193,2000078196,88114509,88115058,549,000000,-17,88114492,7,0,5,88114514,0,0
223194,2000078197,88115070,88115619,549,000000,-17,88115053,7,0,5,88115075,0,0
223195,2000078198,88115631,88116180,549,000000,-17,88115614,7,0,5,88115636,0,0
223196,2000078199,88116192,88116736,544,000000,-17,88116175,7,0,5,88116197,0,0
223197,2000078200,88116748,88117297,549,000000,-17,88116731,7,0,5,88116753,0,0
223239,2000078351,88117834,88118383,549,000000,-17,88117817,7,0,5,88117839,0,0
223243,2000078359,88118500,88119049,549,000000,-17,88118483,7,0,5,88118505,0,0
223258,2000078401,88119166,88119708,542,000000,-17,88119149,7,0,5,88119171,0,0
223276,2000078500,88119720,88120269,549,000000,-16,88119704,0,26,5,88119725,0,0
223277,2000078501,88120281,88120830,549,000000,-17,88120264,7,0,5,88120286,0,0
223280,2000078511,88120842,88121408,566,000000,-17,88120825,7,0,5,88120847,0,0
223337,2000078769,88121802,88122351,549,000000,-17,88121785,7,0,5,88121807,0,0
223352,2000078798,88125606,88126155,549,000000,-24,88125582,65281,1,5,88125611,0,0
223353,2000078799,88126167,88126716,549,000000,-17,88126150,7,0,5,88126172,0,0
223354,2000078800,88126728,88127277,549,000000,-17,88126711,7,0,5,88126733,0,0
223355,2000078801,88127289,88127838,549,000000,-17,88127272,7,0,5,88127294,0,0
223356,2000078802,88127850,88128394,544,000000,-17,88127833,7,0,5,88127855,0,0
223357,2000078804,88128406,88128955,549,000000,-17,88128389,7,0,5,88128411,0,0
223395,2000078885,88129072,88129616,544,000000,-17,88129055,7,0,5,88129077,0,0
223396,2000078886,88129628,88130177,549,000000,-17,88129611,7,0,5,88129633,0,0
223397,2000078887,88130189,88130738,549,000000,-17,88130172,7,0,5,88130194,0,0
223398,2000078888,88130750,88131299,549,000000,-17,88130733,7,0,5,88130755,0,0
223400,2000078890,88131311,88131860,549,000000,-17,88131294,7,0,5,88131316,0,0
223401,2000078891,88131872,88132421,549,000000,-17,88131855,7,0,5,88131877,0,0
223402,2000078893,88132433,88132982,549,000000,-17,88132416,7,0,5,88132438,0,0
223403,2000078894,88132994,88133543,549,000000,-17,88132977,7,0,5,88132999,0,0
223406,2000078898,88133932,88134481,549,000000,-17,88133915,7,0,5,88133937,0,0
223408,2000078900,88134598,88135147,549,000000,-17,88134581,7,0,5,88134603,0,0
223410,2000078903,88135584,88136128,544,000000,-17,88135567,7,0,5,88135589,0,0
224615,2000082791,88700190,88700771,581,510051,-17,88700173,7,0,16,88700206,65535,0
224933,2000083487,88765589,88766172,583,4e004e,-16,88765573,0,15,16,88765605,65535,0
224961,2000083531,88847709,88848283,574,4a004a,-17,88847692,7,0,16,88847725,65535,0
224826,2000083215,88945488,88946027,539,000000,-17,88945471,7,0,5,88945493,0,0
220937,2000069265,88956803,88957391,588,460046,-16,88956787,0,1,16,88956819,65535,0
220967,2000069530,88999242,88999811,569,3c003c,-17,88999225,7,0,16,88999258,65535,0
224624,2000082823,89002597,89003136,539,440044,-17,89002580,7,0,16,89002613,65535,0
224720,2000083026,89015396,89015940,544,430043,-12,89015384,218379,16,16,89015412,65535,0
224953,2000083517,89016508,89017052,544,430043,-12,89016496,218378,14,16,89016524,65535,0
224738,2000083061,89017064,89017603,539,430043,-17,89017047,7,0,16,89017080,65535,0
224745,2000083071,89019253,89019821,568,430043,-17,89019236,7,0,16,89019269,65535,0
224628,2000082835,89020448,89020987,539,430043,-17,89020431,7,0,16,89020464,65535,0
225078,2000083943,89036136,89036710,574,420042,-17,89036119,131079,0,16,89036152,65535,0
224777,2000083135,89129082,89129619,537,3f003f,-17,89129065,7,0,16,89129098,65535,0
224816,2000083201,89134691,89135235,544,3f003f,-12,89134679,215304,16,16,89134707,65535,0
224766,2000083111,89135803,89136342,539,3f003f,-16,89135787,0,17,16,89135819,65535,0
224821,2000083208,89136354,89136886,532,3e003e,-17,89136337,7,0,16,89136370,65535,0
225080,2000083945,89136898,89137437,539,3e003e,-12,89136886,224821,8,16,89136914,65535,0
224779,2000083138,89140265,89140809,544,3e003e,-17,89140248,7,0,16,89140281,65535,0
224759,2000083094,89147210,89147754,544,3e003e,-17,89147193,7,0,16,89147226,65535,0
224814,2000083199,89148713,89149245,532,3d003d,-17,89148696,7,0,16,89148729,65535,0
224950,2000083514,89151897,89152441,544,3d003d,-17,89151880,7,0,16,89151913,65535,0
220933,2000069253,89160149,89160723,574,370037,-17,89160132,7,0,16,89160165,65535,0
224913,2000083435,89255537,89256076,539,3b003b,-17,89255520,7,0,16,89255553,65535,0
224958,2000083524,89257232,89257771,539,3b003b,-16,89257216,0,24,16,89257248,65535,0
224754,2000083085,89258332,89258883,551,3b003b,-17,89258315,7,0,16,89258348,65535,0
224773,2000083127,89258895,89259439,544,3b003b,-17,89258878,7,0,16,89258911,65535,0
224819,2000083206,89266019,89266558,539,390039,-17,89266002,7,0,16,89266035,65535,0
220934,2000069257,89315570,89316134,564,320032,-17,89315553,7,0,16,89315586,65535,0
220966,2000069529,89318308,89318859,551,280028,-17,89318291,7,0,16,89318324,65535,0
220965,2000069511,89396327,89396891,564,280028,-12,89396315,74466,13,16,89396343,65535,0
224627,2000082833,89432637,89433181,544,2f002f,-17,89432620,7,0,16,89432653,65535,0
220935,2000069260,89444737,89445274,537,280028,-17,89444720,7,0,16,89444753,65535,0
220936,2000069263,89449168,89449707,539,280028,-17,89449151,7,0,16,89449184,65535,0
221495,2000071437,89529054,89529605,551,000000,-17,89529037,7,0,5,89529059,0,0
223217,2000078300,90560419,90560973,554,4c004c,-17,90560402,7,0,6,90560425,19456,0
225038,2000083776,90729480,90729954,474,470048,-17,90729463,7,0,16,90729496,65535,0
223216,2000078299,90745004,90745558,554,470048,-17,90744987,7,0,6,90745010,18432,0
223215,2000078298,90745570,90746124,554,470048,-17,90745553,7,0,16,90745586,65535,0
224005,2000080865,90818546,90819100,554,420046,-12,90818534,71999,23,16,90818562,65535,0
225180,2000084248,90819671,90820225,554,420046,-16,90819655,0,16,16,90819687,65535,0
223214,2000078274,90863504,90864058,554,420046,-17,90863487,7,0,6,90863510,17920,0
222605,2000076543,90867379,90867970,591,3c003c,-17,90867362,7,0,16,90867395,65535,5
223229,2000078339,90902521,90903075,554,420044,-17,90902504,7,0,6,90902527,17408,0
223228,2000078337,90903087,90903641,554,420044,-12,90903075,223229,3,6,90903093,17408,0
223205,2000078240,90905374,90905928,554,420044,-17,90905357,7,0,16,90905390,65535,0
223203,2000078234,91000220,91000774,554,000000,-17,91000203,7,0,5,91000225,0,0
225040,2000083779,91002572,91003119,547,3d0040,-17,91002555,7,0,16,91002588,65535,0
224886,2000083376,91009213,91009779,566,320046,-12,91009201,208185,32,6,91009219,17920,0
225039,2000083777,91035438,91035985,547,3d0040,-17,91035421,7,0,16,91035454,65535,0
223224,2000078328,91095751,91096305,554,3d003e,-12,91095739,73329,29,6,91095757,15872,0
223202,2000078233,91140375,91140929,554,38003c,-16,91140359,0,3,16,91140391,65535,0
223223,2000078327,91140941,91141495,554,38003c,-17,91140924,7,0,6,91140947,15360,0
223225,2000078329,91141507,91142061,554,38003c,-17,91141490,7,0,6,91141513,15360,0
223227,2000078336,91142073,91142627,554,38003c,-17,91142056,7,0,6,91142079,15360,0
223230,2000078340,91142639,91143193,554,38003c,-12,91142627,223227,0,6,91142645,15360,0
225271,2000084387,91167405,91167959,554,38003c,-16,91167389,0,30,6,91167411,15360,0
225273,2000084389,91285438,91285992,554,330037,-17,91285421,7,0,6,91285444,14080,0
223226,2000078334,91303900,91304454,554,330037,-17,91303883,7,0,6,91303906,14080,0
225274,2000084390,91363833,91364387,554,330034,-17,91363816,7,0,6,91363839,13312,0
225272,2000084388,91365575,91366129,554,330034,-17,91365558,7,0,6,91365581,13312,0
225275,2000084391,91387780,91388334,554,2e0032,-16,91387764,0,7,6,91387786,12800,0
224425,2000082384,91431667,91432238,571,2f002f,-17,91431650,7,0,6,91431673,12032,0
221689,2000072160,91501736,91502319,583,000000,-17,91501719,7,0,5,91501741,0,0
221864,2000072564,91504005,91504571,566,000000,-17,91503988,7,0,5,91504010,0,0
221425,2000071242,91504583,91505154,571,000000,-17,91504566,7,0,5,91504588,0,0
224213,2000081706,91996175,91996724,549,4c004d,-17,91996158,7,0,16,91996191,5631,0
223831,2000080073,92136082,92136626,544,420045,-17,92136065,7,0,16,92136098,65535,0
222009,2000073472,92143332,92143871,539,440044,-17,92143315,7,0,16,92143348,65535,0
222210,2000074750,92160569,92161108,539,3e0044,-17,92160552,7,0,16,92160585,4863,0
223506,2000079115,92179602,92180134,532,3c0041,-12,92179590,64077,31,16,92179618,65535,0
223829,2000080069,92190498,92191042,544,410043,-16,92190482,0,17,16,92190514,65535,0
225165,2000084164,92208721,92209265,544,3c0041,-17,92208704,7,0,16,92208737,65535,0
225082,2000083947,92246876,92247408,532,3c0040,-17,92246859,7,0,16,92246892,65535,0
224713,2000083010,92283613,92284152,539,3a003e,-17,92283596,7,0,16,92283629,65535,0
223839,2000080093,92318879,92319423,544,36003b,-16,92318863,0,21,16,92318895,65535,0
223836,2000080086,92322344,92322888,544,37003a,-17,92322327,7,0,16,92322360,65535,0
225087,2000083952,92366594,92367131,537,31003a,-17,92366577,7,0,16,92366610,65535,0
225081,2000083946,92389981,92390550,569,370038,-17,92389964,7,0,16,92389997,65535,0
225086,2000083951,92391038,92391570,532,320039,-16,92391022,0,14,16,92391054,65535,0
223833,2000080080,92405428,92405972,544,320036,-17,92405411,7,0,16,92405444,65535,0
223840,2000080096,92417407,92417951,544,310033,-12,92417395,63842,28,16,92417423,65535,0
223837,2000080089,92426784,92427323,539,320035,-12,92426772,27604,7,16,92426800,65535,0
223841,2000080097,92487630,92488174,544,2c0031,-17,92487613,7,0,16,92487646,65535,0
223834,2000080084,92501556,92502095,539,310032,-17,92501539,7,0,16,92501572,65535,0
223842,2000080100,92587104,92587648,544,2c0030,-17,92587087,7,0,16,92587120,65535,0
225085,2000083950,92609788,92610320,532,28002d,-16,92609772,0,7,16,92609804,65535,0
225091,2000083957,92614120,92614657,537,280032,-17,92614103,7,0,16,92614136,65535,0
222141,2000074259,92654099,92654636,537,2d002d,-17,92654082,7,0,16,92654115,65535,0
225083,2000083948,92797472,92798009,537,000000,-17,92797455,7,0,5,92797477,0,0
225084,2000083949,92798445,92798982,537,000000,-17,92798428,7,0,5,92798450,0,0
225090,2000083955,92799099,92799636,537,000000,-17,92799082,7,0,5,92799104,0,0
224498,2000082538,92987651,92988247,596,510052,-12,92987639,62951,22,6,92987657,20992,0
221463,2000071337,93137848,93138508,660,000000,-17,93137831,7,0,5,93137853,0,0
221859,2000072559,93141540,93142214,674,000000,-17,93141523,7,2,5,93141545,0,0
223893,2000080239,93908586,93909118,532,000000,-17,93908569,7,0,5,93908591,0,0
224273,2000081979,93914591,93915128,537,000000,-12,93914579,50704,4,5,93914596,0,0
222646,2000076677,93944745,93945314,569,1e0014,-17,93944728,7,0,16,93944761,65535,0
223235,2000078345,93959065,93959634,569,1e0014,-17,93959048,7,2,16,93959081,65535,0
223043,2000077764,93965396,93965965,569,280014,-17,93965379,7,0,16,93965412,65535,0
221199,2000070497,94006114,94006653,539,0a0005,-17,94006097,7,0,16,94006130,65535,0
222776,2000077004,94007209,94007785,576,1e0014,-17,94007192,7,0,16,94007225,65535,0
222374,2000075974,94016048,94016624,576,0a0005,-17,94016031,7,0,16,94016064,65535,0
223042,2000077761,94027613,94028175,562,280014,-17,94027596,7,0,16,94027629,65535,0
222641,2000076661,94029334,94029873,539,32001e,-12,94029322,203551,20,16,94029350,65535,0
222785,2000077026,94040730,94041269,539,32001e,-17,94040713,7,0,16,94040746,65535,0
222820,2000077175,94042854,94043393,539,3c0028,-17,94042837,7,0,16,94042870,65535,0
221201,2000070499,94066496,94067035,539,1e0014,-17,94066479,7,0,16,94066512,65535,0
221200,2000070498,94088579,94089111,532,1e0014,-12,94088567,210566,26,16,94088595,65535,0
223241,2000078356,94108713,94109252,539,3c0028,-17,94108696,7,0,16,94108729,65535,0
221793,2000072428,94122272,94122841,569,280014,-17,94122255,7,0,16,94122288,65535,0
222786,2000077028,94125124,94125663,539,000000,-17,94125107,7,0,5,94125129,0,0
222377,2000075979,94133212,94133751,539,14000a,-17,94133195,7,0,16,94133228,65535,0
222376,2000075978,94133763,94134302,539,14000a,-17,94133746,7,0,16,94133779,65535,0
222819,2000077174,94141249,94141788,539,1e0014,-16,94141233,0,24,16,94141265,65535,0
221203,2000070501,94154509,94155048,539,32001e,-17,94154492,7,0,16,94154525,65535,0
223242,2000078358,94163458,94163997,539,14000a,-17,94163441,7,2,16,94163474,65535,0
221205,2000070503,94173098,94173637,539,32001e,-17,94173081,7,0,16,94173114,65535,0
221480,2000071405,94176478,94177017,539,14000a,-17,94176461,7,0,16,94176494,65535,0
222648,2000076681,94186641,94187180,539,28001e,-17,94186624,7,0,16,94186657,65535,0
222393,2000076028,94187743,94188326,583,14000a,-17,94187726,7,0,16,94187759,65535,0
222668,2000076712,94193522,94194061,539,000000,-12,94193510,201883,3,5,94193527,0,0
222380,2000075989,94195175,94195714,539,000000,-17,94195158,7,0,5,94195180,0,0
221202,2000070500,94196828,94197367,539,32001e,-17,94196811,7,0,16,94196844,65535,0
221207,2000070505,94202288,94202827,539,1e0014,-16,94202272,0,28,16,94202304,65535,0
224097,2000081251,94210256,94210795,539,000000,-17,94210239,7,0,5,94210261,0,0
223909,2000080353,94213124,94213663,539,000000,-17,94213107,7,0,5,94213129,0,0
221206,2000070504,94213675,94214214,539,28001e,-17,94213658,7,0,16,94213691,65535,0
224061,2000081059,94217592,94218131,539,000000,-17,94217575,7,0,5,94217597,0,0
222671,2000076722,94226357,94226896,539,000000,-17,94226340,7,0,5,94226362,0,0
222647,2000076680,94227459,94227998,539,32001e,-17,94227442,7,0,16,94227475,65535,0
222381,2000075990,94232471,94233010,539,0a0005,-17,94232454,7,0,16,94232487,65535,0
222388,2000076012,94236204,94236743,539,1e0014,-17,94236187,7,0,16,94236220,65535,0
221204,2000070502,94239040,94239579,539,280014,-12,94239028,200026,27,16,94239056,65535,0
221481,2000071406,94245742,94246281,539,000000,-17,94245725,7,0,5,94245747,0,0
221479,2000071404,94246293,94246832,539,000000,-17,94246276,7,0,5,94246298,0,0
221478,2000071403,94246844,94247383,539,000000,-17,94246827,7,0,5,94246849,0,0
222382,2000075991,94248968,94249507,539,0a0005,-12,94248956,211092,0,16,94248984,65535,0
224062,2000081067,94265918,94266457,539,000000,-17,94265901,7,0,5,94265923,0,0
225166,2000084166,95200060,95200592,532,4c004c,-17,95200043,7,0,16,95200076,65535,0
221574,2000071872,95488400,95488937,537,320041,-17,95488383,7,0,16,95488416,65535,0
223537,2000079236,95568879,95569476,597,450045,-17,95568862,7,0,16,95568895,65535,0
225020,2000083704,95990284,95990821,537,3d003d,-17,95990267,7,0,16,95990300,65535,0
222422,2000076095,96099349,96099893,544,1e001e,-17,96099332,7,0,16,96099365,65535,0
221239,2000070558,96194789,96195357,568,000000,-17,96194772,7,0,5,96194794,0,0
222984,2000077599,97229677,97230241,564,2d002d,-17,97229660,7,0,16,97229693,65535,0
225220,2000084294,97271853,97272392,539,3a003a,-17,97271836,7,0,16,97271869,65535,0
225221,2000084296,97272404,97272943,539,3a003a,-17,97272387,7,0,16,97272420,65535,0
225183,2000084251,97325479,97326018,539,390039,-12,97325467,50058,25,16,97325495,65535,0
225215,2000084289,97337493,97338032,539,380038,-17,97337476,7,0,16,97337509,65535,0
223010,2000077660,97344856,97344999,143,3c0000,-8,97344848,0,1,7,97344863,58368,0
222292,2000075434,97356045,97356584,539,280028,-17,97356028,7,0,16,97356061,65535,0
222290,2000075432,97437912,97438451,539,280028,-16,97437896,0,18,16,97437928,65535,0
225189,2000084259,97501670,97502204,534,2f002f,-17,97501653,7,0,16,97501686,65535,0
225107,2000083993,97511793,97512320,527,2e002e,-12,97511781,223378,9,16,97511809,65535,0
225108,2000083995,97512332,97512864,532,2e002e,-12,97512320,225107,25,16,97512348,65535,0
222222,2000074832,97738026,97738717,691,0f000f,-17,97738009,7,0,16,97738042,65535,0
222246,2000074972,97739315,97739784,469,0f000f,-17,97739298,7,0,16,97739331,65535,0
222230,2000074896,97740259,97740931,672,0c000c,-12,97740247,176154,9,16,97740275,65535,0
222228,2000074893,97740943,97741601,658,0a000a,-16,97740927,0,22,16,97740959,65535,0
222252,2000075063,97741613,97742159,546,0c000c,-16,97741597,0,20,16,97741629,65535,0
222253,2000075066,97742171,97742610,439,0a000a,-17,97742154,7,0,7,97742178,196618,32
222229,2000074894,97743210,97743838,628,050005,-16,97743194,0,6,7,97743217,131077,30
222423,2000076096,97744276,97744948,672,040004,-17,97744259,7,0,7,97744283,131076,28
222319,2000075576,97744960,97745602,642,070007,-17,97744943,7,0,7,97744967,196615,26
222330,2000075708,97746207,97746879,672,050005,-16,97746191,0,5,7,97746214,131077,22
222416,2000076076,97746891,97747533,642,050005,-17,97746874,7,0,7,97746898,131077,22
222320,2000075578,97748119,97748695,576,030003,-17,97748102,7,0,5,97748124,196611,1
222424,2000076097,97748707,97749239,532,040004,-17,97748690,7,0,7,97748714,65540,19
222420,2000076081,97749251,97749893,642,030003,-17,97749234,7,0,5,97749256,196611,2
222072,2000073840,97948094,97948651,557,280028,-12,97948082,92612,15,16,97948110,65535,0
224918,2000083458,97969045,97969603,558,230023,-16,97969029,0,3,16,97969061,4607,0
221772,2000072351,97990421,97990967,546,000000,-17,97990404,131079,0,5,97990426,0,0
220820,2000068914,97992374,97992901,527,000000,-16,97992358,0,24,5,97992379,0,0
221404,2000071214,97993302,97993848,546,000000,-16,97993286,0,15,5,97993307,0,0
223335,2000078766,98395350,98395890,540,610061,-12,98395338,160940,9,16,98395366,65535,0
224487,2000082507,98429401,98429933,532,000000,-17,98429384,7,0,5,98429406,0,0
223625,2000079431,98479103,98479654,551,1e001e,-17,98479086,7,0,16,98479119,65535,0
220885,2000069099,98522805,98523337,532,4a004a,-12,98522793,62501,6,16,98522821,65535,0
222482,2000076296,98549848,98550405,557,590059,-16,98549832,0,24,16,98549864,65535,0
220891,2000069139,98589518,98590050,532,5c005c,-17,98589501,7,0,16,98589534,65535,0
223350,2000078786,98628851,98629453,602,540054,-17,98628834,7,0,16,98628867,65535,0
223340,2000078774,98629465,98629999,534,540054,-17,98629448,7,0,16,98629481,65535,0
223336,2000078767,98630011,98630546,535,5a005a,-17,98629994,7,0,16,98630027,65535,0
222774,2000076999,98632711,98633250,539,000000,-12,98632699,62305,27,5,98632716,0,0
222759,2000076963,98682531,98683077,546,000000,-17,98682514,7,0,5,98682536,0,0
224471,2000082472,98685204,98685748,544,000000,-17,98685187,7,2,5,98685209,0,0
223359,2000078814,98690871,98691417,546,520052,-17,98690854,7,0,16,98690887,65535,0
222807,2000077129,98700309,98700848,539,520052,-17,98700292,7,0,16,98700325,65535,0
222762,2000076970,98701441,98701863,422,000000,-17,98701424,7,0,5,98701446,0,0
223507,2000079120,98721249,98721795,546,000000,-17,98721232,7,0,5,98721254,0,0
221157,2000070327,98724939,98725520,581,510051,-17,98724922,7,0,16,98724955,65535,0
222439,2000076143,98730722,98731249,527,510051,-17,98730705,7,0,16,98730738,65535,0
223351,2000078787,98744432,98744971,539,500050,-17,98744415,7,0,16,98744448,65535,0
224492,2000082516,98756805,98757332,527,520052,-17,98756788,7,0,16,98756821,65535,0
223358,2000078810,98760516,98761055,539,000000,-17,98760499,7,0,5,98760521,0,0
220890,2000069136,98795367,98795906,539,4d004d,-17,98795350,7,0,16,98795383,65535,0
223360,2000078817,98804912,98805451,539,000000,-17,98804895,7,0,5,98804917,0,0
224486,2000082505,98830822,98831366,544,520052,-12,98830810,81501,31,16,98830838,65535,0
222808,2000077130,98831378,98831917,539,000000,-17,98831361,7,0,5,98831383,0,0
222764,2000076974,98837322,98837856,534,000000,-17,98837305,7,0,5,98837327,0,0
223213,2000078256,98841484,98842024,540,460046,-17,98841467,7,0,6,98841490,17920,0
225058,2000083857,98872248,98872775,527,4a004a,-17,98872231,7,0,16,98872264,65535,0
224489,2000082509,98881936,98882505,569,4f004f,-17,98881919,7,0,16,98881952,65535,0
220892,2000069141,98892429,98892956,527,490049,-17,98892412,7,0,16,98892445,65535,0
224491,2000082512,98908146,98908678,532,4b004b,-17,98908129,7,0,16,98908162,65535,0
222763,2000076972,98910297,98910836,539,480048,-17,98910280,7,0,16,98910313,65535,0
224490,2000082511,98953885,98954454,569,4b004b,-16,98953869,0,15,16,98953901,65535,0
221729,2000072272,98967831,98968400,569,430043,-17,98967814,7,0,16,98967847,65535,0
223856,2000080136,99017753,99018197,444,370037,-17,99017736,7,0,16,99017769,65535,0
225266,2000084367,99024592,99025055,463,370037,-12,99024580,121189,9,16,99024608,65535,0
220945,2000069280,99062303,99062859,556,000000,-17,99062286,7,0,5,99062308,0,0
222805,2000077125,99084488,99085135,647,000000,-17,99084471,7,0,5,99084493,0,0
223774,2000079847,99215895,99216422,527,43004d,-17,99215878,7,0,16,99215911,65535,0
224081,2000081118,99719326,99719858,532,4d004d,-17,99719309,7,0,16,99719342,65535,0
224472,2000082475,99972593,99973162,569,000000,-17,99972576,7,0,5,99972598,0,0
225032,2000083765,99986210,99986772,562,4a004a,-17,99986193,7,0,16,99986226,65535,0
225268,2000084379,99997249,99997788,539,4a004a,-16,99997233,0,7,16,99997265,65535,0
225269,2000084380,100027469,100028038,569,490049,-17,100027452,7,0,16,100027485,65535,0
225033,2000083766,100029200,100029769,569,480048,-17,100029183,7,0,16,100029216,65535,0
225270,2000084382,100072300,100072857,557,430043,-17,100072283,7,0,16,100072316,65535,0
223988,2000080821,100322471,100323040,569,000000,-12,100322459,213457,17,5,100322476,0,0
224357,2000082195,100409030,100409592,562,000000,-17,100409013,7,0,5,100409035,0,0
223592,2000079368,100409604,100410136,532,000000,-12,100409592,224357,19,5,100409609,0,0
224368,2000082221,100461816,100462355,539,000000,-16,100461800,0,10,5,100461821,0,0
224441,2000082416,100481848,100482417,569,000000,-17,100481831,7,0,5,100481853,0,0
224366,2000082217,100482429,100483000,571,000000,-17,100482412,7,0,5,100482434,0,0
223824,2000080053,100490412,100490988,576,000000,-17,100490395,7,0,5,100490417,0,0
224355,2000082191,100508546,100509073,527,000000,-17,100508529,7,0,5,100508551,0,0
223491,2000079058,100526051,100526627,576,000000,-12,100526039,210470,6,5,100526056,0,0
223502,2000079102,100533171,100533735,564,000000,-12,100533159,217682,27,5,100533176,0,0
224372,2000082225,100543548,100544124,576,000000,-17,100543531,7,0,5,100543553,0,0
224365,2000082216,100558389,100558965,576,000000,-16,100558373,0,13,5,100558394,0,0
224448,2000082430,100580808,100581365,557,000000,-17,100580791,7,0,5,100580813,0,0
224374,2000082227,100584485,100585056,571,000000,-12,100584473,120328,11,5,100584490,0,0
224371,2000082224,100590244,100590820,576,000000,-17,100590227,7,0,5,100590249,0,0
224369,2000082222,100597875,100598439,564,000000,-17,100597858,7,0,5,100597880,0,0
224358,2000082197,100601162,100601694,532,000000,-17,100601145,7,0,5,100601167,0,0
224375,2000082228,100607026,100607602,576,000000,-12,100607014,216238,19,5,100607031,0,0
224370,2000082223,100612863,100613439,576,000000,-17,100612846,7,0,5,100612868,0,0
224367,2000082220,100618963,100619497,534,000000,-12,100618951,122097,19,5,100618968,0,0
224359,2000082200,100622229,100622791,562,000000,-17,100622212,7,0,5,100622234,0,0
224450,2000082432,100627589,100628151,562,000000,-17,100627572,7,0,5,100627594,0,0
224449,2000082431,100628634,100629196,562,000000,-17,100628617,7,0,5,100628639,0,0
224194,2000081613,100634563,100635095,532,000000,-17,100634546,7,0,5,100634568,0,0
223989,2000080826,100635688,100636227,539,000000,-17,100635671,7,0,5,100635693,0,0
223916,2000080410,100637879,100638443,564,000000,-17,100637862,7,0,5,100637884,0,0
223825,2000080060,100638455,100639019,564,000000,-12,100638443,223916,26,5,100638460,0,0
223523,2000079168,100645121,100645690,569,000000,-12,100645109,216239,20,5,100645126,0,0
223522,2000079164,100645702,100646271,569,000000,-17,100645685,7,0,5,100645707,0,0
223519,2000079155,100647019,100647576,557,000000,-17,100647002,7,0,5,100647024,0,0
223505,2000079113,100647588,100648010,422,000000,-16,100647572,0,31,5,100647593,0,0
223364,2000078826,100660293,100660862,569,000000,-17,100660276,7,0,5,100660298,0,0
224493,2000082523,100664368,100664895,527,000000,-16,100664352,0,22,5,100664373,0,0
224373,2000082226,100681685,100682261,576,000000,-12,100681673,122098,20,5,100681690,0,0
224542,2000082652,100682273,100682800,527,000000,-17,100682256,7,0,5,100682278,0,0
224451,2000082433,100686612,100687176,564,000000,-17,100686595,7,0,5,100686617,0,0
225029,2000083733,100709947,100710516,569,000000,-17,100709930,7,0,5,100709952,0,0
224997,2000083633,100741580,100742144,564,000000,-12,100741568,121844,26,5,100741585,0,0
223923,2000080426,100753557,100754126,569,000000,-12,100753545,216240,21,5,100753562,0,0
223501,2000079093,100755996,100756565,569,000000,-17,100755979,7,0,5,100756001,0,0
223483,2000079046,100759272,100759806,534,000000,-17,100759255,7,0,5,100759277,0,0
225003,2000083639,100760950,100761519,569,000000,-17,100760933,7,0,5,100760955,0,0
223922,2000080423,100764698,100765262,564,000000,-17,100764681,7,0,5,100764703,0,0
223917,2000080411,100766640,100767174,534,000000,-16,100766624,0,18,5,100766645,0,0
223827,2000080063,100770586,100771148,562,000000,-17,100770569,7,0,5,100770591,0,0
225001,2000083637,100789534,100790061,527,000000,-16,100789518,0,7,5,100789539,0,0
225028,2000083732,100797958,100798485,527,000000,-17,100797941,7,0,5,100797963,0,0
225027,2000083731,100802574,100803106,532,000000,-12,100802562,122031,7,5,100802579,0,0
225002,2000083638,100805953,100806522,569,000000,-17,100805936,7,0,5,100805958,0,0
225000,2000083636,100815152,100815714,562,000000,-17,100815135,7,0,5,100815157,0,0
224999,2000083635,100819745,100820284,539,000000,-17,100819728,7,0,5,100819750,0,0
224998,2000083634,100821428,100821990,562,000000,-17,100821411,7,0,5,100821433,0,0
224992,2000083606,101050171,101050752,581,000000,-24,101050147,65281,1,5,101050176,0,0
222219,2000074811,101081360,101081887,527,4e004e,-17,101081343,7,0,16,101081376,65535,0
221156,2000070326,101081899,101082539,640,4c004c,-16,101081883,0,11,16,101081915,65535,0
224072,2000081092,101115743,101116414,671,000000,-17,101115726,7,0,5,101115748,0,0
222438,2000076142,101155818,101156374,556,4c004c,-16,101155802,0,26,16,101155834,65535,0
220889,2000069118,101365965,101366497,532,500050,-17,101365948,7,2,16,101365981,65535,0
224901,2000083409,101372264,101372808,544,000000,-17,101372247,7,0,5,101372269,0,0
221506,2000071545,101383540,101384102,562,4e004e,-17,101383523,7,0,16,101383556,65535,0
222414,2000076074,101384594,101385153,559,000000,-17,101384577,7,0,5,101384599,0,0
223566,2000079317,101385165,101385716,551,370037,-17,101385148,7,0,6,101385171,14080,0
224907,2000083422,101387058,101387634,576,000000,-17,101387041,7,2,5,101387063,0,0
224898,2000083402,101394499,101395031,532,000000,-17,101394482,7,0,5,101394504,0,0
220888,2000069115,101414311,101414843,532,4d004d,-17,101414294,131079,0,16,101414327,65535,0
224922,2000083470,101417964,101418526,562,000000,-17,101417947,7,0,5,101417969,0,0
224931,2000083485,101424545,101425072,527,000000,-17,101424528,7,0,5,101424550,0,0
224924,2000083472,101429134,101429666,532,000000,-17,101429117,7,0,5,101429139,0,0
224928,2000083480,101436207,101436788,581,000000,-17,101436190,7,0,5,101436212,0,0
221507,2000071546,101448088,101448620,532,470047,-17,101448071,7,0,16,101448104,65535,0
220887,2000069112,101463121,101463653,532,4b004b,-17,101463104,7,0,16,101463137,65535,0
220886,2000069111,101476395,101477035,640,4b004b,-17,101476378,7,0,16,101476411,65535,0
223091,2000077934,101685726,101686282,556,320032,-12,101685714,206351,32,16,101685742,65535,0
224619,2000082810,101761253,101761802,549,000000,-17,101761236,7,0,5,101761258,0,0
224904,2000083412,101792295,101792859,564,3e003e,-12,101792283,173710,10,16,101792311,65535,0
224268,2000081963,102627843,102628387,544,550055,-12,102627831,148325,7,16,102627859,65535,0
224643,2000082854,102981236,102981763,527,3a003a,-17,102981219,7,0,16,102981252,65535,0
224737,2000083059,103056839,103057366,527,000000,-17,103056822,7,0,5,103056844,0,0
225155,2000084129,103063618,103064169,551,000000,-17,103063601,7,0,5,103063623,0,0
224614,2000082788,103069092,103069619,527,000000,-17,103069075,7,0,5,103069097,0,0
224613,2000082787,103069631,103070158,527,000000,-17,103069614,7,0,5,103069636,0,0
224612,2000082786,103070716,103071243,527,000000,-17,103070699,7,0,5,103070721,0,0
224611,2000082785,103071622,103072156,534,000000,-17,103071605,7,0,5,103071627,0,0
224610,2000082782,103072525,103073052,527,000000,-17,103072508,7,0,5,103072530,0,0
224609,2000082781,103073064,103073591,527,000000,-17,103073047,7,0,5,103073069,0,0
224608,2000082780,103073603,103074130,527,000000,-17,103073586,7,0,5,103073608,0,0
224607,2000082779,103077486,103078013,527,000000,-17,103077469,7,0,5,103077491,0,0
224606,2000082777,103078025,103078552,527,000000,-17,103078008,7,0,5,103078030,0,0
224605,2000082776,103078564,103079103,539,000000,-17,103078547,7,0,5,103078569,0,0
224604,2000082775,103079115,103079642,527,000000,-17,103079098,7,0,5,103079120,0,0
224597,2000082768,103080058,103080585,527,000000,-17,103080041,7,0,5,103080063,0,0
224596,2000082767,103080597,103081124,527,000000,-17,103080580,7,0,5,103080602,0,0
224595,2000082766,103081136,103081663,527,000000,-17,103081119,7,0,5,103081141,0,0
224593,2000082764,103081675,103082202,527,000000,-17,103081658,7,0,5,103081680,0,0
224592,2000082763,103082214,103082741,527,000000,-17,103082197,7,0,5,103082219,0,0
224591,2000082762,103082753,103083287,534,000000,-17,103082736,7,0,5,103082758,0,0
224590,2000082761,103083299,103083826,527,000000,-17,103083282,7,0,5,103083304,0,0
224589,2000082760,103084110,103084637,527,000000,-17,103084093,7,0,5,103084115,0,0
224852,2000083296,103109281,103109808,527,000000,-16,103109265,0,20,5,103109286,0,0
224851,2000083293,103109820,103110347,527,000000,-17,103109803,7,0,5,103109825,0,0
224850,2000083289,103110359,103110886,527,000000,-17,103110342,7,0,5,103110364,0,0
224849,2000083288,103111011,103111538,527,000000,-17,103110994,7,0,5,103111016,0,0
224846,2000083283,103111663,103112190,527,000000,-17,103111646,7,0,5,103111668,0,0
224845,2000083282,103113526,103114060,534,000000,-17,103113509,7,0,5,103113531,0,0
224843,2000083280,103114072,103114599,527,000000,-17,103114055,7,0,5,103114077,0,0
224842,2000083278,103114611,103115138,527,000000,-17,103114594,7,0,5,103114616,0,0
224841,2000083276,103115150,103115677,527,000000,-17,103115133,7,0,5,103115155,0,0
224840,2000083275,103115689,103116216,527,000000,-17,103115672,7,0,5,103115694,0,0
224839,2000083274,103116329,103116856,527,000000,-17,103116312,7,0,5,103116334,0,0
224838,2000083270,103116868,103117402,534,000000,-17,103116851,7,0,5,103116873,0,0
224837,2000083269,103117414,103117941,527,000000,-17,103117397,7,0,5,103117419,0,0
224836,2000083268,103118482,103119009,527,000000,-12,103118470,201324,27,5,103118487,0,0
224835,2000083267,103119021,103119548,527,000000,-17,103119004,7,0,5,103119026,0,0
224834,2000083264,103119560,103120087,527,000000,-17,103119543,7,0,5,103119565,0,0
224833,2000083262,103120099,103120626,527,000000,-17,103120082,7,0,5,103120104,0,0
224832,2000083260,103120638,103121195,557,000000,-17,103120621,7,0,5,103120643,0,0
224829,2000083252,103121574,103122101,527,000000,-17,103121557,7,0,5,103121579,0,0
224811,2000083192,103123232,103123759,527,000000,-16,103123216,0,23,5,103123237,0,0
224808,2000083184,103123771,103124298,527,000000,-17,103123754,7,0,5,103123776,0,0
224807,2000083183,103124310,103124837,527,000000,-17,103124293,7,0,5,103124315,0,0
224805,2000083181,103124849,103125376,527,000000,-17,103124832,7,0,5,103124854,0,0
224803,2000083179,103126136,103126663,527,000000,-17,103126119,7,0,5,103126141,0,0
224797,2000083166,103127055,103127582,527,000000,-16,103127039,0,24,5,103127060,0,0
224796,2000083164,103127594,103128121,527,000000,-16,103127578,0,29,5,103127599,0,0
224790,2000083154,103128234,103128761,527,000000,-16,103128218,0,25,5,103128239,0,0
224789,2000083151,103128773,103129300,527,000000,-16,103128757,0,22,5,103128778,0,0
224772,2000083126,103132007,103132534,527,000000,-17,103131990,7,0,5,103132012,0,0
224771,2000083124,103132546,103133073,527,000000,-16,103132530,0,4,5,103132551,0,0
224770,2000083123,103133085,103133612,527,000000,-16,103133069,0,3,5,103133090,0,0
224769,2000083122,103133624,103134151,527,000000,-16,103133608,0,2,5,103133629,0,0
224768,2000083113,103135050,103135577,527,000000,-17,103135033,7,0,5,103135055,0,0
224767,2000083112,103135970,103136497,527,000000,-17,103135953,7,0,5,103135975,0,0
224765,2000083110,103136509,103137036,527,000000,-17,103136492,7,0,5,103136514,0,0
224764,2000083103,103137048,103137575,527,000000,-17,103137031,7,0,5,103137053,0,0
224763,2000083102,103137587,103138114,527,000000,-17,103137570,7,0,5,103137592,0,0
224762,2000083101,103138126,103138653,527,000000,-17,103138109,7,0,5,103138131,0,0
224760,2000083095,103138665,103139192,527,000000,-17,103138648,7,0,5,103138670,0,0
224750,2000083077,103142554,103143081,527,000000,-17,103142537,7,0,5,103142559,0,0
224749,2000083075,103143319,103143846,527,000000,-17,103143302,7,0,5,103143324,0,0
224747,2000083073,103143858,103144385,527,000000,-17,103143841,7,0,5,103143863,0,0
224746,2000083072,103145595,103146122,527,000000,-17,103145578,7,0,5,103145600,0,0
222410,2000076070,103152947,103153474,527,000000,-17,103152930,7,0,5,103152952,0,0
222411,2000076071,103153867,103154406,539,000000,-17,103153850,7,0,5,103153872,0,0
223450,2000078998,103170237,103170764,527,000000,-12,103170225,24340,7,5,103170242,0,0
223453,2000079001,103170776,103171315,539,000000,-17,103170759,7,0,5,103170781,0,0
223457,2000079005,103171327,103171854,527,000000,-17,103171310,7,0,5,103171332,0,0
223459,2000079007,103174490,103175024,534,000000,-17,103174473,7,0,5,103174495,0,0
223461,2000079009,103175995,103176522,527,000000,-17,103175978,7,0,5,103176000,0,0
223464,2000079013,103180154,103180681,527,000000,-17,103180137,7,0,5,103180159,0,0
223466,2000079018,103181351,103181878,527,000000,-17,103181334,7,0,5,103181356,0,0
220819,2000068912,103183960,103184487,527,000000,-16,103183944,0,27,5,103183965,0,0
220805,2000068897,103184871,103185494,623,000000,-17,103184854,7,0,5,103184876,0,0
224522,2000082603,103189354,103189881,527,000000,-17,103189337,7,0,5,103189359,0,0
224523,2000082604,103189893,103190420,527,000000,-16,103189877,0,10,5,103189898,0,0
222053,2000073771,103440257,103440831,574,00000f,-17,103440240,7,2,7,103440264,65551,25
222052,2000073770,103441409,103441983,574,000010,-17,103441392,7,2,7,103441416,65552,25
224723,2000083030,103445742,103446279,537,00000f,-17,103445725,7,2,7,103445749,65551,25
222051,2000073769,103449723,103450292,569,00000e,-17,103449706,7,2,7,103449730,65550,24
224725,2000083033,103454972,103455504,532,00000a,-17,103454955,7,2,7,103454979,65546,20
221928,2000072877,103485469,103486008,539,000000,-17,103485452,7,2,5,103485474,0,1
222110,2000073940,103926195,103926764,569,00002c,-17,103926178,7,0,16,103926211,65535,0
222157,2000074342,104094872,104095441,569,000023,-17,104094855,7,2,16,104094888,65535,0
222191,2000074573,104117281,104117850,569,00001f,-12,104117269,69940,19,16,104117297,65535,0
222120,2000074015,104181344,104181878,534,000017,-17,104181327,7,0,16,104181360,65535,0
222077,2000073851,104195166,104195735,569,000019,-17,104195149,7,0,16,104195182,65535,0
222076,2000073849,104195747,104196311,564,000019,-17,104195730,7,0,16,104195763,65535,0
222212,2000074759,104206175,104206744,569,000018,-17,104206158,7,0,16,104206191,65535,0
222192,2000074577,104233791,104234330,539,000015,-17,104233774,7,0,7,104233798,65557,31
222163,2000074436,104259555,104260124,569,000015,-17,104259538,7,0,7,104259562,65557,30
222211,2000074755,104283298,104283837,539,000012,-12,104283286,67200,22,7,104283305,65554,28
222190,2000074571,104287009,104287543,534,000012,-17,104286992,7,0,7,104287016,65554,28
222164,2000074437,104310963,104311502,539,000011,-17,104310946,7,0,7,104310970,65553,26
222161,2000074432,104313339,104313873,534,00000d,-12,104313327,211314,6,7,104313346,65549,26
222160,2000074431,104329698,104330232,534,00000d,-12,104329686,211950,22,7,104329705,65549,25
222162,2000074435,104330515,104331049,534,00000f,-17,104330498,7,0,7,104330522,65551,25
224920,2000083463,104651446,104651990,544,000000,-17,104651429,7,0,5,104651451,0,0
221756,2000072315,104713127,104713671,544,000000,-17,104713110,7,0,5,104713132,0,0
225245,2000084333,104852440,104853001,561,3c004b,-17,104852423,7,0,16,104852456,65535,0
225098,2000083977,104857674,104858216,542,000000,-17,104857657,7,0,5,104857679,0,0
223236,2000078346,104863098,104863640,542,00003c,-17,104863081,7,0,16,104863114,65535,0
223246,2000078366,104868684,104869256,572,000039,-12,104868672,19110,19,16,104868700,65535,0
223237,2000078348,104871648,104872190,542,000033,-17,104871631,7,0,16,104871664,65535,0
223245,2000078364,104876820,104877392,572,00002f,-17,104876803,7,0,16,104876836,65535,0
224718,2000083024,104884084,104884685,601,00002a,-12,104884072,115258,20,16,104884100,65535,0
224722,2000083029,104884697,104885239,542,000028,-17,104884680,7,0,16,104884713,65535,0
224726,2000083034,104891603,104892145,542,00001f,-16,104891587,0,13,16,104891619,65535,0
224728,2000083037,104896449,104896991,542,000000,-17,104896432,7,0,5,104896454,0,1
221097,2000069978,104899795,104900356,561,000000,-17,104899778,7,0,5,104899800,0,0
224470,2000082471,104960032,104960622,590,410037,-17,104960015,7,0,16,104960048,65535,0
221079,2000069898,104969515,104970076,561,280028,-17,104969498,7,0,16,104969531,65535,2
223476,2000079034,106263637,106264169,532,1e001e,-17,106263620,7,0,16,106263653,65535,0
222716,2000076837,106283662,106284199,537,200020,-17,106283645,7,0,7,106283669,65568,32
222582,2000076496,106299336,106299873,537,1f001f,-17,106299319,7,0,7,106299343,65567,32
223134,2000078051,106305137,106305674,537,1d001d,-17,106305120,7,0,7,106305144,65565,31
223297,2000078599,106305686,106306218,532,1f001f,-17,106305669,7,0,7,106305693,65567,31
222714,2000076835,106343146,106343683,537,1c001c,-17,106343129,7,0,7,106343153,65564,29
222440,2000076144,106344722,106345259,537,1d001d,-12,106344710,102246,14,7,106344729,65565,29
223473,2000079029,106356478,106357010,532,1d001d,-17,106356461,7,0,7,106356485,65565,29
223471,2000079026,106357571,106358108,537,1d001d,-17,106357554,7,0,7,106357578,65565,29
222437,2000076141,106360980,106361517,537,1b001b,-17,106360963,7,0,7,106360987,65563,29
223296,2000078598,106366420,106366952,532,1d001d,-17,106366403,7,0,7,106366427,65565,29
223475,2000079032,106370219,106370756,537,1c001c,-12,106370207,102036,27,7,106370226,65564,28
223415,2000078914,106374212,106374749,537,1c001c,-12,106374200,215622,13,7,106374219,65564,28
222711,2000076832,106376851,106377388,537,1b001b,-17,106376834,7,0,7,106376858,65563,28
223040,2000077738,106384445,106384977,532,1b001b,-17,106384428,7,0,7,106384452,65563,28
223696,2000079572,106384989,106385526,537,1b001b,-17,106384972,7,0,6,106384995,6912,0
223693,2000079569,106387342,106387884,542,1c001c,-17,106387325,7,0,7,106387349,65564,28
223123,2000078035,106388487,106389024,537,1c001c,-12,106388475,101801,24,7,106388494,65564,28
223467,2000079019,106391560,106392092,532,1c001c,-17,106391543,7,0,7,106391567,65564,28
223135,2000078052,106392543,106393080,537,1c001c,-17,106392526,7,0,7,106392550,65564,28
223463,2000079011,106393641,106394180,539,1c001c,-17,106393624,7,0,7,106393648,65564,28
223121,2000078032,106398570,106399107,537,1b001b,-17,106398553,7,0,7,106398577,65563,28
223465,2000079014,106399119,106399656,537,1c001c,-17,106399102,7,0,7,106399126,65564,28
222709,2000076830,106400261,106400793,532,1b001b,-17,106400244,7,0,7,106400268,65563,27
222708,2000076828,106400805,106401342,537,1b001b,-12,106400793,222709,30,7,106400812,65563,27
222581,2000076494,106401354,106401891,537,190019,-12,106401342,222708,28,7,106401361,65561,27
223699,2000079575,106406781,106407313,532,1a001a,-17,106406764,7,0,7,106406788,65562,27
222710,2000076831,106413209,106413746,537,1b001b,-17,106413192,7,0,7,106413216,65563,27
223681,2000079543,106419528,106420065,537,1a001a,-16,106419512,0,12,7,106419535,65562,27
223133,2000078050,106421127,106421664,537,1a001a,-17,106421110,7,0,7,106421134,65562,27
223125,2000078037,106421676,106422213,537,1b001b,-17,106421659,7,0,7,106421683,65563,27
223054,2000077812,106422774,106423311,537,190019,-17,106422757,7,0,7,106422781,65561,27
223451,2000078999,106426587,106427119,532,1a001a,-17,106426570,7,0,7,106426594,65562,27
223435,2000078952,106429288,106429825,537,1b001b,-17,106429271,7,0,7,106429295,65563,27
223127,2000078040,106433358,106433895,537,190019,-17,106433341,7,0,7,106433365,65561,26
223120,2000078031,106433907,106434444,537,1a001a,-17,106433890,7,0,7,106433914,65562,26
223057,2000077816,106434456,106434993,537,1a001a,-17,106434439,7,0,7,106434463,65562,26
223436,2000078955,106435439,106435976,537,1a001a,-17,106435422,7,0,7,106435446,65562,26
223052,2000077810,106436976,106437513,537,1a001a,-12,106436964,219287,21,7,106436983,65562,26
223136,2000078054,106437525,106438062,537,190019,-17,106437508,7,0,7,106437532,65561,26
223298,2000078600,106438550,106439087,537,1a001a,-17,106438533,7,0,7,106438557,65562,26
223682,2000079544,106439685,106440222,537,190019,-17,106439668,7,0,7,106439692,65561,26
223041,2000077747,106440234,106440776,542,1a001a,-17,106440217,7,0,7,106440241,65562,26
223709,2000079588,106441886,106442423,537,1a001a,-17,106441869,7,0,7,106441893,65562,26
223458,2000079006,106442435,106442972,537,1a001a,-17,106442418,7,0,7,106442442,65562,26
223460,2000079008,106442984,106443521,537,190019,-17,106442967,7,0,7,106442991,65561,26
222715,2000076836,106445566,106446103,537,1a001a,-16,106445550,0,10,7,106445573,65562,26
223470,2000079025,106446115,106446642,527,1a001a,-17,106446098,7,0,7,106446122,65562,26
223697,2000079573,106448871,106449408,537,1a001a,-17,106448854,7,0,7,106448878,65562,26
222713,2000076834,106449811,106450348,537,1a001a,-17,106449794,7,0,7,106449818,65562,26
223124,2000078036,106452917,106453454,537,1a001a,-17,106452900,7,0,7,106452924,65562,26
223129,2000078044,106456008,106456545,537,190019,-17,106455991,7,0,7,106456015,65561,25
223130,2000078047,106456557,106457094,537,190019,-17,106456540,7,0,7,106456564,65561,25
223468,2000079023,106458999,106459531,532,190019,-17,106458982,7,0,7,106459006,65561,25
223411,2000078905,106460551,106461088,537,190019,-17,106460534,7,0,7,106460558,65561,25
222712,2000076833,106462095,106462632,537,190019,-17,106462078,7,0,7,106462102,65561,25
223701,2000079577,106464340,106464877,537,180018,-17,106464323,7,2,7,106464347,65560,25
223698,2000079574,106464889,106465426,537,170017,-17,106464872,7,0,7,106464896,65559,25
223454,2000079002,106467229,106467766,537,190019,-12,106467217,102319,16,7,106467236,65561,25
223053,2000077811,106467778,106468315,537,190019,-17,106467761,7,0,7,106467785,65561,25
223694,2000079570,106468878,106469410,532,180018,-17,106468861,7,0,7,106468885,65560,25
223680,2000079542,106472838,106473370,532,190019,-16,106472822,0,9,7,106472845,65561,25
222583,2000076497,106474409,106474941,532,160016,-17,106474392,7,0,7,106474416,65558,25
223132,2000078049,106477636,106478173,537,180018,-17,106477619,7,0,7,106477643,65560,24
223417,2000078918,106479881,106480418,537,180018,-17,106479864,7,0,7,106479888,65560,24
223702,2000079578,106481308,106481840,532,170017,-17,106481291,7,0,7,106481315,65559,24
223056,2000077814,106481852,106482389,537,180018,-17,106481835,7,0,7,106481859,65560,24
222358,2000075882,106702812,106703344,532,000017,-17,106702795,7,0,7,106702819,65559,29
222360,2000075884,106778126,106778663,537,000000,-24,106778102,65281,1,5,106778131,0,1
222361,2000075885,106779000,106779539,539,000000,-17,106778983,7,0,5,106779005,0,1
223076,2000077890,106779551,106780090,539,000000,-17,106779534,7,0,5,106779556,0,1
223077,2000077891,106780102,106780646,544,000000,-17,106780085,7,0,5,106780107,0,1
223078,2000077892,106780658,106781197,539,000000,-17,106780641,7,0,5,106780663,0,1
221360,2000071063,109074153,109074680,527,570057,-16,109074137,0,11,16,109074169,65535,0
220834,2000068957,109116687,109117248,561,190019,-17,109116670,7,2,7,109116694,196633,25
221075,2000069888,109117892,109118443,551,000000,-17,109117875,7,2,5,109117897,0,0
223964,2000080709,109356357,109356901,544,4f004f,-12,109356345,52202,13,6,109356363,20224,0
224906,2000083417,109383135,109383752,617,3e003e,-12,109383123,54217,27,16,109383151,65535,0
224101,2000081289,109556240,109556796,556,000000,-17,109556223,7,0,5,109556245,0,0
222359,2000075883,109602485,109603029,544,500046,-17,109602468,7,0,16,109602501,65535,0
221815,2000072483,109616588,109617134,546,000000,-17,109616571,7,0,5,109616593,0,0
224485,2000082503,109711861,109712417,556,550055,-17,109711844,7,0,16,109711877,65535,0
224923,2000083471,109713890,109714434,544,2c002c,-17,109713873,7,0,16,109713906,65535,0
221482,2000071409,109966570,109967034,464,000000,-17,109966553,7,0,5,109966575,0,0
224980,2000083563,110190394,110190938,544,000000,-17,110190377,7,0,5,110190399,0,0
224878,2000083364,110231020,110231564,544,000000,-16,110231004,0,27,5,110231025,0,0
224929,2000083482,110234561,110235100,539,000000,-17,110234544,7,0,5,110234566,0,0
224936,2000083493,110255373,110255917,544,000000,-17,110255356,7,0,5,110255378,0,0
224939,2000083499,110256515,110257059,544,000000,-17,110256498,7,2,5,110256520,0,0
224870,2000083349,110258126,110258670,544,000000,-16,110258110,0,7,5,110258131,0,0
224708,2000083002,110266688,110267227,539,000000,-17,110266671,7,0,5,110266693,0,0
224874,2000083357,110268889,110269433,544,000000,-12,110268877,146192,16,5,110268894,0,0
224941,2000083503,110295138,110295682,544,000000,-17,110295121,7,0,5,110295143,0,0
224869,2000083348,110319739,110320283,544,000000,-17,110319722,7,0,5,110319744,0,0
224710,2000083004,110320876,110321420,544,000000,-16,110320860,0,18,5,110320881,0,0
224871,2000083351,110351729,110352273,544,000000,-17,110351712,7,0,5,110351734,0,0
224704,2000082998,110383134,110383678,544,000000,-17,110383117,7,0,5,110383139,0,0
224952,2000083516,110403052,110403601,549,000000,-12,110403040,146508,31,5,110403057,0,0
224587,2000082758,110420697,110421241,544,000000,-17,110420680,7,0,5,110420702,0,0
224946,2000083509,110468775,110469314,539,000000,-17,110468758,7,0,5,110468780,0,0
224876,2000083362,110487772,110488311,539,000000,-12,110487760,146728,32,5,110487777,0,0
223498,2000079074,110491771,110492315,544,000000,-17,110491754,7,0,5,110491776,0,0
223493,2000079064,110497467,110498011,544,000000,-16,110497451,0,6,5,110497472,0,0
222159,2000074383,110505265,110505809,544,000000,-17,110505248,7,0,5,110505270,0,0
223488,2000079052,110510725,110511269,544,000000,-17,110510708,7,0,5,110510730,0,0
224930,2000083483,110512413,110512952,539,000000,-17,110512396,7,0,5,110512418,0,0
223497,2000079073,110516806,110517340,534,000000,-17,110516789,7,0,5,110516811,0,0
222275,2000075217,110552874,110553418,544,000000,-17,110552857,7,0,5,110552879,0,0
223399,2000078889,110572002,110572541,539,000000,-17,110571985,7,0,5,110572007,0,0
224937,2000083496,110595589,110596138,549,000000,-17,110595572,7,0,5,110595594,0,0
223489,2000079056,110596726,110597270,544,000000,-17,110596709,7,0,5,110596731,0,0
223474,2000079031,110603940,110604484,544,000000,-17,110603923,7,0,5,110603945,0,0
222187,2000074560,110608208,110608742,534,000000,-17,110608191,7,0,5,110608213,0,0
223385,2000078870,110633495,110634034,539,000000,-17,110633478,7,0,5,110633500,0,0
223386,2000078871,110647400,110647944,544,000000,-17,110647383,7,0,5,110647405,0,0
223496,2000079069,110648983,110649527,544,000000,-17,110648966,7,0,5,110648988,0,0
223442,2000078972,110654598,110655142,544,000000,-17,110654581,7,0,5,110654603,0,0
223444,2000078983,110655705,110656239,534,000000,-17,110655688,7,0,5,110655710,0,0
223485,2000079048,110662869,110663413,544,000000,-12,110662857,145913,26,5,110662874,0,0
224711,2000083006,110695359,110695903,544,000000,-17,110695342,7,0,5,110695364,0,0
223389,2000078876,110732514,110733058,544,000000,-17,110732497,7,0,5,110732519,0,0
223387,2000078872,110791647,110792191,544,000000,-17,110791630,7,0,5,110791652,0,0
223434,2000078951,110803437,110803981,544,000000,-17,110803420,7,0,5,110803442,0,0
223452,2000079000,110877197,110877741,544,000000,-17,110877180,7,0,5,110877202,0,0
223446,2000078988,110950313,110950857,544,000000,-17,110950296,7,0,5,110950318,0,0
224875,2000083359,111010317,111010861,544,000000,-17,111010300,7,0,5,111010322,0,0
223800,2000079920,111137410,111138045,635,4c004c,-17,111137393,7,0,16,111137426,65535,0
223938,2000080569,111328085,111328617,532,5c005c,-17,111328068,7,0,16,111328101,65535,0
224617,2000082808,111431263,111431839,576,460046,-17,111431246,7,0,16,111431279,65535,0
222516,2000076389,111456982,111457526,544,360036,-17,111456965,7,0,6,111456988,13824,0
221529,2000071734,111460195,111460739,544,320032,-17,111460178,7,0,6,111460201,12800,0
223339,2000078771,111727597,111728168,571,370058,-17,111727580,7,0,16,111727613,65535,0
225075,2000083934,111754229,111754817,588,510051,-17,111754212,7,0,16,111754245,65535,0
225259,2000084356,111768773,111769300,527,500050,-17,111768756,7,2,16,111768789,65535,0
224881,2000083369,111776650,111777191,541,000000,-16,111776634,0,25,5,111776655,0,0
225057,2000083856,111792031,111792558,527,4c004c,-17,111792014,7,0,16,111792047,65535,0
224515,2000082590,111819242,111819776,534,3c003c,-17,111819225,7,0,16,111819258,65535,0
224541,2000082650,111820385,111820919,534,460046,-16,111820369,0,24,16,111820401,65535,0
224514,2000082588,111823394,111823928,534,3c0046,-24,111823370,65281,1,16,111823410,65535,0
224668,2000082943,111841430,111841957,527,320032,-17,111841413,7,0,16,111841446,65535,0
223591,2000079363,111853357,111853884,527,420042,-17,111853340,7,0,16,111853373,65535,0
223828,2000080064,111877074,111877669,595,3f003f,-17,111877057,7,0,16,111877090,65535,0
225137,2000084088,111885031,111885558,527,140032,-17,111885014,7,0,16,111885047,65535,0
224625,2000082827,111900567,111901094,527,3a003a,-17,111900550,7,0,16,111900583,65535,0
224228,2000081835,111908589,111909116,527,000000,-17,111908572,7,0,5,111908594,0,0
224637,2000082846,111916571,111917098,527,370037,-17,111916554,7,0,16,111916587,65535,0
222901,2000077308,111919497,111920085,588,340034,-17,111919480,7,0,16,111919513,65535,0
222037,2000073601,111920097,111920704,607,2d0034,-17,111920080,7,0,16,111920113,65535,2
224644,2000082855,111926808,111927366,558,320032,-17,111926791,7,2,16,111926824,65535,0
224594,2000082765,111935078,111935617,539,300030,-17,111935061,7,0,16,111935094,65535,0
222186,2000074555,111939443,111940031,588,2d002d,-12,111939431,114880,21,16,111939459,65535,0
225071,2000083923,111945526,111946077,551,05002d,-17,111945509,7,0,16,111945542,65535,0
221927,2000072874,111946089,111946677,588,000027,-17,111946072,7,0,16,111946105,65535,0
223620,2000079424,111954732,111955259,527,250025,-17,111954715,7,0,16,111954748,65535,0
224229,2000081838,111955271,111955798,527,000000,-17,111955254,7,0,5,111955276,0,0
224230,2000081839,111956398,111956925,527,000000,-12,111956386,86962,8,5,111956403,0,0
221657,2000072111,111961639,111962124,485,1e001e,-17,111961622,7,0,7,111961646,65566,30
220922,2000069230,111962873,111963419,546,000000,-12,111962861,184079,28,5,111962878,0,0
224416,2000082356,111964016,111964543,527,000000,-12,111964004,22249,11,5,111964021,0,0
224417,2000082357,111964934,111965461,527,000000,-16,111964918,0,29,5,111964939,0,0
224945,2000083508,112033877,112034411,534,480048,-17,112033860,7,0,16,112033893,65535,0
224948,2000083511,112038561,112039095,534,460046,-12,112038549,34967,23,16,112038577,65535,0
224947,2000083510,112039107,112039641,534,460046,-17,112039090,7,0,16,112039123,65535,0
224943,2000083505,112039653,112040199,546,460046,-17,112039636,7,0,16,112039669,65535,0
224959,2000083525,112040808,112041342,534,460046,-17,112040791,7,0,16,112040824,65535,0
224957,2000083523,112041354,112041888,534,460046,-17,112041337,7,0,16,112041370,65535,0
224955,2000083521,112041900,112042434,534,460046,-17,112041883,7,0,16,112041916,65535,0
224944,2000083507,112043022,112043568,546,460046,-12,112043010,194250,0,16,112043038,65535,0
224951,2000083515,112044156,112044690,534,410041,-12,112044144,34966,5,16,112044172,65535,0
223293,2000078577,112325994,112326548,554,330033,-12,112325982,179224,11,16,112326010,65535,0
221083,2000069961,112334118,112334763,645,000000,-17,112334101,7,0,5,112334123,0,0
221407,2000071218,112335744,112336305,561,000000,-17,112335727,7,0,5,112335749,0,0
223738,2000079718,112366685,112367212,527,000000,-16,112366669,0,18,5,112366690,0,0
223044,2000077768,112507590,112508141,551,3f003f,-17,112507573,7,0,16,112507606,65535,0
224820,2000083207,112511866,112512417,551,340034,-17,112511849,7,2,16,112511882,65535,0
221739,2000072294,112513463,112514009,546,000000,-16,112513447,0,8,5,112513468,0,0
221324,2000070769,112569106,112569638,532,000000,-17,112569089,7,0,5,112569111,0,0
223940,2000080591,112604881,112605459,578,230023,-17,112604864,7,0,16,112604897,65535,0
222754,2000076953,112621918,112622477,559,460062,-17,112621901,7,0,16,112621934,65535,0
223324,2000078701,112867016,112867543,527,500050,-17,112866999,7,0,16,112867032,65535,0
223234,2000078344,113021903,113022442,539,460046,-17,113021886,7,0,16,113021919,65535,0
224110,2000081314,113042333,113042916,583,370037,-17,113042316,7,0,16,113042349,65535,0
224717,2000083021,113045282,113045821,539,340034,-17,113045265,7,0,16,113045298,65535,0
222324,2000075645,113176823,113177369,546,2c002c,-17,113176806,7,2,16,113176839,65535,0
224014,2000080902,113177381,113177908,527,28002a,-17,113177364,7,0,16,113177397,65535,0
222373,2000075972,113322343,113322875,532,000000,-17,113322326,7,0,5,113322348,0,0
223071,2000077869,113344610,113345144,534,000000,-16,113344594,0,2,5,113344615,0,0
224191,2000081578,113347992,113348519,527,000000,-17,113347975,7,0,5,113347997,0,0
224578,2000082737,113352726,113353290,564,5a005a,-17,113352709,7,0,16,113352742,65535,0
223070,2000077868,113353302,113353836,534,000000,-17,113353285,7,0,5,113353307,0,0
225258,2000084354,113353848,113354382,534,5f005a,-17,113353831,7,0,16,113353864,65535,0
223072,2000077872,113377236,113377770,534,000000,-17,113377219,7,0,5,113377241,0,0
223281,2000078524,113386311,113386845,534,000000,-17,113386294,7,0,5,113386316,0,0
223069,2000077867,113392960,113393524,564,530053,-17,113392943,7,0,16,113392976,65535,0
224190,2000081576,113398621,113399148,527,000000,-17,113398604,7,0,5,113398626,0,0
223673,2000079527,113400219,113400753,534,000000,-17,113400202,7,0,5,113400224,0,0
223282,2000078526,113408856,113409390,534,000000,-12,113408844,213573,4,5,113408861,0,0
223254,2000078391,113409960,113410517,557,500050,-17,113409943,7,0,16,113409976,65535,0
224516,2000082593,113410529,113411112,583,500050,-16,113410513,0,22,16,113410545,65535,0
224226,2000081832,113432212,113432739,527,000000,-17,113432195,7,0,5,113432217,0,0
222200,2000074673,113436067,113436631,564,4a004a,-16,113436051,0,7,16,113436083,65535,0
224520,2000082601,113469180,113469707,527,410041,-12,113469168,113400,17,10,113469190,16640,0
224574,2000082725,113470933,113471460,527,3c003c,-16,113470917,0,11,6,113470939,15360,0
224445,2000082424,113473741,113474287,546,000000,-17,113473724,7,0,5,113473746,0,0
221890,2000072663,113480729,113481302,573,320032,-16,113480713,0,16,16,113480745,65535,0
222354,2000075869,113487141,113487675,534,280037,-17,113487124,7,0,16,113487157,65535,0
220897,2000069174,113509303,113509849,546,000000,-16,113509287,0,21,5,113509308,0,0
221338,2000070798,113592397,113592943,546,000000,-12,113592385,77832,22,5,113592402,0,0
220955,2000069335,113717106,113717778,672,500050,-17,113717089,7,0,16,113717122,65535,0
222789,2000077031,114133361,114133907,546,3c001e,-17,114133344,7,0,16,114133377,65535,0
224117,2000081327,114144191,114144747,556,250025,-12,114144179,134620,7,16,114144207,65535,0
222054,2000073776,114274868,114275451,583,1e001e,-12,114274856,117813,4,16,114274884,65535,0
224316,2000082075,114385169,114385750,581,2c002c,-17,114385152,7,0,16,114385185,65535,0
