segment_id,start,end,byte_size,record_count,unique_eids,min_eid,max_eid,type1,type2,type3,type4,prev_old_eid,prev_old_type,prev_old_uid,next_old_eid,next_old_type,next_old_uid
1,162632,163200,568,1,1,223334,223334,0,1,0,0,,,,140240,2,62075670
1,185432,186000,568,1,1,221229,221229,0,1,0,0,197690,2,98047222,183270,2,88031231
1,271600,272146,546,1,1,222481,222481,0,1,0,0,116620,2,48049747,213797,2,2000049903
1,337360,337789,429,1,1,223011,223011,0,1,0,0,214160,1,2000051033,217799,1,2000060109
1,439849,440457,608,1,1,224654,224654,0,1,0,0,197660,2,98046349,179003,2,84158427
1,445492,446050,558,1,1,223590,223590,0,1,0,0,178775,2,84154046,197955,2,98055246
1,490717,491315,598,1,1,224638,224638,0,1,0,0,212449,2,2000046421,179027,2,84158963
1,495052,495615,563,1,1,224346,224346,0,1,0,0,89403,2,33077551,197889,2,98054579
1,510257,510921,664,1,1,221015,221015,0,1,0,0,87140,1,30045964,86890,2,29243927
1,511491,512716,1225,2,2,220941,221304,0,2,0,0,86890,2,29243927,87156,1,30048878
1,512993,513657,664,1,1,221634,221634,0,1,0,0,87156,1,30048878,20018,1,5100386
1,728898,729515,617,1,1,222029,222029,0,1,0,0,196388,2,96161272,214004,2,2000050579
1,807719,808311,592,1,1,221265,221265,0,1,0,0,135079,1,58059703,36141,2,14023276
1,862893,863177,284,1,1,225139,225139,1,0,0,0,181188,2,86039333,181017,2,86016710
1,893731,894307,576,1,1,222775,222775,0,1,0,0,181159,2,86037507,181429,2,86059447
1,901652,902191,539,1,1,223582,223582,0,1,0,0,169719,1,77063145,181199,2,86040085
1,936412,936980,568,1,1,224112,224112,0,1,0,0,181279,2,86047914,180948,2,86008161
1,969048,969446,398,1,1,223596,223596,1,0,0,0,181260,2,86046872,181155,2,86037208
1,1003345,1003903,558,1,1,222623,222623,0,1,0,0,181100,2,86032104,181464,2,86062512
1,1025757,1026186,429,1,1,222730,222730,0,1,0,0,112000,2,43409407,181203,2,86040322
1,1885634,1886180,546,1,1,224497,224497,0,1,0,0,212724,2,2000047119,171037,2,78045565
1,1910442,1911025,583,1,1,224974,224974,0,1,0,0,171213,2,78059524,171118,1,78048452
1,1914442,1914809,367,1,1,222569,222569,1,0,0,0,171332,2,78063522,172199,2,78089340
1,1915399,1915945,546,1,1,222570,222570,0,1,0,0,172199,2,78089340,171099,2,78047673
1,2052325,2052869,544,1,1,223038,223038,0,1,0,0,32882,2,8827323,170850,2,78041226
1,2065895,2066441,546,1,1,220833,220833,0,1,0,0,172056,2,78085667,172188,2,78088893
1,2139118,2139664,546,1,1,222369,222369,0,1,0,0,170869,2,78041425,170305,2,78015166
1,2184987,2185533,546,1,1,223805,223805,0,1,0,0,170696,2,78035730,172791,2,78099697
1,2188093,2188639,546,1,1,222567,222567,0,1,0,0,170372,2,78017618,171602,2,78072301
1,2284686,2287476,2790,5,5,220832,224801,0,5,0,0,170776,2,78038042,218214,2,2000060974
1,2357738,2358282,544,1,1,223036,223036,0,1,0,0,171676,2,78074947,170703,2,78036093
1,2433789,2434340,551,1,1,222956,222956,0,1,0,0,172033,2,78085101,173147,2,78106253
1,2473241,2473824,583,1,1,224360,224360,0,1,0,0,33027,2,8830004,32828,2,8826835
1,2501741,2502287,546,1,1,224362,224362,0,1,0,0,172112,2,78087846,172466,2,78095172
1,2517821,2518397,576,1,1,221550,221550,0,1,0,0,171682,2,78075145,173096,2,78105792
1,2528667,2529213,546,1,1,222951,222951,0,1,0,0,170646,2,78030616,170408,1,78019361
1,2570027,2570603,576,1,1,222704,222704,0,1,0,0,33042,2,8830291,170425,2,78019946
1,2577545,2578121,576,1,1,221730,221730,0,1,0,0,170479,2,78021820,170495,2,78021888
1,2612738,2613277,539,1,1,223026,223026,0,1,0,0,170587,2,78026178,33021,2,8829955
1,2622113,2622689,576,1,1,223804,223804,0,1,0,0,171482,1,78067443,172849,2,78100846
1,2629180,2629749,569,1,1,224499,224499,0,1,0,0,171466,2,78067163,170343,2,78016650
1,2649511,2650079,568,1,1,224501,224501,0,1,0,0,172688,2,78098508,171484,2,78067491
1,2651133,2651709,576,1,1,223031,223031,0,1,0,0,170592,2,78026306,170337,2,78016601
1,2665619,2666195,576,1,1,222092,222092,0,1,0,0,171087,2,78047079,170208,2,78011188
1,2672796,2673372,576,1,1,221970,221970,0,1,0,0,170280,2,78013856,171249,2,78061410
1,2695397,2695947,550,1,1,222955,222955,0,1,0,0,199368,2,2000007464,172822,2,78100072
1,2705330,2705876,546,1,1,223039,223039,0,1,0,0,212696,2,2000047082,170879,2,78041515
1,2760654,2760950,296,1,1,222056,222056,1,0,0,0,173103,2,78105857,3426,1,135838
1,2761355,2761931,576,1,1,221971,221971,0,1,0,0,3426,1,135838,172333,2,78092810
1,2802977,2803553,576,1,1,223802,223802,0,1,0,0,170464,2,78021220,215404,2,2000054850
1,2859022,2859598,576,1,1,220956,220956,0,1,0,0,170323,2,78016312,173003,2,78104397
1,2902975,2903551,576,1,1,222571,222571,0,1,0,0,217291,2,2000059077,171829,2,78080563
1,2937852,2938428,576,1,1,222091,222091,0,1,0,0,171999,2,78084589,216819,2,2000058035
1,2964026,2964602,576,1,1,221875,221875,0,1,0,0,204684,2,2000023833,215126,2,2000053895
1,2967860,2968436,576,1,1,221901,221901,0,1,0,0,170787,2,78038325,170266,2,78013573
1,2970436,2971012,576,1,1,221897,221897,0,1,0,0,172641,2,78098026,170655,1,78030921
1,2974842,2975381,539,1,1,222055,222055,0,1,0,0,203254,2,2000019090,173022,2,78104635
1,2981945,2982521,576,1,1,220893,220893,0,1,0,0,173027,2,78104739,171608,2,78072953
1,2984160,2984699,539,1,1,222093,222093,0,1,0,0,172086,3,78087559,204311,2,2000022733
1,2997791,2998367,576,1,1,222090,222090,0,1,0,0,206038,2,2000027784,203524,2,2000019909
1,2998943,2999519,576,1,1,221917,221917,0,1,0,0,203524,2,2000019909,172993,2,78104274
1,3003467,3004043,576,1,1,221899,221899,0,1,0,0,206039,2,2000027786,212049,2,2000045372
1,3009673,3010825,1152,2,2,221918,221921,0,2,0,0,171898,2,78081705,204801,2,2000024195
1,3011303,3011879,576,1,1,220840,220840,0,1,0,0,204801,2,2000024195,173032,2,78104822
1,3013439,3014015,576,1,1,221898,221898,0,1,0,0,87088,2,30030820,204793,2,2000024177
1,3014591,3015167,576,1,1,221900,221900,0,1,0,0,204793,2,2000024177,206759,2,2000029650
1,3019188,3019764,576,1,1,221920,221920,0,1,0,0,172314,2,78092470,203454,2,2000019667
1,3022041,3022587,546,1,1,221919,221919,0,1,0,0,171834,2,78080617,206760,2,2000029687
1,3037591,3037696,105,1,1,224077,224077,0,0,0,1,172967,4,78102851,172395,4,78093518
1,3364475,3364842,367,1,1,225138,225138,1,0,0,0,167917,2,77012665,167829,2,77003044
1,3416602,3417744,1142,2,2,224536,224575,0,2,0,0,167911,2,77012585,167852,2,77004195
1,3449880,3450252,372,1,1,223198,223198,1,0,0,0,168465,2,77046191,169093,2,77056024
1,3655529,3655901,372,1,1,223199,223199,1,0,0,0,169970,2,77064303,169357,2,77059342
1,3726230,3726811,581,1,1,223632,223632,0,1,0,0,169010,2,77055718,169146,2,77056132
1,3730091,3730642,551,1,1,223437,223437,0,1,0,0,168154,2,77029925,169618,2,77061939
1,3808918,3809462,544,1,1,224192,224192,0,1,0,0,168615,2,77048466,168220,2,77031187
1,3887478,3888059,581,1,1,221154,221154,0,1,0,0,167770,2,77001592,168486,2,77046603
1,4065807,4066351,544,1,1,224166,224166,0,1,0,0,169798,2,77063447,169660,2,77062727
1,4176202,4176748,546,1,1,223157,223157,0,1,0,0,169525,2,77059967,169832,2,77063643
1,4212244,4212830,586,1,1,224616,224616,0,1,0,0,168370,2,77034268,169080,2,77055981
1,4520363,4520909,546,1,1,225267,225267,0,1,0,0,181538,2,86075632,181117,2,86034158
1,5188804,5189185,381,1,1,222356,222356,1,0,0,0,167181,1,76062608,207723,1,2000032372
1,5206070,5206456,386,1,1,223207,223207,1,0,0,0,213311,1,2000048764,166384,1,76045644
1,5209096,5209492,396,1,1,222750,222750,1,0,0,0,205840,1,2000027151,165562,1,76015936
1,5211719,5211991,272,1,1,222401,222401,1,0,0,0,181442,1,86060612,165792,2,76022048
1,5230410,5230791,381,1,1,225135,225135,1,0,0,0,199980,1,2000009372,167068,1,76058632
1,5233436,5234089,653,2,2,221473,222371,2,0,0,0,162975,2,75032285,166320,1,76043802
1,5262784,5263175,391,1,1,223110,223110,1,0,0,0,5175,1,308497,2490,1,120930
1,5357891,5358272,381,1,1,223765,223765,1,0,0,0,166669,2,76050916,166810,2,76052407
1,5371081,5371462,381,1,1,223180,223180,1,0,0,0,176319,2,83243048,213493,1,2000049236
1,5374517,5374898,381,1,1,223178,223178,1,0,0,0,166723,2,76051192,183686,2,89057125
1,5380217,5380768,551,1,1,222954,222954,0,1,0,0,33350,1,8835669,207155,1,2000030805
1,5384305,5384686,381,1,1,224468,224468,1,0,0,0,21568,1,5260676,21492,1,5260020
1,5387413,5387794,381,1,1,222742,222742,1,0,0,0,21552,2,5260519,202497,1,2000016639
1,5404804,5405185,381,1,1,221056,221056,1,0,0,0,167034,2,76057938,174245,1,83117220
1,5567955,5568336,381,1,1,222630,222630,1,0,0,0,21576,1,5260748,201773,1,2000015059
1,5615709,5615981,272,1,1,221935,221935,1,0,0,0,166220,2,76040864,16823,1,2018511
1,5616310,5617616,1306,4,4,221949,222045,4,0,0,0,16823,1,2018511,166231,2,76040912
1,5618580,5618961,381,1,1,222087,222087,1,0,0,0,21580,1,5260808,167376,1,76063444
1,5619661,5620042,381,1,1,222094,222094,1,0,0,0,167377,2,76063445,181545,2,86076608
1,5628536,5628808,272,1,1,222372,222372,1,0,0,0,167408,2,76063778,202124,1,2000015798
1,5638849,5639611,762,2,2,222486,222487,2,0,0,0,61370,2,19391095,211537,1,2000043829
1,5639992,5640754,762,2,2,222559,222574,2,0,0,0,211537,1,2000043829,167566,1,76065276
1,5655971,5662576,6605,19,19,222675,223677,19,0,0,0,167710,1,76069103,166404,2,76045932
1,5663049,5664192,1143,3,3,223678,223761,3,0,0,0,166404,2,76045932,166414,2,76046286
1,5664768,5665149,381,1,1,223808,223808,1,0,0,0,166414,2,76046286,166429,2,76046567
1,5666462,5666829,367,1,1,223990,223990,1,0,0,0,166431,2,76046575,166436,2,76046656
1,5667302,5667848,546,1,1,224083,224083,0,1,0,0,166436,2,76046656,166442,2,76046912
1,5668321,5668989,668,2,2,224903,225162,2,0,0,0,166442,2,76046912,166455,2,76047052
1,5733618,5734164,546,1,1,223363,223363,0,1,0,0,153241,2,67268800,169674,2,77062853
1,5754969,5755515,546,1,1,224479,224479,0,1,0,0,167162,2,76062352,167385,2,76063548
1,5757103,5757649,546,1,1,222631,222631,0,1,0,0,210708,2,2000041007,167207,2,76062736
1,5759813,5760352,539,1,1,222218,222218,0,1,0,0,214118,2,2000050878,209787,2,2000038548
1,5762500,5763046,546,1,1,222619,222619,0,1,0,0,202547,2,2000016794,202549,2,2000016796
1,5787329,5788414,1085,2,2,223598,224122,0,2,0,0,166763,2,76051520,167531,2,76065186
1,5798256,5798795,539,1,1,224121,224121,0,1,0,0,165905,2,76033258,199129,2,2000006425
1,5803085,5804177,1092,2,2,222327,222336,0,2,0,0,167297,2,76063124,167496,2,76064875
1,5811635,5812181,546,1,1,222325,222325,0,1,0,0,208545,2,2000034501,208418,2,2000034072
1,5815437,5815976,539,1,1,223863,223863,0,1,0,0,166932,2,76055385,181289,2,86048128
1,5822508,5823054,546,1,1,220867,220867,0,1,0,0,167346,2,76063344,202829,1,2000017954
1,5823435,5823981,546,1,1,223817,223817,0,1,0,0,202829,1,2000017954,167471,2,76064746
1,5824993,5827060,2067,4,4,220993,220996,0,4,0,0,167349,2,76063366,167460,2,76064617
1,5830295,5830841,546,1,1,222357,222357,0,1,0,0,199252,2,2000006929,167659,2,76068775
1,5847556,5848102,546,1,1,222625,222625,0,1,0,0,199323,2,2000007214,202891,1,2000018140
1,5848919,5849465,546,1,1,222957,222957,0,1,0,0,206014,2,2000027703,206012,2,2000027701
1,5852137,5852686,549,1,1,225136,225136,0,1,0,0,205944,2,2000027504,62342,2,20046434
1,5854726,5855272,546,1,1,222801,222801,0,1,0,0,167647,2,76066977,167046,2,76058200
1,5859014,5860129,1115,2,2,222632,222633,0,2,0,0,207722,2,2000032371,209873,2,2000038680
1,5869129,5869764,635,1,1,221504,221504,0,1,0,0,207367,2,2000031242,207368,2,2000031244
1,5870310,5870849,539,1,1,221788,221788,0,1,0,0,207368,2,2000031244,167114,2,76060866
1,5875450,5875996,546,1,1,222126,222126,0,1,0,0,167119,2,76061075,199583,2,2000008376
1,5876579,5877125,546,1,1,222127,222127,0,1,0,0,199583,2,2000008376,202888,1,2000018137
1,5878082,5878621,539,1,1,222147,222147,0,1,0,0,199586,2,2000008380,214565,2,2000052224
1,5879087,5879626,539,1,1,222167,222167,0,1,0,0,214565,2,2000052224,210617,2,2000040647
1,5880748,5881840,1092,2,2,222199,222621,0,2,0,0,167708,2,76069101,167621,2,76065573
1,5882845,5883391,546,1,1,224633,224633,0,1,0,0,167125,2,76062063,167130,2,76062077
1,5900433,5900979,546,1,1,221001,221001,0,1,0,0,167220,2,76062767,166712,2,76051149
1,5911205,5911751,546,1,1,223920,223920,0,1,0,0,44110,2,14248135,167102,2,76058894
1,5972821,5973367,546,1,1,222234,222234,0,1,0,0,167267,2,76062985,167270,2,76062988
1,5975538,5976084,546,1,1,222235,222235,0,1,0,0,165904,2,76033252,167289,2,76063104
1,5977211,5977750,539,1,1,222237,222237,0,1,0,0,167294,2,76063121,203490,1,2000019831
1,5992729,5993268,539,1,1,223116,223116,0,1,0,0,178216,2,83337107,207601,1,2000032028
1,5994411,5994792,381,1,1,223108,223108,1,0,0,0,202835,1,2000017961,166678,2,76050953
1,5995251,5996176,925,2,2,222996,223107,1,1,0,0,166678,2,76050953,166681,2,76050957
1,5998868,5999414,546,1,1,222800,222800,0,1,0,0,199519,2,2000008102,59269,2,19301809
1,5999897,6000443,546,1,1,225074,225074,0,1,0,0,59269,2,19301809,166694,2,76051063
1,6009452,6009991,539,1,1,225073,225073,0,1,0,0,199582,2,2000008375,166545,1,76048139
1,6014345,6014891,546,1,1,224632,224632,0,1,0,0,202367,2,2000016303,212351,1,2000046118
1,6020700,6021246,546,1,1,224477,224477,0,1,0,0,167694,2,76069084,207505,1,2000031769
1,6026846,6027392,546,1,1,224185,224185,0,1,0,0,211210,1,2000042899,167684,2,76069073
1,6036712,6037258,546,1,1,224085,224085,0,1,0,0,166574,2,76049680,166600,2,76049841
1,6038112,6038658,546,1,1,224084,224084,0,1,0,0,211158,1,2000042688,166437,2,76046713
1,6039131,6039677,546,1,1,224076,224076,0,1,0,0,166437,2,76046713,180975,2,86011537
1,6040284,6040847,563,1,1,223921,223921,0,1,0,0,180975,2,86011537,166503,2,76047306
1,6042032,6042578,546,1,1,223819,223819,0,1,0,0,32946,2,8829164,166424,2,76046314
1,6043806,6044352,546,1,1,223818,223818,0,1,0,0,202263,1,2000016109,202791,1,2000017856
1,6070662,6071208,546,1,1,222418,222418,0,1,0,0,167529,2,76065168,211434,1,2000043560
1,6074629,6075733,1104,2,2,223525,223526,0,2,0,0,166815,2,76052618,166473,2,76047100
1,6079322,6079703,381,1,1,221944,221944,1,0,0,0,166832,2,76053247,166840,2,76053257
1,6084046,6084592,546,1,1,223524,223524,0,1,0,0,203034,1,2000018516,166858,2,76053959
1,6088548,6089087,539,1,1,222610,222610,0,1,0,0,166869,2,76054228,166871,2,76054230
1,6092995,6094080,1085,2,2,222417,222618,0,2,0,0,204385,1,2000022921,167491,2,76064844
1,6100271,6100817,546,1,1,223323,223323,0,1,0,0,166909,2,76054697,167485,2,76064819
1,6113683,6115860,2177,4,4,220997,221000,0,4,0,0,167469,2,76064626,202550,2,2000016797
1,6118979,6120071,1092,2,2,221002,221021,0,2,0,0,167458,2,76064615,166715,2,76051160
1,6120918,6121464,546,1,1,222609,222609,0,1,0,0,201563,1,2000014490,166961,2,76056345
1,6123015,6124100,1085,2,2,221022,222573,0,2,0,0,167563,2,76065273,202128,1,2000015809
1,6125408,6125954,546,1,1,221025,221025,0,1,0,0,33322,1,8835463,167582,2,76065355
1,6128081,6128620,539,1,1,222519,222519,0,1,0,0,167433,2,76064483,167593,2,76065401
1,6136742,6137288,546,1,1,222485,222485,0,1,0,0,167013,2,76057612,167422,2,76064262
1,6139275,6139821,546,1,1,221026,221026,0,1,0,0,166737,2,76051220,166738,2,76051221
1,6143196,6143735,539,1,1,222399,222399,0,1,0,0,167595,2,76065403,166742,2,76051231
1,6147329,6147875,546,1,1,221182,221182,0,1,0,0,167416,2,76064085,167047,2,76058257
1,6153054,6153593,539,1,1,222397,222397,0,1,0,0,167058,2,76058370,167063,2,76058492
1,6156413,6156959,546,1,1,222484,222484,0,1,0,0,167407,2,76063777,167073,2,76058668
1,6159639,6160185,546,1,1,221185,221185,0,1,0,0,167404,2,76063774,167080,2,76058678
1,6164336,6165421,1085,2,2,222483,225143,0,2,0,0,173730,2,82083294,166317,2,76043780
1,6171795,6172557,762,2,2,221942,221950,2,0,0,0,199335,2,2000007235,166287,2,76043646
1,6172986,6173525,539,1,1,222470,222470,0,1,0,0,166287,2,76043646,207608,1,2000032042
1,6180678,6181217,539,1,1,222215,222215,0,1,0,0,167539,2,76065209,213878,1,2000050172
1,6182144,6182697,553,1,1,222216,222216,0,1,0,0,199379,2,2000007501,166355,2,76044971
1,6185904,6186443,539,1,1,222435,222435,0,1,0,0,167394,2,76063736,173471,2,80036032
1,6186916,6187455,539,1,1,222419,222419,0,1,0,0,173471,2,80036032,202752,2,2000017616
1,6190215,6190754,539,1,1,222367,222367,0,1,0,0,201842,2,2000015242,202422,1,2000016457
1,6203215,6203761,546,1,1,221183,221183,0,1,0,0,211605,1,2000044059,167678,2,76069066
1,6295023,6295950,927,2,2,221181,221943,1,1,0,0,62222,2,20042336,62587,2,20049296
1,6408029,6408568,539,1,1,222179,222179,0,1,0,0,169673,2,77062851,177748,2,83319498
1,6420258,6420687,429,1,1,222601,222601,0,1,0,0,167564,2,76065274,176305,2,83241982
1,6473039,6473612,573,1,1,221891,221891,0,1,0,0,199362,2,2000007436,121893,2,51079946
1,6475168,6475707,539,1,1,224356,224356,0,1,0,0,62063,2,20034858,199369,2,2000007465
1,6485158,6485697,539,1,1,224996,224996,0,1,0,0,104105,2,42008806,190242,2,93065587
1,6493301,6493686,385,2,2,222693,223652,1,0,0,1,165692,1,76019833,204059,1,2000021793
1,6494241,6494532,291,1,1,223068,223068,1,0,0,0,4077,1,144993,211223,1,2000043026
1,6494804,6495076,272,1,1,222236,222236,1,0,0,0,211223,1,2000043026,166362,1,76045191
1,6502252,6502365,113,1,1,223658,223658,0,0,0,1,165534,1,76015167,166964,1,76056353
1,6510044,6510496,452,4,4,223663,223667,0,0,0,4,21637,1,5262180,32953,1,8829201
1,6510768,6511333,565,5,5,223649,223662,0,0,0,5,32953,1,8829201,33286,1,8835284
1,6512129,6512242,113,1,1,223657,223657,0,0,0,1,214218,4,2000051168,166086,1,76038303
1,6513386,6513499,113,1,1,223656,223656,0,0,0,1,166125,1,76039234,5251,1,309478
1,6516717,6516830,113,1,1,223655,223655,0,0,0,1,166338,1,76043899,165219,1,76001000
1,6517116,6517229,113,1,1,223648,223648,0,0,0,1,165219,1,76001000,166822,4,76053204
1,6517350,6517622,272,1,1,222178,222178,1,0,0,0,166822,4,76053204,167492,1,76064845
1,6519032,6519576,544,2,2,222168,222177,2,0,0,0,165217,1,76000995,166821,4,76053195
1,6519697,6520336,639,4,4,221989,223654,1,0,0,3,166821,4,76053195,167674,1,76069061
1,6523161,6523483,322,1,1,222148,222148,1,0,0,0,162452,2,75001932,162361,2,75000261
1,6641691,6642058,367,1,1,221081,221081,1,0,0,0,162955,2,75031703,162516,2,75004217
1,7081388,7081951,563,1,1,223564,223564,0,1,0,0,163148,2,75036600,163093,2,75035102
1,7169571,7170663,1092,2,2,222209,223445,0,2,0,0,220290,1,2000066339,216829,2,2000058064
1,7237256,7237802,546,1,1,222768,222768,0,1,0,0,163233,2,75038357,217340,2,2000059147
1,7344077,7344623,546,1,1,223462,223462,0,1,0,0,163951,2,75045061,164051,1,75045532
1,7367057,7367603,546,1,1,222208,222208,0,1,0,0,163202,2,75037865,163230,2,75038303
1,7520352,7520898,546,1,1,223472,223472,0,1,0,0,163854,2,75044781,163047,2,75034329
1,7538296,7538842,546,1,1,223785,223785,0,1,0,0,88469,1,33052214,165167,1,75058405
1,7582925,7583471,546,1,1,223449,223449,0,1,0,0,165116,2,75058350,215379,2,2000054800
1,7586729,7587275,546,1,1,223480,223480,0,1,0,0,21313,1,5250024,164400,2,75050274
1,7587821,7588913,1092,2,2,223448,223477,0,2,0,0,164400,2,75050274,164392,2,75050243
1,7736699,7737245,546,1,1,223469,223469,0,1,0,0,214411,2,2000051760,165177,1,75058418
1,7737612,7738041,429,1,1,223481,223481,0,1,0,0,165177,1,75058418,218166,2,2000060788
1,7919001,7919547,546,1,1,223456,223456,0,1,0,0,165187,1,75058431,162575,1,75007945
1,8027357,8027738,381,1,1,221084,221084,1,0,0,0,164059,1,75045568,164062,1,75045575
1,8146275,8146880,605,1,1,223119,223119,0,1,0,0,219781,2,2000065386,164445,2,75050340
1,8181552,8182125,573,1,1,224325,224325,0,1,0,0,164494,2,75050633,162701,1,75015932
1,8183389,8184123,734,2,2,222197,222198,2,0,0,0,164570,4,75050975,164571,4,75050977
1,8189855,8190127,272,1,1,222596,222596,1,0,0,0,165046,4,75057986,165063,4,75058040
1,8429570,8429866,296,1,1,222050,222050,1,0,0,0,58432,2,19260884,17498,1,2111734
1,8472888,8473260,372,1,1,220799,220799,1,0,0,0,5875,1,400650,55364,1,19054656
1,8475005,8475386,381,1,1,220797,220797,1,0,0,0,17346,2,2109284,57335,2,19193798
1,8562946,8563258,312,1,1,221354,221354,1,0,0,0,32898,1,8827747,54886,2,19028171
1,8754930,8755233,303,1,1,221511,221511,1,0,0,0,57918,2,19233485,57969,1,19239021
1,8781059,8781445,386,1,1,220804,220804,1,0,0,0,120752,1,51061237,57071,2,19184436
1,8808068,8808454,386,1,1,220796,220796,1,0,0,0,55350,1,19054358,55009,1,19035926
1,9267567,9267965,398,1,1,220798,220798,1,0,0,0,57080,1,19185744,57892,2,19231357
1,9281311,9281885,574,1,1,223294,223294,0,1,0,0,48502,2,16183023,60530,2,19359019
1,9907822,9908208,386,1,1,224742,224742,1,0,0,0,58121,1,19249421,57690,2,19221582
1,10205762,10206318,556,1,1,221355,221355,0,1,0,0,59126,2,19294851,55939,2,19100041
1,10751885,10752485,600,1,1,223037,223037,0,1,0,0,56981,2,19173716,54633,2,19016520
1,10898804,10899190,386,1,1,224994,224994,1,0,0,0,55318,2,19052743,136970,2,59123204
1,11266320,11266896,576,1,1,223775,223775,0,1,0,0,60696,2,19366949,60993,2,19380216
1,11457561,11458117,556,1,1,221954,221954,0,1,0,0,60714,2,19367738,54578,2,19014318
1,11461348,11461934,586,1,1,222171,222171,0,1,0,0,56463,1,19144007,176295,2,83240971
1,11652542,11653100,558,1,1,221947,221947,0,1,0,0,58028,2,19244756,60818,2,19371564
1,11661678,11662271,593,1,1,224721,224721,0,1,0,0,58288,1,19256845,42146,2,14207493
1,11739497,11739931,434,1,1,223979,223979,0,1,0,0,57427,1,19202709,56240,2,19125962
1,11745767,11746318,551,1,1,223974,223974,0,1,0,0,58795,1,19272749,61710,2,19408286
1,11753164,11753720,556,1,1,221915,221915,0,1,0,0,55688,2,19081580,61347,2,19390188
1,11816822,11817228,406,1,1,222466,222466,1,0,0,0,56237,2,19125909,97734,2,38015557
1,11897440,11897996,556,1,1,223495,223495,0,1,0,0,58615,2,19266249,58606,2,19266054
1,11926352,11926921,569,1,1,224741,224741,0,1,0,0,58304,2,19258526,58279,2,19255933
1,12020163,12020751,588,1,1,224729,224729,0,1,0,0,58300,2,19258125,58214,2,19250461
1,12023382,12023976,594,1,1,221906,221906,0,1,0,0,54584,2,19014601,17565,1,2112655
1,12027135,12027710,575,1,1,221869,221869,0,1,0,0,218420,2,2000061799,56499,2,19147163
1,12129068,12130165,1097,2,2,221709,221774,0,2,0,0,60561,1,19361335,57590,2,19219087
1,12134271,12134822,551,1,1,221965,221965,0,1,0,0,61882,2,19411608,57249,2,19190343
1,12164574,12165125,551,1,1,223568,223568,0,1,0,0,30748,2,8153132,56484,2,19145225
1,12383253,12383821,568,1,1,225178,225178,0,1,0,0,56185,2,19123829,56511,2,19148211
1,12453877,12454421,544,1,1,224897,224897,0,1,0,0,57126,2,19187201,17104,2,2103803
1,12470726,12471155,429,1,1,222006,222006,0,1,0,0,56101,2,19116341,61416,2,19393385
1,12611342,12611728,386,1,1,224921,224921,1,0,0,0,170246,2,78012937,57190,2,19189135
1,12621671,12622264,593,1,1,221708,221708,0,1,0,0,178038,2,83328823,5038,1,304145
1,12624464,12624740,276,1,1,221040,221040,1,0,0,0,5091,1,305720,5105,1,306163
1,12671145,12671701,556,1,1,221953,221953,0,1,0,0,61891,2,19411881,59559,2,19313167
1,12704552,12705098,546,1,1,223569,223569,0,1,0,0,55351,2,19054409,210739,1,2000041140
1,12751777,12752163,386,1,1,224743,224743,1,0,0,0,206576,2,2000029263,69513,1,23377523
1,12765858,12766120,262,1,1,221783,221783,1,0,0,0,59622,2,19319288,10318,1,733855
1,12828478,12829022,544,1,1,223586,223586,0,1,0,0,60534,2,19359061,18191,1,3300784
1,12845796,12846340,544,1,1,223570,223570,0,1,0,0,61344,2,19389604,60071,1,19341618
1,12853941,12854487,546,1,1,224447,224447,0,1,0,0,33219,2,8833761,128263,2,55002250
1,12875986,12876363,377,1,1,222950,222950,1,0,0,0,55503,1,19064308,54844,1,19026520
1,12877087,12877631,544,1,1,224182,224182,0,1,0,0,137039,2,59144418,60977,2,19380073
1,12982043,12982420,377,1,1,223958,223958,1,0,0,0,17488,2,2111422,17372,1,2110354
1,12983128,12983500,372,1,1,222897,222897,1,0,0,0,17280,1,2107495,17218,1,2105468
1,12984745,12985289,544,1,1,222015,222015,0,1,0,0,209014,2,2000036272,220564,2,2000067927
1,13040527,13041113,586,1,1,225249,225249,0,1,0,0,60961,2,19379576,55052,2,19037380
1,13109117,13109668,551,1,1,224452,224452,0,1,0,0,56851,1,19167696,207539,2,2000031873
1,13134594,13135157,563,1,1,221905,221905,0,1,0,0,54554,2,19013821,101769,1,40004894
1,13136111,13136660,549,1,1,225022,225022,0,1,0,0,59858,2,19335153,141624,2,62165901
1,13144024,13144585,561,1,1,224153,224153,0,1,0,0,54967,2,19033222,123646,1,52092493
1,13150027,13150583,556,1,1,224042,224042,0,1,0,0,52369,2,18082009,199860,2,2000008983
1,13164233,13164777,544,1,1,222135,222135,0,1,0,0,115534,2,47101878,207535,2,2000031859
1,13181682,13182226,544,1,1,224802,224802,0,1,0,0,211972,2,2000045193,60566,2,19361536
1,13183862,13184406,544,1,1,224181,224181,0,1,0,0,129894,2,55083523,206808,2,2000029823
1,13212016,13212572,556,1,1,224082,224082,0,1,0,0,60904,2,19375647,33161,3,8833489
1,13228906,13230042,1136,2,2,221937,222137,0,2,0,0,57315,1,19192136,218582,2,2000062267
1,13235371,13235915,544,1,1,222136,222136,0,1,0,0,58445,2,19261028,61567,2,19398823
1,13254123,13254514,391,1,1,221941,221941,1,0,0,0,89690,2,33080624,176878,2,83271954
1,13274418,13274974,556,1,1,224041,224041,0,1,0,0,59111,2,19294005,58517,2,19262051
1,13287117,13287673,556,1,1,224631,224631,0,1,0,0,56387,2,19140958,176555,2,83257569
1,13322579,13322965,386,1,1,222362,222362,1,0,0,0,60476,2,19357219,61823,2,19410063
1,13330456,13331024,568,1,1,222189,222189,0,1,0,0,207541,2,2000031879,57548,2,19216743
1,13341296,13341857,561,1,1,224639,224639,0,1,0,0,94871,2,36528777,60947,2,19378453
1,13345595,13346146,551,1,1,224991,224991,0,1,0,0,60367,2,19352331,204374,2,2000022886
1,13349696,13350240,544,1,1,225026,225026,0,1,0,0,54933,1,19030595,61736,2,19408947
1,13370174,13370760,586,1,1,224156,224156,0,1,0,0,33002,1,8829828,199638,2,2000008512
1,13376480,13377036,556,1,1,221512,221512,0,1,0,0,207756,2,2000032458,211825,2,2000044776
1,13393865,13394409,544,1,1,222366,222366,0,1,0,0,201687,2,2000014756,212760,2,2000047173
1,13440132,13440676,544,1,1,225021,225021,0,1,0,0,61441,2,19394039,60564,2,19361406
1,13481349,13481898,549,1,1,223184,223184,0,1,0,0,5128,1,306986,61760,2,19409023
1,13495670,13496256,586,1,1,223587,223587,0,1,0,0,59988,2,19340037,59142,1,19295650
1,13503750,13504301,551,1,1,224311,224311,0,1,0,0,56279,2,19130069,67569,2,23242561
1,13552143,13552694,551,1,1,221372,221372,0,1,0,0,59332,2,19303375,61807,2,19409587
1,13578793,13579184,391,1,1,221807,221807,1,0,0,0,208844,1,2000035655,60772,2,19370457
1,13583970,13584509,539,1,1,225010,225010,0,1,0,0,104187,2,42016109,177054,2,83279129
1,13627485,13628041,556,1,1,222363,222363,0,1,0,0,59113,2,19294277,216783,2,2000057962
1,13632013,13632503,490,1,1,224314,224314,0,1,0,0,175220,2,83189056,59052,2,19291160
1,13640524,13641645,1121,2,2,223849,223860,0,2,0,0,78516,2,27159290,61778,2,19409143
1,13791303,13791599,296,1,1,220839,220839,1,0,0,0,5143,1,307489,17109,4,2103933
1,13795033,13795324,291,1,1,221353,221353,1,0,0,0,5058,1,304508,17139,4,2104684
1,13799709,13800012,303,1,1,221975,221975,1,0,0,0,17161,4,2104977,17162,4,2104978
1,13800113,13800812,699,2,2,222035,222041,2,0,0,0,17162,4,2104978,17163,4,2104979
1,13803834,13804130,296,1,1,222291,222291,1,0,0,0,17195,4,2105381,17196,4,2105382
1,13809371,13809805,434,1,1,222925,222925,0,1,0,0,17263,4,2107142,17264,4,2107143
1,13817409,13818003,594,2,2,224427,224457,2,0,0,0,17407,4,2110551,17408,4,2110552
1,13819188,13819496,308,1,1,224752,224752,1,0,0,0,17415,4,2110559,17416,4,2110560
1,13819597,13820277,680,2,2,224993,224995,2,0,0,0,17416,4,2110560,17417,4,2110561
1,14292376,14292757,381,1,1,223913,223913,1,0,0,0,38152,2,14083564,37658,2,14064131
1,14306851,14307218,367,1,1,221080,221080,1,0,0,0,119645,1,51009446,38057,2,14080599
1,14598543,14598936,393,1,1,223114,223114,1,0,0,0,38978,2,14125815,40440,2,14167060
1,14918543,14919305,762,2,2,223210,223330,2,0,0,0,215111,1,2000053862,121052,1,51068312
1,15355117,15355534,417,1,1,224354,224354,1,0,0,0,13255,1,953322,36876,2,14035445
1,15361480,15361751,271,1,1,223915,223915,1,0,0,0,17808,2,3100329,181309,1,86049433
1,15440963,15441330,367,1,1,224976,224976,1,0,0,0,37508,2,14060065,35344,1,14003051
1,15541453,15541820,367,1,1,223188,223188,1,0,0,0,35227,2,14000436,39307,2,14134689
1,15652373,15652662,289,1,1,224626,224626,1,0,0,0,44119,2,14248188,36215,2,14024907
1,16052652,16053038,386,1,1,223749,223749,1,0,0,0,214366,2,2000051654,36377,2,14026831
1,16294310,16294593,283,1,1,223028,223028,1,0,0,0,42261,2,14209117,181582,1,87034126
1,16305738,16306314,576,1,1,221435,221435,0,1,0,0,42460,2,14217325,35747,2,14009797
1,16358425,16359025,600,1,1,225050,225050,0,1,0,0,43653,1,14241410,39135,2,14130256
1,16371556,16372138,582,1,1,224353,224353,0,1,0,0,36319,2,14026143,36668,2,14032169
1,16562270,16562687,417,1,1,223113,223113,1,0,0,0,37349,2,14048043,208736,2,2000035306
1,16803024,16803607,583,1,1,222747,222747,0,1,0,0,42161,2,14207653,36075,2,14022879
1,16843308,16843867,559,1,1,224582,224582,0,1,0,0,42197,2,14207980,39873,2,14149311
1,16846775,16847333,558,1,1,223733,223733,0,1,0,0,44109,2,14248072,40866,2,14181849
1,16994959,16995535,576,1,1,223366,223366,0,1,0,0,43811,2,14243660,42216,2,14208158
1,17176559,17176952,393,1,1,223115,223115,1,0,0,0,13524,1,957665,207820,2,2000032647
1,17266771,17267152,381,1,1,224435,224435,1,0,0,0,42220,2,14208211,42214,2,14208151
1,17271166,17271559,393,1,1,224756,224756,1,0,0,0,42191,2,14207956,42166,2,14207658
1,17272135,17272718,583,1,1,222595,222595,0,1,0,0,42166,2,14207658,42135,2,14207390
1,17273257,17273529,272,1,1,222000,222000,1,0,0,0,42135,2,14207390,42105,2,14206657
1,17274134,17274680,546,1,1,221455,221455,0,1,0,0,42105,2,14206657,42098,2,14206587
1,17632831,17633377,546,1,1,225115,225115,0,1,0,0,36999,2,14038223,35964,2,14021027
1,17634567,17635143,576,1,1,222921,222921,0,1,0,0,35492,2,14004701,37340,2,14047924
1,17659965,17660504,539,1,1,223752,223752,0,1,0,0,170663,2,78033986,37834,2,14074931
1,17777469,17778015,546,1,1,223675,223675,0,1,0,0,38170,2,14083981,37337,2,14047891
1,17790970,17791516,546,1,1,224132,224132,0,1,0,0,42245,2,14208682,40407,2,14165307
1,17961563,17962667,1104,2,2,221453,221457,0,2,0,0,40075,2,14154227,13455,3,956180
1,17970825,17971401,576,1,1,222767,222767,0,1,0,0,162568,2,75007256,39429,2,14137869
1,17977306,17978428,1122,2,2,225011,225016,0,2,0,0,42767,2,14222241,35293,2,14001295
1,17979004,17979543,539,1,1,223033,223033,0,1,0,0,35293,2,14001295,38713,2,14117874
1,17990608,17991184,576,1,1,223584,223584,0,1,0,0,42201,2,14208019,39678,2,14146345
1,18000662,18001238,576,1,1,224124,224124,0,1,0,0,36153,2,14023370,41083,2,14184861
1,18144197,18144773,576,1,1,221051,221051,0,1,0,0,39402,2,14137411,37839,2,14074936
1,18151080,18151626,546,1,1,223029,223029,0,1,0,0,39437,2,14138046,37181,2,14044664
1,18155414,18155997,583,1,1,223260,223260,0,1,0,0,43633,2,14240894,42199,2,14208016
1,18156597,18157167,570,1,1,223676,223676,0,1,0,0,42199,2,14208016,42448,2,14217252
1,18325314,18325860,546,1,1,222170,222170,0,1,0,0,42510,2,14218189,42512,2,14218203
1,18333383,18333929,546,1,1,225112,225112,0,1,0,0,207854,2,2000032744,207822,2,2000032656
1,18338105,18338867,762,2,2,225046,225047,2,0,0,0,148858,2,67024959,40185,2,14157746
1,18339909,18340485,576,1,1,225023,225023,0,1,0,0,39692,2,14146676,44419,2,14255021
1,18341460,18341926,466,1,1,222953,222953,0,1,0,0,42554,2,14219426,44103,2,14247909
1,18345378,18345961,583,1,1,223111,223111,0,1,0,0,211407,2,2000043516,40754,2,14180281
1,18349247,18349793,546,1,1,223181,223181,0,1,0,0,42575,2,14219610,40776,2,14180614
1,18357031,18358153,1122,2,2,223183,223189,0,2,0,0,44356,2,14253949,211903,2,2000044986
1,18358582,18359704,1122,2,2,223204,223211,0,2,0,0,211903,2,2000044986,39842,2,14148972
1,18360726,18361297,571,1,1,224580,224580,0,1,0,0,44422,2,14255054,42205,2,14208061
1,18363056,18363602,546,1,1,223762,223762,0,1,0,0,211973,2,2000045194,44425,2,14255058
1,18367577,18368534,957,2,2,223807,224495,1,1,0,0,44429,2,14255100,38164,2,14083973
1,18369000,18369393,393,1,1,224446,224446,1,0,0,0,38164,2,14083973,40217,2,14158455
1,18371699,18372238,539,1,1,223899,223899,0,1,0,0,44360,2,14254004,42644,2,14220338
1,18726164,18727352,1188,2,2,223112,223375,0,2,0,0,63151,2,22014162,43185,2,14227170
1,18727940,18729092,1152,2,2,223073,223109,0,2,0,0,43185,2,14227170,42683,2,14221378
1,18730275,18731949,1674,3,3,222599,223032,0,3,0,0,42684,2,14221379,220725,2,2000068667
1,18844650,18845226,576,1,1,223806,223806,0,1,0,0,43623,2,14240846,43103,2,14226113
1,18854546,18855092,546,1,1,221456,221456,0,1,0,0,35333,2,14002779,41961,2,14203794
1,18856594,18857140,546,1,1,223986,223986,0,1,0,0,42147,2,14207495,36010,2,14022032
1,18864190,18864736,546,1,1,223957,223957,0,1,0,0,37805,2,14073803,38383,2,14094886
1,18876743,18877289,546,1,1,222794,222794,0,1,0,0,36759,2,14033656,40744,2,14179959
1,18879355,18879931,576,1,1,223946,223946,0,1,0,0,37184,2,14044667,42346,2,14211491
1,18935971,18936517,546,1,1,224133,224133,0,1,0,0,43586,2,14240040,44021,2,14247138
1,18952801,18953182,381,1,1,225161,225161,1,0,0,0,39236,2,14133376,38797,2,14118990
1,18957109,18957685,576,1,1,223209,223209,0,1,0,0,39823,2,14148727,40151,2,14157425
1,18971243,18971709,466,1,1,223155,223155,0,1,0,0,218023,2,2000060504,40080,2,14154662
1,18972797,18973343,546,1,1,225109,225109,0,1,0,0,37194,2,14045045,42407,2,14215170
1,18985845,18986421,576,1,1,223105,223105,0,1,0,0,42969,2,14224702,35860,2,14011575
1,19008674,19009220,546,1,1,223063,223063,0,1,0,0,38984,2,14125849,38988,2,14125892
1,19015063,19015602,539,1,1,223034,223034,0,1,0,0,37414,2,14049361,35927,2,14020528
1,19064380,19064919,539,1,1,224295,224295,0,1,0,0,214583,2,2000052293,43845,2,14243948
1,19145240,19145816,576,1,1,224545,224545,0,1,0,0,43773,2,14242966,41766,2,14201608
1,19148077,19148616,539,1,1,223201,223201,0,1,0,0,44007,2,14246842,43488,2,14237711
1,19164423,19164999,576,1,1,224546,224546,0,1,0,0,42330,2,14210894,43631,2,14240892
1,19166004,19166580,576,1,1,224556,224556,0,1,0,0,39229,2,14133365,43672,2,14241585
1,19227654,19228200,546,1,1,222572,222572,0,1,0,0,41970,2,14204032,41871,2,14202630
1,19230566,19231112,546,1,1,222677,222677,0,1,0,0,43904,2,14245081,44366,2,14254125
1,19291165,19291728,563,1,1,222088,222088,0,1,0,0,38777,2,14118491,42784,2,14222464
1,19294480,19295026,546,1,1,222908,222908,0,1,0,0,44209,2,14250123,218343,2,2000061624
1,19303282,19303858,576,1,1,223200,223200,0,1,0,0,43554,2,14239522,36289,2,14025511
1,19311908,19312454,546,1,1,223064,223064,0,1,0,0,41777,2,14201717,35245,2,14000685
1,19325402,19325978,576,1,1,223206,223206,0,1,0,0,42817,2,14223130,40008,2,14151258
1,19327573,19328119,546,1,1,222927,222927,0,1,0,0,40210,2,14158349,43859,2,14244736
1,19416308,19417221,913,2,2,223803,224496,1,1,0,0,38640,1,14111495,200677,1,2000011575
1,19419251,19419797,546,1,1,224983,224983,0,1,0,0,36923,1,14036081,110682,2,43332783
1,19422336,19422882,546,1,1,225243,225243,0,1,0,0,39794,2,14148372,13398,1,955576
1,19423170,19424316,1146,2,2,221147,222089,0,2,0,0,13398,1,955576,162911,1,75031085
1,19499014,19499932,918,2,2,223823,223898,1,1,0,0,44122,1,14248193,44258,2,14251202
1,19571087,19571670,583,1,1,221641,221641,0,1,0,0,43044,2,14225830,43657,2,14241490
1,19581255,19581684,429,1,1,224120,224120,0,1,0,0,213740,2,2000049807,40519,2,14171403
1,19770385,19770931,546,1,1,224389,224389,0,1,0,0,43636,2,14240971,200640,2,2000011465
1,19842542,19843112,570,1,1,225116,225116,0,1,0,0,18056,1,3103252,12421,1,910629
1,19865969,19866515,546,1,1,223529,223529,0,1,0,0,40447,1,14167235,41848,2,14202277
1,19879107,19879488,381,1,1,225160,225160,1,0,0,0,36667,2,14032162,40730,2,14179628
1,19936895,19937471,576,1,1,222204,222204,0,1,0,0,44497,2,14257268,180940,3,86007588
1,19995154,19996253,1099,2,2,222207,222286,0,2,0,0,41599,2,14197819,43869,1,14244754
1,20000094,20000723,629,1,1,224635,224635,0,1,0,0,44410,2,14254768,163121,1,75036156
1,20004880,20005426,546,1,1,222617,222617,0,1,0,0,21334,1,5250119,180946,2,86007912
1,20015095,20015658,563,1,1,223504,223504,0,1,0,0,41915,2,14203064,41295,2,14187252
1,20025287,20025833,546,1,1,222205,222205,0,1,0,0,183012,2,88029461,39833,2,14148863
1,20070748,20071170,422,1,1,223912,223912,1,0,0,0,213780,2,2000049872,37998,2,14078689
1,20085441,20085852,411,1,1,223101,223101,1,0,0,0,43861,1,14244745,25967,1,6300233
1,20124803,20125184,381,1,1,225265,225265,1,0,0,0,213556,4,2000049373,35868,4,14011651
1,20125996,20126268,272,1,1,225094,225094,1,0,0,0,213552,4,2000049369,2047,1,108427
1,20128570,20128999,429,1,1,223879,223879,0,1,0,0,17740,4,3100108,36570,1,14030741
1,20131610,20131977,367,1,1,223880,223880,1,0,0,0,35519,1,14005497,35869,4,14011655
1,20152162,20152529,367,1,1,223521,223521,1,0,0,0,219668,1,2000065169,18050,1,3103106
1,20560943,20561360,417,1,1,223046,223046,1,0,0,0,46993,2,15086166,83969,2,29162714
1,21113453,21113820,367,1,1,222813,222813,1,0,0,0,182169,2,88025092,138657,2,61086012
1,21129672,21130039,367,1,1,222125,222125,1,0,0,0,182344,2,88026999,182335,2,88026929
1,21208069,21208465,396,1,1,224195,224195,1,0,0,0,202793,2,2000017859,183351,1,88032127
1,21230187,21230733,546,1,1,222722,222722,0,1,0,0,182089,2,88024441,87134,2,30040086
1,21243036,21243582,546,1,1,222637,222637,0,1,0,0,31812,2,8455389,182653,2,88028274
1,21244697,21245299,602,1,1,222385,222385,0,1,0,0,182346,2,88027111,182288,2,88026609
1,21252764,21253303,539,1,1,223279,223279,0,1,0,0,181994,2,88023694,181817,2,88021685
1,21278295,21278865,570,1,1,223278,223278,0,1,0,0,182116,2,88024848,182002,2,88023715
1,21294234,21294780,546,1,1,222489,222489,0,1,0,0,83345,2,29136236,183198,2,88030524
1,21325449,21325995,546,1,1,222426,222426,0,1,0,0,31852,2,8456663,183264,2,88031141
1,21330980,21331526,546,1,1,222636,222636,0,1,0,0,192190,2,93122338,182124,2,88024864
1,21339410,21339956,546,1,1,222812,222812,0,1,0,0,181763,2,88021106,182167,2,88025085
1,21349470,21349916,446,1,1,222810,222810,0,1,0,0,182327,2,88026779,87133,2,30040047
1,21351615,21352208,593,1,1,222473,222473,0,1,0,0,182193,2,88025373,183187,2,88030340
1,21352791,21353337,546,1,1,222726,222726,0,1,0,0,183187,2,88030340,183327,2,88031643
1,21354478,21355054,576,1,1,222488,222488,0,1,0,0,181863,2,88021926,218741,2,2000062661
1,21371300,21371846,546,1,1,222434,222434,0,1,0,0,182654,2,88028277,201005,2,2000012837
1,21373580,21374126,546,1,1,221547,221547,0,1,0,0,200723,2,2000011731,216154,2,2000056471
1,21383409,21384501,1092,2,2,222263,222386,0,2,0,0,181642,2,88000465,87127,2,30040017
1,21386216,21387308,1092,2,2,222469,222809,0,2,0,0,207725,2,2000032376,181935,2,88023005
1,21410473,21411019,546,1,1,222724,222724,0,1,0,0,204317,2,2000022761,183238,2,88030851
1,21412593,21413132,539,1,1,222384,222384,0,1,0,0,213148,2,2000048202,199063,2,2000006249
1,21414315,21414861,546,1,1,222468,222468,0,1,0,0,199062,2,2000006248,218714,2,2000062603
1,21415407,21415953,546,1,1,222811,222811,0,1,0,0,218714,2,2000062603,182201,2,88025586
1,21432402,21432972,570,1,1,221544,221544,0,1,0,0,218882,2,2000063028,181848,2,88021858
1,21460024,21460623,599,1,1,221082,221082,0,1,0,0,181643,2,88000468,181627,2,88000011
1,21463513,21464071,558,1,1,221131,221131,0,1,0,0,181850,2,88021860,182994,3,88029214
1,21490034,21492230,2196,4,4,222261,222634,0,4,0,0,218884,2,2000063030,209477,2,2000037741
1,21514905,21515463,558,1,1,222429,222429,0,1,0,0,181878,2,88021954,219769,2,2000065373
1,21521783,21522329,546,1,1,222635,222635,0,1,0,0,183168,2,88030257,6175,1,426312
1,21522652,21523198,546,1,1,224064,224064,0,1,0,0,6175,1,426312,182068,2,88024127
1,21524829,21525375,546,1,1,222479,222479,0,1,0,0,217710,2,2000059970,207726,2,2000032377
1,21529732,21530278,546,1,1,221642,221642,0,1,0,0,83964,2,29162701,181787,2,88021468
1,21539614,21540160,546,1,1,222471,222471,0,1,0,0,217801,2,2000060111,182349,2,88027147
1,21551173,21551719,546,1,1,221549,221549,0,1,0,0,200767,2,2000011903,182035,2,88023990
1,21585484,21586576,1092,2,2,222262,222383,0,2,0,0,83954,2,29162690,182100,2,88024486
1,21588349,21588895,546,1,1,222432,222432,0,1,0,0,182026,3,88023839,46883,2,15083857
1,21598644,21599190,546,1,1,222476,222476,0,1,0,0,183186,2,88030339,181797,2,88021482
1,21600195,21600741,546,1,1,222475,222475,0,1,0,0,183246,2,88031003,182174,2,88025148
1,21605618,21606164,546,1,1,221132,221132,0,1,0,0,216789,2,2000057983,217230,2,2000058996
1,21619067,21619613,546,1,1,222433,222433,0,1,0,0,181821,2,88021690,183281,2,88031245
1,21666848,21667394,546,1,1,221548,221548,0,1,0,0,183172,2,88030261,181883,2,88021961
1,21679164,21679710,546,1,1,222445,222445,0,1,0,0,183163,2,88030023,183345,2,88031753
1,21680273,21680819,546,1,1,221133,221133,0,1,0,0,183345,2,88031753,202576,2,2000016860
1,21689876,21690422,546,1,1,222472,222472,0,1,0,0,181632,2,88000100,183141,2,88029909
1,21705514,21706084,570,1,1,221519,221519,0,1,0,0,182661,2,88028339,198984,2,2000006025
1,21721355,21721901,546,1,1,221130,221130,0,1,0,0,182060,2,88024101,182070,1,88024145
1,21722294,21722840,546,1,1,221134,221134,0,1,0,0,182070,1,88024145,181665,2,88001007
1,21733669,21734215,546,1,1,222806,222806,0,1,0,0,83985,2,29162736,217969,2,2000060393
1,21749780,21750889,1109,2,2,221135,222474,0,2,0,0,181784,2,88021465,44528,3,15001223
1,21758920,21760558,1638,3,3,221128,221137,0,3,0,0,216613,2,2000057322,182076,2,88024171
1,21763024,21763570,546,1,1,221127,221127,0,1,0,0,182680,1,88028396,181785,2,88021466
1,22426502,22427112,610,1,1,222370,222370,0,1,0,0,46976,2,15085915,46447,2,15077373
1,22486124,22486770,646,1,1,223208,223208,0,1,0,0,44911,2,15019086,14794,2,1302374
1,22710212,22710795,583,1,1,223362,223362,0,1,0,0,45281,2,15041542,45311,2,15043714
1,22822341,22822880,539,1,1,223047,223047,0,1,0,0,44770,2,15009059,45423,2,15048961
1,23180155,23180731,576,1,1,221518,221518,0,1,0,0,45593,2,15055474,45016,2,15022398
1,23475020,23476198,1178,2,2,221552,224086,0,2,0,0,199923,2,2000009170,202265,2,2000016111
1,23477906,23478479,573,1,1,221789,221789,0,1,0,0,73768,2,24065870,47203,2,15090302
1,23644988,23646119,1131,2,2,222976,223117,0,2,0,0,45868,2,15062885,46384,2,15076616
1,23917070,23917616,546,1,1,222975,222975,0,1,0,0,46646,2,15080058,204248,2,2000022495
1,23919258,23919804,546,1,1,223252,223252,0,1,0,0,46705,2,15080398,46708,2,15080401
1,23941864,23942440,576,1,1,223929,223929,0,1,0,0,46547,2,15078470,46562,2,15078549
1,24022934,24023527,593,1,1,221991,221991,0,1,0,0,86834,2,29242461,204690,2,2000023841
1,24045156,24045732,576,1,1,221992,221992,0,1,0,0,212055,2,2000045383,47056,2,15087839
1,24088078,24088647,569,1,1,221988,221988,0,1,0,0,202520,2,2000016690,45578,2,15055328
1,24092592,24093155,563,1,1,222705,222705,0,1,0,0,212064,2,2000045394,201582,2,2000014512
1,24272965,24273516,551,1,1,221983,221983,0,1,0,0,202190,2,2000015926,44668,2,15003539
1,24277591,24278755,1164,2,2,221979,221993,0,2,0,0,46026,2,15067104,199953,2,2000009236
1,24312278,24312861,583,1,1,221995,221995,0,1,0,0,44601,2,15002098,44746,2,15006957
1,24411558,24412146,588,1,1,221987,221987,0,1,0,0,123399,2,52087207,44612,2,15002236
1,24537528,24537805,277,1,1,221111,221111,1,0,0,0,220615,2,2000068194,46245,4,15072394
1,24546065,24546641,576,1,1,222057,222057,0,1,0,0,45980,4,15066098,6244,4,429793
1,24547170,24547442,272,1,1,222129,222129,1,0,0,0,44918,4,15019359,86109,2,29232943
1,24627604,24627906,302,1,1,222225,222225,1,0,0,0,139632,2,62030781,139499,2,62013409
1,25175454,25175765,311,1,1,221883,221883,1,0,0,0,25445,2,5775752,2962,1,132374
1,25231149,25231436,287,1,1,221153,221153,1,0,0,0,25489,1,5779932,143276,1,62251339
1,25691173,25691732,559,1,1,222398,222398,0,1,0,0,140458,1,62092168,140002,2,62070117
1,25712726,25713292,566,1,1,222407,222407,0,1,0,0,25041,2,5753770,68682,1,23330854
1,25719774,25720340,566,1,1,222405,222405,0,1,0,0,139945,2,62059223,24685,2,5743151
1,25729010,25729302,292,1,1,224798,224798,1,0,0,0,139788,2,62054014,25436,1,5775515
1,25768279,25768838,559,1,1,222538,222538,0,1,0,0,141174,2,62142169,25639,2,5790311
1,25897975,25898571,596,1,1,223377,223377,0,1,0,0,139714,2,62042664,25341,1,5767992
1,25900104,25900670,566,1,1,222408,222408,0,1,0,0,140706,2,62099442,25086,1,5756099
1,25976884,25977280,396,1,1,223711,223711,1,0,0,0,140728,2,62109031,25212,1,5761921
1,25995682,25996248,566,1,1,222413,222413,0,1,0,0,25295,2,5766347,25133,2,5759324
1,26001570,26002146,576,1,1,222598,222598,0,1,0,0,24852,1,5747107,24651,1,5741776
1,26021169,26021728,559,1,1,223542,223542,0,1,0,0,206149,2,2000028215,143047,2,62239616
1,26026657,26027253,596,1,1,224909,224909,0,1,0,0,142619,2,62220425,219632,2,2000065117
1,26044674,26045240,566,1,1,224864,224864,0,1,0,0,141523,2,62162957,139378,1,62000171
1,26052018,26053140,1122,2,2,222403,222406,0,2,0,0,143189,2,62249613,140200,2,62074267
1,26053762,26054328,566,1,1,222409,222409,0,1,0,0,140200,2,62074267,204787,2,2000024148
1,26261506,26262102,596,1,1,224910,224910,0,1,0,0,141906,2,62188335,143036,2,62239125
1,26262698,26263820,1122,2,2,222604,224873,0,2,0,0,143036,2,62239125,25342,3,5768022
1,26272144,26272705,561,1,1,223911,223911,0,1,0,0,24990,1,5751784,25250,2,5763444
1,26292493,26293064,571,1,1,224862,224862,0,1,0,0,141156,2,62141401,214907,2,2000053172
1,26305093,26305659,566,1,1,224429,224429,0,1,0,0,142611,2,62220155,212038,2,2000045347
1,26313914,26314480,566,1,1,224151,224151,0,1,0,0,2978,1,132435,3510,1,137787
1,26335522,26336083,561,1,1,222606,222606,0,1,0,0,141732,2,62177508,139619,2,62028081
1,26336576,26337149,573,1,1,222603,222603,0,1,0,0,139619,2,62028081,142964,2,62235148
1,26342107,26342661,554,1,1,222400,222400,0,1,0,0,187190,2,91204887,141642,2,62167507
1,26351976,26352537,561,1,1,224867,224867,0,1,0,0,141231,2,62143380,142952,2,62235051
1,26388134,26388695,561,1,1,224895,224895,0,1,0,0,24764,1,5744919,142367,2,62215603
1,26445473,26446049,576,1,1,224512,224512,0,1,0,0,139996,1,62069899,99802,2,38065267
1,26468094,26468701,607,1,1,224908,224908,0,1,0,0,49341,2,16281559,198587,2,98064494
1,26473150,26473775,625,1,1,224640,224640,0,1,0,0,114857,2,43617469,49250,2,16258587
1,26478535,26478941,406,1,1,223061,223061,1,0,0,0,218244,2,2000061143,24890,2,5747853
1,26489492,26489910,418,1,1,223179,223179,1,0,0,0,140606,1,62095779,44703,3,15004931
1,26494657,26495224,567,1,1,221800,221800,0,1,0,0,93222,2,36088883,197783,2,98049239
1,26498025,26498599,574,1,1,225169,225169,0,1,0,0,71506,2,23501147,8938,1,675418
1,26512129,26512707,578,1,1,220915,220915,0,1,0,0,139799,4,62054195,160312,1,72003880
1,26525500,26525906,406,1,1,221269,221269,1,0,0,0,141142,4,62141157,141141,4,62141155
1,26716756,26717142,386,1,1,224016,224016,1,0,0,0,16920,1,2018985,161540,1,74002761
1,27022284,27022847,563,1,1,222315,222315,0,1,0,0,5624,3,350033,161535,3,74001941
1,27293139,27293690,551,1,1,221045,221045,0,1,0,0,4764,2,250588,214152,2,2000051006
1,27294792,27295343,551,1,1,221046,221046,0,1,0,0,214154,2,2000051009,214155,2,2000051011
1,27324880,27325982,1102,2,2,221047,221048,0,2,0,0,94865,2,36527642,214187,2,2000051083
1,27329118,27329669,551,1,1,221049,221049,0,1,0,0,206207,2,2000028326,184105,2,89069849
1,27333324,27333627,303,1,1,221188,221188,1,0,0,0,214911,2,2000053199,86815,2,29242167
1,27334731,27335275,544,1,1,224128,224128,0,1,0,0,5744,4,352949,161674,4,74029693
1,27335493,27336039,546,1,1,221358,221358,0,1,0,0,161673,4,74029691,161672,4,74029686
1,27350157,27350822,665,1,1,224129,224129,0,0,1,0,5754,4,352959,5673,1,350889
1,27353815,27354366,551,1,1,221053,221053,0,1,0,0,5713,4,352715,211703,2,2000044285
1,27363422,27363973,551,1,1,221054,221054,0,1,0,0,5758,4,352963,20208,1,5106486
1,27374493,27375044,551,1,1,222213,222213,0,1,0,0,2536,1,123411,86354,1,29235716
1,27386675,27387251,576,1,1,224397,224397,0,1,0,0,4753,2,250575,4752,2,250574
1,27391659,27392205,546,1,1,224264,224264,0,1,0,0,4747,2,250567,4746,2,250563
1,27396887,27397445,558,1,1,224189,224189,0,1,0,0,4744,2,250560,4742,2,250557
1,27457858,27458427,569,1,1,222924,222924,0,1,0,0,4843,2,250677,199437,2,2000007758
1,27507458,27508569,1111,3,3,223552,223556,3,0,0,0,5860,1,359548,4795,2,250619
1,27520100,27521178,1078,2,2,223707,223716,0,2,0,0,4780,2,250604,4779,2,250603
1,27523958,27524502,544,1,1,223751,223751,0,1,0,0,4774,2,250598,4773,2,250597
1,27664122,27664673,551,1,1,221027,221027,0,1,0,0,205052,2,2000025016,213826,2,2000050000
1,27666064,27666627,563,1,1,221028,221028,0,1,0,0,161719,1,74032749,161717,1,74032655
1,28042091,28043140,1049,3,3,220791,222294,3,0,0,0,159576,1,71096102,50282,2,17004456
1,28248614,28248995,381,1,1,220793,220793,1,0,0,0,1920,1,107022,21990,1,5315709
1,28249753,28250025,272,1,1,220795,220795,1,0,0,0,21987,1,5315497,7538,1,489437
1,28317296,28317677,381,1,1,220794,220794,1,0,0,0,159680,2,71101093,7310,2,479553
1,28412617,28413003,386,1,1,221356,221356,1,0,0,0,159736,2,71101735,100053,2,38069475
1,28424282,28424870,588,1,1,225122,225122,0,1,0,0,7847,1,516515,209737,2,2000038397
1,28444259,28444803,544,1,1,223388,223388,0,1,0,0,159372,2,71081130,159990,2,71111705
1,28519394,28519982,588,1,1,224109,224109,0,1,0,0,159725,2,71101657,159548,2,71092901
1,28591650,28592237,587,1,1,225278,225278,0,1,0,0,159665,2,71100706,159723,2,71101652
1,28784189,28784747,558,1,1,224328,224328,0,1,0,0,210787,2,2000041451,160087,2,71112464
1,28829108,28829494,386,1,1,221357,221357,1,0,0,0,210703,2,2000040996,160073,2,71112440
1,28856263,28856635,372,1,1,224585,224585,1,0,0,0,160265,4,71115537,217475,1,2000059455
1,29106634,29107031,397,1,1,223012,223012,1,0,0,0,156645,2,70101633,155972,2,70063203
1,29665063,29665444,381,1,1,222884,222884,1,0,0,0,157425,2,70117184,157105,2,70111192
1,29850105,29850586,481,1,1,223778,223778,1,0,0,0,6843,1,458212,155389,1,70026208
1,29880457,29880824,367,1,1,221145,221145,1,0,0,0,157295,2,70114375,155710,2,70048114
1,30022696,30023063,367,1,1,221146,221146,1,0,0,0,158012,2,70121957,157588,2,70119032
1,30027061,30027459,398,1,1,222032,222032,1,0,0,0,155746,2,70052890,155501,1,70036575
1,30028390,30028936,546,1,1,222823,222823,0,1,0,0,6977,1,465299,156519,2,70097236
1,30031800,30032358,558,1,1,222827,222827,0,1,0,0,157915,2,70121581,158397,2,70134556
1,30160413,30160959,546,1,1,222836,222836,0,1,0,0,32079,1,8489692,32084,1,8489777
1,30161658,30162204,546,1,1,222826,222826,0,1,0,0,32085,1,8489790,32483,1,8708009
1,30164711,30165280,569,1,1,221925,221925,0,1,0,0,158477,1,70135300,158506,2,70137171
1,30214369,30214744,375,1,1,223639,223639,1,0,0,0,156968,1,70106929,156957,1,70106905
1,30232923,30233321,398,1,1,222034,222034,1,0,0,0,95701,2,37046949,53363,2,18104515
1,30236650,30237201,551,1,1,223274,223274,0,1,0,0,158252,2,70132344,157951,2,70121819
1,30242303,30242849,546,1,1,224247,224247,0,1,0,0,157302,2,70114394,156976,2,70107245
1,30251912,30252997,1085,2,2,224706,225134,0,2,0,0,6709,1,455901,155059,2,70002569
1,30272202,30272748,546,1,1,222832,222832,0,1,0,0,155359,2,70025229,187095,2,91203208
1,30282720,30283266,546,1,1,222848,222848,0,1,0,0,220160,1,2000066043,158178,2,70131916
1,30302397,30302943,546,1,1,222838,222838,0,1,0,0,6541,1,453791,6608,1,454712
1,30303324,30303863,539,1,1,223267,223267,0,1,0,0,6608,1,454712,155886,1,70058024
1,30308766,30309305,539,1,1,222842,222842,0,1,0,0,157568,2,70118980,157030,2,70109061
1,30327108,30327664,556,1,1,223963,223963,0,1,0,0,155535,2,70042050,158096,2,70124198
1,30331929,30332504,575,1,1,224020,224020,0,1,0,0,186409,2,91179586,99478,2,38058309
1,30372516,30373062,546,1,1,222830,222830,0,1,0,0,158411,2,70134935,157931,2,70121618
1,30384515,30385607,1092,2,2,222840,222844,0,2,0,0,6586,1,454541,209641,2,2000038211
1,30409963,30410509,546,1,1,223269,223269,0,1,0,0,157419,2,70117175,157998,2,70121910
1,30423546,30424092,546,1,1,223264,223264,0,1,0,0,158009,2,70121934,156577,2,70099747
1,30428106,30428652,546,1,1,222859,222859,0,1,0,0,156584,2,70099773,156764,2,70103179
1,30446215,30446754,539,1,1,224236,224236,0,1,0,0,156290,2,70089614,209763,2,2000038461
1,30451105,30451651,546,1,1,224245,224245,0,1,0,0,157391,2,70116134,158587,2,70137940
1,30453995,30454541,546,1,1,224531,224531,0,1,0,0,156014,1,70063465,158578,2,70137930
1,30482893,30483439,546,1,1,222837,222837,0,1,0,0,157445,2,70117587,6384,1,450791
1,30497283,30497829,546,1,1,223971,223971,0,1,0,0,158165,2,70131678,6764,1,456810
1,30515311,30515857,546,1,1,224532,224532,0,1,0,0,220073,2,2000065904,6498,1,452816
1,30535628,30536174,546,1,1,222824,222824,0,1,0,0,156561,2,70099177,158109,2,70125119
1,30542158,30542704,546,1,1,223742,223742,0,1,0,0,157436,2,70117574,157637,2,70120173
1,30560442,30562071,1629,3,3,224255,224529,0,3,0,0,158598,2,70137973,31918,1,8476081
1,30585139,30585685,546,1,1,223271,223271,0,1,0,0,157134,2,70111936,157138,2,70111948
1,30587834,30588373,539,1,1,223266,223266,0,1,0,0,158002,2,70121919,155865,1,70056925
1,30589186,30590264,1078,2,2,223739,223850,0,2,0,0,6534,1,453584,157912,2,70121576
1,30612060,30612606,546,1,1,222860,222860,0,1,0,0,155139,1,70006720,156586,2,70099784
1,30652319,30652865,546,1,1,224418,224418,0,1,0,0,156009,1,70063389,158580,2,70137932
1,30659048,30659604,556,1,1,224250,224250,0,1,0,0,158590,2,70137943,158591,2,70137944
1,30660972,30662596,1624,3,3,223268,224242,0,3,0,0,158111,2,70125126,157554,2,70118929
1,30665822,30666361,539,1,1,223272,223272,0,1,0,0,87955,3,33021819,158004,2,70121925
1,30667247,30667793,546,1,1,222852,222852,0,1,0,0,6802,1,457546,156743,2,70103087
1,30691830,30692374,544,1,1,223736,223736,0,1,0,0,6500,1,452842,157117,2,70111585
1,30700006,30700552,546,1,1,222833,222833,0,1,0,0,210999,2,2000042197,158150,2,70131655
1,30701915,30702461,546,1,1,222828,222828,0,1,0,0,6939,1,464603,210030,2,2000039146
1,30712373,30712931,558,1,1,222680,222680,0,1,0,0,156919,1,70104913,206128,2,2000028124
1,30726524,30727063,539,1,1,223973,223973,0,1,0,0,156934,2,70106698,156886,2,70104713
1,30735305,30735844,539,1,1,223966,223966,0,1,0,0,209956,2,2000038855,157157,2,70112486
1,30743979,30744523,544,1,1,223737,223737,0,1,0,0,209977,2,2000038978,6535,1,453600
1,30747390,30747788,398,1,1,223331,223331,1,0,0,0,155047,2,69011071,22680,3,5610298
1,30752320,30752866,546,1,1,223743,223743,0,1,0,0,158386,2,70134518,157085,2,70110795
1,30757502,30758048,546,1,1,223967,223967,0,1,0,0,209690,2,2000038288,158127,2,70131624
1,30758638,30759184,546,1,1,222857,222857,0,1,0,0,158127,2,70131624,158255,2,70132347
1,30762757,30763303,546,1,1,223273,223273,0,1,0,0,78314,2,27153160,156605,2,70099872
1,30764151,30764690,539,1,1,223970,223970,0,1,0,0,155380,1,70025469,157531,2,70118585
1,30774906,30775445,539,1,1,222843,222843,0,1,0,0,157964,2,70121840,157966,2,70121842
1,30776263,30776809,546,1,1,223261,223261,0,1,0,0,6559,1,454085,157525,2,70118575
1,30791384,30791923,539,1,1,223972,223972,0,1,0,0,209638,2,2000038208,157977,2,70121873
1,30798229,30798768,539,1,1,223740,223740,0,1,0,0,156341,2,70091363,6786,1,457273
1,30799608,30800154,546,1,1,222849,222849,0,1,0,0,158079,2,70123231,157557,2,70118945
1,30801269,30801815,546,1,1,222850,222850,0,1,0,0,158601,2,70137978,156575,2,70099732
1,30812156,30812702,546,1,1,222853,222853,0,1,0,0,6887,1,458806,6659,1,455417
1,30814520,30815066,546,1,1,222856,222856,0,1,0,0,156789,2,70104070,157995,2,70121905
1,30816788,30817334,546,1,1,223968,223968,0,1,0,0,6665,1,455455,6991,1,465549
1,30833215,30834307,1092,2,2,222829,222858,0,2,0,0,156941,2,70106714,158530,1,70137366
1,30837884,30838430,546,1,1,222825,222825,0,1,0,0,158247,2,70132331,209986,2,2000038987
1,30838969,30839515,546,1,1,222854,222854,0,1,0,0,209986,2,2000038987,209983,2,2000038984
1,30844183,30844729,546,1,1,222855,222855,0,1,0,0,6936,1,464258,220088,2,2000065925
1,30846741,30847280,539,1,1,224239,224239,0,1,0,0,158422,2,70134955,213209,2,2000048422
1,30855334,30855873,539,1,1,224259,224259,0,1,0,0,155709,1,70048112,209975,2,2000038966
1,30857229,30858870,1641,3,3,224252,224258,0,3,0,0,210024,2,2000039136,158588,2,70137941
1,30859416,30860494,1078,2,2,224240,224251,0,2,0,0,158588,2,70137941,210022,2,2000039134
1,30861733,30862272,539,1,1,224248,224248,0,1,0,0,6851,1,458371,158596,2,70137960
1,30863903,30864442,539,1,1,224244,224244,0,1,0,0,209972,2,2000038949,157063,2,70110757
1,30866950,30867496,546,1,1,222851,222851,0,1,0,0,156881,2,70104666,158110,2,70125123
1,30871032,30872670,1638,3,3,222845,222847,0,3,0,0,6974,1,465239,211005,2,2000042208
1,30876921,30877467,546,1,1,222839,222839,0,1,0,0,2139,1,114845,157084,2,70110793
1,30878442,30878981,539,1,1,224237,224237,0,1,0,0,210001,2,2000039033,158115,2,70125143
1,30880502,30881041,539,1,1,223744,223744,0,1,0,0,158399,2,70134559,157612,2,70119968
1,30886096,30886642,546,1,1,222861,222861,0,1,0,0,157956,2,70121825,157199,2,70112943
1,30896021,30896560,539,1,1,223853,223853,0,1,0,0,126468,2,53145163,157414,2,70117169
1,30900585,30901131,546,1,1,223265,223265,0,1,0,0,158605,2,70137983,157153,2,70112018
1,30916365,30916904,539,1,1,224253,224253,0,1,0,0,156867,2,70104584,157978,2,70121874
1,30921677,30922216,539,1,1,224246,224246,0,1,0,0,213005,2,2000047712,158242,2,70132326
1,30924896,30925435,539,1,1,224232,224232,0,1,0,0,157917,2,70121584,209964,2,2000038896
1,30928122,30928668,546,1,1,222834,222834,0,1,0,0,157305,2,70114404,157328,2,70114446
1,30930531,30931077,546,1,1,222831,222831,0,1,0,0,158513,2,70137179,158379,2,70134480
1,30938431,30940055,1624,3,3,222841,223854,0,3,0,0,213008,2,2000047723,157321,2,70114429
1,30942494,30943040,546,1,1,223275,223275,0,1,0,0,213025,2,2000047766,156761,2,70103152
1,30943928,30944474,546,1,1,223745,223745,0,1,0,0,158017,2,70121968,157400,2,70116159
1,30959137,30959676,539,1,1,224243,224243,0,1,0,0,158606,2,70137984,157401,2,70116160
1,30974330,30974876,546,1,1,222835,222835,0,1,0,0,157313,2,70114418,158276,2,70132455
1,31143232,31150007,6775,16,16,223263,224023,10,6,0,0,155066,1,70002623,84155,1,29172540
1,31150298,31153185,2887,7,7,221809,222575,5,2,0,0,84155,1,29172540,84912,1,29191498
1,31153507,31156888,3381,6,6,220973,221341,1,5,0,0,84912,1,29191498,220787,2,2000068839
1,31194731,31204745,10014,21,21,224227,225224,7,14,0,0,25738,1,6000940,31869,1,8475018
1,31574167,31574463,296,1,1,225096,225096,1,0,0,0,178728,1,84153509,178750,1,84153664
1,31580694,31581071,377,1,1,224905,224905,1,0,0,0,178591,1,84151584,179079,2,84159617
1,31702664,31703323,659,2,2,224893,225093,2,0,0,0,197531,1,98041800,178531,2,84150278
1,31705019,31705301,282,1,1,225097,225097,1,0,0,0,178868,2,84156560,197549,1,98042548
1,31775225,31775855,630,1,1,223490,223490,0,1,0,0,197272,2,98035096,179231,1,84161825
1,31876532,31877118,586,1,1,223772,223772,0,1,0,0,196783,2,98005636,87308,1,31036809
1,31879337,31880035,698,1,1,223848,223848,0,0,1,0,197259,2,98034923,197585,2,98043552
1,32055870,32056470,600,1,1,224810,224810,0,1,0,0,178952,2,84157591,196831,2,98007111
1,32151627,32152033,406,1,1,221029,221029,1,0,0,0,198658,2,98065236,178582,2,84151547
1,32153724,32154310,586,1,1,224817,224817,0,1,0,0,209291,2,2000037011,197045,2,98029103
1,32158892,32159293,401,1,1,224107,224107,1,0,0,0,16839,1,2018589,197802,2,98053678
1,32201180,32201778,598,1,1,224552,224552,0,1,0,0,178819,2,84154926,212165,2,2000045682
1,32333448,32334034,586,1,1,224154,224154,0,1,0,0,198516,2,98063733,198067,2,98056393
1,32397272,32397899,627,1,1,225015,225015,0,1,0,0,198429,2,98062941,179006,2,84158629
1,32419328,32419894,566,1,1,224080,224080,0,1,0,0,154823,2,69000290,198302,2,98061736
1,32420480,32421059,579,1,1,223884,223884,0,1,0,0,198302,2,98061736,218643,2,2000062405
1,32432315,32432918,603,1,1,224111,224111,0,1,0,0,198494,2,98063536,179033,2,84158971
1,32435290,32435876,586,1,1,224021,224021,0,1,0,0,197289,2,98037499,154837,2,69000548
1,32491875,32492424,549,1,1,224104,224104,0,1,0,0,198417,2,98062829,209385,2,2000037393
1,32538474,32539060,586,1,1,224815,224815,0,1,0,0,199561,2,2000008235,198438,2,98063051
1,32539616,32540202,586,1,1,224634,224634,0,1,0,0,198438,2,98063051,178971,2,84157862
1,32549082,32549692,610,1,1,222274,222274,0,1,0,0,197997,2,98055643,198645,2,98065040
1,32593545,32594101,556,1,1,224051,224051,0,1,0,0,197830,2,98053896,198166,2,98060535
1,32609663,32610775,1112,2,2,224343,224812,0,2,0,0,213265,2,2000048619,178859,2,84156505
1,32655751,32656344,593,1,1,224818,224818,0,1,0,0,219364,2,2000064444,198590,2,98064497
1,32699481,32700037,556,1,1,220843,220843,0,1,0,0,198691,2,98065448,197592,2,98043624
1,32710177,32710733,556,1,1,220841,220841,0,1,0,0,219517,2,2000064859,209524,2,2000037856
1,32711868,32712424,556,1,1,224347,224347,0,1,0,0,211297,2,2000043224,219380,2,2000064479
1,32718408,32718994,586,1,1,224813,224813,0,1,0,0,219354,2,2000064425,218266,2,2000061256
1,32721258,32721814,556,1,1,224056,224056,0,1,0,0,155010,2,69005034,198274,2,98061462
1,32722949,32723505,556,1,1,224054,224054,0,1,0,0,219355,2,2000064426,178712,2,84153444
1,32726185,32726741,556,1,1,224550,224550,0,1,0,0,198630,2,98064899,48145,2,16131784
1,32727930,32728486,556,1,1,224549,224549,0,1,0,0,197921,2,98054869,219343,2,2000064410
1,32756501,32757067,566,1,1,224757,224757,0,1,0,0,71322,2,23494293,178783,4,84154111
1,32933569,32933966,397,1,1,223750,223750,1,0,0,0,193609,1,93146212,191088,2,93087462
1,33156319,33156627,308,1,1,223319,223319,1,0,0,0,192520,1,93126066,193096,1,93140470
1,33237269,33237677,408,1,1,222952,222952,1,0,0,0,154580,2,68005719,19789,1,4300322
1,33362227,33362618,391,1,1,224324,224324,1,0,0,0,190749,2,93081627,190886,1,93084958
1,33480533,33480834,301,1,1,223951,223951,1,0,0,0,191104,2,93087492,154682,1,68011143
1,33638954,33639355,401,1,1,224890,224890,1,0,0,0,192512,2,93126014,190182,2,93065131
1,33773070,33773466,396,1,1,224673,224673,1,0,0,0,154781,1,68015728,189794,2,93057219
1,33809613,33809995,382,1,1,223956,223956,1,0,0,0,190935,1,93085940,190844,2,93084456
1,33907217,33907849,632,1,1,223955,223955,0,1,0,0,189874,2,93058691,189601,2,93053248
1,34010394,34010979,585,1,1,221889,221889,0,1,0,0,30495,1,8100202,191215,1,93089800
1,34012806,34013202,396,1,1,222013,222013,1,0,0,0,190012,2,93060317,189134,1,93023690
1,34080576,34080984,408,1,1,222777,222777,1,0,0,0,191316,2,93097537,190768,2,93081683
1,34223625,34224007,382,1,1,223494,223494,1,0,0,0,192053,2,93120969,191990,2,93117958
1,34258900,34259282,382,1,1,222674,222674,1,0,0,0,190568,2,93074153,190563,2,93073032
1,34280430,34280826,396,1,1,222183,222183,1,0,0,0,30652,1,8114846,189740,1,93054658
1,34284576,34284972,396,1,1,222155,222155,1,0,0,0,188893,1,93007053,189570,2,93052045
1,34289316,34289712,396,1,1,224672,224672,1,0,0,0,189389,2,93034973,21024,1,5200599
1,34290108,34290409,301,1,1,222106,222106,1,0,0,0,21024,1,5200599,26022,1,6411095
1,34298551,34298936,385,1,1,221999,221999,1,0,0,0,203345,2,2000019398,203344,2,2000019396
1,34317778,34318174,396,1,1,221723,221723,1,0,0,0,189204,2,93025127,30557,1,8106972
1,34361217,34361599,382,1,1,223783,223783,1,0,0,0,192522,2,93126082,189974,2,93060123
1,34371191,34371794,603,1,1,222494,222494,0,1,0,0,193040,2,93140274,190526,2,93070659
1,34424679,34425137,458,1,1,221960,221960,1,0,0,0,193078,2,93140404,193072,2,93140362
1,34432323,34432914,591,1,1,222878,222878,0,1,0,0,190638,2,93080151,193659,2,93150063
1,34437999,34438612,613,1,1,222402,222402,0,1,0,0,190437,2,93069529,201361,2,2000013929
1,34470437,34471059,622,1,1,222778,222778,0,1,0,0,190191,2,93065163,200666,2,2000011513
1,34518881,34519221,340,1,1,222868,222868,1,0,0,0,193774,1,93153831,191164,2,93089115
1,34525785,34526162,377,1,1,222746,222746,1,0,0,0,192469,2,93125829,193741,2,93152887
1,34530076,34530458,382,1,1,222629,222629,1,0,0,0,191235,1,93094576,191249,1,93095493
1,34535319,34535715,396,1,1,222267,222267,1,0,0,0,192425,2,93124138,192178,2,93122310
1,34579699,34580260,561,1,1,224444,224444,0,1,0,0,192837,2,93132233,189567,2,93052035
1,34667423,34668014,591,1,1,222904,222904,0,1,0,0,188983,2,93013690,190730,2,93081480
1,34709454,34710057,603,1,1,222152,222152,0,1,0,0,191463,2,93100401,190542,2,93070933
1,34715083,34715686,603,1,1,224302,224302,0,1,0,0,189844,2,93057873,193204,2,93140960
1,34745228,34745829,601,1,1,223310,223310,0,1,0,0,193421,2,93142942,189830,2,93057812
1,34778440,34779026,586,1,1,222771,222771,0,1,0,0,190609,2,93078606,193795,2,93153895
1,34786415,34786806,391,1,1,222108,222108,1,0,0,0,190410,2,93069302,191483,2,93100476
1,34787409,34788187,778,2,2,222113,222114,2,0,0,0,191483,2,93100476,30634,1,8112180
1,34789276,34789972,696,2,2,222173,222175,2,0,0,0,191458,1,93100393,193122,2,93140580
1,34790453,34790830,377,1,1,222176,222176,1,0,0,0,193122,2,93140580,203119,1,2000018677
1,34811802,34812363,561,1,1,222404,222404,0,1,0,0,154541,2,68003921,191297,1,93097114
1,34817665,34818601,936,2,2,222695,222752,1,1,0,0,193056,2,93140304,193841,1,93154061
1,34824878,34825469,591,1,1,222870,222870,0,1,0,0,191166,2,93089121,191159,2,93088791
1,34829540,34829830,290,1,1,223088,223088,1,0,0,0,191112,2,93087630,191081,2,93087453
1,34831913,34832304,391,1,1,223810,223810,1,0,0,0,205545,2,2000026284,193813,1,93153966
1,34846933,34847315,382,1,1,223875,223875,1,0,0,0,193777,2,93153852,193775,2,93153848
1,34847913,34848312,399,1,1,223944,223944,1,0,0,0,193775,2,93153848,192999,1,93137849
1,34848708,34849104,396,1,1,223948,223948,1,0,0,0,192999,1,93137849,190973,1,93086236
1,34849981,34850372,391,1,1,223950,223950,1,0,0,0,190971,2,93086154,190968,1,93086132
1,34899556,34900164,608,1,1,224276,224276,0,1,0,0,189798,2,93057515,190552,1,93071000
1,34900572,34900973,401,1,1,224321,224321,1,0,0,0,190552,1,93071000,189805,2,93057527
1,34901564,34902125,561,1,1,224376,224376,0,1,0,0,189805,2,93057527,189311,1,93032099
1,34902521,34903075,554,1,1,224423,224423,0,1,0,0,189311,1,93032099,189490,1,93049453
1,34903867,34904433,566,1,1,224424,224424,0,1,0,0,192894,1,93135721,190505,2,93070292
1,35032044,35033004,960,2,2,221180,221187,1,1,0,0,30515,1,8102431,191802,1,93105266
1,35047172,35047549,377,1,1,221721,221721,1,0,0,0,203432,2,2000019633,191715,2,93104204
1,35048171,35048548,377,1,1,221724,221724,1,0,0,0,191715,2,93104204,203422,2,2000019613
1,35060255,35060680,425,1,1,221961,221961,1,0,0,0,191634,2,93102008,191629,2,93101993
1,35061879,35062165,286,1,1,221962,221962,1,0,0,0,191626,2,93101984,203296,2,2000019211
1,35076734,35077325,591,1,1,222912,222912,0,1,0,0,661,2,6571,192296,2,93123130
1,35103846,35104461,615,1,1,221940,221940,0,1,0,0,201400,2,2000014019,192089,1,93121544
1,35116877,35117482,605,1,1,222012,222012,0,1,0,0,191359,2,93098216,201076,2,2000013109
1,35127792,35128414,622,1,1,222784,222784,0,1,0,0,193806,2,93153956,191254,2,93095952
1,35147090,35147688,598,1,1,222719,222719,0,1,0,0,193165,2,93140696,193586,2,93144964
1,35157145,35157748,603,1,1,222788,222788,0,1,0,0,193278,2,93141932,191057,2,93087325
1,35163803,35164406,603,1,1,222916,222916,0,1,0,0,191771,2,93104398,192459,2,93124632
1,35186758,35187349,591,1,1,222238,222238,0,1,0,0,191532,2,93101065,191720,1,93104297
1,35188885,35189510,625,1,1,222247,222247,0,1,0,0,191741,2,93104342,192959,1,93136985
1,35201963,35202549,586,1,1,222449,222449,0,1,0,0,191461,2,93100398,191169,2,93089140
1,35204133,35204734,601,1,1,222446,222446,0,1,0,0,189502,2,93049567,192196,2,93122414
1,35226166,35226750,584,1,1,221516,221516,0,1,0,0,192474,2,93125837,192175,2,93122307
1,35235207,35235798,591,1,1,221515,221515,0,1,0,0,193443,2,93143408,191312,2,93097500
1,35238908,35239499,591,1,1,221508,221508,0,1,0,0,200539,2,2000011121,154569,2,68005104
1,35240968,35241522,554,1,1,222226,222226,0,1,0,0,193254,2,93141648,193250,1,93141356
1,35244033,35244619,586,1,1,221503,221503,0,1,0,0,191246,1,93095431,193236,2,93141182
1,35245625,35246209,584,1,1,222227,222227,0,1,0,0,192985,1,93137591,191671,2,93102360
1,35247049,35247664,615,1,1,221939,221939,0,1,0,0,191667,1,93102352,191421,2,93099880
1,35248145,35248694,549,1,1,222203,222203,0,1,0,0,191421,2,93099880,191482,2,93100474
1,35249569,35250160,591,1,1,223812,223812,0,1,0,0,192084,1,93121457,200729,2,2000011764
1,35251366,35251762,396,1,1,222107,222107,1,0,0,0,192540,2,93126262,192115,2,93121695
1,35252834,35253135,301,1,1,222063,222063,1,0,0,0,190405,2,93069210,192545,2,93126467
1,35258774,35259170,396,1,1,223949,223949,1,0,0,0,191972,2,93114350,190969,1,93086133
1,35260120,35261282,1162,2,2,224092,224094,0,2,0,0,193215,2,93141010,202593,2,2000016944
1,35268316,35268712,396,1,1,222059,222059,1,0,0,0,193212,2,93141007,154736,2,68014021
1,35271652,35272043,391,1,1,222182,222182,1,0,0,0,191944,2,93109248,190809,1,93083764
1,35275914,35276475,561,1,1,223580,223580,0,1,0,0,193853,1,93154220,189058,2,93020777
1,35280221,35280819,598,1,1,223578,223578,0,1,0,0,204111,2,2000021964,209331,2,2000037252
1,35282564,35282972,408,1,1,222266,222266,1,0,0,0,189616,2,93053536,193845,1,93154087
1,35285826,35286380,554,1,1,222224,222224,0,1,0,0,191991,2,93118410,190694,1,93080956
1,35288460,35289014,554,1,1,223492,223492,0,1,0,0,193189,2,93140782,192715,2,93129019
1,35305865,35306487,622,1,1,222914,222914,0,1,0,0,190567,2,93074149,192096,1,93121620
1,35309057,35309866,809,2,2,224393,224399,2,0,0,0,154605,1,68006504,190531,1,93070793
1,35312033,35312624,591,1,1,224443,224443,0,1,0,0,192830,2,93132208,189841,2,93057859
1,35317407,35319646,2239,4,4,224667,224671,0,4,0,0,204294,2,2000022685,193744,2,93152891
1,35320523,35321475,952,2,2,222180,224865,1,1,0,0,193743,1,93152889,192853,1,93132304
1,35325517,35325899,382,1,1,225117,225117,1,0,0,0,192102,2,93121627,192229,2,93122562
1,35334866,35335464,598,1,1,222153,222153,0,1,0,0,191683,2,93102498,190857,2,93084629
1,35348072,35348633,561,1,1,224823,224823,0,1,0,0,200818,2,2000012121,190644,2,93080323
1,35361334,35361932,598,1,1,222772,222772,0,1,0,0,190300,2,93066928,192828,3,93132202
1,35379592,35380190,598,1,1,222888,222888,0,1,0,0,191722,2,93104300,192088,2,93121543
1,35385938,35386529,591,1,1,222128,222128,0,1,0,0,191656,2,93102304,193233,2,93141122
1,35396479,35397070,591,1,1,223814,223814,0,1,0,0,193297,2,93142305,193019,2,93140125
1,35410468,35411059,591,1,1,222150,222150,0,1,0,0,191260,2,93096155,190037,2,93060472
1,35414052,35414636,584,1,1,222896,222896,0,1,0,0,199105,2,2000006323,193793,2,93153893
1,35436100,35436661,561,1,1,222243,222243,0,1,0,0,191852,2,93106856,192221,1,93122480
1,35442623,35443221,598,1,1,222242,222242,0,1,0,0,204557,2,2000023490,30508,2,8101898
1,35443757,35444313,556,1,1,222241,222241,0,1,0,0,30508,2,8101898,30517,1,8102506
1,35445300,35445861,561,1,1,222240,222240,0,1,0,0,204550,2,2000023476,192377,1,93123661
1,35447710,35448301,591,1,1,222239,222239,0,1,0,0,30626,1,8111334,205158,2,2000025448
1,35448782,35449904,1122,2,2,221193,221196,0,2,0,0,205158,2,2000025448,192312,2,93123169
1,35455294,35456441,1147,2,2,221373,221374,0,2,0,0,200732,2,2000011788,192114,1,93121692
1,35456823,35457414,591,1,1,222118,222118,0,1,0,0,192114,1,93121692,191222,2,93089954
1,35461470,35461866,396,1,1,221725,221725,1,0,0,0,192100,2,93121624,204442,2,2000023098
1,35464845,35465401,556,1,1,221923,221923,0,1,0,0,192340,1,93123410,192092,1,93121602
1,35467242,35467826,584,1,1,222099,222099,0,1,0,0,203378,2,2000019507,203377,2,2000019506
1,35469030,35469621,591,1,1,225255,225255,0,1,0,0,190409,2,93069240,204439,2,2000023094
1,35470212,35470803,591,1,1,225257,225257,0,1,0,0,204439,2,2000023094,8571,1,618950
1,35471137,35472240,1103,2,2,225260,225261,0,2,0,0,8571,1,618950,30659,1,8115863
1,35473220,35473811,591,1,1,222206,222206,0,1,0,0,203376,2,2000019505,204745,2,2000024029
1,35475312,35475866,554,1,1,225262,225262,0,1,0,0,30587,1,8108795,191652,2,93102285
1,35486311,35486693,382,1,1,223583,223583,1,0,0,0,183989,2,89066830,192526,1,93126091
1,35491077,35491661,584,1,1,223499,223499,0,1,0,0,191980,1,93117502,183990,2,89066831
1,35492105,35492696,591,1,1,223309,223309,0,1,0,0,183990,2,89066831,190066,1,93062066
1,35492997,35494069,1072,2,2,223137,223305,0,2,0,0,190066,1,93062066,200655,2,2000011492
1,35499008,35499587,579,1,1,222967,222967,0,1,0,0,190375,2,93068575,193804,2,93153954
1,35501045,35501636,591,1,1,223816,223816,0,1,0,0,193799,1,93153902,190992,2,93086501
1,35503015,35503569,554,1,1,222899,222899,0,1,0,0,191520,2,93100976,191136,2,93088190
1,35506288,35506910,622,1,1,223895,223895,0,1,0,0,200777,2,2000011951,193758,2,93152944
1,35509286,35510222,936,2,2,222172,223954,1,1,0,0,193721,2,93152816,189433,1,93048371
1,35548613,35549204,591,1,1,222067,222067,0,1,0,0,190777,2,93082522,190775,1,93081814
1,35567001,35567604,603,1,1,222770,222770,0,1,0,0,192471,2,93125834,209453,2,2000037592
1,35569317,35569699,382,1,1,222753,222753,1,0,0,0,204110,2,2000021959,199746,2,2000008698
1,35571123,35571505,382,1,1,222101,222101,1,0,0,0,189581,1,93052572,193426,1,93143016
1,35578690,35579281,591,1,1,222741,222741,0,1,0,0,190276,2,93066756,193372,2,93142582
1,35583453,35584044,591,1,1,222005,222005,0,1,0,0,193282,1,93142198,193274,1,93141746
1,35585134,35585516,382,1,1,222010,222010,1,0,0,0,30613,1,8110090,189666,2,93053749
1,35590944,35591405,461,1,1,222615,222615,0,1,0,0,193222,2,93141068,191954,1,93111345
1,35592399,35592990,591,1,1,222590,222590,0,1,0,0,192729,2,93129091,189203,2,93025118
1,35604561,35605152,591,1,1,222578,222578,0,1,0,0,193139,2,93140641,204085,2,2000021863
1,35606294,35606855,561,1,1,222496,222496,0,1,0,0,204084,2,2000021859,191274,2,93096355
1,35624500,35624882,382,1,1,224332,224332,1,0,0,0,204670,2,2000023784,192432,1,93124159
1,35625278,35625869,591,1,1,224338,224338,0,1,0,0,192432,1,93124159,192429,2,93124152
1,35626474,35627035,561,1,1,224388,224388,0,1,0,0,192429,2,93124152,30685,1,8118928
1,35628828,35629412,584,1,1,222039,222039,0,1,0,0,192993,1,93137692,192991,1,93137690
1,35630519,35631139,620,1,1,224428,224428,0,1,0,0,191897,2,93108706,192247,2,93122846
1,35632379,35633322,943,2,2,222272,224454,1,1,0,0,191337,1,93097715,191467,2,93100416
1,35634523,35635079,556,1,1,222271,222271,0,1,0,0,190515,2,93070496,191340,1,93097808
1,35637631,35638215,584,1,1,224478,224478,0,1,0,0,192943,2,93136511,192062,1,93121052
1,35639488,35640049,561,1,1,222270,222270,0,1,0,0,192926,2,93136337,189773,2,93055653
1,35641089,35641709,620,1,1,222073,222073,0,1,0,0,189780,1,93056152,192916,2,93136099
1,35642300,35644548,2248,4,4,222257,224861,0,4,0,0,192916,2,93136099,192027,1,93120179
1,35646040,35647192,1152,2,2,224934,225024,0,2,0,0,192900,2,93135893,192896,1,93135788
1,35647869,35648430,561,1,1,225035,225035,0,1,0,0,192893,1,93135720,200579,2,2000011241
1,35651908,35652499,591,1,1,225051,225051,0,1,0,0,204573,1,2000023524,200659,2,2000011500
1,35653556,35655287,1731,3,3,222256,225062,0,3,0,0,204717,2,2000023919,191886,2,93108475
1,35656359,35656920,561,1,1,225072,225072,0,1,0,0,189376,2,93034427,192028,1,93120364
1,35657321,35658429,1108,2,2,222255,225079,0,2,0,0,192028,1,93120364,190440,2,93069576
1,35659925,35660486,561,1,1,225141,225141,0,1,0,0,191859,2,93107024,190431,1,93069452
1,35660882,35661468,586,1,1,222254,222254,0,1,0,0,190431,1,93069452,192870,2,93132327
1,35662059,35663246,1187,2,2,225163,225167,0,2,0,0,192870,2,93132327,191372,1,93098376
1,35669749,35670347,598,1,1,222131,222131,0,1,0,0,191673,2,93102400,192711,2,93128873
1,35674402,35675000,598,1,1,224482,224482,0,1,0,0,192083,2,93121433,154647,2,68008547
1,35684840,35685453,613,1,1,222040,222040,0,1,0,0,192651,2,93127872,207881,2,2000032793
1,35693325,35693898,573,1,1,223546,223546,0,1,0,0,191657,2,93102306,191263,2,93096239
1,35697106,35697697,591,1,1,221344,221344,0,1,0,0,208296,2,2000033879,190892,2,93085062
1,35698896,35699506,610,1,1,223894,223894,0,1,0,0,193002,2,93137854,192191,2,93122340
1,35710967,35711558,591,1,1,224469,224469,0,1,0,0,193196,2,93140905,193012,2,93138246
1,35717796,35718387,591,1,1,222375,222375,0,1,0,0,192031,2,93120419,192674,2,93128169
1,35731235,35732382,1147,2,2,222279,223832,0,2,0,0,189505,2,93049600,191837,2,93106210
1,35732980,35733578,598,1,1,221966,221966,0,1,0,0,191837,2,93106210,199070,2,2000006261
1,35749626,35750216,590,1,1,223286,223286,0,1,0,0,189345,2,93033607,189347,2,93033610
1,35750807,35751398,591,1,1,223815,223815,0,1,0,0,189347,2,93033610,189819,2,93057705
1,35763123,35763684,561,1,1,222062,222062,0,1,0,0,203281,2,2000019153,192183,2,93122320
1,35777410,35778001,591,1,1,223565,223565,0,1,0,0,193018,2,93140041,199736,2,2000008685
1,35779160,35781457,2297,4,4,223574,223732,0,4,0,0,199740,2,2000008690,191988,2,93117786
1,35781931,35783083,1152,2,2,225191,225196,0,2,0,0,191988,2,93117786,193913,2,93154575
1,35810327,35810714,387,1,1,221475,221475,1,0,0,0,193300,2,93142313,192717,2,93129021
1,35814150,35814704,554,1,1,223826,223826,0,1,0,0,193271,2,93141692,193270,2,93141691
1,35823576,35824130,554,1,1,223953,223953,0,1,0,0,193137,2,93140632,193135,2,93140630
1,35841531,35842109,578,1,1,221189,221189,0,1,0,0,204546,2,2000023466,192305,2,93123161
1,35842998,35843554,556,1,1,221190,221190,0,1,0,0,192278,1,93123026,191797,1,93104777
1,35844236,35844797,561,1,1,221191,221191,0,1,0,0,190915,1,93085585,190594,2,93078428
1,35845388,35845942,554,1,1,221198,221198,0,1,0,0,190594,2,93078428,204533,2,2000023441
1,35866432,35867016,584,1,1,224394,224394,0,1,0,0,192073,1,93121251,192365,2,93123491
1,35869961,35870515,554,1,1,222016,222016,0,1,0,0,192065,2,93121094,205365,2,2000025902
1,35872288,35874562,2274,4,4,222042,222047,0,4,0,0,200707,2,2000011664,204609,2,2000023615
1,35876158,35877327,1169,2,2,224461,224463,0,2,0,0,191535,2,93101102,204165,2,2000022147
1,35879112,35879503,391,1,1,222064,222064,1,0,0,0,191525,2,93101001,205470,2,2000026110
1,35881148,35881732,584,1,1,222098,222098,0,1,0,0,191494,2,93100681,189344,2,93033606
1,35882818,35883770,952,2,2,222109,225182,1,1,0,0,204895,2,2000024457,204607,2,2000023612
1,35884951,35886086,1135,2,2,222117,222119,0,2,0,0,200610,2,2000011384,192395,1,93124032
1,35887552,35889346,1794,3,3,222140,224860,0,3,0,0,192845,2,93132258,192398,2,93124039
1,35890523,35892334,1811,4,4,222181,222202,3,1,0,0,191439,2,93100271,192652,2,93127873
1,35894101,35894692,591,1,1,225025,225025,0,1,0,0,200733,2,2000011792,191390,2,93098843
1,35896125,35896716,591,1,1,222244,222244,0,1,0,0,191377,2,93098436,192416,2,93124097
1,35897765,35898338,573,1,1,222276,222276,0,1,0,0,191360,2,93098240,215373,2,2000054793
1,35898934,35899316,382,1,1,222293,222293,1,0,0,0,215373,2,2000054793,204668,2,2000023769
1,35902150,35902734,584,1,1,222415,222415,0,1,0,0,192864,2,93132318,192445,2,93124179
1,35905246,35906445,1199,2,2,222676,222696,0,2,0,0,205547,2,2000026286,205551,2,2000026291
1,35908582,35909704,1122,2,2,225105,225106,0,2,0,0,192865,2,93132319,192253,1,93122938
1,35915279,35915870,591,1,1,222960,222960,0,1,0,0,209189,2,2000036687,204709,2,2000023908
1,35916461,35917630,1169,2,2,223027,223138,0,2,0,0,204709,2,2000023908,192280,2,93123030
1,35918069,35919817,1748,3,3,223379,225181,0,3,0,0,192280,2,93123030,200700,2,2000011628
1,35923773,35924334,561,1,1,223329,223329,0,1,0,0,193420,2,93142933,191955,2,93111347
1,35934264,35934855,591,1,1,222577,222577,0,1,0,0,208115,2,2000033247,193667,2,93150095
1,35942856,35943417,561,1,1,222070,222070,0,1,0,0,193200,2,93140936,193479,2,93143926
1,35961338,35961899,561,1,1,221967,221967,0,1,0,0,190655,2,93080464,189902,2,93059221
1,35967339,35967930,591,1,1,222043,222043,0,1,0,0,191570,2,93101673,192844,2,93132253
1,35968533,35970323,1790,3,3,222115,222456,0,3,0,0,192844,2,93132253,192401,2,93124047
1,35970811,35971372,561,1,1,224337,224337,0,1,0,0,192401,2,93124047,192014,2,93119334
1,35975569,35976172,603,1,1,221375,221375,0,1,0,0,208989,2,2000036191,193378,2,93142595
1,35978486,35979045,559,1,1,221474,221474,0,1,0,0,193708,2,93152270,191778,2,93104410
1,35985528,35986119,591,1,1,222282,222282,0,1,0,0,192983,2,93137549,191566,2,93101668
1,35987179,35987750,571,1,1,222060,222060,0,1,0,0,208973,2,2000036159,193219,2,93141043
1,35988194,35988755,561,1,1,224341,224341,0,1,0,0,193219,2,93141043,193129,2,93140610
1,35989931,35990492,561,1,1,222068,222068,0,1,0,0,192824,2,93129608,191805,2,93105399
1,35992611,35993189,578,1,1,222066,222066,0,1,0,0,190097,2,93063810,191452,2,93100338
1,35994256,35994817,561,1,1,222412,222412,0,1,0,0,193750,2,93152936,200809,2,2000012078
1,35998360,35999561,1201,2,2,222447,222448,0,2,0,0,193120,2,93140578,193121,2,93140579
1,36002353,36002776,423,1,1,222100,222100,1,0,0,0,192449,2,93124185,200816,2,2000012119
1,36003362,36003953,591,1,1,222149,222149,0,1,0,0,200816,2,2000012119,193136,2,93140631
1,36008352,36009534,1182,2,2,222688,222690,0,2,0,0,191454,2,93100351,189667,2,93053752
1,36012862,36013453,591,1,1,222721,222721,0,1,0,0,192658,1,93128081,190275,2,93066751
1,36046862,36047453,591,1,1,222961,222961,0,1,0,0,190664,2,93080564,191917,1,93108840
1,36051661,36052217,556,1,1,223084,223084,0,1,0,0,193822,2,93153998,193828,2,93154011
1,36052778,36053369,591,1,1,222154,222154,0,1,0,0,193828,2,93154011,200308,2,2000010263
1,36053960,36055171,1211,2,2,223391,223393,0,2,0,0,200308,2,2000010263,192077,1,93121307
1,36056880,36057471,591,1,1,223561,223561,0,1,0,0,193834,2,93154017,191914,2,93108831
1,36063810,36064999,1189,2,2,222061,222116,0,2,0,0,191508,2,93100788,205324,2,2000025784
1,36074989,36075567,578,1,1,224334,224334,0,1,0,0,192548,2,93126520,189952,1,93059775
1,36078345,36078931,586,1,1,224400,224400,0,1,0,0,190051,2,93060642,200674,2,2000011553
1,36080699,36081920,1221,2,2,221345,224433,0,2,0,0,200318,2,2000010317,205156,2,2000025445
1,36083851,36084435,584,1,1,224465,224465,0,1,0,0,205154,2,2000025441,192838,2,93132234
1,36114050,36114611,561,1,1,223672,223672,0,1,0,0,193831,2,93154014,189019,2,93014645
1,36117856,36118417,561,1,1,223664,223664,0,1,0,0,190079,2,93063552,193240,2,93141225
1,36119576,36120137,561,1,1,223671,223671,0,1,0,0,193214,2,93141009,191568,2,93101671
1,36150227,36150818,591,1,1,222720,222720,0,1,0,0,192829,1,93132204,191780,2,93104415
1,36160786,36161377,591,1,1,222011,222011,0,1,0,0,193140,2,93140643,191959,2,93111577
1,36184196,36184468,272,1,1,222130,222130,1,0,0,0,198818,4,2000003899,154690,4,68011822
1,36198705,36198982,277,1,1,222497,222497,1,0,0,0,153745,1,67278561,149128,2,67047092
1,36205834,36206111,277,1,1,222491,222491,1,0,0,0,150144,2,67131771,949,1,9338
1,36207310,36207630,320,1,1,222507,222507,1,0,0,0,148884,1,67029482,149270,1,67062044
1,36214281,36214648,367,1,1,222500,222500,1,0,0,0,149831,2,67103336,149294,2,67063007
1,36247135,36247412,277,1,1,222505,222505,1,0,0,0,79343,1,28036758,84959,1,29191811
1,36282135,36282507,372,1,1,222503,222503,1,0,0,0,151544,2,67211094,148598,2,67011217
1,36330963,36331235,272,1,1,222506,222506,1,0,0,0,81369,1,28122868,19768,1,4211722
1,36416701,36417340,639,2,2,222498,222501,2,0,0,0,19697,1,4210670,150324,2,67145056
1,36499519,36499898,379,1,1,222504,222504,1,0,0,0,19749,1,4211324,1453,1,14095
1,36564256,36564628,372,1,1,222392,222392,1,0,0,0,15225,1,1502993,144,1,1114
1,36573115,36573482,367,1,1,222495,222495,1,0,0,0,154157,1,67294341,201671,1,2000014722
1,36600036,36600432,396,1,1,224508,224508,1,0,0,0,153734,1,67278550,11291,1,824385
1,36869297,36869693,396,1,1,224511,224511,1,0,0,0,149357,1,67065407,151338,1,67199763
1,37039195,37039472,277,1,1,223333,223333,1,0,0,0,135051,1,58058727,149479,2,67081445
1,37071290,37071686,396,1,1,224513,224513,1,0,0,0,151977,2,67225486,153942,1,67288885
1,37440788,37441376,588,1,1,224163,224163,0,1,0,0,148636,1,67013447,154072,2,67293498
1,37471071,37471815,744,2,2,222231,222232,2,0,0,0,150817,2,67179328,149221,2,67057917
1,37755790,37756162,372,1,1,222233,222233,1,0,0,0,151469,2,67208358,150042,2,67126475
1,37763372,37763668,296,1,1,222245,222245,1,0,0,0,151849,1,67221319,148882,2,67029477
1,37879867,37880160,293,1,1,224847,224847,1,0,0,0,151574,2,67211713,153582,2,67277528
1,37905561,37906156,595,1,1,224466,224466,0,1,0,0,153667,2,67278003,148567,2,67010369
1,37974528,37975128,600,1,1,224336,224336,0,1,0,0,152662,2,67248421,210531,2,2000040352
1,38030677,38031075,398,1,1,221226,221226,1,0,0,0,26731,2,7447133,153976,2,67291612
1,38047881,38048248,367,1,1,222959,222959,1,0,0,0,15360,1,1509279,26845,2,7450343
1,38192686,38193281,595,1,1,222513,222513,0,1,0,0,151964,1,67225415,152982,2,67260072
1,38225685,38226285,600,1,1,224339,224339,0,1,0,0,151099,2,67192211,149853,2,67103582
1,38286539,38287083,544,1,1,222818,222818,0,1,0,0,151971,2,67225472,150349,2,67149624
1,38471659,38472026,367,1,1,222512,222512,1,0,0,0,11150,1,813782,220399,2,2000067218
1,38508604,38508971,367,1,1,222958,222958,1,0,0,0,149750,2,67098429,151817,2,67219027
1,38547442,38547833,391,1,1,223304,223304,1,0,0,0,150351,2,67149679,154130,2,67293842
1,38551575,38552126,551,1,1,224380,224380,0,1,0,0,154017,2,67291844,150427,2,67153917
1,38554141,38554724,583,1,1,224517,224517,0,1,0,0,152581,1,67246905,150485,2,67155260
1,38561789,38562952,1163,2,2,222537,224503,0,2,0,0,150528,2,67157163,148719,2,67018372
1,38605122,38605722,600,1,1,224159,224159,0,1,0,0,152685,2,67250050,152693,2,67252461
1,38668631,38669217,586,1,1,221197,221197,0,1,0,0,153454,2,67275321,152278,1,67233399
1,38682713,38683289,576,1,1,224310,224310,0,1,0,0,11214,2,823134,151106,2,67192449
1,38745897,38746478,581,1,1,224323,224323,0,1,0,0,206758,2,2000029642,15373,2,1509452
1,38756564,38757115,551,1,1,222881,222881,0,1,0,0,151947,2,67224870,149251,2,67059990
1,38770001,38770589,588,1,1,223918,223918,0,1,0,0,153955,2,67290057,213390,2,2000048946
1,38794388,38794969,581,1,1,224098,224098,0,1,0,0,150120,2,67131082,149416,2,67071189
1,38804650,38805238,588,1,1,222524,222524,0,1,0,0,148772,2,67020235,150816,2,67179317
1,38817574,38818174,600,1,1,224342,224342,0,1,0,0,148855,2,67024746,26171,2,6702899
1,38915242,38915614,372,1,1,222511,222511,1,0,0,0,153495,1,67276193,150804,2,67179207
1,38916207,38916615,408,1,1,222510,222510,1,0,0,0,150804,2,67179207,150788,2,67179136
1,38917100,38917472,372,1,1,222509,222509,1,0,0,0,150788,2,67179136,153514,2,67276354
1,38921840,38922428,588,1,1,224345,224345,0,1,0,0,153996,2,67291694,26736,1,7447305
1,38923226,38923802,576,1,1,222529,222529,0,1,0,0,26639,1,7443600,153523,2,67276403
1,38929688,38930239,551,1,1,225043,225043,0,1,0,0,26573,1,7440790,150511,2,67156636
1,38945507,38946058,551,1,1,222885,222885,0,1,0,0,215597,2,2000055218,154430,1,67296470
1,38960449,38961024,575,1,1,222453,222453,0,1,0,0,216453,2,2000057007,152995,2,67260166
1,38961605,38962192,587,1,1,222451,222451,0,1,0,0,152995,2,67260166,213210,2,2000048423
1,38975167,38975548,381,1,1,222592,222592,1,0,0,0,154377,2,67295626,148930,2,67036198
1,38977617,38978199,582,1,1,222526,222526,0,1,0,0,178822,1,84155626,151345,2,67199945
1,38986466,38987017,551,1,1,225126,225126,0,1,0,0,317,1,2463,376,1,2913
1,38999019,38999658,639,1,1,222223,222223,0,1,0,0,68202,1,23305411,153848,2,67282689
1,39004983,39005583,600,1,1,223563,223563,0,1,0,0,148436,1,67001859,152049,2,67226753
1,39016497,39016883,386,1,1,225197,225197,1,0,0,0,194455,2,95078303,19640,1,4209881
1,39048444,39048990,546,1,1,222521,222521,0,1,0,0,152139,2,67228776,154381,2,67295646
1,39070533,39071084,551,1,1,222528,222528,0,1,0,0,151938,2,67224407,154233,2,67294987
1,39100466,39100852,386,1,1,222133,222133,1,0,0,0,152717,2,67254798,11281,1,824280
1,39109003,39109549,546,1,1,222873,222873,0,1,0,0,148852,1,67024650,153930,2,67288496
1,39116357,39116908,551,1,1,222525,222525,0,1,0,0,148891,2,67030461,153107,2,67262370
1,39145189,39145735,546,1,1,222734,222734,0,1,0,0,151643,2,67213673,151744,2,67216554
1,39172251,39172802,551,1,1,222865,222865,0,1,0,0,11099,1,811284,151974,2,67225481
1,39180700,39181251,551,1,1,222880,222880,0,1,0,0,204946,2,2000024616,152229,2,67231941
1,39185236,39185799,563,1,1,222886,222886,0,1,0,0,206237,2,2000028428,151390,2,67202653
1,39209965,39210547,582,1,1,224507,224507,0,1,0,0,151250,1,67197843,151767,2,67216759
1,39216076,39216666,590,1,1,222454,222454,0,1,0,0,151216,2,67196243,149672,1,67096728
1,39217695,39218270,575,1,1,222452,222452,0,1,0,0,101166,2,39047312,19627,1,4209672
1,39253058,39253609,551,1,1,222522,222522,0,1,0,0,216577,2,2000057192,150995,2,67186117
1,39284598,39285149,551,1,1,222740,222740,0,1,0,0,153413,2,67273003,214998,2,2000053421
1,39298681,39299232,551,1,1,222530,222530,0,1,0,0,153919,2,67288316,152776,2,67256516
1,39302483,39303071,588,1,1,222532,222532,0,1,0,0,153316,2,67270713,220062,2,2000065893
1,39307948,39308494,546,1,1,222887,222887,0,1,0,0,52644,2,18088174,216865,2,2000058172
1,39327388,39327934,546,1,1,222531,222531,0,1,0,0,152778,2,67256518,214825,2,2000053017
1,39331836,39332382,546,1,1,222544,222544,0,1,0,0,154038,2,67292381,11193,2,819608
1,39344402,39344953,551,1,1,222736,222736,0,1,0,0,216864,2,2000058171,153881,2,67286174
1,39354347,39354624,277,1,1,222134,222134,1,0,0,0,153625,2,67277713,149145,2,67052433
1,39357828,39358391,563,1,1,224480,224480,0,1,0,0,151243,1,67197626,153494,2,67276172
1,39360788,39361339,551,1,1,222816,222816,0,1,0,0,21062,3,5202538,151138,2,67193750
1,39376642,39377188,546,1,1,222460,222460,0,1,0,0,149324,1,67064072,154144,2,67293956
1,39380741,39381287,546,1,1,222542,222542,0,1,0,0,153573,2,67277461,154264,1,67295137
1,39390308,39390859,551,1,1,222553,222553,0,1,0,0,202479,1,2000016568,152690,2,67251252
1,39410915,39411473,558,1,1,224013,224013,0,1,0,0,154137,2,67293935,206773,2,2000029729
1,39428553,39429104,551,1,1,222539,222539,0,1,0,0,213181,2,2000048336,207684,2,2000032228
1,39431045,39431633,588,1,1,222533,222533,0,1,0,0,153609,2,67277681,153599,2,67277668
1,39434521,39435067,546,1,1,222546,222546,0,1,0,0,151246,2,67197749,75002,1,25054972
1,39437624,39438212,588,1,1,222527,222527,0,1,0,0,214768,2,2000052908,153636,2,67277819
1,39469374,39469956,582,1,1,224326,224326,0,1,0,0,136973,2,59123320,153203,2,67264154
1,39482853,39483404,551,1,1,222872,222872,0,1,0,0,19612,1,4209534,89323,2,33076065
1,39530195,39530776,581,1,1,225042,225042,0,1,0,0,215236,2,2000054281,153151,2,67263460
1,39531364,39531915,551,1,1,224488,224488,0,1,0,0,153151,2,67263460,154146,2,67293959
1,39537356,39538500,1144,2,2,222523,222554,0,2,0,0,210174,1,2000039456,206672,2,2000029435
1,39554991,39555559,568,1,1,225041,225041,0,1,0,0,151711,2,67215759,152913,2,67258807
1,39557223,39557804,581,1,1,224170,224170,0,1,0,0,154049,2,67292741,209929,1,2000038782
1,39560987,39561538,551,1,1,222862,222862,0,1,0,0,154192,2,67294765,151171,2,67195846
1,39562759,39563310,551,1,1,223746,223746,0,1,0,0,215436,2,2000054900,154294,2,67295237
1,39574839,39575383,544,1,1,222863,222863,0,1,0,0,218121,2,2000060659,206251,2,2000028459
1,39577708,39578254,546,1,1,222541,222541,0,1,0,0,214672,2,2000052529,215713,2,2000055478
1,39590134,39590685,551,1,1,222534,222534,0,1,0,0,154270,1,67295170,148559,2,67010337
1,39598948,39599358,410,1,1,221948,221948,1,0,0,0,152487,2,67245499,71164,1,23473037
1,39600202,39600748,546,1,1,222876,222876,0,1,0,0,208912,2,2000035864,148910,1,67033273
1,39609295,39609846,551,1,1,222545,222545,0,1,0,0,215676,2,2000055415,154305,2,67295249
1,39614160,39614711,551,1,1,222550,222550,0,1,0,0,154084,2,67293615,214586,2,2000052298
1,39627661,39628212,551,1,1,222556,222556,0,1,0,0,154435,2,67296477,153105,2,67262341
1,39630390,39630936,546,1,1,222549,222549,0,1,0,0,51833,2,18051218,153258,2,67269209
1,39633172,39633718,546,1,1,222555,222555,0,1,0,0,214674,2,2000052533,214660,2,2000052482
1,39647065,39647451,386,1,1,221638,221638,1,0,0,0,219926,2,2000065644,153925,2,67288448
1,39662999,39663550,551,1,1,222543,222543,0,1,0,0,153602,2,67277673,217934,2,2000060339
1,39666216,39666583,367,1,1,222591,222591,1,0,0,0,220248,2,2000066256,11148,1,813727
1,39668504,39669055,551,1,1,222864,222864,0,1,0,0,207420,2,2000031433,11194,1,820011
1,39673767,39674318,551,1,1,222557,222557,0,1,0,0,26135,2,6701067,26141,1,6701336
1,39675310,39675856,546,1,1,222875,222875,0,1,0,0,154483,2,67298477,154355,2,67295589
1,39724680,39725231,551,1,1,222627,222627,0,1,0,0,201151,2,2000013407,149676,2,67097091
1,39739940,39740491,551,1,1,222624,222624,0,1,0,0,215667,2,2000055398,214816,2,2000053000
1,39745069,39745620,551,1,1,222520,222520,0,1,0,0,153618,2,67277699,154027,2,67291928
1,39750173,39750719,546,1,1,222551,222551,0,1,0,0,153053,2,67260443,212018,2,2000045268
1,39759068,39759614,546,1,1,222552,222552,0,1,0,0,215734,2,2000055526,194313,2,95068783
1,39763544,39764090,546,1,1,222738,222738,0,1,0,0,194457,2,95078305,173701,1,82070494
1,39768659,39769266,607,1,1,222517,222517,0,1,0,0,217609,2,2000059755,152981,2,67260038
1,39772753,39773304,551,1,1,223820,223820,0,1,0,0,153883,2,67286490,154216,2,67294879
1,39783701,39784282,581,1,1,222815,222815,0,1,0,0,152888,2,67258540,220244,2,2000066251
1,39788868,39789419,551,1,1,222620,222620,0,1,0,0,217585,2,2000059708,194450,2,95078298
1,39793332,39793907,575,1,1,222670,222670,0,1,0,0,154434,2,67296476,154267,1,67295140
1,39798446,39798997,551,1,1,222628,222628,0,1,0,0,154145,2,67293958,153530,2,67276476
1,39802253,39802799,546,1,1,222558,222558,0,1,0,0,215533,2,2000055079,154330,2,67295398
1,39828404,39828955,551,1,1,222547,222547,0,1,0,0,26737,2,7447334,149960,2,67115827
1,39835884,39836430,546,1,1,222548,222548,0,1,0,0,153707,2,67278164,184043,2,89067928
1,39837422,39837992,570,1,1,222817,222817,0,1,0,0,213256,2,2000048596,216287,2,2000056738
1,39845753,39846304,551,1,1,224436,224436,0,1,0,0,213335,2,2000048842,153592,2,67277654
1,39863350,39864447,1097,2,2,222461,224160,0,2,0,0,215523,2,2000055068,152684,2,67250049
1,39867198,39867749,551,1,1,222890,222890,0,1,0,0,154367,2,67295602,148686,1,67016936
1,39874068,39874614,546,1,1,224521,224521,0,1,0,0,153194,1,67263965,217622,2,2000059772
1,39880549,39881117,568,1,1,223813,223813,0,1,0,0,11297,1,824495,154200,2,67294774
1,39917177,39917728,551,1,1,222883,222883,0,1,0,0,19611,1,4209516,152051,1,67226805
1,39931580,39932131,551,1,1,222739,222739,0,1,0,0,215530,2,2000055076,215421,2,2000054882
1,39940602,39941153,551,1,1,222540,222540,0,1,0,0,204899,2,2000024462,208259,1,2000033769
1,39943830,39944381,551,1,1,222866,222866,0,1,0,0,153945,2,67288994,150009,2,67121778
1,39948572,39949118,546,1,1,222892,222892,0,1,0,0,214728,2,2000052795,214845,2,2000053062
1,39979304,39979855,551,1,1,222879,222879,0,1,0,0,149042,2,67043392,85784,2,29221662
1,39980845,39981391,546,1,1,222626,222626,0,1,0,0,154020,2,67291884,26185,1,6703634
1,39986175,39986738,563,1,1,222867,222867,0,1,0,0,214729,2,2000052797,213363,2,2000048903
1,39988851,39989426,575,1,1,222869,222869,0,1,0,0,153103,2,67262230,152852,2,67257953
1,40023135,40023681,546,1,1,222737,222737,0,1,0,0,154321,2,67295371,206493,2,2000028999
1,40031236,40031787,551,1,1,222622,222622,0,1,0,0,214996,2,2000053419,153167,2,67263616
1,40053055,40053441,386,1,1,222657,222657,1,0,0,0,154271,1,67295171,206664,2,2000029381
1,40056059,40056605,546,1,1,222284,222284,0,1,0,0,215093,1,2000053767,215657,2,2000055374
1,40069187,40069738,551,1,1,222729,222729,0,1,0,0,150873,1,67180252,153861,2,67282862
1,40074659,40075045,386,1,1,222667,222667,1,0,0,0,94859,2,36524058,150195,2,67136159
1,40078033,40078623,590,1,1,223099,223099,0,1,0,0,154477,2,67297961,153082,2,67261473
1,40085862,40086413,551,1,1,222732,222732,0,1,0,0,150475,2,67155157,153083,2,67261474
1,40099550,40100101,551,1,1,222285,222285,0,1,0,0,148431,1,67001024,149682,1,67097557
1,40117238,40117653,415,1,1,224123,224123,1,0,0,0,148498,1,67006661,148748,1,67018739
1,40225230,40225781,551,1,1,224473,224473,0,1,0,0,214780,1,2000052928,214765,1,2000052900
1,40228010,40228598,588,1,1,224481,224481,0,1,0,0,153549,1,67277271,153987,1,67291624
1,40240657,40241692,1035,3,3,225128,225131,3,0,0,0,154314,2,67295340,19652,1,4210143
1,40276161,40276533,372,1,1,220991,220991,1,0,0,0,218239,1,2000061134,154404,4,67295878
1,40291589,40292328,739,2,2,220989,220990,2,0,0,0,183825,1,89062937,216249,2,2000056614
1,40304518,40305257,739,2,2,222727,222728,2,0,0,0,19419,4,4200514,19487,1,4202638
1,40325828,40326195,367,1,1,224327,224327,1,0,0,0,151942,1,67224763,151936,1,67224357
1,40372809,40373181,372,1,1,222587,222587,1,0,0,0,151687,1,67214776,154500,1,67298799
1,40379696,40380080,384,1,1,222608,222608,1,0,0,0,90558,1,34043905,26721,1,7446619
1,40391502,40391874,372,1,1,222593,222593,1,0,0,0,151561,1,67211671,207340,1,2000031190
1,40393201,40393573,372,1,1,222594,222594,1,0,0,0,154429,1,67296161,154427,1,67296159
1,40408738,40409105,367,1,1,224162,224162,1,0,0,0,151493,4,67210071,151492,4,67210068
1,40441501,40441778,277,1,1,225088,225088,1,0,0,0,152437,1,67245101,152429,1,67244445
1,40504032,40504404,372,1,1,224537,224537,1,0,0,0,152283,1,67234510,150279,1,67141080
1,40514700,40515444,744,2,2,222352,225119,2,0,0,0,150100,4,67128214,150099,4,67128212
1,40520953,40521320,367,1,1,225123,225123,1,0,0,0,150080,4,67128172,150079,4,67128170
1,40523438,40523810,372,1,1,225124,225124,1,0,0,0,4935,1,253306,150070,4,67128152
1,40526622,40526994,372,1,1,225125,225125,1,0,0,0,194461,1,95078387,205461,1,2000026099
1,40549764,40550148,384,1,1,225127,225127,1,0,0,0,149742,4,67098132,149741,4,67098130
1,40762024,40762425,401,1,1,222355,222355,1,0,0,0,28762,1,7581073,142298,1,62207663
1,41515856,41517023,1167,2,2,222597,222602,0,2,0,0,144676,2,64008137,28967,2,7586113
1,41529926,41530492,566,1,1,222600,222600,0,1,0,0,142281,2,62206623,208410,2,2000034061
1,41636587,41636993,406,1,1,223145,223145,1,0,0,0,144747,2,64016502,49582,2,16321570
1,41674598,41675016,418,1,1,222981,222981,1,0,0,0,28925,2,7584170,142798,2,62233058
1,42100037,42101135,1098,2,2,225279,225280,0,2,0,0,143554,2,63012859,144087,2,63033119
1,42208865,42209404,539,1,1,225276,225276,0,1,0,0,144463,2,63038567,144465,2,63038599
1,42209980,42210524,544,1,1,225282,225282,0,1,0,0,144465,2,63038599,143826,2,63027544
1,42237734,42238292,558,1,1,224887,224887,0,1,0,0,143930,2,63029349,75391,2,25058346
1,42252703,42253247,544,1,1,223045,223045,0,1,0,0,218400,2,2000061768,144398,2,63038103
1,42264789,42265340,551,1,1,222095,222095,0,1,0,0,143393,2,63002788,143394,2,63002803
1,42265891,42266442,551,1,1,222265,222265,0,1,0,0,143394,2,63002803,203310,2,2000019280
1,42299336,42299630,294,1,1,224693,224693,1,0,0,0,28557,1,7560220,28643,2,7562289
1,42309716,42310267,551,1,1,223259,223259,0,1,0,0,144044,2,63031700,144215,2,63036078
1,42317049,42317600,551,1,1,225179,225179,0,1,0,0,143798,2,63027453,144028,2,63031656
1,42341060,42341599,539,1,1,222264,222264,0,1,0,0,143970,2,63031290,143949,2,63030998
1,42353802,42354222,420,1,1,222917,222917,1,0,0,0,218347,2,2000061650,198433,2,98062947
1,42354812,42355480,668,1,1,223320,223320,0,0,1,0,198433,2,98062947,48823,2,16202424
1,42368892,42369444,552,1,1,224891,224891,0,1,0,0,215728,2,2000055515,144275,2,63036249
1,42374959,42375540,581,1,1,223801,223801,0,1,0,0,144002,2,63031570,219449,2,2000064689
1,42381868,42382417,549,1,1,225034,225034,0,1,0,0,143869,2,63029191,144118,2,63033367
1,42412764,42413327,563,1,1,224155,224155,0,1,0,0,143906,2,63029299,215841,2,2000055762
1,42414513,42415064,551,1,1,224858,224858,0,1,0,0,73940,2,25006457,143891,2,63029270
1,42436730,42437007,277,1,1,224576,224576,1,0,0,0,70854,1,23453149,22410,1,5600652
1,42458828,42459200,372,1,1,223997,223997,1,0,0,0,75468,1,25059265,143919,1,63029333
1,42459577,42459949,372,1,1,225129,225129,1,0,0,0,143919,1,63029333,8481,1,601752
1,42478705,42479082,377,1,1,225053,225053,1,0,0,0,143612,1,63023948,143613,1,63023953
1,42480979,42481256,277,1,1,225031,225031,1,0,0,0,143619,1,63023976,4024,1,143758
1,42493020,42493387,367,1,1,224882,224882,1,0,0,0,143631,1,63024044,144218,1,63036094
1,42494045,42494417,372,1,1,224831,224831,1,0,0,0,3314,1,134444,143369,1,63002380
1,42494803,42495175,372,1,1,224824,224824,1,0,0,0,143369,1,63002380,3139,1,133062
1,42497170,42497537,367,1,1,224791,224791,1,0,0,0,143653,1,63025163,28598,1,7560967
1,42498200,42498572,372,1,1,224786,224786,1,0,0,0,144265,1,63036219,143654,1,63025181
1,42499226,42499593,367,1,1,224751,224751,1,0,0,0,50048,1,16340134,143655,1,63025347
1,42899652,42900019,367,1,1,225004,225004,1,0,0,0,138368,1,61078325,85258,1,29198814
1,43111573,43112168,595,1,1,221126,221126,0,1,0,0,138167,2,61073814,184586,2,90086631
1,43322613,43323152,539,1,1,225005,225005,0,1,0,0,80517,2,28105802,207807,2,2000032627
1,43407174,43407713,539,1,1,223945,223945,0,1,0,0,16710,1,2015514,184113,2,89070389
1,43533330,43533876,546,1,1,224674,224674,0,1,0,0,137817,1,61064337,205426,2,2000026015
1,43592187,43592726,539,1,1,224680,224680,0,1,0,0,137928,2,61066092,138632,2,61085505
1,43610573,43611112,539,1,1,224677,224677,0,1,0,0,21192,3,5207965,21206,1,5208277
1,43612602,43613148,546,1,1,224676,224676,0,1,0,0,137640,2,61044917,137603,2,61043613
1,43614153,43614699,546,1,1,224675,224675,0,1,0,0,139097,1,61095759,138480,2,61081807
1,43839183,43839759,576,1,1,220992,220992,0,1,0,0,137806,2,61064096,139208,2,61096243
1,43962470,43963009,539,1,1,224679,224679,0,1,0,0,212395,2,2000046202,137807,2,61064141
1,44067520,44068066,546,1,1,223961,223961,0,1,0,0,209396,2,2000037417,137183,2,61007634
1,44090604,44091143,539,1,1,220831,220831,0,1,0,0,138440,2,61080329,139133,2,61095899
1,44218462,44219001,539,1,1,221323,221323,0,1,0,0,213389,1,2000048945,213383,1,2000048936
1,44222391,44223823,1432,3,3,223315,223390,1,2,0,0,213274,1,2000048637,184371,1,90049314
1,44225299,44225845,546,1,1,222997,222997,0,1,0,0,8312,1,561575,138560,1,61084442
1,44226770,44227316,546,1,1,222966,222966,0,1,0,0,138562,1,61084444,137112,1,61002213
1,44295732,44296285,553,1,1,222757,222757,0,1,0,0,216680,2,2000057588,137095,2,60031153
1,44297811,44298917,1106,2,2,222756,222760,0,2,0,0,216674,2,2000057535,137089,2,60030782
1,44299346,44299899,553,1,1,222755,222755,0,1,0,0,137089,2,60030782,216673,2,2000057534
1,44300452,44301005,553,1,1,222758,222758,0,1,0,0,216673,2,2000057534,216665,2,2000057525
1,44352287,44352578,291,1,1,225199,225199,1,0,0,0,136100,2,58140558,135129,2,58063247
1,44940672,44940992,320,1,1,223060,223060,1,0,0,0,30407,1,8078388,136393,2,58152143
1,44976970,44977509,539,1,1,223936,223936,0,1,0,0,136599,2,58158726,134965,2,58047635
1,45040400,45040946,546,1,1,224685,224685,0,1,0,0,135747,2,58123730,7587,1,494251
1,45175178,45175717,539,1,1,224204,224204,0,1,0,0,135662,2,58118753,135793,2,58125829
1,45179138,45179677,539,1,1,224144,224144,0,1,0,0,30484,2,8087125,135772,2,58123838
1,45202632,45203717,1085,2,2,223683,224686,0,2,0,0,135131,2,58063250,136667,2,58159151
1,45211305,45211844,539,1,1,223995,223995,0,1,0,0,135938,2,58133590,135303,2,58090425
1,45221792,45222331,539,1,1,224419,224419,0,1,0,0,205998,2,2000027672,136200,2,58144181
1,45228047,45228593,546,1,1,224688,224688,0,1,0,0,50686,2,17031323,135862,1,58132421
1,45231716,45232801,1085,2,2,221734,224140,0,2,0,0,7554,1,490584,30413,1,8078690
1,45245456,45245995,539,1,1,224205,224205,0,1,0,0,136153,2,58141956,30308,1,8058823
1,45261676,45262215,539,1,1,222390,222390,0,1,0,0,136461,2,58152970,135628,2,58115097
1,45266452,45266991,539,1,1,224406,224406,0,1,0,0,136536,2,58156111,136520,2,58154917
1,45268629,45268996,367,1,1,224525,224525,1,0,0,0,136400,2,58152157,7914,1,519924
1,45273866,45274405,539,1,1,223996,223996,0,1,0,0,201266,2,2000013723,200646,2,2000011476
1,45280527,45281649,1122,2,2,223685,224136,0,2,0,0,136134,2,58141776,136155,2,58141966
1,45282764,45283303,539,1,1,224284,224284,0,1,0,0,199015,2,2000006117,136504,2,58154436
1,45284807,45285422,615,1,1,224828,224828,0,1,0,0,136211,2,58144366,136629,2,58158867
1,45287542,45288100,558,1,1,224799,224799,0,1,0,0,136486,2,58153722,136514,2,58154547
1,45290443,45290982,539,1,1,224219,224219,0,1,0,0,136244,2,58146838,136665,2,58159125
1,45296533,45297072,539,1,1,224210,224210,0,1,0,0,136321,2,58151357,136204,2,58144192
1,45310775,45311321,546,1,1,224690,224690,0,1,0,0,7042,1,475024,136231,2,58146222
1,45311867,45312406,539,1,1,223729,223729,0,1,0,0,136231,2,58146222,136036,2,58137665
1,45313634,45314712,1078,2,2,224139,224142,0,2,0,0,7566,1,491571,7386,1,481219
1,45317222,45317761,539,1,1,224407,224407,0,1,0,0,199223,2,2000006793,135696,2,58122915
1,45324868,45325407,539,1,1,224681,224681,0,1,0,0,136545,2,58156180,136280,2,58149027
1,45326288,45326834,546,1,1,223594,223594,0,1,0,0,16621,1,2014693,135811,2,58127849
1,45327300,45327839,539,1,1,223633,223633,0,1,0,0,135811,2,58127849,136093,2,58140437
1,45333712,45334251,539,1,1,224408,224408,0,1,0,0,7524,1,487662,136551,2,58156224
1,45337078,45337617,539,1,1,223935,223935,0,1,0,0,136579,2,58158285,136588,2,58158563
1,45338629,45339168,539,1,1,223766,223766,0,1,0,0,136225,2,58146146,136221,2,58146141
1,45340681,45341220,539,1,1,224220,224220,0,1,0,0,136663,2,58159073,136620,2,58158850
1,45341766,45342305,539,1,1,224286,224286,0,1,0,0,136620,2,58158850,136184,2,58142443
1,45355696,45356247,551,1,1,224221,224221,0,1,0,0,136654,2,58159048,136403,2,58152169
1,45356786,45357864,1078,2,2,223588,224199,0,2,0,0,136403,2,58152169,200966,2,2000012712
1,45368969,45369241,272,1,1,221112,221112,1,0,0,0,136675,2,58159206,136494,2,58154021
1,45371453,45371999,546,1,1,223370,223370,0,1,0,0,135627,2,58115056,136345,2,58151750
1,45375667,45376206,539,1,1,223991,223991,0,1,0,0,189866,2,93058574,135967,2,58134098
1,45378065,45378604,539,1,1,224682,224682,0,1,0,0,134717,1,58006833,136456,2,58152605
1,45380614,45381153,539,1,1,224409,224409,0,1,0,0,136533,2,58156108,7535,1,489016
1,45383495,45384034,539,1,1,224145,224145,0,1,0,0,135825,2,58129222,7241,1,478464
1,45386507,45387053,546,1,1,224687,224687,0,1,0,0,135527,1,58106525,136140,2,58141800
1,45387978,45389595,1617,3,3,224222,224224,0,3,0,0,136133,2,58141692,136377,2,58152079
1,45399666,45400205,539,1,1,223419,223419,0,1,0,0,136072,2,58140049,136242,2,58146621
1,45403233,45403772,539,1,1,223809,223809,0,1,0,0,136608,2,58158746,135933,2,58133563
1,45406197,45406736,539,1,1,223420,223420,0,1,0,0,88105,3,33028284,136505,2,58154438
1,45407828,45408367,539,1,1,224202,224202,0,1,0,0,136683,2,58159283,136085,2,58140384
1,45410274,45411891,1617,3,3,223612,224225,0,3,0,0,136450,2,58152402,211783,2,2000044616
1,45412430,45412969,539,1,1,223730,223730,0,1,0,0,211783,2,2000044616,135963,2,58133915
1,45415066,45416180,1114,2,2,223615,224201,0,2,0,0,136548,2,58156221,211498,2,2000043732
1,45416743,45417282,539,1,1,224203,224203,0,1,0,0,211498,2,2000043732,136597,2,58158696
1,45418987,45419543,556,1,1,223811,223811,0,1,0,0,136276,2,58148298,136315,2,58151298
1,45420119,45421748,1629,3,3,223422,224147,0,3,0,0,136315,2,58151298,136651,2,58159044
1,45422177,45422716,539,1,1,224209,224209,0,1,0,0,136651,2,58159044,136427,2,58152293
1,45423255,45423794,539,1,1,223717,223717,0,1,0,0,136427,2,58152293,7593,1,494331
1,45436463,45437039,576,1,1,224262,224262,0,1,0,0,136521,2,58155221,136558,2,58156243
1,45438407,45439522,1115,2,2,224148,224214,0,2,0,0,136631,2,58158869,136661,2,58159070
1,45443087,45443626,539,1,1,224683,224683,0,1,0,0,135155,2,58070780,136010,2,58135999
1,45445690,45446775,1085,2,2,223423,224689,0,2,0,0,136640,2,58158906,136378,2,58152080
1,45447204,45447743,539,1,1,223993,223993,0,1,0,0,136378,2,58152080,49522,2,16302545
1,45448355,45449433,1078,2,2,223424,223425,0,2,0,0,49522,2,16302545,136426,2,58152292
1,45453683,45454222,539,1,1,223426,223426,0,1,0,0,136430,2,58152296,136607,2,58158745
1,45454768,45455307,539,1,1,224198,224198,0,1,0,0,136607,2,58158745,136528,2,58155449
1,45455853,45456392,539,1,1,224200,224200,0,1,0,0,136528,2,58155449,211782,2,2000044606
1,45459645,45461262,1617,3,3,223427,223430,0,3,0,0,136590,2,58158567,135571,2,58113235
1,45462865,45463987,1122,2,2,223688,224149,0,2,0,0,136680,2,58159211,200653,2,2000011489
1,45467185,45467724,539,1,1,223725,223725,0,1,0,0,136218,1,58145699,136589,2,58158566
1,45468307,45469385,1078,2,2,223690,223723,0,2,0,0,136589,2,58158566,136583,2,58158491
1,45469814,45470353,539,1,1,223689,223689,0,1,0,0,136583,2,58158491,136401,2,58152167
1,45479931,45481548,1617,3,3,224197,224287,0,3,0,0,16618,3,2014683,135770,2,58123826
1,45487170,45488248,1078,2,2,223634,224684,0,2,0,0,136664,2,58159119,136485,2,58153721
1,45489106,45489645,539,1,1,224096,224096,0,1,0,0,136534,2,58156109,136690,2,58159416
1,45491636,45492175,539,1,1,223994,223994,0,1,0,0,136653,2,58159047,136397,2,58152152
1,45492604,45493143,539,1,1,223992,223992,0,1,0,0,136397,2,58152152,136526,2,58155446
1,45493689,45494228,539,1,1,223773,223773,0,1,0,0,136526,2,58155446,136382,2,58152086
1,45496580,45497119,539,1,1,224288,224288,0,1,0,0,136384,2,58152089,136594,2,58158693
1,45498989,45501145,2156,4,4,223431,223731,0,4,0,0,136421,2,58152228,202726,2,2000017515
1,45503359,45503898,539,1,1,223726,223726,0,1,0,0,136243,2,58146622,136027,2,58137146
1,45511132,45511701,569,1,1,221483,221483,0,1,0,0,136363,2,58151929,136295,2,58150676
1,45512713,45513252,539,1,1,223724,223724,0,1,0,0,136538,2,58156114,136584,2,58158492
1,45515556,45516156,600,1,1,224150,224150,0,1,0,0,136000,2,58135843,136693,2,58159503
1,45518464,45519003,539,1,1,223432,223432,0,1,0,0,7599,1,494398,136609,2,58158747
1,45520965,45521504,539,1,1,223720,223720,0,1,0,0,136452,2,58152407,136338,2,58151523
1,45522938,45525094,2156,4,4,223719,224207,0,4,0,0,136044,2,58138420,136335,2,58151518
1,45527992,45528531,539,1,1,224206,224206,0,1,0,0,135791,2,58124866,136622,2,58158855
1,45531105,45531644,539,1,1,224152,224152,0,1,0,0,136435,2,58152301,136438,2,58152305
1,45545410,45545949,539,1,1,223433,223433,0,1,0,0,136517,2,58154730,136496,2,58154024
1,45547677,45548597,920,2,2,224196,224307,1,1,0,0,136612,2,58158750,135530,2,58106587
1,45550001,45550540,539,1,1,224208,224208,0,1,0,0,136497,2,58154025,136004,2,58135848
1,45652236,45652508,272,1,1,221908,221908,1,0,0,0,136457,1,58152699,7127,1,477856
1,45653695,45654525,830,2,2,221620,221808,1,1,0,0,2097,1,114540,2095,1,114538
1,45655358,45656002,644,2,2,224456,224459,2,0,0,0,7312,1,479561,7315,1,479709
1,45657560,45657832,272,1,1,224586,224586,1,0,0,0,7316,1,479718,1483,1,14407
1,45663046,45663366,320,1,1,221023,221023,1,0,0,0,7157,1,477987,30485,1,8087188
1,45702304,45702943,639,2,2,225059,225060,2,0,0,0,7348,1,480312,136330,2,58151418
1,45734435,45734802,367,1,1,222389,222389,1,0,0,0,30253,4,8051024,30252,4,8051016
1,46719662,46720034,372,1,1,223686,223686,1,0,0,0,131037,2,57108377,212451,2,2000046425
1,47038417,47038811,394,1,1,221158,221158,1,0,0,0,132392,1,57159695,132847,2,57170764
1,47190309,47190875,566,1,1,221077,221077,0,1,0,0,28284,1,7545002,133643,2,57188396
1,47301249,47301629,380,1,1,224714,224714,1,0,0,0,131969,2,57150532,130707,3,57075746
1,47441006,47441550,544,1,1,225188,225188,0,1,0,0,131239,2,57121315,211387,2,2000043433
1,47444275,47444826,551,1,1,225190,225190,0,1,0,0,131242,2,57121486,132649,2,57164899
1,47448812,47449084,272,1,1,224543,224543,1,0,0,0,130544,1,57058526,131748,2,57146359
1,47458624,47459001,377,1,1,224412,224412,1,0,0,0,133170,2,57176063,133785,2,57191239
1,47488132,47488504,372,1,1,223062,223062,1,0,0,0,132702,1,57166494,215289,2,2000054476
1,47492468,47492840,372,1,1,224060,224060,1,0,0,0,133240,2,57177041,132078,2,57153159
1,47495465,47496231,766,2,2,224057,224059,2,0,0,0,132084,2,57153845,133249,1,57177059
1,47578429,47578968,539,1,1,223549,223549,0,1,0,0,28145,3,7541533,134233,2,57202262
1,47857496,47858140,644,2,2,225227,225228,2,0,0,0,132692,2,57166076,131673,2,57143535
1,47989846,47990403,557,1,1,222515,222515,0,1,0,0,134619,2,57214726,133175,2,57176184
1,48083879,48084293,414,1,1,221926,221926,1,0,0,0,132648,2,57164838,133340,2,57179179
1,48240042,48240591,549,1,1,223131,223131,0,1,0,0,133558,2,57187734,133556,2,57187721
1,48242801,48243352,551,1,1,221160,221160,0,1,0,0,132816,2,57169503,133552,2,57187714
1,48243903,48244459,556,1,1,221159,221159,0,1,0,0,133552,2,57187714,130629,1,57062956
1,48429242,48429801,559,1,1,222963,222963,0,1,0,0,133187,2,57176394,132653,2,57164931
1,48431527,48432079,552,1,1,222962,222962,0,1,0,0,132276,2,57157780,134624,2,57214740
1,48438051,48438652,601,1,1,224853,224853,0,1,0,0,132264,2,57157404,131733,2,57146122
1,48439727,48440313,586,1,1,223687,223687,0,1,0,0,133182,2,57176317,131952,2,57150095
1,48500277,48500826,549,1,1,225225,225225,0,1,0,0,217114,2,2000058764,209311,2,2000037101
1,48508821,48509387,566,1,1,223952,223952,0,1,0,0,134180,2,57201231,134010,2,57196623
1,48534373,48534929,556,1,1,224143,224143,0,1,0,0,132983,2,57173212,218236,2,2000061096
1,48586785,48587334,549,1,1,224524,224524,0,1,0,0,133972,2,57196447,213656,2,2000049633
1,48608677,48609226,549,1,1,225229,225229,0,1,0,0,217726,2,2000059998,208808,2,2000035586
1,48614060,48614611,551,1,1,223947,223947,0,1,0,0,133884,2,57193938,132654,2,57164937
1,48626452,48627003,551,1,1,222965,222965,0,1,0,0,132064,2,57152946,133136,2,57175963
1,48627484,48628040,556,1,1,222969,222969,0,1,0,0,133136,2,57175963,133134,2,57175959
1,48629484,48630040,556,1,1,222970,222970,0,1,0,0,133132,2,57175956,133129,2,57175948
1,48650300,48651993,1693,3,3,223126,223140,0,3,0,0,133254,2,57177135,133255,2,57177137
1,48656308,48656852,544,1,1,224579,224579,0,1,0,0,134122,2,57199468,212278,2,2000045926
1,48666040,48666589,549,1,1,223779,223779,0,1,0,0,212539,2,2000046679,133261,2,57177201
1,48672256,48673363,1107,2,2,220828,220829,0,2,0,0,215051,2,2000053619,211267,2,2000043154
1,48685920,48688673,2753,5,5,221161,221165,0,5,0,0,134236,2,57202643,133280,1,57177859
1,48690361,48690910,549,1,1,224006,224006,0,1,0,0,134282,2,57207411,134023,2,57197006
1,48696842,48697381,539,1,1,224000,224000,0,1,0,0,132863,2,57170972,203621,2,2000020219
1,48700136,48700692,556,1,1,222457,222457,0,1,0,0,134369,2,57209425,134381,2,57209560
1,48705226,48706333,1107,2,2,222458,222459,0,2,0,0,134390,2,57209569,134429,2,57210627
1,48706914,48707470,556,1,1,222462,222462,0,1,0,0,134429,2,57210627,134443,2,57210953
1,48724960,48725517,557,1,1,223960,223960,0,1,0,0,134601,2,57214455,216037,2,2000056302
1,48730542,48731086,544,1,1,222499,222499,0,1,0,0,216509,2,2000057086,212542,2,2000046682
1,48735434,48735990,556,1,1,224410,224410,0,1,0,0,208880,2,2000035737,132718,2,57167285
1,48738116,48739808,1692,3,3,221717,225144,0,3,0,0,130088,1,57003382,220631,2,2000068234
1,48744792,48745341,549,1,1,225230,225230,0,1,0,0,220529,2,2000067784,220733,2,2000068703
1,48745897,48746441,544,1,1,225226,225226,0,1,0,0,220733,2,2000068703,220528,2,2000067783
1,48746992,48747554,562,1,1,224857,224857,0,1,0,0,220528,2,2000067783,220737,2,2000068720
1,48751098,48752223,1125,2,2,223959,224411,0,2,0,0,220744,2,2000068733,132259,2,57157265
1,48762319,48762871,552,1,1,220963,220963,0,1,0,0,217517,2,2000059528,220579,2,2000067972
1,48767739,48768899,1160,2,2,221895,224715,0,2,0,0,217501,2,2000059500,220602,2,2000068057
1,48769450,48770555,1105,2,2,224434,224701,0,2,0,0,220602,2,2000068057,220625,2,2000068225
1,48772815,48773379,564,1,1,221542,221542,0,1,0,0,133146,2,57175976,220668,2,2000068462
1,48773935,48775049,1114,2,2,223048,223051,0,2,0,0,220668,2,2000068462,213650,2,2000049607
1,48778374,48778925,551,1,1,224464,224464,0,1,0,0,217514,2,2000059521,220627,2,2000068229
1,48782885,48783474,589,1,1,224700,224700,0,1,0,0,220747,2,2000068740,220746,2,2000068739
1,48784611,48785160,549,1,1,224526,224526,0,1,0,0,220671,2,2000068466,215542,2,2000055090
1,48787421,48788527,1106,2,2,224528,224781,0,2,0,0,220619,2,2000068214,199425,2,2000007731
1,48790673,48791232,559,1,1,224699,224699,0,1,0,0,220739,2,2000068725,215493,2,2000055018
1,48792340,48793467,1127,2,2,224698,224784,0,2,0,0,215624,2,2000055317,215486,2,2000055009
1,48797908,48798497,589,1,1,220964,220964,0,1,0,0,215446,2,2000054927,220617,2,2000068211
1,48801815,48802049,234,2,2,222663,222664,0,0,0,2,184072,2,89068564,28499,1,7549919
1,48802482,48802708,226,2,2,222665,222666,0,0,0,2,28499,1,7549919,131323,1,57125021
1,48803094,48803512,418,1,1,222669,222669,1,0,0,0,131323,1,57125021,131335,1,57125891
1,48803898,48804297,399,1,1,222678,222678,1,0,0,0,131335,1,57125891,208162,1,2000033512
1,48810177,48810492,315,3,3,222902,222905,0,0,0,3,99285,1,38055840,99627,1,38063950
1,48811325,48811850,525,5,5,222906,222911,0,0,0,5,99739,1,38064968,132059,1,57152830
1,48821116,48821326,210,2,2,223601,223603,0,0,0,2,3661,1,140046,133394,1,57181268
1,48821608,48822040,432,4,4,223604,223614,0,0,0,4,133394,1,57181268,214722,1,2000052772
1,48822322,48823521,1199,11,11,223616,223629,0,0,0,11,214722,1,2000052772,133020,1,57174221
1,48824068,48824500,432,4,4,223630,223692,0,0,0,4,133019,1,57174220,28030,1,7540766
1,48827243,48827637,394,1,1,224012,224012,1,0,0,0,129982,1,57001482,213943,1,2000050373
1,48846242,48847823,1581,4,4,224877,224938,3,1,0,0,132733,4,57167879,130458,1,57045175
1,48874455,48874560,105,1,1,222268,222268,0,0,0,1,130877,4,57087536,130878,4,57087538
1,48895876,48896360,484,4,4,222649,222652,0,0,0,4,131181,4,57118348,131182,4,57118349
1,48897861,48898099,238,2,2,222653,222654,0,0,0,2,202838,1,2000017972,131438,1,57132480
1,48900809,48901027,218,2,2,222655,222656,0,0,0,2,131225,1,57120937,134397,1,57209755
1,48902988,48903109,121,1,1,222658,222658,0,0,0,1,134415,1,57210583,132314,1,57158471
1,48903503,48903628,125,1,1,222659,222659,0,0,0,1,132314,1,57158471,28474,1,7549591
1,48905073,48905287,214,2,2,222660,222661,0,0,0,2,202721,2,2000017492,131253,1,57122162
1,48906515,48906632,117,1,1,222662,222662,0,0,0,1,131423,1,57131953,134457,1,57211990
1,49086806,49087083,277,1,1,225111,225111,1,0,0,0,122755,2,52061367,79900,1,28068801
1,49190067,49190453,386,1,1,225110,225110,1,0,0,0,122766,2,52062482,82985,2,29117630
1,49226194,49226575,381,1,1,225149,225149,1,0,0,0,82413,2,29079006,122168,2,52002864
1,49230559,49230945,386,1,1,225114,225114,1,0,0,0,8352,1,566058,123929,2,52097853
1,49334471,49335083,612,1,1,223118,223118,0,1,0,0,122999,2,52075425,8334,2,564108
1,49346504,49347374,870,2,2,221454,221521,1,1,0,0,122273,2,52012378,198953,1,2000005906
1,49412822,49413361,539,1,1,223441,223441,0,1,0,0,183490,2,89025804,123057,1,52076571
1,49414622,49415008,386,1,1,225113,225113,1,0,0,0,219744,1,2000065331,198950,1,2000005874
1,49418775,49419321,546,1,1,223482,223482,0,1,0,0,80786,2,28110674,123210,2,52082100
1,49424420,49425001,581,1,1,221458,221458,0,1,0,0,4590,2,222726,123017,1,52075573
1,49427988,49428539,551,1,1,222185,222185,0,1,0,0,123222,2,52082345,124137,2,52101468
1,49429715,49430807,1092,2,2,222395,222396,0,2,0,0,123003,2,52075456,123971,2,52098179
1,49431951,49432502,551,1,1,220868,220868,0,1,0,0,123874,2,52096976,122760,2,52062079
1,49443183,49443727,544,1,1,221522,221522,0,1,0,0,123198,2,52082024,122831,2,52067011
1,49466267,49466818,551,1,1,224620,224620,0,1,0,0,198956,1,2000005920,122675,1,52058619
1,49482201,49483009,808,2,2,221520,223478,1,1,0,0,123197,2,52082021,124005,2,52099042
1,49483592,49484138,546,1,1,224732,224732,0,1,0,0,124005,2,52099042,8343,1,565092
1,49546187,49546738,551,1,1,224896,224896,0,1,0,0,124128,2,52101328,122376,2,52026404
1,49558828,49559925,1097,2,2,224885,224888,0,2,0,0,86897,2,29244074,80883,2,28111377
1,49584680,49585219,539,1,1,225254,225254,0,1,0,0,123848,2,52096592,122657,2,52058234
1,49588037,49588581,544,1,1,225171,225171,0,1,0,0,122730,2,52060417,86965,2,29244939
1,49643565,49644116,551,1,1,224621,224621,0,1,0,0,123208,2,52082089,123866,2,52096695
1,49648224,49648775,551,1,1,220869,220869,0,1,0,0,123524,2,52090052,8301,2,561170
1,49653035,49654556,1521,3,3,221545,224894,0,3,0,0,124002,2,52098982,78985,2,28013679
1,49663302,49663853,551,1,1,220939,220939,0,1,0,0,124100,2,52100867,122634,2,52048010
1,49678917,49679388,471,1,1,225263,225263,0,1,0,0,123868,2,52096697,123923,2,52097834
1,49723603,49724730,1127,2,2,220830,221710,0,2,0,0,122444,2,52032841,124101,2,52100872
1,49728838,49729389,551,1,1,221712,221712,0,1,0,0,83597,2,29146147,124118,2,52101131
1,49730887,49731433,546,1,1,221523,221523,0,1,0,0,123828,2,52096302,123441,2,52088334
1,49734581,49735700,1119,2,2,221524,221711,0,2,0,0,124150,2,52101562,84357,2,29175349
1,49863423,49864167,744,2,2,222427,222428,2,0,0,0,79394,1,28045675,8238,1,550760
1,50196838,50197224,386,1,1,224483,224483,1,0,0,0,178494,1,84127653,178388,1,84112287
1,50299305,50299691,386,1,1,222421,222421,1,0,0,0,201788,1,2000015107,176107,1,83231010
1,50318437,50318823,386,1,1,222249,222249,1,0,0,0,675,1,6730,178167,1,83335579
1,50320501,50320887,386,1,1,222248,222248,1,0,0,0,176959,1,83273699,19330,1,4100759
1,50388130,50388516,386,1,1,222464,222464,1,0,0,0,178480,1,84126672,175599,2,83215572
1,50426325,50426711,386,1,1,223253,223253,1,0,0,0,26444,1,7004733,176288,1,83240842
1,50568404,50568681,277,1,1,222337,222337,1,0,0,0,178055,1,83333477,26356,1,7000835
1,50968956,50969347,391,1,1,222278,222278,1,0,0,0,129074,2,55058871,174416,1,83136920
1,50971204,50971595,391,1,1,222281,222281,1,0,0,0,175087,1,83177239,175535,2,83212238
1,50975574,50975960,386,1,1,222340,222340,1,0,0,0,12377,1,902002,129807,2,55082407
1,51177897,51178174,277,1,1,223597,223597,1,0,0,0,173859,2,83105841,176054,2,83228796
1,51203765,51204464,699,2,2,223256,223257,2,0,0,0,129563,2,55076081,174241,2,83115957
1,51211596,51211968,372,1,1,222431,222431,1,0,0,0,110513,2,43318678,179119,2,84160161
1,51496301,51496862,561,1,1,224932,224932,0,1,0,0,205012,1,2000024877,173964,2,83108549
1,51519062,51519344,282,1,1,224794,224794,1,0,0,0,176698,1,83261393,203545,1,2000019980
1,51712575,51712847,272,1,1,221804,221804,1,0,0,0,177980,1,83327687,177000,1,83276337
1,51830238,51831020,782,2,2,224655,224806,2,0,0,0,176607,1,83258745,174751,1,83159187
1,51845924,51846504,580,1,1,222613,222613,0,1,0,0,177988,2,83327866,174216,1,83114400
1,51911931,51912322,391,1,1,223599,223599,1,0,0,0,198250,2,98061192,177586,1,83310413
1,51920806,51921746,940,2,2,223232,223250,1,1,0,0,10261,1,728190,175936,2,83227552
1,52035228,52035831,603,1,1,220911,220911,0,1,0,0,175216,2,83188544,177956,2,83327349
1,52057784,52058365,581,1,1,224309,224309,0,1,0,0,211883,2,2000044888,19332,1,4100771
1,52093710,52094101,391,1,1,224761,224761,1,0,0,0,216760,2,2000057899,178078,1,83334064
1,52144222,52144773,551,1,1,223595,223595,0,1,0,0,209039,1,2000036397,178184,1,83335979
1,52156854,52157245,391,1,1,223361,223361,1,0,0,0,175879,2,83224320,218673,1,2000062507
1,52159748,52160139,391,1,1,223251,223251,1,0,0,0,10283,1,729282,178271,1,84101148
1,52206623,52207057,434,1,1,222926,222926,1,0,0,0,208788,1,2000035465,153558,2,67277394
1,52208848,52209246,398,1,1,224646,224646,1,0,0,0,176735,2,83261915,201152,2,2000013409
1,52220978,52221527,549,1,1,222450,222450,0,1,0,0,174754,1,83159601,200125,1,2000009863
1,52248374,52248760,386,1,1,224825,224825,1,0,0,0,1340,1,12499,178172,2,83335587
1,52254105,52254661,556,1,1,222250,222250,0,1,0,0,177049,2,83278941,175157,2,83183907
1,52266686,52267272,586,1,1,223593,223593,0,1,0,0,176590,1,83258067,176430,1,83253066
1,52286180,52286753,573,1,1,223292,223292,0,1,0,0,177867,2,83323746,179220,2,84161786
1,52315047,52315591,544,1,1,224649,224649,0,1,0,0,26386,1,7001734,177296,2,83292287
1,52396484,52397040,556,1,1,223098,223098,0,1,0,0,1611,1,15194,86056,2,29226444
1,52397503,52398379,876,2,2,222430,222467,1,1,0,0,86056,2,29226444,174219,1,83114404
1,52398655,52399224,569,1,1,222287,222287,0,1,0,0,174219,1,83114404,174575,1,83149156
1,52399903,52400294,391,1,1,221824,221824,1,0,0,0,174600,1,83149700,174606,1,83149789
1,52400990,52401376,386,1,1,221310,221310,1,0,0,0,174635,1,83152550,174661,2,83152916
1,52418959,52419336,377,1,1,225014,225014,1,0,0,0,215064,1,2000053663,174725,2,83157133
1,52420088,52420474,386,1,1,224724,224724,1,0,0,0,174726,1,83157135,213822,1,2000049991
1,52421263,52422012,749,2,2,224118,224312,2,0,0,0,174756,1,83159795,174773,1,83160542
1,52422415,52422801,386,1,1,224044,224044,1,0,0,0,174773,1,83160542,10242,1,727470
1,52423583,52424132,549,1,1,223231,223231,0,1,0,0,10284,1,729388,10293,1,729907
1,52486329,52486715,386,1,1,223882,223882,1,0,0,0,203515,2,2000019884,215842,1,2000055763
1,52548728,52549279,551,1,1,223941,223941,0,1,0,0,138664,2,61086203,176968,1,83274081
1,52558471,52559015,544,1,1,223285,223285,0,1,0,0,175836,1,83223744,177320,2,83293622
1,52560562,52561150,588,1,1,223291,223291,0,1,0,0,176123,1,83231178,202715,2,2000017470
1,52562325,52562911,586,1,1,223872,223872,0,1,0,0,174401,2,83136073,175954,2,83227952
1,52563485,52564041,556,1,1,222280,222280,0,1,0,0,175954,2,83227952,211578,2,2000043936
1,52567986,52568377,391,1,1,224130,224130,1,0,0,0,175548,2,83212415,176268,2,83240328
1,52607462,52607843,381,1,1,224809,224809,1,0,0,0,176584,2,83257905,219039,2,2000063588
1,52634914,52635210,296,1,1,221829,221829,1,0,0,0,177894,2,83324881,203387,2,2000019540
1,52641046,52641437,391,1,1,223249,223249,1,0,0,0,174881,1,83167969,208783,1,2000035431
1,52649835,52650379,544,1,1,222283,222283,0,1,0,0,209839,1,2000038637,177595,2,83311139
1,52663761,52664305,544,1,1,224301,224301,0,1,0,0,216641,1,2000057452,128816,2,55031782
1,52681642,52682028,386,1,1,224164,224164,1,0,0,0,216639,1,2000057449,178041,1,83333416
1,52685204,52685755,551,1,1,223763,223763,0,1,0,0,205379,2,2000025926,176998,1,83276091
1,52692332,52692704,372,1,1,224113,224113,1,0,0,0,175179,1,83185485,215904,1,2000055888
1,52711786,52712342,556,1,1,223090,223090,0,1,0,0,211837,2,2000044803,211839,2,2000044805
1,52713193,52713749,556,1,1,223942,223942,0,1,0,0,129877,1,55083165,204419,1,2000023008
1,52727467,52728023,556,1,1,223083,223083,0,1,0,0,212095,1,2000045500,176004,2,83228490
1,52729142,52730249,1107,2,2,223081,223093,0,2,0,0,173972,2,83109600,176891,2,83272265
1,52744674,52745220,546,1,1,224157,224157,0,1,0,0,177973,2,83327593,174207,1,83113932
1,52762523,52763072,549,1,1,223900,223900,0,1,0,0,10489,1,744489,12367,1,901894
1,52765051,52765607,556,1,1,223859,223859,0,1,0,0,175893,2,83225848,199225,2,2000006803
1,52781290,52781876,586,1,1,223869,223869,0,1,0,0,174759,2,83160013,175404,2,83205280
1,52796147,52797252,1105,2,2,223089,223092,0,2,0,0,178401,1,84116588,178418,2,84118329
1,52798769,52799325,556,1,1,223082,223082,0,1,0,0,177066,1,83279929,177779,2,83319785
1,52801601,52802157,556,1,1,223861,223861,0,1,0,0,177965,2,83327438,202924,2,2000018267
1,52805832,52806376,544,1,1,223857,223857,0,1,0,0,176939,2,83273368,174777,1,83160771
1,52808940,52809491,551,1,1,223080,223080,0,1,0,0,177092,1,83281638,176093,1,83230084
1,52817757,52818134,377,1,1,224114,224114,1,0,0,0,177113,2,83282303,177927,1,83326300
1,52818405,52818782,377,1,1,224116,224116,1,0,0,0,177927,1,83326300,129446,2,55070290
1,52822724,52823292,568,1,1,223764,223764,0,1,0,0,202710,2,2000017453,177569,2,83307539
1,52839090,52839481,391,1,1,223734,223734,1,0,0,0,177750,2,83319511,129097,1,55060624
1,52842595,52843146,551,1,1,224299,224299,0,1,0,0,19365,1,4101981,177184,2,83283031
1,52846960,52847511,551,1,1,224319,224319,0,1,0,0,177942,2,83327145,128405,2,55012314
1,52847989,52848375,386,1,1,222321,222321,1,0,0,0,128405,2,55012314,177197,2,83285129
1,52851038,52851587,549,1,1,224329,224329,0,1,0,0,205750,1,2000026911,175885,2,83224595
1,52853492,52854041,549,1,1,224335,224335,0,1,0,0,216720,1,2000057705,177215,2,83287157
1,52859657,52861301,1644,3,3,223221,223238,0,3,0,0,202233,2,2000016006,174946,1,83169273
1,52872964,52873513,549,1,1,224651,224651,0,1,0,0,176496,1,83255547,202780,2,2000017788
1,52958377,52958933,556,1,1,224318,224318,0,1,0,0,85460,2,29217234,177717,2,83316121
1,52978788,52979374,586,1,1,223186,223186,0,1,0,0,176814,2,83265700,218309,2,2000061365
1,52979953,52980504,551,1,1,224320,224320,0,1,0,0,218309,2,2000061365,175260,2,83191025
1,53008445,53008996,551,1,1,224317,224317,0,1,0,0,211688,2,2000044266,174723,2,83157014
1,53010147,53010693,546,1,1,221352,221352,0,1,0,0,174505,2,83139821,174339,2,83125867
1,53012182,53012733,551,1,1,223858,223858,0,1,0,0,177014,2,83277731,26365,1,7001049
1,53013131,53013717,586,1,1,223873,223873,0,1,0,0,26365,1,7001049,215652,2,2000055362
1,53026124,53026675,551,1,1,224305,224305,0,1,0,0,176847,1,83269104,176830,2,83267122
1,53027517,53028068,551,1,1,224330,224330,0,1,0,0,176819,1,83266066,203327,2,2000019348
1,53032066,53032457,391,1,1,224758,224758,1,0,0,0,176705,1,83261483,214277,2,2000051371
1,53067487,53067878,391,1,1,221823,221823,1,0,0,0,176495,1,83255503,174306,2,83121110
1,53120709,53121260,551,1,1,223233,223233,0,1,0,0,177735,1,83317973,10229,1,726918
1,53126251,53127388,1137,2,2,223855,223862,0,2,0,0,174779,1,83160871,129149,1,55061530
1,53140843,53141392,549,1,1,224731,224731,0,1,0,0,178106,2,83334886,177523,2,83304872
1,53162148,53162534,386,1,1,220961,220961,1,0,0,0,177217,2,83287578,176963,2,83273957
1,53254323,53254700,377,1,1,221842,221842,1,0,0,0,175915,2,83226500,177028,2,83278778
1,53258967,53259353,386,1,1,223985,223985,1,0,0,0,175217,2,83188772,213810,1,2000049953
1,53260808,53262076,1268,3,3,221509,223987,2,1,0,0,175044,3,83174722,177610,2,83312528
1,53262627,53263404,777,2,2,223982,223983,2,0,0,0,177610,2,83312528,213820,1,2000049985
1,53264278,53264669,391,1,1,223981,223981,1,0,0,0,176261,2,83240164,175409,1,83205856
1,53265416,53265807,391,1,1,223890,223890,1,0,0,0,177095,2,83281674,175420,2,83206675
1,53269965,53270351,386,1,1,223248,223248,1,0,0,0,220439,2,2000067358,175213,2,83188129
1,53274436,53275127,691,1,1,222877,222877,0,0,1,0,176995,1,83276084,218887,2,2000063035
1,53278012,53278556,544,1,1,222749,222749,0,1,0,0,202531,1,2000016755,178449,2,84124044
1,53281692,53282248,556,1,1,224272,224272,0,1,0,0,202533,1,2000016765,176854,2,83269705
1,53289391,53291112,1721,3,3,222616,222796,0,3,0,0,175425,1,83206885,220438,2,2000067349
1,53291668,53292815,1147,2,2,222699,222797,0,2,0,0,220438,2,2000067349,220441,2,2000067364
1,53294542,53296302,1760,3,3,222562,222744,0,3,0,0,220414,2,2000067281,211125,1,2000042555
1,53296674,53297218,544,1,1,222745,222745,0,1,0,0,211125,1,2000042555,175381,1,83204155
1,53299564,53301910,2346,4,4,222585,222748,0,4,0,0,174396,2,83135005,175715,2,83220312
1,53302855,53304571,1716,3,3,222563,222795,0,3,0,0,174707,2,83156428,174737,2,83157870
1,53305152,53306927,1775,3,3,222701,222874,0,3,0,0,174737,2,83157870,174317,2,83122004
1,53307471,53307947,476,1,1,222703,222703,0,1,0,0,174317,2,83122004,173925,2,83107802
1,53308528,53309072,544,1,1,222564,222564,0,1,0,0,173925,2,83107802,174234,2,83115531
1,53312589,53312909,320,1,1,223886,223886,1,0,0,0,215440,2,2000054909,178119,2,83335207
1,53313817,53314263,446,1,1,221672,221672,0,1,0,0,174706,2,83156266,201806,1,2000015141
1,53329109,53329486,377,1,1,225133,225133,1,0,0,0,12348,4,900310,174180,4,83113356
1,53330160,53330480,320,1,1,223984,223984,1,0,0,0,174177,4,83113344,174102,4,83113047
1,53336501,53336797,296,1,1,223023,223023,1,0,0,0,175641,4,83216543,174104,4,83113058
1,53338407,53338798,391,1,1,223888,223888,1,0,0,0,10383,4,740479,86806,1,29242071
1,53342674,53342970,296,1,1,223780,223780,1,0,0,0,174116,4,83113138,174117,4,83113141
1,54137094,54137640,546,1,1,223153,223153,0,1,0,0,10005,1,711273,196242,1,96152326
1,54174913,54175459,546,1,1,223158,223158,0,1,0,0,207463,2,2000031643,196518,2,96163952
1,54209572,54210118,546,1,1,223447,223447,0,1,0,0,195306,2,96078346,195804,2,96125440
1,54215535,54216081,546,1,1,223443,223443,0,1,0,0,205630,2,2000026526,10178,3,719136
1,54232731,54233277,546,1,1,223455,223455,0,1,0,0,196306,2,96159228,195555,2,96105350
1,54273935,54274481,546,1,1,223440,223440,0,1,0,0,10090,1,714958,195956,2,96137834
1,54275655,54276201,546,1,1,224146,224146,0,1,0,0,195657,2,96113666,195335,2,96080054
1,54312059,54312647,588,1,1,224024,224024,0,1,0,0,196022,2,96142944,205606,2,2000026477
1,54322095,54322634,539,1,1,224315,224315,0,1,0,0,195543,2,96104337,195811,2,96125553
1,54329509,54330048,539,1,1,224322,224322,0,1,0,0,195775,2,96122118,194834,2,96024916
1,54345261,54345807,546,1,1,223308,223308,0,1,0,0,196064,2,96144323,201293,2,2000013806
1,54357838,54358377,539,1,1,223392,223392,0,1,0,0,216895,2,2000058274,196404,2,96161572
1,54373381,54375117,1736,4,4,220827,221505,3,1,0,0,205746,1,2000026885,209886,2,2000038706
1,54463610,54464156,546,1,1,220877,220877,0,1,0,0,195920,2,96134819,217486,2,2000059475
1,54470529,54470896,367,1,1,224453,224453,1,0,0,0,212649,2,2000046919,209389,2,2000037399
1,54503096,54503477,381,1,1,220866,220866,1,0,0,0,195919,2,96134818,215435,2,2000054898
1,54522203,54522749,546,1,1,224439,224439,0,1,0,0,208261,2,2000033772,196310,2,96159314
1,54527294,54527870,576,1,1,222394,222394,0,1,0,0,200376,2,2000010482,196333,2,96159612
1,54540313,54540852,539,1,1,224173,224173,0,1,0,0,196394,2,96161520,196021,2,96142904
1,54541944,54542502,558,1,1,223927,223927,0,1,0,0,199410,2,2000007681,195706,2,96115993
1,54597431,54597812,381,1,1,221123,221123,1,0,0,0,10023,1,711587,9936,1,710129
1,54598846,54599422,576,1,1,224872,224872,0,1,0,0,216939,2,2000058426,9945,1,710283
1,54614423,54614962,539,1,1,223538,223538,0,1,0,0,195328,1,96079764,195596,1,96110131
1,54623148,54623694,546,1,1,223874,223874,0,1,0,0,196334,2,96159659,196069,1,96144531
1,54647692,54648275,583,1,1,224070,224070,0,1,0,0,201456,2,2000014231,208749,2,2000035335
1,54650863,54651402,539,1,1,223926,223926,0,1,0,0,195653,2,96113158,204367,2,2000022866
1,54655148,54655694,546,1,1,223876,223876,0,1,0,0,196174,2,96149440,201224,2,2000013604
1,54658454,54658864,410,1,1,220958,220958,1,0,0,0,196493,2,96163687,205607,2,2000026482
1,54660525,54661071,546,1,1,222260,222260,0,1,0,0,196313,2,96159421,217153,2,2000058861
1,54664555,54665131,576,1,1,223889,223889,0,1,0,0,201295,2,2000013808,196048,2,96143624
1,54668302,54668848,546,1,1,224431,224431,0,1,0,0,201220,2,2000013599,202487,2,2000016611
1,54669970,54670533,563,1,1,223288,223288,0,1,0,0,196309,2,96159233,213898,2,2000050209
1,54681497,54682043,546,1,1,223881,223881,0,1,0,0,10083,1,714764,212934,2,2000047557
1,54722867,54723234,367,1,1,222065,222065,1,0,0,0,195994,1,96142554,196359,1,96160126
1,54724634,54725001,367,1,1,222364,222364,1,0,0,0,196012,1,96142810,194759,1,96018178
1,54727637,54728004,367,1,1,222560,222560,1,0,0,0,213876,1,2000050167,196035,1,96143270
1,54729477,54729844,367,1,1,222793,222793,1,0,0,0,213889,2,2000050195,213899,2,2000050211
1,54782889,54783445,556,1,1,223891,223891,0,1,0,0,207245,2,2000030987,209065,2,2000036497
1,54783991,54784559,568,1,1,223289,223289,0,1,0,0,209065,2,2000036497,216429,2,2000056969
1,54785105,54785651,546,1,1,223877,223877,0,1,0,0,216429,2,2000056969,196464,2,96163352
1,54786197,54786743,546,1,1,223883,223883,0,1,0,0,196464,2,96163352,196465,2,96163353
1,54789483,54790029,546,1,1,223878,223878,0,1,0,0,213881,2,2000050180,195640,1,96111838
1,54798150,54798723,573,1,1,223287,223287,0,1,0,0,213870,2,2000050147,217466,2,2000059429
1,54799262,54799808,546,1,1,223885,223885,0,1,0,0,217466,2,2000059429,205318,2,2000025768
1,54801827,54802395,568,1,1,223290,223290,0,1,0,0,205319,2,2000025769,212925,2,2000047539
1,54804825,54805371,546,1,1,224420,224420,0,1,0,0,218484,1,2000061981,213097,1,2000047955
1,54813786,54814332,546,1,1,224344,224344,0,1,0,0,196469,2,96163357,85457,2,29217230
1,54826227,54826773,546,1,1,224421,224421,0,1,0,0,218096,1,2000060622,218448,1,2000061916
1,54852820,54853359,539,1,1,223928,223928,0,1,0,0,196074,1,96144965,212275,2,2000045905
1,54880204,54880957,753,2,2,221307,222822,2,0,0,0,195143,4,96056614,195468,4,96093396
1,54881554,54881952,398,1,1,221343,221343,1,0,0,0,195473,1,96093623,196428,4,96162154
1,54882822,54883094,272,1,1,221359,221359,1,0,0,0,196122,1,96146671,195138,4,96056591
1,54883409,54883695,286,1,1,221452,221452,1,0,0,0,196430,4,96162158,194989,4,96044521
1,54886596,54887140,544,2,2,221706,221778,2,0,0,0,195463,4,96093383,195140,4,96056608
1,54888347,54888986,639,2,2,221911,221912,2,0,0,0,194670,4,96010926,194671,4,96010930
1,54890012,54890284,272,1,1,222036,222036,1,0,0,0,196323,1,96159523,206072,1,2000027926
1,55067415,55067716,301,1,1,220975,220975,1,0,0,0,127269,1,53171097,124978,2,53060517
1,55125758,55126059,301,1,1,222048,222048,1,0,0,0,124565,2,53029798,125080,2,53070755
1,55127666,55128048,382,1,1,222871,222871,1,0,0,0,124626,1,53037251,125511,2,53103800
1,55185708,55186104,396,1,1,223897,223897,1,0,0,0,124236,3,53004536,124516,2,53025725
1,55208821,55209107,286,1,1,221727,221727,1,0,0,0,19896,1,5000601,125025,1,53063500
1,55268720,55269116,396,1,1,224018,224018,1,0,0,0,1668,1,15826,124544,1,53027870
1,55314007,55314403,396,1,1,220837,220837,1,0,0,0,125234,2,53089486,125592,2,53109313
1,55337834,55338230,396,1,1,224017,224017,1,0,0,0,124805,2,53052888,10857,2,764153
1,55368911,55369506,595,1,1,222971,222971,0,1,0,0,125782,2,53117303,125017,2,53063177
1,55393254,55393650,396,1,1,223536,223536,1,0,0,0,127142,2,53167331,124636,1,53038748
1,55415961,55416262,301,1,1,220835,220835,1,0,0,0,124596,3,53031660,125465,2,53101972
1,55437492,55437898,406,1,1,223535,223535,1,0,0,0,124673,2,53041222,125937,2,53125056
1,55438916,55439298,382,1,1,224294,224294,1,0,0,0,125910,1,53124590,126837,1,53160308
1,55508317,55508716,399,1,1,222021,222021,1,0,0,0,124487,2,53024177,125853,2,53122118
1,55511985,55512393,408,1,1,222341,222341,1,0,0,0,124534,1,53026894,125775,1,53116399
1,55525013,55525421,408,1,1,224015,224015,1,0,0,0,94825,3,36516404,124669,2,53040833
1,55601887,55602283,396,1,1,222743,222743,1,0,0,0,127076,2,53166476,16549,1,2012763
1,55643761,55644157,396,1,1,224180,224180,1,0,0,0,125889,2,53123151,126334,2,53140046
1,55673720,55674311,591,1,1,222945,222945,0,1,0,0,215336,2,2000054707,87321,1,31037564
1,55679162,55679765,603,1,1,223980,223980,0,1,0,0,213170,1,2000048270,125851,2,53122074
1,55751140,55751760,620,1,1,221513,221513,0,1,0,0,124397,2,53018655,124522,1,53026198
1,55757252,55757867,615,1,1,221776,221776,0,1,0,0,210558,2,2000040438,210512,2,2000040324
1,55770774,55771389,615,1,1,222565,222565,0,1,0,0,125210,2,53088918,125669,2,53113118
1,55807865,55808426,561,1,1,222949,222949,0,1,0,0,127995,2,53189734,126630,2,53151205
1,55818260,55818654,394,1,1,224175,224175,1,0,0,0,125601,3,53109781,127441,1,53175783
1,55849094,55849685,591,1,1,222940,222940,0,1,0,0,126878,2,53162350,11003,3,772592
1,55865541,55865923,382,1,1,223830,223830,1,0,0,0,126419,2,53141908,125313,2,53094844
1,55899932,55900540,608,1,1,224049,224049,0,1,0,0,127453,2,53175905,124781,2,53051935
1,55907663,55908273,610,1,1,222480,222480,0,1,0,0,127964,3,53188007,127201,2,53168556
1,55910675,55911071,396,1,1,224641,224641,1,0,0,0,127329,2,53173146,10987,1,771984
1,55912520,55913081,561,1,1,222697,222697,0,1,0,0,126679,2,53152481,10790,3,761294
1,55920981,55921572,591,1,1,222948,222948,0,1,0,0,126956,1,53163189,125394,2,53099168
1,56002446,56002939,493,1,1,221803,221803,0,1,0,0,125898,2,53124265,125725,2,53114562
1,56036308,56036947,639,1,1,221806,221806,0,1,0,0,126860,2,53160871,212678,2,2000047020
1,56058027,56058618,591,1,1,224274,224274,0,1,0,0,126102,2,53132867,126898,2,53162706
1,56084082,56085343,1261,2,2,221782,221784,0,2,0,0,124748,2,53049873,124796,2,53052414
1,56088465,56089026,561,1,1,222944,222944,0,1,0,0,183804,2,89062278,127040,2,53165503
1,56098365,56098761,396,1,1,220838,220838,1,0,0,0,124769,2,53050962,127167,2,53167666
1,56139676,56140237,561,1,1,222022,222022,0,1,0,0,125213,2,53088938,124247,1,53005968
1,56183515,56183904,389,1,1,222792,222792,1,0,0,0,126480,2,53145536,10744,3,759727
1,56202763,56203329,566,1,1,224165,224165,0,1,0,0,126815,2,53159718,125907,2,53124585
1,56203946,56204537,591,1,1,221801,221801,0,1,0,0,125907,2,53124585,127114,2,53166879
1,56225915,56226518,603,1,1,221791,221791,0,1,0,0,126989,2,53163789,86629,2,29237773
1,56227086,56227482,396,1,1,224179,224179,1,0,0,0,86629,2,29237773,200320,2,2000010319
1,56234037,56234628,591,1,1,221802,221802,0,1,0,0,10614,1,752047,125449,2,53101516
1,56242305,56244114,1809,3,3,221194,222942,0,3,0,0,209057,2,2000036463,217462,2,2000059419
1,56245348,56245946,598,1,1,224053,224053,0,1,0,0,125559,2,53108004,126795,2,53159031
1,56256684,56257299,615,1,1,221781,221781,0,1,0,0,215014,2,2000053442,126855,2,53160689
1,56265718,56266309,591,1,1,221195,221195,0,1,0,0,126121,2,53133718,10709,3,757657
1,56268220,56269214,994,2,2,222019,223792,1,1,0,0,125269,2,53091930,11051,1,801547
1,56270307,56270905,598,1,1,221805,221805,0,1,0,0,217168,2,2000058918,127471,1,53175966
1,56273074,56273679,605,1,1,224916,224916,0,1,0,0,127557,2,53177268,125845,2,53121922
1,56275877,56276468,591,1,1,221956,221956,0,1,0,0,127972,2,53188345,127206,2,53168931
1,56296293,56296898,605,1,1,221780,221780,0,1,0,0,127328,2,53173023,127244,2,53170479
1,56299860,56300570,710,1,1,221777,221777,0,0,1,0,124256,2,53006579,217478,2,2000059461
1,56301758,56302971,1213,2,2,221792,221795,0,2,0,0,127941,2,53186735,126543,2,53148460
1,56303469,56304108,639,1,1,221786,221786,0,1,0,0,126543,2,53148460,127823,1,53182894
1,56315805,56316403,598,1,1,222802,222802,0,1,0,0,125332,2,53095117,126113,2,53133094
1,56324092,56325244,1152,2,2,223768,224052,0,2,0,0,127312,2,53172592,127669,2,53180814
1,56340825,56341416,591,1,1,221972,221972,0,1,0,0,215348,2,2000054729,127624,2,53179111
1,56347099,56347690,591,1,1,221790,221790,0,1,0,0,127881,2,53184991,125073,1,53070642
1,56350903,56351299,396,1,1,224636,224636,1,0,0,0,124409,2,53019022,220597,2,2000068045
1,56361816,56362389,573,1,1,222694,222694,0,1,0,0,34,1,226,124303,2,53010654
1,56364163,56364724,561,1,1,222804,222804,0,1,0,0,127971,2,53188344,126770,2,53157409
1,56365205,56365796,591,1,1,221886,221886,0,1,0,0,126770,2,53157409,125122,2,53073568
1,56369399,56369960,561,1,1,222928,222928,0,1,0,0,125513,2,53103802,127639,2,53179838
1,56371845,56372406,561,1,1,224071,224071,0,1,0,0,125977,3,53125760,127233,2,53170355
1,56374810,56375401,591,1,1,222017,222017,0,1,0,0,126269,2,53138686,126975,2,53163585
1,56377898,56378489,591,1,1,221974,221974,0,1,0,0,218472,2,2000061956,125931,2,53124915
1,56380350,56380977,627,1,1,222020,222020,0,1,0,0,127137,2,53167161,125813,1,53119737
1,56385866,56387060,1194,2,2,223384,223414,0,2,0,0,127117,2,53166935,10683,1,755574
1,56389222,56389618,396,1,1,224494,224494,1,0,0,0,125862,2,53122338,124327,3,53012255
1,56398531,56399122,591,1,1,224975,224975,0,1,0,0,203653,2,2000020297,10835,1,762910
1,56405559,56406120,561,1,1,223821,223821,0,1,0,0,10920,3,766857,10928,1,767618
1,56455158,56455756,598,1,1,221311,221311,0,1,0,0,127320,1,53172603,124503,1,53025038
1,56456042,56456633,591,1,1,224048,224048,0,1,0,0,124503,1,53025038,127017,2,53164407
1,56459395,56460577,1182,2,2,224068,224069,0,2,0,0,126268,2,53138685,127081,2,53166516
1,56461759,56462179,420,1,1,221722,221722,1,0,0,0,124547,2,53027991,127085,2,53166557
1,56463776,56464367,591,1,1,221798,221798,0,1,0,0,126291,1,53139018,127088,2,53166590
1,56465869,56466442,573,1,1,223484,223484,0,1,0,0,125935,1,53125054,211016,2,2000042247
1,56472294,56472892,598,1,1,221797,221797,0,1,0,0,125617,2,53110119,86644,2,29237804
1,56484602,56485224,622,1,1,221888,221888,0,1,0,0,126935,2,53162905,184513,2,90077824
1,56487021,56487612,591,1,1,221882,221882,0,1,0,0,126273,2,53138752,124645,2,53039380
1,56495040,56495631,591,1,1,223748,223748,0,1,0,0,127957,2,53187317,126540,2,53148428
1,56500002,56500593,591,1,1,224340,224340,0,1,0,0,820,1,8307,126680,2,53152482
1,56505960,56507161,1201,2,2,221779,223712,0,2,0,0,126629,2,53151203,126538,1,53148118
1,56515620,56517375,1755,3,3,221794,224657,0,3,0,0,126082,1,53131873,215457,2,2000054949
1,56517966,56518527,561,1,1,221887,221887,0,1,0,0,215457,2,2000054949,126726,2,53156135
1,56522027,56522618,591,1,1,221980,221980,0,1,0,0,217893,2,2000060260,126883,2,53162452
1,56525022,56525613,591,1,1,224171,224171,0,1,0,0,127306,2,53172138,127587,2,53177974
1,56527998,56528601,603,1,1,221785,221785,0,1,0,0,127241,2,53170476,125726,2,53114563
1,56529790,56530375,585,1,1,223510,223510,0,1,0,0,127663,2,53180583,126098,2,53132663
1,56530966,56531374,408,1,1,222342,222342,1,0,0,0,126098,2,53132663,127431,2,53175570
1,56545638,56546236,598,1,1,224919,224919,0,1,0,0,124708,2,53048411,125350,2,53098015
1,56553370,56553968,598,1,1,224566,224566,0,1,0,0,126807,3,53159683,127536,2,53176965
1,56559523,56560084,561,1,1,224073,224073,0,1,0,0,126589,2,53149917,127082,2,53166517
1,56564511,56565072,561,1,1,223843,223843,0,1,0,0,126118,2,53133399,126834,2,53159998
1,56565670,56566261,591,1,1,224645,224645,0,1,0,0,126834,2,53159998,127589,2,53177976
1,56568040,56568631,591,1,1,224662,224662,0,1,0,0,127591,1,53177978,126467,2,53145067
1,56578299,56578860,561,1,1,221892,221892,0,1,0,0,127656,2,53180470,125039,2,53065412
1,56581267,56581865,598,1,1,221903,221903,0,1,0,0,126238,2,53138464,125611,2,53109984
1,56591464,56592025,561,1,1,222761,222761,0,1,0,0,127762,2,53181847,203626,2,2000020236
1,56593615,56594206,591,1,1,223533,223533,0,1,0,0,124561,1,53029656,126485,2,53145578
1,56597017,56597578,561,1,1,221936,221936,0,1,0,0,10971,1,770825,126722,2,53155249
1,56611546,56612107,561,1,1,223822,223822,0,1,0,0,127824,1,53182895,124384,1,53017951
1,56617398,56618037,639,1,1,225069,225069,0,1,0,0,214684,2,2000052609,127618,2,53178736
1,56619243,56619834,591,1,1,224656,224656,0,1,0,0,127138,2,53167163,126228,2,53138443
1,56632091,56632711,620,1,1,221998,221998,0,1,0,0,125057,2,53069337,125029,2,53063732
1,56633211,56633772,561,1,1,222018,222018,0,1,0,0,125029,2,53063732,124322,2,53011991
1,56637838,56639027,1189,2,2,221877,223487,0,2,0,0,126103,2,53132870,10921,1,766866
1,56639423,56639984,561,1,1,223486,223486,0,1,0,0,10921,1,766866,126344,3,53140162
1,56642089,56642680,591,1,1,221192,221192,0,1,0,0,126355,1,53140769,124722,2,53048729
1,56646667,56647294,627,1,1,221796,221796,0,1,0,0,215452,2,2000054941,125888,2,53123134
1,56647892,56648483,591,1,1,221896,221896,0,1,0,0,125888,2,53123134,126801,2,53159469
1,56649037,56649635,598,1,1,224827,224827,0,1,0,0,126801,2,53159469,219810,2,2000065437
1,56652401,56654126,1725,3,3,221884,224559,0,3,0,0,127965,2,53188013,126005,2,53126895
1,56655911,56656509,598,1,1,221309,221309,0,1,0,0,125700,2,53114261,126862,2,53160888
1,56658886,56659447,561,1,1,221984,221984,0,1,0,0,127135,2,53167125,126789,2,53158449
1,56660045,56661197,1152,2,2,224573,224778,0,2,0,0,126789,2,53158449,124652,1,53039856
1,56661605,56661918,313,1,1,220836,220836,1,0,0,0,124652,1,53039856,127626,2,53179138
1,56669526,56670087,561,1,1,221885,221885,0,1,0,0,82588,2,29087858,124305,2,53010686
1,56709907,56710498,591,1,1,224660,224660,0,1,0,0,10675,1,755051,124697,2,53047522
1,56727403,56727957,554,1,1,222612,222612,0,1,0,0,126125,2,53133759,209059,2,2000036476
1,56775821,56776412,591,1,1,224569,224569,0,1,0,0,127438,2,53175757,127715,2,53181405
1,56778125,56778686,561,1,1,224563,224563,0,1,0,0,214077,2,2000050766,127790,2,53182202
1,56780490,56781051,561,1,1,223770,223770,0,1,0,0,125462,2,53101911,127693,2,53181051
1,56784282,56784843,561,1,1,221982,221982,0,1,0,0,127391,2,53174580,126720,2,53155167
1,56791849,56792403,554,1,1,224178,224178,0,1,0,0,214680,2,2000052601,126691,2,53152720
1,56794207,56794768,561,1,1,221985,221985,0,1,0,0,86711,2,29240381,127203,2,53168565
1,56797066,56797664,598,1,1,224137,224137,0,1,0,0,126434,2,53142623,125267,1,53091711
1,56798060,56798621,561,1,1,221876,221876,0,1,0,0,125267,1,53091711,218490,2,2000061991
1,56799810,56800779,969,2,2,221881,224382,1,1,0,0,127620,2,53178774,214797,2,2000052966
1,56804864,56805425,561,1,1,221893,221893,0,1,0,0,126833,2,53159994,127640,2,53179917
1,56831221,56831782,561,1,1,224555,224555,0,1,0,0,127968,2,53188341,127059,2,53165603
1,56839638,56840199,561,1,1,224567,224567,0,1,0,0,127751,2,53181705,10617,1,752087
1,56842369,56842960,591,1,1,223534,223534,0,1,0,0,127766,2,53181851,127163,2,53167642
1,56844623,56845184,561,1,1,221978,221978,0,1,0,0,126910,2,53162802,124289,2,53009766
1,56846798,56847920,1122,2,2,221986,224169,0,2,0,0,125707,2,53114340,125438,1,53101337
1,56863765,56864326,561,1,1,224774,224774,0,1,0,0,127148,2,53167355,125887,2,53122972
1,56873025,56873598,573,1,1,221799,221799,0,1,0,0,124196,2,53001702,127404,2,53175149
1,56875414,56875975,561,1,1,224174,224174,0,1,0,0,124663,2,53040471,127501,2,53176296
1,56877655,56878246,591,1,1,221879,221879,0,1,0,0,127554,2,53177208,127633,2,53179454
1,56878844,56879405,561,1,1,223771,223771,0,1,0,0,127633,2,53179454,217997,2,2000060451
1,56892191,56892782,591,1,1,221148,221148,0,1,0,0,558,1,4845,127600,2,53177992
1,56895604,56896195,591,1,1,221976,221976,0,1,0,0,127418,2,53175453,10648,1,753682
1,56898395,56898949,554,1,1,224352,224352,0,1,0,0,126909,2,53162801,124537,1,53027179
1,56901159,56901757,598,1,1,224565,224565,0,1,0,0,125547,2,53107606,125483,2,53102198
1,56902348,56902909,561,1,1,224568,224568,0,1,0,0,125483,2,53102198,127909,2,53186117
1,56913024,56913585,561,1,1,224748,224748,0,1,0,0,127851,2,53183241,127862,2,53183913
1,56914772,56915333,561,1,1,224663,224663,0,1,0,0,4490,2,214944,124842,2,53054725
1,56919379,56920555,1176,2,2,223511,223520,0,2,0,0,127967,2,53188021,127526,2,53176464
1,56922356,56922917,561,1,1,223760,223760,0,1,0,0,124332,2,53012840,125514,2,53103803
1,56923508,56924069,561,1,1,224075,224075,0,1,0,0,125514,2,53103803,126522,2,53146874
1,56925135,56925726,591,1,1,224560,224560,0,1,0,0,127190,2,53168229,86698,2,29240367
1,56927803,56928364,561,1,1,224350,224350,0,1,0,0,127199,2,53168550,10707,1,757654
1,56939764,56940920,1156,2,2,224078,224571,0,2,0,0,214645,2,2000052450,126558,2,53149514
1,56944856,56945417,561,1,1,224744,224744,0,1,0,0,126846,2,53160344,126904,2,53162744
1,56980934,56981495,561,1,1,221977,221977,0,1,0,0,205692,2,2000026726,125637,2,53111605
1,56983085,56983646,561,1,1,221981,221981,0,1,0,0,58,1,479,125562,2,53108049
1,56994591,56995182,591,1,1,224562,224562,0,1,0,0,124713,1,53048503,124676,1,53041444
1,56995578,56996734,1156,2,2,224138,224141,0,2,0,0,124676,1,53041444,4215,3,156275
1,56997490,56999135,1645,3,3,223418,224127,0,3,0,0,4215,3,156275,213343,2,2000048878
1,57025471,57026025,554,1,1,224079,224079,0,1,0,0,125672,2,53113360,126821,2,53159725
1,57026640,57027201,561,1,1,224125,224125,0,1,0,0,126821,2,53159725,126521,2,53146824
1,57028300,57028861,561,1,1,224126,224126,0,1,0,0,198271,2,98061363,184089,2,89068986
1,57032438,57033046,608,1,1,224658,224658,0,1,0,0,126645,2,53151378,127853,2,53183612
1,57036532,57037647,1115,2,2,224168,224561,0,2,0,0,127439,2,53175758,218198,2,2000060937
1,57047068,57047666,598,1,1,224564,224564,0,1,0,0,126264,2,53138670,126305,2,53139246
1,57058730,57059291,561,1,1,224783,224783,0,1,0,0,127769,2,53181855,10843,2,763061
1,57062019,57062580,561,1,1,221878,221878,0,1,0,0,86703,2,29240372,127746,2,53181653
1,57065549,57066110,561,1,1,223544,223544,0,1,0,0,127601,2,53177994,126105,2,53132873
1,57069728,57070289,561,1,1,224572,224572,0,1,0,0,125553,2,53107704,124573,2,53030095
1,57085514,57086075,561,1,1,224570,224570,0,1,0,0,126488,2,53145585,10816,2,762434
1,57087279,57087840,561,1,1,223767,223767,0,1,0,0,126737,2,53156407,127478,2,53175982
1,57105742,57106303,561,1,1,221902,221902,0,1,0,0,126372,2,53141017,125840,2,53121760
1,57115382,57115943,561,1,1,223545,223545,0,1,0,0,127540,2,53177080,127562,2,53177316
1,57132259,57132820,561,1,1,221904,221904,0,1,0,0,126970,2,53163469,127028,2,53165162
1,57134453,57135014,561,1,1,224795,224795,0,1,0,0,127586,2,53177973,127423,2,53175498
1,57138072,57138633,561,1,1,224558,224558,0,1,0,0,10811,1,762139,126541,2,53148435
1,57139231,57139792,561,1,1,224351,224351,0,1,0,0,126541,2,53148435,125389,2,53099146
1,57148248,57148809,561,1,1,223896,223896,0,1,0,0,124536,1,53027150,127338,2,53173289
1,57177018,57177448,430,1,1,221024,221024,1,0,0,0,10672,1,754901,210389,2,2000040033
1,57235978,57236539,561,1,1,223759,223759,0,1,0,0,126484,2,53145575,126101,2,53132865
1,57237044,57237605,561,1,1,224659,224659,0,1,0,0,126101,2,53132865,126848,2,53160347
1,57242788,57243349,561,1,1,224787,224787,0,1,0,0,124323,2,53012142,126094,2,53132659
1,57246849,57247410,561,1,1,224792,224792,0,1,0,0,127954,2,53187180,10949,2,769384
1,57283108,57283669,561,1,1,223543,223543,0,1,0,0,200432,1,2000010670,214794,2,2000052961
1,57297488,57298049,561,1,1,224661,224661,0,1,0,0,125420,1,53099911,124963,2,53059934
1,57314900,57315461,561,1,1,224739,224739,0,1,0,0,127386,2,53174006,10793,3,761319
1,57323521,57324082,561,1,1,223758,223758,0,1,0,0,124668,2,53040828,127015,2,53164404
1,57324655,57325216,561,1,1,223757,223757,0,1,0,0,127015,2,53164404,127019,2,53164409
1,57342850,57343441,591,1,1,224650,224650,0,1,0,0,125920,2,53124802,10820,1,762515
1,57349067,57349628,561,1,1,224735,224735,0,1,0,0,124829,3,53054439,125147,2,53075017
1,57357353,57357914,561,1,1,224785,224785,0,1,0,0,125074,2,53070643,127565,2,53177319
1,57388735,57389857,1122,2,2,224648,224736,0,2,0,0,125166,2,53084211,10862,2,764208
1,57432623,57433184,561,1,1,224647,224647,0,1,0,0,125693,2,53114079,124509,2,53025185
1,57537379,57537991,612,1,1,222465,222465,0,1,0,0,126204,4,53137922,10924,1,767056
1,57546261,57547944,1683,3,3,222725,222733,0,3,0,0,125172,1,53084350,127902,1,53185617
1,57549407,57549717,310,1,1,223139,223139,1,0,0,0,125902,4,53124336,125200,1,53087435
1,57551036,57551335,299,1,1,223095,223095,1,0,0,0,126839,1,53160336,125235,1,53089487
1,57555546,57555857,311,1,1,223094,223094,1,0,0,0,95161,1,37006941,125254,4,53090558
1,58175589,58176165,576,1,1,221622,221622,0,1,0,0,122915,2,52071446,123060,2,52076622
1,58304530,58305118,588,1,1,221639,221639,0,1,0,0,122481,2,52037331,122863,2,52069872
1,58311707,58312283,576,1,1,221659,221659,0,1,0,0,123584,2,52090964,122961,2,52073028
1,58368071,58368659,588,1,1,221656,221656,0,1,0,0,123053,2,52076316,122912,2,52071435
1,58375862,58376450,588,1,1,221596,221596,0,1,0,0,123408,2,52087498,123685,2,52093233
1,58434122,58434661,539,1,1,221674,221674,0,1,0,0,5999,1,411555,123882,2,52097356
1,58436917,58437463,546,1,1,221658,221658,0,1,0,0,85743,2,29220238,124058,2,52099986
1,58441778,58442324,546,1,1,221640,221640,0,1,0,0,123765,2,52094761,123392,2,52087119
1,58442907,58443483,576,1,1,221660,221660,0,1,0,0,123392,2,52087119,5972,2,410481
1,58463203,58463779,576,1,1,221661,221661,0,1,0,0,123723,2,52093649,2330,1,116898
1,58719340,58720892,1552,4,4,221527,223240,3,1,0,0,2503,1,121048,4727,2,250512
1,58784619,58785005,386,1,1,225146,225146,1,0,0,0,95229,1,37012957,18840,1,3700299
1,59445434,59445818,384,1,1,222783,222783,1,0,0,0,96848,2,37077855,96694,2,37076175
1,59564953,59565504,551,1,1,221376,221376,0,1,0,0,96039,1,37059214,96031,2,37058879
1,59805375,59805926,551,1,1,224043,224043,0,1,0,0,96556,2,37071769,95128,2,37005706
1,59903676,59904244,568,1,1,220959,220959,0,1,0,0,203199,2,2000018853,1666,1,15791
1,59923756,59924314,558,1,1,220960,220960,0,1,0,0,96709,2,37076217,96715,2,37076228
1,59985675,59986231,556,1,1,221378,221378,0,1,0,0,97181,2,37085282,97050,2,37084663
1,60007884,60008440,556,1,1,221379,221379,0,1,0,0,96641,2,37073816,97057,2,37084670
1,60009547,60010103,556,1,1,220862,220862,0,1,0,0,97040,2,37084642,97266,2,37088080
1,60022610,60023159,549,1,1,221380,221380,0,1,0,0,97083,2,37084775,96798,2,37076845
1,60032274,60032818,544,1,1,221381,221381,0,1,0,0,97078,2,37084767,97056,2,37084669
1,60045151,60045700,549,1,1,221377,221377,0,1,0,0,200592,2,2000011302,205125,2,2000025289
1,60052468,60053036,568,1,1,221382,221382,0,1,0,0,95985,2,37058022,184085,2,89068689
1,60065560,60066116,556,1,1,221773,221773,0,1,0,0,96218,2,37064139,211323,2,2000043309
1,60072798,60073349,551,1,1,220861,220861,0,1,0,0,220580,2,2000067987,220581,2,2000067988
1,60075579,60076698,1119,2,2,220863,220864,0,2,0,0,95069,2,37003412,213049,2,2000047829
1,60083198,60083749,551,1,1,220865,220865,0,1,0,0,96666,1,37075217,202345,2,2000016230
1,60084366,60084927,561,1,1,221078,221078,0,1,0,0,202345,2,2000016230,200329,2,2000010344
1,60120953,60121528,575,1,1,221414,221414,0,1,0,0,12015,1,861903,214138,1,2000050961
1,60137498,60137780,282,1,1,222001,222001,1,0,0,0,213947,1,2000050386,4234,1,162610
1,60187474,60187751,277,1,1,222003,222003,1,0,0,0,1291,1,12201,2186,1,115833
1,60255505,60255787,282,1,1,221168,221168,1,0,0,0,96267,1,37064881,4243,1,163260
1,60256560,60256842,282,1,1,221167,221167,1,0,0,0,216624,1,2000057358,11753,1,850096
1,60257793,60258452,659,2,2,221074,221076,2,0,0,0,95765,1,37049800,95882,4,37053343
1,60260279,60260680,401,1,1,220957,220957,1,0,0,0,95714,1,37047504,95992,1,37058291
1,60261765,60262142,377,1,1,220860,220860,1,0,0,0,95779,1,37050534,4244,1,163277
1,60263136,60263513,377,1,1,220859,220859,1,0,0,0,95989,1,37058096,96542,1,37071550
1,60266656,60267028,372,1,1,222344,222344,1,0,0,0,95599,1,37043734,216964,1,2000058524
1,60268015,60268392,377,1,1,222343,222343,1,0,0,0,8376,1,600248,8382,1,600496
1,60271917,60272199,282,1,1,222004,222004,1,0,0,0,96367,1,37068753,96929,1,37078771
1,60275727,60276009,282,1,1,222490,222490,1,0,0,0,96175,1,37063346,96564,1,37071844
1,60280116,60280541,425,1,1,222691,222691,1,0,0,0,8400,1,601282,96568,1,37071870
1,60280944,60281495,551,1,1,222780,222780,0,1,0,0,96568,1,37071870,71027,1,23467828
1,60281777,60282154,377,1,1,222220,222220,1,0,0,0,71027,1,23467828,96569,1,37071871
1,60283196,60283759,563,1,1,222781,222781,0,1,0,0,96649,1,37074608,1024,1,10160
1,60286185,60286491,306,1,1,222968,222968,1,0,0,0,96570,1,37071896,217414,1,2000059300
1,60293566,60293848,282,1,1,223559,223559,1,0,0,0,96579,1,37071971,95616,1,37044148
1,60300606,60300888,282,1,1,222002,222002,1,0,0,0,8500,1,601918,95884,4,37053346
1,60332751,60333047,296,1,1,221476,221476,1,0,0,0,96291,1,37065092,212070,1,2000045413
1,60380869,60381447,578,1,1,223156,223156,0,1,0,0,209970,2,2000038934,132586,2,57164093
1,60418630,60419186,556,1,1,224131,224131,0,1,0,0,115481,2,47081799,115516,2,47094703
1,60505635,60506184,549,1,1,222929,222929,0,1,0,0,204313,1,2000022753,178768,2,84154022
1,60551863,60552532,669,1,1,221389,221389,0,1,0,0,12798,1,929686,139513,4,62013816
1,60587992,60588555,563,1,1,221579,221579,0,1,0,0,194305,2,95066653,115366,1,47046340
1,60783047,60783433,386,1,1,222579,222579,1,0,0,0,110479,1,43318233,137079,1,60026891
1,61154611,61154992,381,1,1,222900,222900,1,0,0,0,106067,1,43002294,9548,1,703627
1,61376296,61376718,422,1,1,222964,222964,1,0,0,0,107137,2,43074228,110843,2,43347677
1,62040253,62040652,399,1,1,222289,222289,1,0,0,0,109817,1,43270480,108185,2,43125189
1,62830180,62830561,381,1,1,223579,223579,1,0,0,0,107775,1,43095813,205019,2,2000024953
1,63049386,63049767,381,1,1,221315,221315,1,0,0,0,113036,1,43461386,111547,1,43392276
1,63229710,63230091,381,1,1,221271,221271,1,0,0,0,107699,2,43094098,111735,2,43393515
1,63253155,63253441,286,1,1,222514,222514,1,0,0,0,108705,1,43161349,111737,2,43393535
1,63259741,63260113,372,1,1,224900,224900,1,0,0,0,113926,2,43592381,207231,1,2000030943
1,63280356,63280737,381,1,1,222351,222351,1,0,0,0,110761,2,43339197,112157,2,43424802
1,63307787,63308168,381,1,1,221318,221318,1,0,0,0,204047,1,2000021723,9720,1,705403
1,63312314,63312598,284,1,1,222084,222084,1,0,0,0,111512,2,43391980,204622,2,2000023643
1,63346532,63347078,546,1,1,222353,222353,0,1,0,0,1547,1,14862,108500,1,43152387
1,63380922,63381193,271,1,1,221155,221155,1,0,0,0,9849,1,706443,111569,1,43392367
1,63391357,63391962,605,1,1,224063,224063,0,1,0,0,109719,1,43268949,106458,2,43021132
1,63465617,63466187,570,1,1,224804,224804,0,1,0,0,113527,1,43499829,114467,1,43615174
1,63517757,63518138,381,1,1,225076,225076,1,0,0,0,204678,2,2000023804,114343,1,43610102
1,63548539,63548920,381,1,1,221363,221363,1,0,0,0,215545,1,2000055095,29960,1,7982733
1,63553218,63553490,272,1,1,221361,221361,1,0,0,0,110814,2,43339886,108239,1,43126081
1,63561254,63561635,381,1,1,221275,221275,1,0,0,0,19089,1,3805065,111457,1,43391038
1,63573109,63573490,381,1,1,221043,221043,1,0,0,0,11340,1,829400,114480,1,43615413
1,63630700,63630972,272,1,1,221317,221317,1,0,0,0,114586,1,43616742,112857,1,43455461
1,63778403,63778784,381,1,1,222535,222535,1,0,0,0,113303,1,43486311,208862,1,2000035698
1,63784280,63784552,272,1,1,221913,221913,1,0,0,0,114417,2,43611995,109193,1,43207674
1,63794776,63795048,272,1,1,221350,221350,1,0,0,0,111155,2,43377059,837,1,8445
1,63798368,63798640,272,1,1,221362,221362,1,0,0,0,110027,1,43273950,109180,1,43207370
1,63801611,63801992,381,1,1,222536,222536,1,0,0,0,113843,2,43500808,212412,1,2000046290
1,63807748,63808129,381,1,1,221044,221044,1,0,0,0,112324,2,43425361,202989,2,2000018413
1,63817764,63818145,381,1,1,221272,221272,1,0,0,0,9848,1,706436,11683,1,836981
1,63825273,63825654,381,1,1,221279,221279,1,0,0,0,203866,2,2000021086,112135,2,43424753
1,63843361,63843645,284,1,1,222085,222085,1,0,0,0,217320,1,2000059117,111646,1,43392707
1,63849412,63849793,381,1,1,225044,225044,1,0,0,0,111610,1,43392569,198453,2,98063174
1,63993425,63994013,588,1,1,224800,224800,0,1,0,0,112361,2,43425474,113544,1,43499855
1,64029540,64029921,381,1,1,221319,221319,1,0,0,0,112105,2,43424663,111024,2,43372288
1,64030474,64030855,381,1,1,221316,221316,1,0,0,0,111024,2,43372288,9744,1,705549
1,64031367,64031748,381,1,1,221313,221313,1,0,0,0,9744,1,705549,112124,2,43424723
1,64036789,64037061,272,1,1,221278,221278,1,0,0,0,220341,1,2000066472,111418,2,43390509
1,64038362,64038743,381,1,1,221277,221277,1,0,0,0,107112,1,43073134,210775,1,2000041390
1,64041972,64042353,381,1,1,223185,223185,1,0,0,0,212262,1,2000045875,106023,1,43000552
1,64073127,64073520,393,1,1,221997,221997,1,0,0,0,217856,1,2000060207,217855,1,2000060206
1,64090523,64090895,372,1,1,223146,223146,1,0,0,0,110753,1,43339053,108846,2,43163244
1,64105484,64106411,927,2,2,224426,224432,1,1,0,0,216031,1,2000056289,112484,2,43425842
1,64117535,64118081,546,1,1,224291,224291,0,1,0,0,111728,1,43393457,204677,2,2000023801
1,64124210,64124763,553,1,1,224074,224074,0,1,0,0,30232,1,7991135,30228,1,7990972
1,64132977,64133358,381,1,1,221367,221367,1,0,0,0,110581,2,43322390,112961,2,43459113
1,64133934,64134315,381,1,1,221365,221365,1,0,0,0,112961,2,43459113,110576,2,43322273
1,64137201,64137582,381,1,1,221364,221364,1,0,0,0,111268,2,43381462,112924,2,43458568
1,64149492,64149873,381,1,1,222347,222347,1,0,0,0,113117,2,43462120,218366,1,2000061686
1,64152856,64153128,272,1,1,221346,221346,1,0,0,0,14865,1,1401486,11600,1,835185
1,64161283,64161555,272,1,1,221320,221320,1,0,0,0,208937,1,2000035962,110548,1,43321659
1,64193171,64193552,381,1,1,221280,221280,1,0,0,0,9597,1,704726,9829,1,706235
1,64213190,64213741,551,1,1,222444,222444,0,1,0,0,111121,2,43375381,212329,2,2000046070
1,64215090,64215362,272,1,1,221369,221369,1,0,0,0,112158,2,43424812,111742,2,43393560
1,64255688,64256264,576,1,1,224119,224119,0,1,0,0,111223,2,43379096,111221,2,43379088
1,64302954,64303335,381,1,1,222991,222991,1,0,0,0,114534,1,43616657,111650,1,43392725
1,64306465,64306846,381,1,1,221322,221322,1,0,0,0,107792,1,43095953,112136,2,43424754
1,64318711,64318983,272,1,1,221281,221281,1,0,0,0,113130,2,43462247,110067,2,43288825
1,64338164,64338545,381,1,1,223747,223747,1,0,0,0,114406,2,43611880,113649,2,43500185
1,64351857,64352238,381,1,1,222988,222988,1,0,0,0,110318,2,43302803,107813,1,43096211
1,64360000,64360272,272,1,1,224297,224297,1,0,0,0,109065,1,43203853,11611,1,835422
1,64373072,64373628,556,1,1,222638,222638,0,1,0,0,29990,1,7984075,114488,1,43615521
1,64374548,64374934,386,1,1,223376,223376,1,0,0,0,114386,2,43611619,110224,2,43298182
1,64381926,64382307,381,1,1,222518,222518,1,0,0,0,112849,1,43455389,94,1,834
1,64413817,64414198,381,1,1,221914,221914,1,0,0,0,109898,1,43271744,111629,1,43392651
1,64420837,64421218,381,1,1,222986,222986,1,0,0,0,111232,2,43379702,114927,2,43617799
1,64439277,64439658,381,1,1,221366,221366,1,0,0,0,111766,2,43393619,111426,2,43390589
1,64441176,64441557,381,1,1,221351,221351,1,0,0,0,16489,1,2009729,9643,1,704971
1,64442590,64443352,762,2,2,221348,221349,2,0,0,0,112071,2,43424571,9664,1,705112
1,64444196,64444468,272,1,1,221347,221347,1,0,0,0,112069,2,43424560,113355,2,43486525
1,64445692,64445964,272,1,1,221321,221321,1,0,0,0,9715,1,705391,209549,1,2000037892
1,64447653,64448034,381,1,1,221312,221312,1,0,0,0,9753,1,705623,111831,1,43407050
1,64448686,64449067,381,1,1,221282,221282,1,0,0,0,25872,1,6100599,9771,1,705799
1,64466489,64467035,546,1,1,222323,222323,0,1,0,0,49547,2,16307266,108962,1,43200225
1,64496868,64497414,546,1,1,222334,222334,0,1,0,0,114336,1,43610073,112065,2,43424534
1,64518043,64518424,381,1,1,221728,221728,1,0,0,0,110832,2,43343800,109920,2,43271950
1,64539888,64540269,381,1,1,221787,221787,1,0,0,0,111131,2,43376327,112411,2,43425620
1,64637145,64637526,381,1,1,221758,221758,1,0,0,0,111613,1,43392587,9726,1,705446
1,64666207,64666588,381,1,1,222990,222990,1,0,0,0,107795,1,43096008,111020,2,43372282
1,64667288,64667669,381,1,1,222989,222989,1,0,0,0,107151,1,43074558,220379,1,2000067092
1,64673860,64674241,381,1,1,222987,222987,1,0,0,0,114312,2,43609607,114950,2,43619088
1,64681224,64681605,381,1,1,221438,221438,1,0,0,0,209817,1,2000038606,112965,2,43459188
1,64682844,64683497,653,2,2,221370,221371,2,0,0,0,220375,1,2000067074,209821,1,2000038612
1,64686322,64686703,381,1,1,221368,221368,1,0,0,0,1199,1,11330,114972,2,43619161
1,64708301,64708682,381,1,1,223753,223753,1,0,0,0,217858,1,2000060210,11659,1,836611
1,64714590,64715129,539,1,1,222566,222566,0,1,0,0,113364,2,43486571,18993,1,3802824
1,64715400,64715781,381,1,1,223755,223755,1,0,0,0,18993,1,3802824,109217,1,43208023
1,64721745,64722126,381,1,1,224296,224296,1,0,0,0,18919,1,3802120,106130,1,43005256
1,64722936,64723208,272,1,1,224298,224298,1,0,0,0,112666,2,43436423,18874,1,3801549
1,64727013,64727571,558,1,1,224551,224551,0,1,0,0,204884,2,2000024432,115034,2,43619458
1,64762437,64762818,381,1,1,221945,221945,1,0,0,0,111611,1,43392577,113959,2,43594086
1,64894018,64894399,381,1,1,222350,222350,1,0,0,0,114782,2,43617148,112104,2,43424660
1,64961377,64961758,381,1,1,222348,222348,1,0,0,0,110361,2,43315133,113869,2,43500885
1,64969979,64970525,546,1,1,222288,222288,0,1,0,0,113939,2,43592980,113690,2,43500318
1,65002856,65003402,546,1,1,222329,222329,0,1,0,0,112555,2,43426072,106753,1,43049819
1,65048823,65049204,381,1,1,223756,223756,1,0,0,0,110375,1,43316077,112601,2,43431013
1,65051971,65052352,381,1,1,222349,222349,1,0,0,0,113245,2,43486024,113696,2,43500335
1,65053708,65054254,546,1,1,222339,222339,0,1,0,0,113088,2,43461836,217397,1,2000059259
1,65058010,65058556,546,1,1,222332,222332,0,1,0,0,112142,2,43424774,11655,1,836548
1,65067121,65067502,381,1,1,223754,223754,1,0,0,0,111779,2,43395897,114475,1,43615315
1,65077449,65078211,762,2,2,221850,221872,2,0,0,0,111712,2,43393229,111713,2,43393232
1,65111225,65111771,546,1,1,222568,222568,0,1,0,0,113427,2,43486849,212323,2,2000046050
1,65145989,65147081,1092,2,2,222331,222333,0,2,0,0,203901,2,2000021222,112617,2,43433767
1,65167339,65167885,546,1,1,222561,222561,0,1,0,0,110728,2,43337777,111966,2,43409243
1,65190931,65191477,546,1,1,221938,221938,0,1,0,0,212349,2,2000046112,111718,1,43393323
1,65301355,65301901,546,1,1,222328,222328,0,1,0,0,205115,2,2000025239,9603,1,704769
1,65330226,65331318,1092,2,2,222335,222338,0,2,0,0,204958,2,2000024661,113318,2,43486356
1,65377324,65377870,546,1,1,222322,222322,0,1,0,0,113342,2,43486482,115007,2,43619302
1,65436851,65437421,570,1,1,222698,222698,0,1,0,0,113763,2,43500578,113829,2,43500776
1,65445307,65445853,546,1,1,222326,222326,0,1,0,0,203942,2,2000021348,204014,2,2000021636
1,65692338,65694580,2242,4,4,220895,221296,0,4,0,0,220431,1,2000067329,111344,4,43388745
1,66169335,66169918,583,1,1,224554,224554,0,1,0,0,105929,2,42106821,194220,2,95041053
1,66281338,66281931,593,1,1,225264,225264,0,1,0,0,105035,2,42069417,105906,2,42106335
1,66312222,66312771,549,1,1,225037,225037,0,1,0,0,105153,2,42075005,105550,2,42094981
1,66322318,66322869,551,1,1,223141,223141,0,1,0,0,105756,2,42101803,105449,2,42092687
1,66365373,66365912,539,1,1,225065,225065,0,1,0,0,194397,2,95076447,194403,2,95076456
1,66397967,66398518,551,1,1,224949,224949,0,1,0,0,104236,1,42018318,105694,2,42100147
1,66440809,66441360,551,1,1,224623,224623,0,1,0,0,29705,3,7867787,29634,2,7862190
1,66492552,66493701,1149,2,2,224866,225172,0,2,0,0,104609,2,42039959,105668,2,42099862
1,66648516,66649062,546,1,1,225063,225063,0,1,0,0,212475,2,2000046581,105143,2,42074752
1,66673231,66673782,551,1,1,225054,225054,0,1,0,0,105107,2,42073623,29771,2,7869450
1,66888042,66888615,573,1,1,225173,225173,0,1,0,0,105880,2,42105777,104869,2,42062083
1,67098411,67098962,551,1,1,225174,225174,0,1,0,0,105263,2,42077459,105741,2,42101375
1,67699050,67699448,398,1,1,223684,223684,1,0,0,0,29331,2,7840434,100634,1,39030867
1,67713860,67714258,398,1,1,222169,222169,1,0,0,0,101485,2,39057077,29383,1,7841892
1,67757515,67758059,544,1,1,224167,224167,0,1,0,0,100073,2,39000436,100788,2,39035766
1,67779023,67782419,3396,6,6,221035,221152,0,6,0,0,100914,2,39039847,200994,2,2000012768
1,67855193,67855496,303,1,1,222146,222146,1,0,0,0,100655,2,39031337,101243,2,39052624
1,67960780,67961368,588,1,1,222049,222049,0,1,0,0,100848,2,39036816,101494,2,39057098
1,67974035,67974664,629,1,1,221050,221050,0,1,0,0,100350,1,39008867,101630,2,39060760
1,67986340,67986948,608,1,1,224500,224500,0,1,0,0,101613,2,39060664,101448,2,39056950
1,67998851,67999432,581,1,1,221052,221052,0,1,0,0,100835,2,39036243,100621,2,39030709
1,68005077,68005628,551,1,1,225019,225019,0,1,0,0,101675,2,39061643,208664,1,2000034895
1,68016914,68017519,605,1,1,224788,224788,0,1,0,0,100909,2,39039823,101003,2,39043316
1,68031751,68032332,581,1,1,225018,225018,0,1,0,0,100572,2,39030264,100662,2,39031925
1,68040397,68040941,544,1,1,223531,223531,0,1,0,0,101088,2,39046191,100541,2,39030026
1,68051477,68052028,551,1,1,223532,223532,0,1,0,0,100489,1,39018747,100480,2,39018536
1,68087600,68088151,551,1,1,225049,225049,0,1,0,0,101584,2,39060481,100895,2,39039678
1,68089871,68090422,551,1,1,225048,225048,0,1,0,0,101442,2,39056944,100344,2,39008590
1,68117853,68118434,581,1,1,221108,221108,0,1,0,0,100065,2,39000247,202017,2,2000015642
1,68121333,68122495,1162,2,2,225176,225211,0,2,0,0,202390,2,2000016340,29382,2,7841882
1,68126505,68127110,605,1,1,223530,223530,0,1,0,0,200840,2,2000012230,29317,1,7840346
1,68127410,68127997,587,1,1,222706,222706,0,1,0,0,29317,1,7840346,101667,2,39061532
1,68142866,68143447,581,1,1,224912,224912,0,1,0,0,101373,1,39055565,101352,2,39053761
1,68143918,68144506,588,1,1,224925,224925,0,1,0,0,101352,2,39053761,101340,2,39053543
1,68192984,68194146,1162,2,2,225009,225168,0,2,0,0,100152,2,39002036,100659,2,39031365
1,68200426,68201007,581,1,1,224755,224755,0,1,0,0,100818,3,39036020,101219,1,39051986
1,68212467,68213048,581,1,1,224518,224518,0,1,0,0,100842,3,39036693,220760,2,2000068778
1,68214217,68214798,581,1,1,225175,225175,0,1,0,0,100847,2,39036804,29363,1,7840613
1,68215774,68216355,581,1,1,224535,224535,0,1,0,0,100361,3,39011567,101093,2,39046212
1,68227933,68228521,588,1,1,224519,224519,0,1,0,0,100730,2,39035564,100221,3,39003203
1,68239854,68240405,551,1,1,223528,223528,0,1,0,0,101484,2,39057072,101489,2,39057087
1,68250302,68250900,598,1,1,224533,224533,0,1,0,0,101681,3,39061742,100168,3,39002446
1,68256476,68257081,605,1,1,224848,224848,0,1,0,0,100762,2,39035651,100151,2,39002032
1,68260324,68260905,581,1,1,225164,225164,0,1,0,0,100771,2,39035672,100105,2,39000938
1,68264868,68265461,593,1,1,225213,225213,0,1,0,0,100797,2,39035823,100805,2,39035886
1,68267704,68268285,581,1,1,225177,225177,0,1,0,0,101014,2,39044854,100795,2,39035790
1,68272287,68272838,551,1,1,223527,223527,0,1,0,0,101617,2,39060717,101350,2,39053753
1,68273321,68273902,581,1,1,225234,225234,0,1,0,0,101350,2,39053753,101250,3,39052790
1,68277463,68278044,581,1,1,225118,225118,0,1,0,0,101065,2,39045971,101670,2,39061544
1,68289027,68289632,605,1,1,224844,224844,0,1,0,0,100202,2,39002887,100396,2,39015219
1,68290103,68290684,581,1,1,224547,224547,0,1,0,0,100396,2,39015219,100602,2,39030553
1,68328258,68328367,109,1,1,221678,221678,0,0,0,1,101364,3,39055096,101515,4,39057301
1,68328718,68329146,428,4,4,221624,221673,0,0,0,4,100669,4,39032059,101512,4,39057276
1,68329255,68329364,109,1,1,221623,221623,0,0,0,1,101512,4,39057276,100398,4,39015499
1,68329898,68330007,109,1,1,221590,221590,0,0,0,1,101216,1,39051963,101511,4,39057273
1,68330616,68331110,494,2,2,221517,222938,1,0,0,1,100664,4,39032052,101510,4,39057268
1,68331215,68331328,113,1,1,221551,221551,0,0,0,1,101510,4,39057268,29371,4,7840961
1,68331929,68332321,392,1,1,223787,223787,1,0,0,0,101508,4,39057262,101507,4,39057256
1,68332652,68332862,210,2,2,221675,221714,0,0,0,2,101505,4,39057243,100110,1,39001069
1,68333124,68333229,105,1,1,221680,221680,0,0,0,1,100110,1,39001069,101215,1,39051920
1,68333910,68334120,210,2,2,221699,221703,0,0,0,2,29345,1,7840477,101503,4,39057232
1,68334350,68334560,210,2,2,221704,221713,0,0,0,2,101502,4,39057229,101501,4,39057227
1,68334919,68335024,105,1,1,221719,221719,0,0,0,1,29397,4,7842087,101500,4,39057224
1,68335637,68335742,105,1,1,221720,221720,0,0,0,1,101499,4,39057216,100973,4,39042610
1,68337676,68337785,109,1,1,221716,221716,0,0,0,1,100977,4,39042637,100699,4,39032551
1,68339705,68339915,210,2,2,221681,221682,0,0,0,2,29310,1,7840247,101513,4,39057296
1,68340520,68340625,105,1,1,221718,221718,0,0,0,1,100687,4,39032297,100983,4,39042766
1,68340871,68341081,210,2,2,221684,221696,0,0,0,2,100686,4,39032288,100984,4,39042827
1,68440843,68441224,381,1,1,222156,222156,1,0,0,0,97615,1,38007722,98534,1,38043990
1,69160576,69161122,546,1,1,223003,223003,0,1,0,0,209489,2,2000037795,97678,2,38015279
1,69397737,69398283,546,1,1,223005,223005,0,1,0,0,97920,2,38020054,99568,2,38059077
1,69428542,69429088,546,1,1,223008,223008,0,1,0,0,99482,2,38058385,98564,3,38044093
1,69506712,69507270,558,1,1,222999,222999,0,1,0,0,99493,2,38058489,98054,2,38034280
1,69564579,69565125,546,1,1,225212,225212,0,1,0,0,98064,2,38034342,98020,2,38033932
1,69571430,69572006,576,1,1,224583,224583,0,1,0,0,99548,2,38059034,99506,1,38058640
1,69573455,69574031,576,1,1,224527,224527,0,1,0,0,99152,2,38052522,99486,2,38058431
1,69689197,69689743,546,1,1,222931,222931,0,1,0,0,201408,2,2000014071,218465,2,2000061943
1,69711397,69711973,576,1,1,222919,222919,0,1,0,0,97770,2,38015805,97440,2,38001973
1,69717626,69718024,398,1,1,222973,222973,1,0,0,0,99369,2,38057165,99981,2,38068623
1,69807961,69808500,539,1,1,225145,225145,0,1,0,0,218412,2,2000061785,98721,2,38047780
1,69837578,69838159,581,1,1,224538,224538,0,1,0,0,99502,2,38058571,210949,2,2000041990
1,69850389,69850935,546,1,1,223013,223013,0,1,0,0,209542,2,2000037883,98504,2,38043877
1,69852101,69852647,546,1,1,222934,222934,0,1,0,0,99432,2,38057695,98512,2,38043941
1,69867344,69867890,546,1,1,224618,224618,0,1,0,0,207462,2,2000031642,98486,2,38042354
1,69916635,69917211,576,1,1,223017,223017,0,1,0,0,211139,2,2000042585,98859,2,38048721
1,69933808,69934347,539,1,1,224539,224539,0,1,0,0,211355,2,2000043379,27913,2,7526073
1,69966319,69966691,372,1,1,222982,222982,1,0,0,0,99139,2,38052411,99699,2,38064568
1,69980254,69980800,546,1,1,223021,223021,0,1,0,0,7706,1,511857,99413,2,38057555
1,69987147,69987693,546,1,1,223018,223018,0,1,0,0,208628,2,2000034744,208637,2,2000034760
1,70009547,70010105,558,1,1,222920,222920,0,1,0,0,209186,2,2000036684,99254,2,38053300
1,70010651,70011197,546,1,1,222932,222932,0,1,0,0,99254,2,38053300,99247,2,38053288
1,70041636,70042182,546,1,1,224510,224510,0,1,0,0,99992,2,38068727,211725,2,2000044358
1,70063231,70063777,546,1,1,223020,223020,0,1,0,0,218752,2,2000062695,97720,2,38015513
1,70064929,70065475,546,1,1,224025,224025,0,1,0,0,206690,2,2000029489,206712,2,2000029565
1,70067701,70068247,546,1,1,223019,223019,0,1,0,0,27674,2,7520837,98991,2,38050630
1,70090310,70090694,384,1,1,224306,224306,1,0,0,0,99253,2,38053299,97530,2,38005418
1,70147573,70147845,272,1,1,222922,222922,1,0,0,0,99364,1,38057023,3987,1,143510
1,70280962,70281248,286,1,1,225210,225210,1,0,0,0,9201,1,686984,92290,2,36046045
1,70281883,70282169,286,1,1,225209,225209,1,0,0,0,92290,2,36046045,93357,2,36096701
1,70315827,70316113,286,1,1,225200,225200,1,0,0,0,16437,1,2008283,16431,1,2008261
1,70319712,70319984,272,1,1,225187,225187,1,0,0,0,9266,2,688110,92061,2,36037752
1,70384231,70384517,286,1,1,225186,225186,1,0,0,0,203923,1,2000021305,94535,1,36150784
1,70497698,70498079,381,1,1,221907,221907,1,0,0,0,92478,1,36056730,92719,1,36070588
1,70548041,70548327,286,1,1,222607,222607,1,0,0,0,94635,2,36158371,93912,2,36125508
1,70550808,70551106,298,1,1,225201,225201,1,0,0,0,93014,1,36080195,93879,1,36118963
1,70552547,70552833,286,1,1,225204,225204,1,0,0,0,204325,1,2000022776,93012,1,36080102
1,70680693,70681074,381,1,1,224697,224697,1,0,0,0,92395,1,36051199,93595,1,36103749
1,71020554,71020921,367,1,1,222112,222112,1,0,0,0,93931,2,36125851,93135,2,36087007
1,71057917,71058303,386,1,1,221955,221955,1,0,0,0,204562,1,2000023505,92850,2,36077670
1,71162113,71162494,381,1,1,222672,222672,1,0,0,0,93859,2,36118010,93286,2,36090819
1,71164329,71164710,381,1,1,222673,222673,1,0,0,0,92671,2,36061645,93850,2,36117619
1,71315149,71315547,398,1,1,224313,224313,1,0,0,0,220466,2,2000067468,93738,2,36113738
1,71412651,71413204,553,1,1,225256,225256,0,1,0,0,94069,1,36128293,94071,2,36128330
1,71609726,71610299,573,1,1,224304,224304,0,1,0,0,8949,2,675482,92586,2,36058407
1,71611486,71612044,558,1,1,224392,224392,0,1,0,0,92598,2,36058650,92603,2,36058998
1,71623188,71623776,588,1,1,224622,224622,0,1,0,0,92669,2,36061625,212559,2,2000046706
1,71902472,71903018,546,1,1,222080,222080,0,1,0,0,94086,2,36129401,94082,2,36129178
1,71922055,71922341,286,1,1,222111,222111,1,0,0,0,93955,2,36126392,9454,2,697533
1,71950956,71951531,575,1,1,223846,223846,0,1,0,0,94732,2,36159949,94176,2,36137399
1,72024698,72025274,576,1,1,221958,221958,0,1,0,0,93156,2,36087451,94597,2,36152911
1,72112574,72113167,593,1,1,222078,222078,0,1,0,0,91511,2,36003440,92064,2,36037825
1,72137742,72138834,1092,2,2,224880,224917,0,2,0,0,93623,2,36106374,9190,2,686705
1,72155896,72156539,643,1,1,224588,224588,0,1,0,0,93576,2,36102196,92650,2,36061139
1,72178755,72179338,583,1,1,222105,222105,0,1,0,0,93954,2,36126386,94565,2,36152073
1,72189250,72190027,777,1,1,222174,222174,0,1,0,0,92400,2,36051906,93932,2,36125958
1,72198640,72199359,719,1,1,222259,222259,0,0,1,0,92410,2,36053389,92013,2,36037039
1,72222488,72223034,546,1,1,222643,222643,0,1,0,0,92233,2,36045213,92234,2,36045217
1,72315831,72316923,1092,2,2,222644,222645,0,2,0,0,93044,2,36080701,92056,2,36037713
1,72317506,72318052,546,1,1,222639,222639,0,1,0,0,92056,2,36037713,92055,2,36037701
1,72329108,72329708,600,1,1,222365,222365,0,1,0,0,93282,2,36090783,93284,2,36090804
1,72339090,72339636,546,1,1,222142,222142,0,1,0,0,93524,2,36100001,93593,2,36103402
1,72341886,72342462,576,1,1,222103,222103,0,1,0,0,93660,2,36111725,93664,2,36111915
1,72343062,72345300,2238,4,4,222079,222083,0,4,0,0,93664,2,36111915,93670,2,36112009
1,72345895,72347047,1152,2,2,222069,222071,0,2,0,0,93670,2,36112009,93682,2,36112593
1,72348689,72349620,931,1,1,222033,222033,0,1,0,0,93733,2,36113679,92006,2,36037000
1,72354728,72355304,576,1,1,221996,221996,0,1,0,0,93910,2,36125370,93911,2,36125390
1,72359330,72359899,569,1,1,221957,221957,0,1,0,0,93994,2,36127239,94020,2,36127587
1,72366571,72367819,1248,2,2,221916,224954,0,2,0,0,94111,2,36130364,94115,2,36130421
1,72425411,72426294,883,1,1,221573,221573,0,1,0,0,91764,2,36020885,130388,2,57035297
1,72442599,72443770,1171,2,2,224331,224333,0,2,0,0,9246,2,687283,9250,2,687343
1,72479751,72480344,593,1,1,222102,222102,0,1,0,0,93779,2,36114935,91572,2,36009706
1,72480927,72481466,539,1,1,221909,221909,0,1,0,0,91572,2,36009706,94589,2,36152648
1,72486973,72487556,583,1,1,222104,222104,0,1,0,0,94114,2,36130392,9084,2,682445
1,72491383,72492468,1085,2,2,221910,222640,0,2,0,0,214076,2,2000050761,9290,2,689560
1,72498345,72498717,372,1,1,223244,223244,1,0,0,0,93484,4,36099037,93485,4,36099038
1,72499262,72499813,551,1,1,220807,220807,0,1,0,0,92906,4,36078302,91769,4,36022962
1,72581201,72581478,277,1,1,221735,221735,1,0,0,0,185363,1,91121280,187667,2,92016242
1,72594266,72595109,843,3,3,223998,224002,3,0,0,0,188015,1,92037900,32512,1,8715238
1,72640860,72641137,277,1,1,221736,221736,1,0,0,0,90854,1,35007434,90873,1,35007830
1,72699436,72699817,381,1,1,224003,224003,1,0,0,0,32499,1,8708267,185338,2,91119808
1,72700398,72700670,272,1,1,224001,224001,1,0,0,0,185338,2,91119808,187770,1,92021360
1,72703860,72704246,386,1,1,221760,221760,1,0,0,0,1561,1,14930,185644,2,91137292
1,72707789,72708175,386,1,1,221755,221755,1,0,0,0,32659,1,8728465,25731,1,6000747
1,72709100,72709486,386,1,1,221747,221747,1,0,0,0,567,1,4889,1017,1,10073
1,72753439,72753820,381,1,1,224045,224045,1,0,0,0,186167,2,91172542,188231,2,92070850
1,72776197,72776583,386,1,1,221757,221757,1,0,0,0,187705,2,92017509,12150,1,883813
1,72777420,72777801,381,1,1,221761,221761,1,0,0,0,90860,1,35007513,187780,1,92021454
1,72896347,72896733,386,1,1,221759,221759,1,0,0,0,184717,2,91000734,215286,1,2000054443
1,72910403,72910775,372,1,1,221930,221930,1,0,0,0,25711,1,6000569,187818,2,92023405
1,72985627,72986298,671,1,1,222221,222221,0,1,0,0,90895,2,35008234,90915,2,35010525
1,73106697,73107069,372,1,1,223312,223312,1,0,0,0,12221,1,890228,90892,1,35008172
1,73146246,73146834,588,1,1,224193,224193,0,1,0,0,188768,1,92102861,90985,1,35013410
1,73149241,73149518,277,1,1,223962,223962,1,0,0,0,185682,2,91138634,187871,1,92026014
1,73339534,73340102,568,1,1,221637,221637,0,1,0,0,186130,2,91167741,12204,1,889699
1,73397668,73398035,367,1,1,223314,223314,1,0,0,0,188705,1,92097990,179103,1,84159824
1,73898995,73899381,386,1,1,224275,224275,1,0,0,0,185137,2,91103845,32498,1,8708189
1,74523530,74524118,588,1,1,221308,221308,0,1,0,0,188442,1,92084907,188424,2,92083926
1,74533857,74534440,583,1,1,221109,221109,0,1,0,0,18762,1,3601645,187056,2,91200931
1,74555251,74555832,581,1,1,221514,221514,0,1,0,0,185686,2,91138772,186050,2,91157883
1,74559775,74560987,1212,2,2,221543,221546,0,2,0,0,213806,1,2000049936,188662,2,92096948
1,74563004,74563609,605,1,1,221775,221775,0,1,0,0,187496,1,91208832,186994,2,91197494
1,74595037,74596211,1174,2,2,221707,221726,0,2,0,0,207590,2,2000032000,185834,2,91144584
1,74685916,74686467,551,1,1,221396,221396,0,1,0,0,219836,2,2000065478,186790,1,91190710
1,74711973,74712561,588,1,1,222201,222201,0,1,0,0,188755,2,92102101,184891,2,91013696
1,74743707,74744288,581,1,1,221968,221968,0,1,0,0,187208,2,91205109,97128,2,37084898
1,74760152,74760541,389,1,1,222217,222217,1,0,0,0,184961,1,91016943,186389,2,91178613
1,74826254,74826842,588,1,1,222030,222030,0,1,0,0,209916,2,2000038749,210774,2,2000041388
1,74851114,74851665,551,1,1,221461,221461,0,1,0,0,213428,1,2000049033,220104,2,2000065952
1,74852209,74852595,386,1,1,223311,223311,1,0,0,0,220104,2,2000065952,188729,1,92099141
1,74860060,74860628,568,1,1,220970,220970,0,1,0,0,203002,2,2000018447,186767,2,91190327
1,74863213,74863759,546,1,1,221695,221695,0,1,0,0,187219,2,91205170,186618,1,91185224
1,74885696,74886272,576,1,1,221946,221946,0,1,0,0,187222,2,91205184,186979,2,91196796
1,74887467,74888048,581,1,1,222028,222028,0,1,0,0,187316,2,91206292,203718,2,2000020488
1,74895549,74896100,551,1,1,221922,221922,0,1,0,0,91165,3,35022415,188746,2,92101508
1,74907529,74908105,576,1,1,222008,222008,0,1,0,0,186169,2,91172549,187746,1,92018769
1,74918994,74919271,277,1,1,223301,223301,1,0,0,0,186801,2,91190760,186865,2,91194350
1,74925192,74925773,581,1,1,224067,224067,0,1,0,0,220109,2,2000065958,187288,2,91206078
1,74933119,74933671,552,1,1,225248,225248,0,1,0,0,186174,2,91172560,210782,2,2000041402
1,74937947,74938528,581,1,1,222007,222007,0,1,0,0,210780,2,2000041399,186954,2,91196148
1,74945377,74945965,588,1,1,224066,224066,0,1,0,0,220054,2,2000065877,187384,2,91206982
1,74985110,74986071,961,2,2,221654,221848,1,1,0,0,188688,2,92097823,188686,2,92097816
1,74997255,74997806,551,1,1,221033,221033,0,1,0,0,186473,2,91180992,188006,1,92037888
1,75015500,75016081,581,1,1,221969,221969,0,1,0,0,185364,2,91121453,185245,2,91108129
1,75028903,75029275,372,1,1,221460,221460,1,0,0,0,187064,1,91201784,220043,2,2000065856
1,75044322,75044715,393,1,1,221510,221510,1,0,0,0,204645,2,2000023707,187119,2,91203917
1,75051886,75052474,588,1,1,222031,222031,0,1,0,0,187464,2,91208150,91150,1,35021231
1,75058084,75059253,1169,2,2,223014,224065,0,2,0,0,188713,2,92098057,213975,2,2000050454
1,75074102,75074678,576,1,1,222014,222014,0,1,0,0,187321,2,91206345,209398,1,2000037421
1,75084317,75084863,546,1,1,224019,224019,0,1,0,0,187451,2,91208007,206186,1,2000028277
1,75091697,75092078,381,1,1,221655,221655,1,0,0,0,12267,1,890645,185088,2,91100471
1,75180236,75180658,422,1,1,223122,223122,1,0,0,0,220465,2,2000067465,50066,1,16340593
1,75203254,75203952,698,1,1,221110,221110,0,0,1,0,188731,2,92099147,220455,2,2000067438
1,75249668,75250214,546,1,1,221301,221301,0,1,0,0,12235,4,890351,186824,4,91193727
1,75250319,75250858,539,1,1,221300,221300,0,1,0,0,186824,4,91193727,20410,1,5112098
1,75251274,75251825,551,1,1,221299,221299,0,1,0,0,20410,1,5112098,185420,4,91123486
1,75252364,75252908,544,1,1,221298,221298,0,1,0,0,12233,1,890330,12229,1,890314
1,75253946,75254492,546,1,1,221297,221297,0,1,0,0,186826,4,91193740,20077,1,5101690
1,75255320,75255864,544,1,1,221295,221295,0,1,0,0,186830,4,91193761,186831,4,91193764
1,75256503,75257627,1124,2,2,221293,221294,0,2,0,0,186833,4,91193768,186834,4,91193771
1,75257736,75258287,551,1,1,221292,221292,0,1,0,0,186834,4,91193771,186835,4,91193775
1,75258731,75259292,561,1,1,221291,221291,0,1,0,0,186838,4,91193785,186839,4,91193789
1,75259902,75260453,551,1,1,221290,221290,0,1,0,0,185310,4,91118981,220467,1,2000067470
1,75261990,75263641,1651,3,3,221287,221289,0,3,0,0,186372,1,91178262,201359,1,2000013926
1,75264280,75265928,1648,3,3,221284,221286,0,3,0,0,32563,1,8719113,187898,1,92026762
1,75266205,75266766,561,1,1,221283,221283,0,1,0,0,187898,1,92026762,187897,1,92026761
1,75267043,75267594,551,1,1,221268,221268,0,1,0,0,187897,1,92026761,212856,1,2000047380
1,75267966,75268534,568,1,1,221267,221267,0,1,0,0,212856,1,2000047380,32540,4,8718274
1,75268764,75269320,556,1,1,221266,221266,0,1,0,0,185312,4,91119082,212868,1,2000047402
1,75270434,75270985,551,1,1,221264,221264,0,1,0,0,186227,4,91173895,186226,4,91173892
1,75271094,75271655,561,1,1,221262,221262,0,1,0,0,186226,4,91173892,90759,1,35000060
1,75272155,75273257,1102,2,2,221260,221261,0,2,0,0,32543,4,8718284,32544,4,8718286
1,75273374,75273942,568,1,1,221259,221259,0,1,0,0,32544,4,8718286,186933,4,91195745
1,75274051,75274602,551,1,1,221258,221258,0,1,0,0,186933,4,91195745,186224,4,91173886
1,75274828,75275379,551,1,1,221257,221257,0,1,0,0,185313,4,91119085,186223,4,91173879
1,75275605,75277807,2202,4,4,221253,221256,0,4,0,0,185314,4,91119089,185315,4,91119093
1,75278404,75278979,575,1,1,221252,221252,0,1,0,0,12075,1,875325,187742,1,92018450
1,75280160,75280704,544,1,1,221251,221251,0,1,0,0,11901,1,858266,185213,4,91107115
1,75280813,75281359,546,1,1,221250,221250,0,1,0,0,185213,4,91107115,220126,1,2000065990
1,75282017,75282556,539,1,1,221242,221242,0,1,0,0,220116,1,2000065976,185767,4,91143678
1,75282669,75283220,551,1,1,221241,221241,0,1,0,0,185767,4,91143678,184836,1,91005101
1,75283722,75284266,544,1,1,221240,221240,0,1,0,0,186100,4,91166695,185768,4,91143681
1,75284916,75285455,539,1,1,221238,221238,0,1,0,0,186096,4,91166687,185316,4,91119099
1,75285568,75286119,551,1,1,221237,221237,0,1,0,0,185316,4,91119099,185872,4,91147388
1,75286224,75286785,561,1,1,221236,221236,0,1,0,0,185872,4,91147388,719,1,7261
1,75287169,75288293,1124,2,2,221234,221235,0,2,0,0,719,1,7261,213415,1,2000049014
1,75288937,75289488,551,1,1,221233,221233,0,1,0,0,213417,1,2000049017,185413,4,91123436
1,75290091,75291289,1198,2,2,221231,221232,0,2,0,0,185873,4,91147391,188389,1,92082986
1,75292936,75293487,551,1,1,221230,221230,0,1,0,0,32665,4,8728504,185796,4,91143999
1,75293600,75294144,544,1,1,221228,221228,0,1,0,0,185796,4,91143999,32664,4,8728491
1,75294645,75295196,551,1,1,221227,221227,0,1,0,0,32655,1,8728401,32524,1,8718026
1,75296864,75297250,386,1,1,221225,221225,1,0,0,0,220030,1,2000065815,220029,1,2000065801
1,75302068,75302612,544,1,1,221224,221224,0,1,0,0,220011,1,2000065780,32527,1,8718049
1,75306881,75307432,551,1,1,221223,221223,0,1,0,0,219979,1,2000065702,219978,1,2000065701
1,75308639,75309286,647,1,1,221222,221222,0,1,0,0,218025,1,2000060506,219916,2,2000065632
1,75309832,75310383,551,1,1,221221,221221,0,1,0,0,219916,2,2000065632,32587,1,8721807
1,75310871,75311422,551,1,1,221220,221220,0,1,0,0,185287,4,91109100,187044,4,91199562
1,75313157,75314810,1653,3,3,221217,221219,0,3,0,0,187050,4,91199585,32451,1,8707355
1,75315738,75316289,551,1,1,221216,221216,0,1,0,0,219914,2,2000065628,187051,4,91199588
1,75317543,75318094,551,1,1,221215,221215,0,1,0,0,185286,4,91109076,187053,4,91199614
1,75322289,75322840,551,1,1,221214,221214,0,1,0,0,219905,1,2000065619,219903,1,2000065617
1,75323488,75324039,551,1,1,221213,221213,0,1,0,0,144177,1,63035429,219895,1,2000065609
1,75324420,75324971,551,1,1,221212,221212,0,1,0,0,219895,1,2000065609,219894,1,2000065608
1,75327875,75328987,1112,2,2,221210,221211,0,2,0,0,219856,1,2000065511,219855,1,2000065510
1,75329745,75330303,558,1,1,221209,221209,0,1,0,0,218057,1,2000060558,118121,1,49057955
1,75330680,75331224,544,1,1,221208,221208,0,1,0,0,118121,1,49057955,215571,1,2000055168
1,75332622,75333003,381,1,1,221179,221179,1,0,0,0,52127,1,18073769,219796,1,2000065411
1,75333280,75334928,1648,3,3,221177,221606,0,3,0,0,219796,1,2000065411,219795,1,2000065405
1,75336966,75337512,546,1,1,221176,221176,0,1,0,0,219780,1,2000065385,219779,1,2000065384
1,75338556,75340219,1663,3,3,221173,221175,0,3,0,0,219777,1,2000065382,219776,1,2000065381
1,75341926,75342472,546,1,1,221172,221172,0,1,0,0,213164,1,2000048257,217343,1,2000059151
1,75342749,75344402,1653,3,3,221169,221171,0,3,0,0,217343,1,2000059151,217344,1,2000059152
1,75345223,75345995,772,2,2,221143,221144,2,0,0,0,217346,1,2000059155,217347,1,2000059156
1,75346272,75346840,568,1,1,221142,221142,0,1,0,0,217347,1,2000059156,217349,1,2000059158
1,75347394,75348489,1095,2,2,221140,221141,0,2,0,0,218175,1,2000060814,218174,1,2000060811
1,75349623,75350174,551,1,1,221139,221139,0,1,0,0,218004,1,2000060458,218141,1,2000060743
1,75351635,75352186,551,1,1,221302,221302,0,1,0,0,218024,1,2000060505,199103,1,2000006319
1,75352885,75356182,3297,6,6,221121,221305,0,6,0,0,90796,1,35005317,198729,4,2000003325
1,75356287,75357945,1658,3,3,221119,221306,0,3,0,0,198729,4,2000003325,198728,4,2000003324
1,75358058,75358604,546,1,1,221325,221325,0,1,0,0,198728,4,2000003324,198727,4,2000003322
1,75358713,75374536,15823,29,29,221114,221394,1,28,0,0,198727,4,2000003322,185421,4,91123500
1,75374645,75377092,2447,5,5,221107,221399,2,3,0,0,185421,4,91123500,185419,4,91123483
1,75377209,75379413,2204,4,4,221106,221402,0,4,0,0,185419,4,91123483,90810,1,35006327
1,75379699,75380818,1119,2,2,221403,221405,0,2,0,0,90810,1,35006327,96612,1,37072887
1,75381221,75391702,10481,19,19,221098,221419,0,19,0,0,96612,1,37072887,90830,1,35007009
1,75392069,75392637,568,1,1,221420,221420,0,1,0,0,90830,1,35007009,185418,4,91123472
1,75392742,75401937,9195,17,17,221089,221431,1,16,0,0,185418,4,91123472,194506,1,95078829
1,75405749,75408487,2738,5,5,221087,221436,0,5,0,0,194496,1,95078782,194495,1,95078778
1,75409630,75413499,3869,7,7,221086,221445,0,7,0,0,194493,1,95078773,90863,4,35007597
1,75413604,75414155,551,1,1,221446,221446,0,1,0,0,90863,4,35007597,90864,4,35007603
1,75414260,75415908,1648,3,3,221085,221448,0,3,0,0,90864,4,35007603,185360,1,91121125
1,75416294,75418408,2114,4,4,221073,221451,0,4,0,0,185360,1,91121125,90865,4,35007607
1,75419326,75419872,546,1,1,221072,221072,0,1,0,0,90879,1,35007943,90883,1,35008048
1,75420187,75421847,1660,3,3,221070,221462,0,3,0,0,90883,1,35008048,90907,4,35010219
1,75421964,75423602,1638,3,3,221068,221464,0,3,0,0,90907,4,35010219,185417,4,91123465
1,75423711,75424269,558,1,1,221067,221067,0,1,0,0,185417,4,91123465,90908,4,35010227
1,75424386,75424932,546,1,1,221465,221465,0,1,0,0,90908,4,35010227,90909,4,35010233
1,75425045,75426559,1514,3,3,221064,221066,0,3,0,0,90909,4,35010233,90910,4,35010237
1,75426668,75427219,551,1,1,221466,221466,0,1,0,0,90910,4,35010237,90911,4,35010243
1,75427441,75429084,1643,3,3,221063,221468,0,3,0,0,90912,4,35010252,90938,1,35011192
1,75429451,75433689,4238,8,8,221060,221484,1,7,0,0,90938,1,35011192,188766,1,92102845
1,75435515,75445262,9747,18,18,221037,221497,1,17,0,0,194463,1,95078407,135965,1,58133955
1,75445993,75450280,4287,9,9,221032,221767,4,5,0,0,25763,1,6001263,25769,1,6001338
1,75450766,75460151,9385,18,18,221018,221769,3,15,0,0,25769,1,6001338,2180,4,115735
1,75460268,75490763,30495,56,56,220976,221813,2,54,0,0,2180,4,115735,185656,4,91137693
1,75490868,75491798,930,2,2,221593,221814,1,1,0,0,185656,4,91137693,32551,1,8718399
1,75492191,75496362,4171,8,8,220972,221601,2,6,0,0,32551,1,8718399,25805,1,6001929
1,75496772,75497323,551,1,1,220971,220971,0,1,0,0,25805,1,6001929,47476,1,16010782
1,75498012,75499097,1085,2,2,221602,221603,0,2,0,0,47822,1,16059763,185614,1,91136672
1,75499483,75508715,9232,18,18,220953,221821,4,14,0,0,185614,1,91136672,187626,1,92012917
1,75508972,75517608,8636,16,16,220942,221825,1,15,0,0,187626,1,92012917,185117,4,91102847
1,75517725,75519368,1643,3,3,220940,221826,0,3,0,0,185117,4,91102847,185118,4,91102853
1,75519485,75533017,13532,25,25,220920,221831,1,24,0,0,185118,4,91102853,185119,4,91102858
1,75533134,75558375,25241,47,47,220883,221845,4,43,0,0,185119,4,91102858,185416,4,91123458
1,75558492,75560267,1775,4,4,220881,221847,0,3,0,1,185416,4,91123458,185120,4,91102864
1,75560392,75566546,6154,12,12,220874,221854,0,11,0,1,185120,4,91102864,185121,4,91102870
1,75566651,75567748,1097,2,2,221855,221856,0,2,0,0,185121,4,91102870,185122,4,91102876
1,75567865,75570598,2733,5,5,220872,221860,0,5,0,0,185122,4,91102876,195291,1,96075770
1,75570931,75571482,551,1,1,221861,221861,0,1,0,0,195291,1,96075770,91163,1,35021885
1,75571756,75572295,539,1,1,220871,220871,0,1,0,0,91163,1,35021885,32472,1,8707875
1,75572605,75574248,1643,3,3,221862,221865,0,3,0,0,32472,1,8707875,185123,4,91102882
1,75574591,75575528,937,2,2,220858,220870,1,1,0,0,185125,4,91102894,185126,4,91102900
1,75575645,75584469,8824,17,17,220853,221871,3,14,0,0,185126,4,91102900,188627,1,92095186
1,75584774,75585711,937,2,2,221676,221873,1,1,0,0,188627,1,92095186,32469,1,8707861
1,75586125,75586671,546,1,1,220852,220852,0,1,0,0,32469,1,8707861,84096,1,29168621
1,75586948,75588834,1886,4,4,220851,221683,2,2,0,0,84096,1,29168621,185577,4,91135550
1,75588935,75590032,1097,2,2,220850,221685,0,2,0,0,185577,4,91135550,185576,4,91135545
1,75590517,75595838,5321,11,11,220842,224280,3,8,0,0,218026,1,2000060507,185575,4,91135543
1,75595959,75604457,8498,16,16,220814,221693,2,14,0,0,185575,4,91135543,185127,4,91102919
1,75604574,75607363,2789,5,5,220812,221698,0,5,0,0,185127,4,91102919,183822,1,89062893
1,75607754,75611243,3489,7,7,220811,221733,3,4,0,0,183822,1,89062893,185128,4,91102951
1,75611360,75612452,1092,2,2,220809,220810,0,2,0,0,185128,4,91102951,185129,4,91102967
1,75612569,75613666,1097,2,2,221737,221738,0,2,0,0,185129,4,91102967,188665,1,92096951
1,75614353,75627619,13266,25,25,220802,223908,3,22,0,0,49688,1,16333792,96289,1,37065084
1,75628005,75630011,2006,4,4,220800,223313,1,3,0,0,96289,1,37065084,220785,2,2000068837
1,75631671,75632495,824,2,2,221331,222576,1,1,0,0,220783,2,2000068834,185225,4,91107614
1,75659517,75660068,551,1,1,221598,221598,0,1,0,0,218028,1,2000060511,188792,1,92104018
1,75737560,75738200,640,1,1,221846,221846,0,1,0,0,136877,1,59063379,136716,1,59012073
1,75835709,75836102,393,1,1,222058,222058,1,0,0,0,1326,1,12433,31139,1,8425013
1,75851001,75851382,381,1,1,224678,224678,1,0,0,0,91054,1,35015135,12610,1,918413
1,75851811,75852192,381,1,1,221525,221525,1,0,0,0,12610,1,918413,202584,1,2000016888
1,75854043,75854315,272,1,1,223374,223374,1,0,0,0,12694,1,919944,31189,1,8426648
1,75987046,75987318,272,1,1,225036,225036,1,0,0,0,116952,1,49037648,116118,1,48043059
1,76121498,76121769,271,1,1,223932,223932,1,0,0,0,31243,2,8428645,31410,2,8431727
1,76190937,76191209,272,1,1,225277,225277,1,0,0,0,179272,1,85004552,117225,1,49040655
1,76231251,76231632,381,1,1,223933,223933,1,0,0,0,116946,1,49037607,18453,1,3502078
1,76246842,76247128,286,1,1,223372,223372,1,0,0,0,118212,1,49060489,12603,1,918369
1,76488923,76489304,381,1,1,222138,222138,1,0,0,0,179289,1,85007009,116057,1,48042572
1,76530188,76530460,272,1,1,224705,224705,1,0,0,0,180309,2,85100192,179525,1,85042917
1,76651997,76652283,286,1,1,224265,224265,1,0,0,0,4073,1,144321,116034,2,48042334
1,76910088,76910469,381,1,1,222139,222139,1,0,0,0,1067,1,10423,116976,1,49037723
1,77392833,77393200,367,1,1,224727,224727,1,0,0,0,116791,2,49033591,118683,2,50040793
1,77447117,77447498,381,1,1,224712,224712,1,0,0,0,116125,2,48043082,180153,2,85085866
1,77474048,77474429,381,1,1,223904,223904,1,0,0,0,118079,2,49056367,117095,2,49039012
1,78056936,78057475,539,1,1,223902,223902,0,1,0,0,119475,1,50087845,119157,1,50070441
1,78076749,78077706,957,2,2,224642,225006,1,1,0,0,117098,2,49039028,117346,1,49045684
1,78079872,78080265,393,1,1,224990,224990,1,0,0,0,215238,1,2000054286,90952,1,35011542
1,78081490,78081871,381,1,1,224988,224988,1,0,0,0,205463,1,2000026101,116830,2,49034585
1,78085430,78085811,381,1,1,224987,224987,1,0,0,0,118088,2,49056379,119110,2,50068250
1,78093668,78094820,1152,2,2,224502,224504,0,2,0,0,216102,1,2000056403,204570,2,2000023519
1,78270852,78271391,539,1,1,224506,224506,0,1,0,0,116145,2,48043185,117178,2,49040257
1,78299932,78300478,546,1,1,223903,223903,0,1,0,0,116169,2,48043527,213437,2,2000049118
1,78320052,78320433,381,1,1,224986,224986,1,0,0,0,118394,2,49062168,202622,2,2000017042
1,78321021,78321402,381,1,1,224984,224984,1,0,0,0,202622,2,2000017042,180365,2,85104633
1,78356212,78357334,1122,2,2,224505,224509,0,2,0,0,118935,2,50060432,116253,2,48044082
1,78446723,78447116,393,1,1,224009,224009,1,0,0,0,118184,2,49060046,117797,1,49053322
1,78447497,78447890,393,1,1,224010,224010,1,0,0,0,117797,1,49053322,116865,2,49035983
1,78617117,78617675,558,1,1,222074,222074,0,1,0,0,161511,2,73201970,117790,2,49053184
1,78789702,78790248,546,1,1,222143,222143,0,1,0,0,179652,2,85051370,79660,2,28059426
1,78832105,78832651,546,1,1,222122,222122,0,1,0,0,180408,2,85116893,179118,2,84160150
1,78843648,78844194,546,1,1,225008,225008,0,1,0,0,179687,1,85053656,179796,1,85058819
1,79024206,79024752,546,1,1,222773,222773,0,1,0,0,119222,2,50074968,118975,1,50062109
1,79035402,79035941,539,1,1,224719,224719,0,1,0,0,118181,2,49060042,117470,2,49046897
1,79224360,79225452,1092,2,2,223558,223560,0,2,0,0,118319,2,49061451,118324,2,49061458
1,79228611,79229157,546,1,1,223557,223557,0,1,0,0,118338,2,49061474,118339,2,49061475
1,79232094,79233186,1092,2,2,223547,223548,0,2,0,0,116530,2,48048006,199018,2,2000006141
1,79303445,79303991,546,1,1,224055,224055,0,1,0,0,209301,2,2000037052,118487,2,49063234
1,79307700,79308263,563,1,1,222144,222144,0,1,0,0,118741,2,50044313,179207,2,84161727
1,79313747,79314337,590,1,1,224349,224349,0,1,0,0,119211,2,50074150,209017,2,2000036279
1,79346784,79347330,546,1,1,223550,223550,0,1,0,0,119062,1,50065652,18596,1,3505450
1,79351155,79351694,539,1,1,223887,223887,0,1,0,0,200714,2,2000011705,118384,2,49062034
1,79365720,79366266,546,1,1,223554,223554,0,1,0,0,116656,2,48050175,136940,2,59110802
1,79367994,79368533,539,1,1,224942,224942,0,1,0,0,205271,2,2000025700,205269,2,2000025696
1,79384594,79385140,546,1,1,223553,223553,0,1,0,0,116510,2,48047919,84825,2,29189396
1,79386949,79387495,546,1,1,223551,223551,0,1,0,0,31674,1,8443397,178102,2,83334815
1,79424398,79424937,539,1,1,223892,223892,0,1,0,0,116637,2,48049915,123076,2,52077402
1,79435220,79435804,584,1,1,222580,222580,0,1,0,0,116843,1,49035285,117999,2,49055186
1,79521858,79522225,367,1,1,223575,223575,1,0,0,0,119430,1,50086122,116492,1,48047834
1,79524504,79525647,1143,3,3,223326,223328,3,0,0,0,179279,1,85005949,116597,1,48049613
1,79527005,79527372,367,1,1,222751,222751,1,0,0,0,116598,1,48049614,116621,4,48049754
1,79542875,79543256,381,1,1,221526,221526,1,0,0,0,118060,1,49056211,118095,1,49056532
1,79571178,79571729,551,1,1,220824,220824,0,1,0,0,161497,1,73201926,82938,1,29114963
1,79583057,79583819,762,2,2,224989,225007,2,0,0,0,179840,1,85062902,18509,1,3503444
1,79848854,79849131,277,1,1,225052,225052,1,0,0,0,88754,2,33059613,89852,2,33082506
1,79893627,79894230,603,1,1,225208,225208,0,1,0,0,88743,2,33059559,87621,2,33001816
1,80024385,80024978,593,1,1,225232,225232,0,1,0,0,89828,2,33082349,89259,2,33074888
1,80120758,80121314,556,1,1,225217,225217,0,1,0,0,89586,2,33079639,89191,2,33073861
1,80126619,80127200,581,1,1,225066,225066,0,1,0,0,4416,2,211033,89745,2,33081371
1,80129113,80129662,549,1,1,225216,225216,0,1,0,0,87947,1,33021494,89706,2,33080786
1,80132430,80133023,593,1,1,225231,225231,0,1,0,0,7782,2,514170,88462,2,33051842
1,80134191,80134779,588,1,1,225233,225233,0,1,0,0,7996,2,522930,89157,2,33071926
1,80171348,80171899,551,1,1,224438,224438,0,1,0,0,90039,2,33086625,87984,2,33024139
1,80207065,80207651,586,1,1,224455,224455,0,1,0,0,87610,2,33001586,87601,2,33001251
1,80239993,80240544,551,1,1,224442,224442,0,1,0,0,203082,2,2000018608,88920,2,33065573
1,80248179,80248765,586,1,1,224460,224460,0,1,0,0,88876,2,33063207,88703,2,33058647
1,80264200,80264774,574,1,1,224653,224653,0,1,0,0,89098,2,33070436,7730,1,512477
1,80265175,80265724,549,1,1,224652,224652,0,1,0,0,7730,1,512477,210678,1,2000040878
1,80269761,80270133,372,1,1,224598,224598,1,0,0,0,220135,2,2000066003,32158,2,8506363
1,80338145,80339829,1684,3,3,225214,225244,0,3,0,0,87897,2,33019480,89928,1,33083078
1,80340206,80340762,556,1,1,225207,225207,0,1,0,0,89928,1,33083078,89414,2,33077677
1,80341847,80342393,546,1,1,225195,225195,0,1,0,0,89413,2,33077676,89410,2,33077640
1,80342862,80343413,551,1,1,225194,225194,0,1,0,0,89410,2,33077640,89405,2,33077569
1,80344006,80344562,556,1,1,225193,225193,0,1,0,0,89405,2,33077569,89401,2,33077526
1,80345764,80346315,551,1,1,225101,225101,0,1,0,0,89397,2,33077254,89918,2,33082964
1,80360574,80361162,588,1,1,222891,222891,0,1,0,0,8016,2,523215,7956,1,522138
1,80366229,80366812,583,1,1,222882,222882,0,1,0,0,89176,2,33072452,89177,2,33072453
1,80387695,80388081,386,1,1,222166,222166,1,0,0,0,7860,1,517194,7857,2,517186
1,80396569,80397150,581,1,1,221924,221924,0,1,0,0,89220,2,33074368,87863,2,33012700
1,80400380,80400936,556,1,1,224753,224753,0,1,0,0,90009,2,33085990,32182,2,8507214
1,80447339,80447895,556,1,1,223303,223303,0,1,0,0,87926,2,33020651,89387,2,33077113
1,80460932,80461532,600,1,1,224544,224544,0,1,0,0,89723,2,33080997,90021,2,33086364
1,80471352,80471940,588,1,1,224458,224458,0,1,0,0,88979,2,33067327,88192,2,33032732
1,80473124,80473675,551,1,1,224437,224437,0,1,0,0,89352,2,33076753,87890,2,33019424
1,80482425,80482976,551,1,1,224058,224058,0,1,0,0,88295,2,33046878,88367,2,33049859
1,80491492,80492073,581,1,1,223577,223577,0,1,0,0,88657,2,33056937,89262,2,33074938
1,80494874,80495467,593,1,1,223571,223571,0,1,0,0,89926,2,33083031,90022,2,33086365
1,80554102,80554678,576,1,1,224462,224462,0,1,0,0,89815,2,33082163,88995,2,33067519
1,80566611,80567192,581,1,1,224289,224289,0,1,0,0,87599,1,33001154,88215,2,33044196
1,80575263,80575851,588,1,1,224046,224046,0,1,0,0,88077,1,33027123,88970,2,33067076
1,80589816,80590402,586,1,1,223567,223567,0,1,0,0,87660,2,33003336,88162,2,33031549
1,80614255,80614811,556,1,1,225100,225100,0,1,0,0,4267,2,167256,32126,2,8504146
1,80628417,80629005,588,1,1,225218,225218,0,1,0,0,87988,3,33024435,87917,2,33020383
1,80629982,80630538,556,1,1,225099,225099,0,1,0,0,2614,1,127410,89925,2,33083030
1,80632347,80632891,544,1,1,225013,225013,0,1,0,0,89564,2,33079536,32219,2,8508143
1,80677550,80678136,586,1,1,224285,224285,0,1,0,0,7891,2,519518,89927,2,33083032
1,80686902,80687453,551,1,1,222165,222165,0,1,0,0,208888,2,2000035770,87823,2,33011457
1,80688666,80689247,581,1,1,223576,223576,0,1,0,0,88945,2,33065971,90013,2,33086098
1,80689840,80690416,576,1,1,223573,223573,0,1,0,0,90013,2,33086098,87922,2,33020558
1,80715288,80715869,581,1,1,224381,224381,0,1,0,0,88434,2,33051288,89804,2,33081949
1,80716921,80717465,544,1,1,224282,224282,0,1,0,0,89796,2,33081803,89547,2,33079518
1,80718659,80719240,581,1,1,224050,224050,0,1,0,0,89783,2,33081718,89721,2,33080995
1,80759852,80760401,549,1,1,224822,224822,0,1,0,0,89839,2,33082407,89838,2,33082406
1,80765281,80765825,544,1,1,224703,224703,0,1,0,0,89830,2,33082398,219949,2,2000065668
1,80766381,80766925,544,1,1,224702,224702,0,1,0,0,219949,2,2000065668,7731,2,512493
1,80768102,80769209,1107,2,2,224691,224692,0,2,0,0,88889,2,33063352,7736,3,512560
1,80798932,80799488,556,1,1,224047,224047,0,1,0,0,88040,2,33026103,88046,2,33026501
1,80802325,80802913,588,1,1,223978,223978,0,1,0,0,89765,2,33081498,89764,3,33081497
1,80803618,80804206,588,1,1,223977,223977,0,1,0,0,89764,3,33081497,88291,2,33046723
1,80819882,80820468,586,1,1,223218,223218,0,1,0,0,217857,2,2000060209,89181,2,33072863
1,80826899,80827492,593,1,1,223096,223096,0,1,0,0,87865,2,33012703,206707,2,2000029545
1,80838511,80839097,586,1,1,222493,222493,0,1,0,0,203725,2,2000020523,89877,2,33082668
1,80847434,80847985,551,1,1,224962,224962,0,1,0,0,89896,1,33082851,89642,2,33080082
1,80848571,80849673,1102,2,2,224964,224966,0,2,0,0,89642,2,33080082,89636,2,33080018
1,80850131,80851243,1112,2,2,224967,224968,0,2,0,0,89636,2,33080018,32221,2,8508439
1,80851829,80852380,551,1,1,224969,224969,0,1,0,0,32221,2,8508439,32149,1,8505668
1,80852700,80855005,2305,4,4,225102,225206,0,4,0,0,32149,1,8505668,89614,2,33079806
1,80858477,80859560,1083,2,2,225238,225239,0,2,0,0,89935,2,33083239,89936,2,33083240
1,80870745,80871131,386,1,1,221439,221439,1,0,0,0,89573,2,33079621,184518,2,90077880
1,80973709,80974295,586,1,1,222689,222689,0,1,0,0,204982,2,2000024778,87815,2,33011372
1,80982319,80982907,588,1,1,223220,223220,0,1,0,0,88015,2,33025193,89777,2,33081643
1,80984672,80985221,549,1,1,222681,222681,0,1,0,0,89722,2,33080996,89775,2,33081641
1,80997150,80997743,593,1,1,221705,221705,0,1,0,0,88021,2,33025247,89160,2,33071937
1,81001160,81001748,588,1,1,223219,223219,0,1,0,0,88263,2,33045759,7965,2,522440
1,81002365,81002953,588,1,1,223097,223097,0,1,0,0,7965,2,522440,89726,2,33081000
1,81005313,81006423,1110,2,2,222686,222687,0,2,0,0,89083,2,33069686,32143,2,8504310
1,81007709,81008253,544,1,1,222684,222684,0,1,0,0,87741,3,33005768,88005,2,33024960
1,81008863,81009995,1132,2,2,222492,222682,0,2,0,0,88005,2,33024960,87681,2,33003761
1,81055188,81055739,551,1,1,225250,225250,0,1,0,0,88010,2,33025131,202970,2,2000018380
1,81063206,81063755,549,1,1,225012,225012,0,1,0,0,2234,1,116135,87643,2,33003171
1,81067614,81068165,551,1,1,224965,224965,0,1,0,0,7862,2,517225,87766,2,33007942
1,81072438,81072987,549,1,1,222683,222683,0,1,0,0,202713,2,2000017467,88132,2,33030569
1,81100071,81100657,586,1,1,223572,223572,0,1,0,0,202972,2,2000018384,4530,2,216195
1,81116778,81117364,586,1,1,221437,221437,0,1,0,0,89531,2,33079304,88276,2,33046002
1,81118533,81119077,544,1,1,222685,222685,0,1,0,0,202923,2,2000018266,32145,3,8505546
1,81158293,81158844,551,1,1,225121,225121,0,1,0,0,88797,2,33061291,32169,1,8506694
1,81200978,81201527,549,1,1,223939,223939,0,1,0,0,89732,2,33081060,206819,2,2000029854
1,81208392,81209000,608,1,1,221951,221951,0,1,0,0,89887,2,33082757,7792,3,514653
1,81267212,81268695,1483,4,4,224600,224603,4,0,0,0,88504,4,33052943,89060,1,33068782
1,81271603,81271975,372,1,1,224599,224599,1,0,0,0,7764,4,513750,7763,4,513747
1,81272504,81272881,377,1,1,224403,224403,1,0,0,0,7762,4,513742,32159,1,8506371
1,81274527,81274804,277,1,1,222918,222918,1,0,0,0,89718,1,33080872,115266,1,47000083
1,81279040,81279608,568,1,1,221434,221434,0,1,0,0,7756,1,513057,88843,1,33062217
1,81285308,81290282,4974,9,9,224970,224982,0,9,0,0,88502,4,33052937,88427,1,33051256
1,81291607,81291984,377,1,1,225030,225030,1,0,0,0,7723,1,512368,87374,3,31041762
1,81296100,81297235,1135,3,3,225198,225203,3,0,0,0,219919,1,2000065637,88501,4,33052934
1,81299070,81299663,593,1,1,225219,225219,0,1,0,0,88491,4,33052901,7659,1,510030
1,81300576,81301697,1121,3,3,225235,225237,3,0,0,0,88758,1,33059632,89224,2,33074412
1,81302730,81303479,749,2,2,225241,225242,2,0,0,0,88011,1,33025136,1707,1,103453
1,81303886,81304635,749,2,2,225246,225247,2,0,0,0,1707,1,103453,88512,4,33052967
1,81304740,81305489,749,2,2,225251,225252,2,0,0,0,88512,4,33052967,89470,1,33078802
1,81386018,81386385,367,1,1,224290,224290,1,0,0,0,79185,1,28023806,20598,1,5114298
1,81406428,81406795,367,1,1,224292,224292,1,0,0,0,80324,2,28100123,23525,1,5653963
1,81482445,81482812,367,1,1,223645,223645,1,0,0,0,80254,1,28096305,16319,1,2005557
1,81494289,81494656,367,1,1,222915,222915,1,0,0,0,20430,1,5112312,16150,1,2004633
1,81768995,81769376,381,1,1,224022,224022,1,0,0,0,16117,1,2004389,16133,1,2004504
1,82029470,82029877,407,1,1,222913,222913,1,0,0,0,80396,1,28100940,20426,1,5112272
1,82106992,82107373,381,1,1,225283,225283,1,0,0,0,184040,1,89067924,32276,1,8606061
1,82418409,82418689,280,1,1,222277,222277,1,0,0,0,78957,1,28011275,16186,1,2004841
1,82632876,82633269,393,1,1,222436,222436,1,0,0,0,86458,2,29236380,79789,2,28062972
1,82969724,82970091,367,1,1,223930,223930,1,0,0,0,137304,2,61023156,81749,2,29010299
1,83071046,83071615,569,1,1,221477,221477,0,1,0,0,83697,2,29156211,161400,2,72056161
1,83123797,83124348,551,1,1,222368,222368,0,1,0,0,79815,2,28066113,82258,2,29063964
1,83392073,83392440,367,1,1,223295,223295,1,0,0,0,6229,1,429770,29063,1,7643066
1,83424999,83425380,381,1,1,225056,225056,1,0,0,0,85418,2,29217093,81301,2,28121696
1,83641953,83642337,384,1,1,222251,222251,1,0,0,0,83833,1,29158703,85847,1,29222572
1,83853677,83854099,422,1,1,222145,222145,1,0,0,0,20165,1,5103914,84592,2,29178444
1,83886173,83886578,405,1,1,222814,222814,1,0,0,0,85796,2,29221756,184340,1,90043905
1,83918234,83918839,605,1,1,225222,225222,0,1,0,0,80227,2,28095353,81084,2,28116342
1,84324488,84325061,573,1,1,225089,225089,0,1,0,0,82780,2,29108139,85630,2,29218395
1,84352089,84352468,379,1,1,222273,222273,1,0,0,0,86133,2,29233178,84247,2,29174565
1,84486033,84486579,546,1,1,221270,221270,0,1,0,0,194027,2,95031808,81388,2,28122953
1,84550229,84550596,367,1,1,224422,224422,1,0,0,0,85799,2,29221760,81514,2,28127352
1,84593548,84594094,546,1,1,224963,224963,0,1,0,0,213570,2,2000049401,20300,1,5109233
1,84596075,84596614,539,1,1,221994,221994,0,1,0,0,202953,2,2000018350,85522,2,29217725
1,84639925,84640483,558,1,1,222790,222790,0,1,0,0,85608,2,29218308,183447,1,89018091
1,84756412,84756958,546,1,1,224899,224899,0,1,0,0,211094,2,2000042500,211091,2,2000042494
1,84795885,84796431,546,1,1,224176,224176,0,1,0,0,139196,2,61096139,85206,2,29194983
1,84876948,84877511,563,1,1,221973,221973,0,1,0,0,162139,2,74057482,79712,2,28059831
1,84941616,84942162,546,1,1,224172,224172,0,1,0,0,219248,1,2000064176,219201,2,2000064037
1,84944375,84945460,1085,2,2,223910,224158,0,2,0,0,219128,1,2000063827,219104,1,2000063771
1,84968034,84968573,539,1,1,224108,224108,0,1,0,0,202350,1,2000016238,19142,1,4000475
1,84972727,84973322,595,1,1,225064,225064,0,1,0,0,200066,2,2000009599,208907,1,2000035848
1,84983257,84983803,546,1,1,221459,221459,0,1,0,0,85223,1,29195467,184156,2,89071200
1,84992758,84993139,381,1,1,222300,222300,1,0,0,0,76216,2,27044528,220314,2,2000066413
1,85006356,85006895,539,1,1,224557,224557,0,1,0,0,83839,2,29158767,217087,2,2000058685
1,85041399,85041766,367,1,1,223769,223769,1,0,0,0,87020,1,30013176,206059,2,2000027859
1,85051225,85051764,539,1,1,224115,224115,0,1,0,0,184600,1,90087451,184625,2,90091526
1,85091896,85092435,539,1,1,224106,224106,0,1,0,0,19979,1,5007058,32230,1,8600314
1,85094252,85096422,2170,4,4,224184,224278,0,4,0,0,84763,2,29186226,84162,2,29173547
1,85179861,85180434,573,1,1,223606,223606,0,1,0,0,86285,2,29235129,84110,2,29169511
1,85195231,85196316,1085,2,2,224183,224186,0,2,0,0,203981,2,2000021513,86426,2,29236263
1,85197849,85198388,539,1,1,224267,224267,0,1,0,0,86430,2,29236267,86284,2,29235128
1,85199375,85199921,546,1,1,224281,224281,0,1,0,0,84663,2,29179810,84484,2,29176689
1,85267996,85268542,546,1,1,222316,222316,0,1,0,0,85491,2,29217529,84142,2,29171586
1,85283436,85283999,563,1,1,221990,221990,0,1,0,0,183516,1,89043542,85720,2,29219866
1,85298456,85298995,539,1,1,224161,224161,0,1,0,0,183707,1,89059385,84261,2,29174642
1,85301250,85301819,569,1,1,224187,224187,0,1,0,0,212432,2,2000046372,85719,2,29219865
1,85303004,85304096,1092,2,2,224269,224271,0,2,0,0,161729,2,74033282,184569,2,90085958
1,85304525,85305071,546,1,1,224283,224283,0,1,0,0,184569,2,90085958,215700,2,2000055458
1,85839906,85840287,381,1,1,222075,222075,1,0,0,0,84803,1,29188254,84817,1,29188882
1,85868039,85868835,796,2,2,222345,222346,2,0,0,0,85047,1,29193006,85055,1,29193021
1,85874577,85874958,381,1,1,222463,222463,1,0,0,0,85175,1,29194621,85176,1,29194623
1,85875339,85875623,284,1,1,222477,222477,1,0,0,0,85176,1,29194623,204227,2,2000022416
1,85877247,85877614,367,1,1,222502,222502,1,0,0,0,204229,2,2000022418,204230,2,2000022420
1,85893608,85893975,367,1,1,222679,222679,1,0,0,0,85286,2,29199242,217405,1,2000059284
1,85896949,85897974,1025,3,3,222717,222723,3,0,0,0,85329,1,29210032,210840,1,2000041625
1,85900650,85901303,653,2,2,222798,222803,2,0,0,0,85361,1,29211317,85365,2,29211359
1,85912558,85913141,583,1,1,222936,222936,0,1,0,0,217791,1,2000060097,79403,1,28046711
1,85914728,85916252,1524,4,4,222992,222995,4,0,0,0,85547,1,29217888,85548,1,29217889
1,85921496,85922242,746,2,2,223024,223025,2,0,0,0,79396,1,28045889,85648,1,29218615
1,85924293,85924565,272,1,1,223149,223149,1,0,0,0,85655,4,29218865,85656,4,29218868
1,85925114,85925660,546,1,1,223247,223247,0,1,0,0,85660,4,29218880,85661,4,29218883
1,85930721,85931017,296,1,1,223325,223325,1,0,0,0,85675,4,29218923,85684,1,29219100
1,85954940,85958216,3276,6,6,223700,223708,0,6,0,0,85920,1,29224180,204771,2,2000024114
1,85959822,85960194,372,1,1,223784,223784,1,0,0,0,85933,1,29224297,211302,1,2000043253
1,85962117,85962401,284,1,1,223901,223901,1,0,0,0,20894,1,5128555,85944,2,29224356
1,85977178,85982568,5390,10,10,224027,224037,0,10,0,0,86065,1,29227620,86081,1,29228690
1,86024177,86024449,272,1,1,224293,224293,1,0,0,0,86265,2,29235102,86266,2,29235103
1,86051255,86051622,367,1,1,224474,224474,1,0,0,0,86343,1,29235645,86351,1,29235712
1,86060889,86061256,367,1,1,224548,224548,1,0,0,0,86370,2,29235854,20677,1,5118414
1,86136779,86137146,367,1,1,225017,225017,1,0,0,0,86669,2,29240126,86673,2,29240131
1,86143106,86143485,379,1,1,225055,225055,1,0,0,0,205349,2,2000025836,16210,1,2004993
1,86146048,86146429,381,1,1,225068,225068,1,0,0,0,86733,1,29240629,86734,1,29240641
1,86153755,86154148,393,1,1,225142,225142,1,0,0,0,16197,1,2004914,86811,2,29242163
1,86155655,86156747,1092,2,2,225147,225148,0,2,0,0,205413,2,2000025988,86814,2,29242166
1,86157220,86162134,4914,9,9,225150,225159,0,9,0,0,86814,2,29242166,205415,2,2000025990
1,86189880,86190261,381,1,1,225281,225281,1,0,0,0,87090,1,30030954,87092,1,30031035
1,86532738,86533132,394,1,1,223015,223015,1,0,0,0,76176,2,27043468,15562,1,1707441
1,86656945,86657327,382,1,1,225095,225095,1,0,0,0,12867,1,931930,78072,2,27148083
1,86691617,86691999,382,1,1,224534,224534,1,0,0,0,78752,2,27164321,76253,1,27048396
1,86790097,86790519,422,1,1,221959,221959,1,0,0,0,76679,2,27097520,77205,2,27121730
1,86838260,86838683,423,1,1,223518,223518,1,0,0,0,5,1,42,11077,1,802507
1,86839901,86840368,467,1,1,223479,223479,1,0,0,0,204944,1,2000024611,12957,1,936884
1,86917537,86918313,776,2,2,222158,222937,2,0,0,0,76336,1,27058561,76267,2,27052388
1,86994677,86995250,573,1,1,222735,222735,0,1,0,0,78798,1,27164474,200289,2,2000010168
1,87091454,87092050,596,1,1,223503,223503,0,1,0,0,76746,2,27100978,214698,1,2000052673
1,87171200,87171791,591,1,1,222184,222184,0,1,0,0,78202,2,27151037,77735,2,27142052
1,87209575,87209969,394,1,1,223777,223777,1,0,0,0,12941,1,935102,77267,2,27128923
1,87255987,87256548,561,1,1,221530,221530,0,1,0,0,77602,2,27135826,12894,2,933369
1,87280309,87280870,561,1,1,221418,221418,0,1,0,0,76702,2,27098525,77111,1,27119252
1,87311622,87312213,591,1,1,222193,222193,0,1,0,0,77394,2,27132910,212805,2,2000047265
1,87317109,87317663,554,1,1,224855,224855,0,1,0,0,78506,2,27159108,76745,2,27100976
1,87326688,87327249,561,1,1,224734,224734,0,1,0,0,15561,1,1707275,203944,2,2000021350
1,87350537,87350934,397,1,1,223776,223776,1,0,0,0,78294,1,27152863,76238,1,27046004
1,87362314,87362875,561,1,1,221149,221149,0,1,0,0,77366,2,27132236,76318,2,27058233
1,87370897,87371458,561,1,1,223512,223512,0,1,0,0,76102,1,27032400,77480,1,27134022
1,87490630,87491191,561,1,1,223407,223407,0,1,0,0,76713,2,27099807,76715,2,27099989
1,87494642,87495209,567,1,1,223508,223508,0,1,0,0,78214,2,27151088,78292,2,27152739
1,87497433,87498000,567,1,1,223513,223513,0,1,0,0,12891,2,933364,75995,2,27020827
1,87499590,87500712,1122,2,2,221184,221186,0,2,0,0,78561,2,27161043,77554,1,27134867
1,87545625,87546179,554,1,1,221929,221929,0,1,0,0,77062,1,27118362,78380,1,27153559
1,87602376,87602932,556,1,1,223405,223405,0,1,0,0,76628,2,27092722,78562,2,27161044
1,87603779,87604896,1117,2,2,221243,221244,0,2,0,0,77780,1,27142367,77768,2,27142293
1,87605943,87606533,590,1,1,221245,221245,0,1,0,0,77321,2,27129924,78558,1,27161040
1,87607488,87608049,561,1,1,221249,221249,0,1,0,0,77749,2,27142183,77729,2,27141279
1,87680929,87681490,561,1,1,223409,223409,0,1,0,0,77619,2,27136732,76768,2,27102093
1,87682660,87683221,561,1,1,223514,223514,0,1,0,0,76118,3,27036548,77964,2,27144033
1,87684109,87685231,1122,2,2,223539,223540,0,2,0,0,77965,2,27144035,78152,2,27150754
1,87690369,87690925,556,1,1,221246,221246,0,1,0,0,77495,2,27134145,77197,1,27121575
1,87692221,87693343,1122,2,2,221247,221248,0,2,0,0,77747,2,27142179,78153,2,27150755
1,87694501,87695618,1117,2,2,221273,221274,0,2,0,0,78545,2,27160397,78483,2,27157971
1,87708193,87708575,382,1,1,221952,221952,1,0,0,0,78512,2,27159160,77820,2,27142632
1,87743704,87744265,561,1,1,223589,223589,0,1,0,0,77881,2,27143438,78084,2,27148325
1,87773674,87774235,561,1,1,223517,223517,0,1,0,0,77646,2,27138611,78602,2,27161346
1,87778906,87779467,561,1,1,223585,223585,0,1,0,0,77443,2,27133531,76932,2,27111044
1,87780390,87780951,561,1,1,223602,223602,0,1,0,0,76693,2,27097916,78450,2,27155092
1,87785531,87786109,578,1,1,223799,223799,0,1,0,0,77196,2,27121567,77410,2,27133039
1,87792612,87793185,573,1,1,221276,221276,0,1,0,0,77728,2,27140919,77891,2,27143526
1,87805305,87805866,561,1,1,223650,223650,0,1,0,0,77703,2,27140699,78730,2,27163956
1,87808448,87809009,561,1,1,223516,223516,0,1,0,0,78697,2,27162475,77812,2,27142574
1,87810593,87811154,561,1,1,223669,223669,0,1,0,0,76164,3,27043099,77774,2,27142313
1,87816625,87817186,561,1,1,223647,223647,0,1,0,0,78707,2,27162756,78718,2,27163276
1,87818350,87818911,561,1,1,223653,223653,0,1,0,0,202777,2,2000017778,78193,2,27151028
1,87821314,87821875,561,1,1,223600,223600,0,1,0,0,77213,2,27122002,78425,2,27154254
1,87838023,87839145,1122,2,2,223661,223668,0,2,0,0,77412,2,27133046,77087,2,27119006
1,87845557,87846113,556,1,1,223515,223515,0,1,0,0,78158,2,27150807,78082,2,27148323
1,87853020,87853581,561,1,1,223670,223670,0,1,0,0,77782,2,27142372,77857,2,27143135
1,87855575,87856136,561,1,1,223646,223646,0,1,0,0,78668,2,27161974,78210,2,27151056
1,87899743,87900030,287,1,1,222269,222269,1,0,0,0,78323,2,27153240,78745,2,27164290
1,87954629,87955214,585,1,1,221874,221874,0,1,0,0,78037,1,27145968,77615,1,27136225
1,87958288,87959410,1122,2,2,221540,221541,0,2,0,0,75785,1,27002460,77479,1,27134020
1,87960087,87960665,578,1,1,221539,221539,0,1,0,0,76789,1,27102452,77590,1,27135717
1,87961287,87962409,1122,2,2,221537,221538,0,2,0,0,77588,1,27135504,78029,1,27145468
1,87962791,87963913,1122,2,2,221535,221536,0,2,0,0,78029,1,27145468,78027,1,27145462
1,87965156,87966273,1117,2,2,221533,221534,0,2,0,0,78024,1,27145322,78022,1,27145191
1,87966871,87967432,561,1,1,221532,221532,0,1,0,0,77437,1,27133513,78017,1,27145084
1,87968567,87969128,561,1,1,221531,221531,0,1,0,0,78015,1,27144985,77065,1,27118718
1,87970479,87970861,382,1,1,221166,221166,1,0,0,0,77438,1,27133514,77586,1,27135492
1,88040685,88041833,1148,4,4,222024,222027,4,0,0,0,77002,4,27113350,77001,4,27113348
1,88043007,88043568,561,1,1,222195,222195,0,1,0,0,203855,1,2000021058,77311,1,27129576
1,88045534,88055617,10083,18,18,222296,222314,0,18,0,0,205973,1,2000027608,78177,1,27150938
1,88055999,88056758,759,2,2,222317,222318,2,0,0,0,78177,1,27150938,77548,1,27134614
1,88086687,88087248,561,1,1,222584,222584,0,1,0,0,203285,2,2000019178,78769,2,27164397
1,88088212,88088803,591,1,1,222589,222589,0,1,0,0,76957,1,27111649,203283,2,2000019161
1,88103711,88104470,759,2,2,223074,223075,2,0,0,0,76435,1,27069715,12866,1,931929
1,88112826,88117309,4483,8,8,223190,223197,0,8,0,0,76499,1,27072487,76500,4,27072558
1,88117834,88118395,561,1,1,223239,223239,0,1,0,0,76504,4,27072581,76505,4,27072584
1,88118500,88119061,561,1,1,223243,223243,0,1,0,0,76505,4,27072584,76506,4,27072588
1,88119166,88128967,9801,21,21,223258,223357,10,11,0,0,76506,4,27072588,76507,4,27072593
1,88129072,88133555,4483,8,8,223395,223403,0,8,0,0,76507,4,27072593,78125,1,27150571
1,88133932,88134493,561,1,1,223406,223406,0,1,0,0,78125,1,27150571,76508,4,27072599
1,88134598,88135159,561,1,1,223408,223408,0,1,0,0,76508,4,27072599,12912,1,934300
1,88135584,88136140,556,1,1,223410,223410,0,1,0,0,12912,1,934300,12914,1,934345
1,88155657,88156107,450,1,1,223781,223781,1,0,0,0,78317,2,27153166,78550,1,27161009
1,88156393,88158356,1963,5,5,223786,223798,5,0,0,0,78550,1,27161009,12971,1,940651
1,88329965,88330247,282,1,1,224026,224026,1,0,0,0,73968,2,25007379,23111,1,5640153
1,88571149,88571516,367,1,1,224868,224868,1,0,0,0,23466,1,5651662,74092,2,25017363
1,88579963,88580240,277,1,1,224695,224695,1,0,0,0,74839,2,25052017,74638,2,25044663
1,88671401,88671778,377,1,1,224793,224793,1,0,0,0,74792,2,25049218,74688,2,25045654
1,88700190,88700783,593,1,1,224615,224615,0,1,0,0,74636,2,25044661,23237,2,5642203
1,88756855,88757137,282,1,1,224902,224902,1,0,0,0,3084,1,132920,74344,2,25034431
1,88765589,88766184,595,1,1,224933,224933,0,1,0,0,3087,1,132929,220125,2,2000065989
1,88778946,88779218,272,1,1,224856,224856,1,0,0,0,75697,2,25062511,75319,2,25058123
1,88792979,88793261,282,1,1,224884,224884,1,0,0,0,74601,2,25044284,23314,2,5645880
1,88793797,88794174,377,1,1,224716,224716,1,0,0,0,23314,2,5645880,23445,2,5648411
1,88847709,88848295,586,1,1,224961,224961,0,1,0,0,74332,2,25034393,75097,2,25055304
1,88854389,88854775,386,1,1,224553,224553,1,0,0,0,4463,2,212575,75231,2,25056064
1,88883333,88883719,386,1,1,224577,224577,1,0,0,0,219000,2,2000063451,75067,2,25055219
1,88888097,88888379,282,1,1,224911,224911,1,0,0,0,75695,2,25062509,75459,2,25058955
1,88945488,88946039,551,1,1,224826,224826,0,1,0,0,203567,2,2000020011,75705,2,25062521
1,88956803,88957403,600,1,1,220937,220937,0,1,0,0,74753,2,25048777,74754,1,25048785
1,88999242,88999823,581,1,1,220967,220967,0,1,0,0,75727,2,25062825,218144,2,2000060754
1,89002597,89003148,551,1,1,224624,224624,0,1,0,0,75230,2,25056048,218437,2,2000061900
1,89011712,89011994,282,1,1,224883,224883,1,0,0,0,74289,2,25034106,219010,2,2000063495
1,89015396,89015952,556,1,1,224720,224720,0,1,0,0,218379,2,2000061712,218378,2,2000061710
1,89016508,89017615,1107,2,2,224738,224953,0,2,0,0,218378,2,2000061710,75733,2,25062883
1,89019253,89019833,580,1,1,224745,224745,0,1,0,0,75593,2,25062314,74280,2,25034061
1,89020448,89020999,551,1,1,224628,224628,0,1,0,0,74280,2,25034061,217507,2,2000059508
1,89031923,89032200,277,1,1,224914,224914,1,0,0,0,74744,2,25048652,75716,2,25062589
1,89034421,89034798,377,1,1,224707,224707,1,0,0,0,75358,2,25058251,218384,2,2000061733
1,89036136,89036722,586,1,1,225078,225078,0,1,0,0,214711,1,2000052730,75352,1,25058231
1,89125342,89125719,377,1,1,224915,224915,1,0,0,0,219254,2,2000064205,184168,2,89071286
1,89129082,89129631,549,1,1,224777,224777,0,1,0,0,184167,2,89071284,219369,2,2000064454
1,89134691,89135247,556,1,1,224816,224816,0,1,0,0,215304,2,2000054544,218385,2,2000061736
1,89135803,89137449,1646,3,3,224766,225080,0,3,0,0,218385,2,2000061736,217600,2,2000059734
1,89140265,89140821,556,1,1,224779,224779,0,1,0,0,219232,2,2000064115,219022,2,2000063522
1,89147210,89147766,556,1,1,224759,224759,0,1,0,0,74046,2,25017020,219013,2,2000063502
1,89148713,89149257,544,1,1,224814,224814,0,1,0,0,74360,1,25034474,49614,2,16328900
1,89151897,89152453,556,1,1,224950,224950,0,1,0,0,218447,2,2000061913,23168,2,5640464
1,89160149,89160735,586,1,1,220933,220933,0,1,0,0,74055,2,25017087,3121,1,133026
1,89255537,89256088,551,1,1,224913,224913,0,1,0,0,23341,2,5646113,74914,2,25052521
1,89257232,89257783,551,1,1,224958,224958,0,1,0,0,214040,2,2000050665,203306,2,2000019266
1,89258332,89259451,1119,2,2,224754,224773,0,2,0,0,203306,2,2000019266,23436,2,5648282
1,89266019,89266570,551,1,1,224819,224819,0,1,0,0,215460,2,2000054955,74623,2,25044512
1,89285159,89285531,372,1,1,224709,224709,1,0,0,0,23259,2,5642354,75433,2,25058564
1,89315570,89316146,576,1,1,220934,220934,0,1,0,0,75619,2,25062376,74670,2,25044948
1,89318308,89318871,563,1,1,220966,220966,0,1,0,0,75675,2,25062456,75129,2,25055363
1,89366057,89366334,277,1,1,224733,224733,1,0,0,0,23315,2,5645886,23288,1,5643702
1,89396327,89396903,576,1,1,220965,220965,0,1,0,0,74466,2,25040141,75453,2,25058619
1,89432637,89433193,556,1,1,224627,224627,0,1,0,0,219318,2,2000064340,219413,2,2000064578
1,89444737,89445286,549,1,1,220935,220935,0,1,0,0,75426,2,25058540,75187,2,25055772
1,89449168,89449719,551,1,1,220936,220936,0,1,0,0,75194,2,25055789,74556,2,25043656
1,89529054,89529617,563,1,1,221495,221495,0,1,0,0,74823,4,25051683,74011,1,25012623
1,89582665,89582947,282,1,1,223541,223541,1,0,0,0,219219,1,2000064073,74698,4,25047353
1,89607408,89608067,659,2,2,224629,224630,2,0,0,0,23356,1,5646276,23353,1,5646252
1,89625439,89626093,654,2,2,224926,224927,2,0,0,0,75735,1,25062912,23253,1,5642296
1,89626479,89626851,372,1,1,224940,224940,1,0,0,0,23253,1,5642296,75394,1,25058349
1,90560419,90560985,566,1,1,223217,223217,0,1,0,0,187125,2,91203957,72178,2,24025066
1,90729480,90729966,486,1,1,225038,225038,0,1,0,0,118358,2,49061831,73081,2,24056934
1,90745004,90746136,1132,2,2,223215,223216,0,2,0,0,73779,2,24065940,73722,2,24065309
1,90818546,90819112,566,1,1,224005,224005,0,1,0,0,71999,2,24019735,207120,2,2000030698
1,90819671,90820237,566,1,1,225180,225180,0,1,0,0,207120,2,2000030698,206366,2,2000028724
1,90863504,90864070,566,1,1,223214,223214,0,1,0,0,73791,2,24066099,73173,2,24058337
1,90867379,90867982,603,1,1,222605,222605,0,1,0,0,73530,2,24062763,72379,1,24039515
1,90902521,90903653,1132,2,2,223228,223229,0,2,0,0,73471,2,24062398,206996,2,2000030333
1,90905374,90905940,566,1,1,223205,223205,0,1,0,0,212697,2,2000047083,73118,2,24057522
1,91000220,91000786,566,1,1,223203,223203,0,1,0,0,73359,2,24061093,73376,2,24061163
1,91002572,91003131,559,1,1,225040,225040,0,1,0,0,73597,2,24064088,71861,2,24014078
1,91009213,91009791,578,1,1,224886,224886,0,1,0,0,208185,2,2000033568,208197,2,2000033591
1,91035438,91035997,559,1,1,225039,225039,0,1,0,0,71850,2,24013493,73401,2,24061466
1,91095751,91096317,566,1,1,223224,223224,0,1,0,0,73329,2,24060445,73713,2,24065293
1,91140375,91143205,2830,5,5,223202,223230,0,5,0,0,73219,2,24059283,73711,2,24065264
1,91167405,91167971,566,1,1,225271,225271,0,1,0,0,8734,2,653280,71584,2,24003279
1,91282907,91283313,406,1,1,222923,222923,1,0,0,0,110807,2,43339832,73710,2,24065263
1,91285438,91286004,566,1,1,225273,225273,0,1,0,0,73171,2,24058335,8652,1,652424
1,91303900,91304466,566,1,1,223226,223226,0,1,0,0,72796,2,24051155,8854,2,662604
1,91363833,91364399,566,1,1,225274,225274,0,1,0,0,8598,3,650105,198588,2,98064495
1,91365575,91366141,566,1,1,225272,225272,0,1,0,0,212551,2,2000046694,73723,2,24065316
1,91387780,91388346,566,1,1,225275,225275,0,1,0,0,73223,2,24059312,72258,2,24027102
1,91431667,91432250,583,1,1,224425,224425,0,1,0,0,49569,1,16319079,72299,2,24037088
1,91437991,91438686,695,1,1,224093,224093,0,0,1,0,71525,2,24001397,71809,2,24012374
1,91452527,91453196,669,1,1,222787,222787,0,0,1,0,72030,2,24020430,72384,2,24039530
1,91477208,91477600,392,1,1,224218,224218,1,0,0,0,71738,2,24004716,73164,2,24058328
1,91501736,91502331,595,1,1,221689,221689,0,1,0,0,72390,1,24039598,73602,1,24064137
1,91504005,91505166,1161,2,2,221425,221864,0,2,0,0,73853,1,24066444,72622,4,24047423
1,91514404,91515083,679,2,2,223283,223284,2,0,0,0,72635,4,24047471,72619,4,24047420
1,91744363,91744754,391,1,1,222782,222782,1,0,0,0,64386,2,22081455,27553,2,7509952
1,91771099,91771542,443,1,1,224892,224892,1,0,0,0,27331,1,7502177,63305,2,22028063
1,91932943,91933320,377,1,1,224694,224694,1,0,0,0,63408,1,22036898,63724,2,22059720
1,91995798,91996736,938,2,2,224213,224863,1,1,0,0,64027,2,22073038,63911,2,22068318
1,92000454,92000831,377,1,1,222214,222214,1,0,0,0,27517,2,7507215,63196,2,22018461
1,92106005,92106382,377,1,1,224581,224581,1,0,0,0,3638,1,139836,63873,2,22067548
1,92125533,92125910,377,1,1,225092,225092,1,0,0,0,64607,2,22084985,64241,2,22077530
1,92130459,92130741,282,1,1,223905,223905,1,0,0,0,203920,2,2000021287,63377,2,22034399
1,92136082,92136638,556,1,1,223831,223831,0,1,0,0,63803,2,22064313,63057,2,22006775
1,92143332,92143883,551,1,1,222009,222009,0,1,0,0,27336,1,7502204,63881,2,22067838
1,92160569,92161120,551,1,1,222210,222210,0,1,0,0,64339,2,22080233,64097,2,22075671
1,92179602,92180146,544,1,1,223506,223506,0,1,0,0,64077,2,22075167,64209,2,22076797
1,92190498,92191054,556,1,1,223829,223829,0,1,0,0,63761,2,22063015,64392,2,22081505
1,92208330,92209277,947,2,2,225077,225165,1,1,0,0,211195,1,2000042786,63415,2,22037197
1,92246876,92247420,544,1,1,225082,225082,0,1,0,0,63659,2,22055929,64095,2,22075548
1,92283613,92284164,551,1,1,224713,224713,0,1,0,0,64415,2,22081691,63352,2,22032976
1,92318879,92319435,556,1,1,223839,223839,0,1,0,0,63509,2,22040357,64499,2,22083064
1,92322344,92322900,556,1,1,223836,223836,0,1,0,0,64649,2,22085797,63167,1,22015368
1,92366594,92367143,549,1,1,225087,225087,0,1,0,0,27256,2,7501299,218047,2,2000060540
1,92389981,92390562,581,1,1,225081,225081,0,1,0,0,64190,2,22076549,64270,2,22078353
1,92391038,92391582,544,1,1,225086,225086,0,1,0,0,64270,2,22078353,64612,2,22085430
1,92405428,92405984,556,1,1,223833,223833,0,1,0,0,27459,2,7504677,63642,2,22055217
1,92417407,92417963,556,1,1,223840,223840,0,1,0,0,63842,2,22066972,64421,2,22081777
1,92426784,92427335,551,1,1,223837,223837,0,1,0,0,27604,1,7512071,64513,2,22083141
1,92487630,92488186,556,1,1,223841,223841,0,1,0,0,64051,2,22073782,64430,2,22081963
1,92501556,92502107,551,1,1,223834,223834,0,1,0,0,63827,2,22066165,63044,2,22006258
1,92587104,92587660,556,1,1,223842,223842,0,1,0,0,63791,2,22063991,64188,2,22076546
1,92609788,92610332,544,1,1,225085,225085,0,1,0,0,64519,2,22083156,63619,2,22054424
1,92614120,92614669,549,1,1,225091,225091,0,1,0,0,64749,2,22086836,63971,2,22071521
1,92654099,92654648,549,1,1,222141,222141,0,1,0,0,211031,2,2000042285,63066,2,22006959
1,92718979,92719368,389,1,1,223795,223795,1,0,0,0,64764,2,22086868,63758,2,22062507
1,92782494,92782880,386,1,1,224584,224584,1,0,0,0,64130,4,22076063,64131,4,22076066
1,92797472,92798021,549,1,1,225083,225083,0,1,0,0,64805,4,22087007,64806,4,22087009
1,92798445,92798994,549,1,1,225084,225084,0,1,0,0,64809,4,22087016,64810,4,22087019
1,92799099,92799648,549,1,1,225090,225090,0,1,0,0,64810,4,22087019,63038,1,22005956
1,92987651,92988259,608,1,1,224498,224498,0,1,0,0,62951,2,21034774,110487,2,43318363
1,93114189,93114607,418,1,1,223000,223000,1,0,0,0,48851,2,16204365,62941,2,21033482
1,93123398,93123802,404,1,1,223050,223050,1,0,0,0,197593,2,98043625,179112,2,84159907
1,93137848,93138520,672,1,1,221463,221463,0,1,0,0,62108,2,20037196,32105,1,8501183
1,93141540,93142226,686,1,1,221859,221859,0,1,0,0,124280,1,53008837,62830,1,21020239
1,93317438,93317848,410,1,1,224177,224177,1,0,0,0,50841,2,17034989,50664,2,17030100
1,93419826,93420103,277,1,1,221715,221715,1,0,0,0,50740,1,17032535,27109,2,7482081
1,93659987,93660269,282,1,1,222391,222391,1,0,0,0,207425,1,2000031445,201444,2,2000014171
1,93743977,93744363,386,1,1,222086,222086,1,0,0,0,202907,2,2000018170,202906,2,2000018169
1,93908586,93909130,544,1,1,223893,223893,0,1,0,0,50622,2,17029206,200553,2,2000011172
1,93914591,93915140,549,1,1,224273,224273,0,1,0,0,50704,2,17031428,51035,2,17038272
1,93944745,93945326,581,1,1,222646,222646,0,1,0,0,202407,2,2000016381,206174,2,2000028258
1,93959065,93959646,581,1,1,223235,223235,0,1,0,0,50674,2,17030994,50646,2,17029463
1,93964122,93964808,686,1,1,222379,222379,0,0,1,0,51214,2,17040785,50830,2,17034947
1,93965396,93965977,581,1,1,223043,223043,0,1,0,0,50830,2,17034947,204534,2,2000023442
1,94006114,94006665,551,1,1,221199,221199,0,1,0,0,51159,2,17039706,206177,2,2000028262
1,94007209,94007797,588,1,1,222776,222776,0,1,0,0,206177,2,2000028262,50684,2,17031318
1,94016048,94016636,588,1,1,222374,222374,0,1,0,0,208829,2,2000035622,51083,2,17038624
1,94027613,94028187,574,1,1,223042,223042,0,1,0,0,208838,2,2000035638,50679,2,17031217
1,94029334,94029885,551,1,1,222641,222641,0,1,0,0,203551,2,2000019988,212823,2,2000047290
1,94040730,94041281,551,1,1,222785,222785,0,1,0,0,51122,2,17038936,50689,2,17031326
1,94042854,94043405,551,1,1,222820,222820,0,1,0,0,206172,2,2000028256,204526,2,2000023429
1,94066496,94067047,551,1,1,221201,221201,0,1,0,0,212596,2,2000046794,50956,2,17035890
1,94088579,94089123,544,1,1,221200,221200,0,1,0,0,210566,2,2000040474,213081,2,2000047927
1,94108713,94109264,551,1,1,223241,223241,0,1,0,0,200689,2,2000011595,212829,2,2000047301
1,94121035,94121721,686,1,1,222779,222779,0,0,1,0,200687,2,2000011592,212884,2,2000047436
1,94122272,94122853,581,1,1,221793,221793,0,1,0,0,212884,2,2000047436,211114,2,2000042535
1,94125124,94125675,551,1,1,222786,222786,0,1,0,0,213079,2,2000047920,144116,2,63033353
1,94132289,94132661,372,1,1,222387,222387,1,0,0,0,211365,2,2000043389,211363,2,2000043387
1,94133212,94134314,1102,2,2,222376,222377,0,2,0,0,211363,2,2000043387,210564,2,2000040469
1,94141249,94141800,551,1,1,222819,222819,0,1,0,0,210456,2,2000040176,211811,2,2000044718
1,94154509,94155060,551,1,1,221203,221203,0,1,0,0,51247,2,17041195,211088,2,2000042491
1,94163458,94164009,551,1,1,223242,223242,0,1,0,0,50675,2,17030997,212585,2,2000046773
1,94173098,94173649,551,1,1,221205,221205,0,1,0,0,27107,1,7481994,212261,2,2000045874
1,94176478,94177029,551,1,1,221480,221480,0,1,0,0,208839,2,2000035639,212390,2,2000046184
1,94186641,94187192,551,1,1,222648,222648,0,1,0,0,50921,2,17035769,204525,2,2000023428
1,94187743,94188338,595,1,1,222393,222393,0,1,0,0,204525,2,2000023428,201389,2,2000013992
1,94193522,94194073,551,1,1,222668,222668,0,1,0,0,201883,2,2000015363,211526,2,2000043782
1,94195175,94195726,551,1,1,222380,222380,0,1,0,0,200937,2,2000012644,211528,2,2000043784
1,94196828,94197379,551,1,1,221202,221202,0,1,0,0,211354,2,2000043378,212236,2,2000045827
1,94202288,94202839,551,1,1,221207,221207,0,1,0,0,205084,2,2000025079,210620,2,2000040650
1,94210256,94210807,551,1,1,224097,224097,0,1,0,0,211489,2,2000043722,51038,2,17038275
1,94213124,94214226,1102,2,2,221206,223909,0,2,0,0,51149,2,17039665,212811,2,2000047274
1,94217592,94218143,551,1,1,224061,224061,0,1,0,0,212881,2,2000047432,51021,2,17038095
1,94226357,94226908,551,1,1,222671,222671,0,1,0,0,50626,2,17029320,211084,2,2000042484
1,94227459,94228010,551,1,1,222647,222647,0,1,0,0,211084,2,2000042484,211854,2,2000044826
1,94232471,94233022,551,1,1,222381,222381,0,1,0,0,211345,2,2000043367,204070,2,2000021811
1,94236204,94236755,551,1,1,222388,222388,0,1,0,0,51174,2,17039805,50470,2,17026076
1,94239040,94239591,551,1,1,221204,221204,0,1,0,0,200026,2,2000009499,212876,2,2000047421
1,94245742,94247395,1653,3,3,221478,221481,0,3,0,0,213080,2,2000047924,51052,2,17038376
1,94248968,94249519,551,1,1,222382,222382,0,1,0,0,211092,2,2000042496,213086,2,2000047934
1,94265918,94266469,551,1,1,224062,224062,0,1,0,0,51033,2,17038270,50587,2,17028709
1,94593893,94594175,282,1,1,222194,222194,1,0,0,0,218860,1,2000062976,95243,2,37013325
1,95200060,95200604,544,1,1,225166,225166,0,1,0,0,52634,2,18087984,53508,2,18107450
1,95397540,95397931,391,1,1,221136,221136,1,0,0,0,219285,1,2000064273,30775,1,8155282
1,95488400,95488949,549,1,1,221574,221574,0,1,0,0,4331,2,200338,30959,1,8170895
1,95568879,95569488,609,1,1,223537,223537,0,1,0,0,52111,1,18072122,111863,2,43407361
1,95990284,95990833,549,1,1,225020,225020,0,1,0,0,219090,2,2000063735,219574,1,2000064971
1,96099349,96099905,556,1,1,222422,222422,0,1,0,0,53180,1,18100595,52652,2,18088888
1,96194789,96195369,580,1,1,221239,221239,0,1,0,0,51901,1,18054066,51684,1,18038100
1,96215359,96216769,1410,5,5,224099,224105,5,0,0,0,219660,1,2000065160,8148,1,534480
1,96606876,96607262,386,1,1,220962,220962,1,0,0,0,22561,1,5606762,49971,1,16337403
1,96660816,96661202,386,1,1,222295,222295,1,0,0,0,49461,2,16283664,49118,2,16254273
1,96868927,96869313,386,1,1,222132,222132,1,0,0,0,48526,2,16184566,47786,1,16047298
1,97101521,97101907,386,1,1,221055,221055,1,0,0,0,48330,2,16158036,47496,1,16012921
1,97126959,97127345,386,1,1,223004,223004,1,0,0,0,48905,1,16238490,48901,1,16233869
1,97172354,97173121,767,2,2,223150,223161,2,0,0,0,47457,3,16009884,49220,1,16255418
1,97173502,97173888,386,1,1,222939,222939,1,0,0,0,49220,1,16255418,49176,1,16255084
1,97174649,97175030,381,1,1,222947,222947,1,0,0,0,50098,1,16341436,22562,1,5606786
1,97179623,97180009,386,1,1,223009,223009,1,0,0,0,47618,1,16023615,47620,1,16023644
1,97187401,97187787,386,1,1,222998,222998,1,0,0,0,49435,2,16283418,48767,1,16199686
1,97189119,97189510,391,1,1,223796,223796,1,0,0,0,48896,1,16233510,22407,1,5600633
1,97192941,97193327,386,1,1,223103,223103,1,0,0,0,205883,1,2000027270,198251,2,98061193
1,97193910,97194296,386,1,1,223104,223104,1,0,0,0,198251,2,98061193,48319,2,16155721
1,97207379,97207765,386,1,1,223055,223055,1,0,0,0,49498,2,16285565,22441,1,5601527
1,97213439,97213811,372,1,1,222972,222972,1,0,0,0,49495,1,16285303,49896,1,16336777
1,97217896,97218268,372,1,1,222977,222977,1,0,0,0,49055,2,16253655,48410,1,16169641
1,97223693,97224079,386,1,1,222980,222980,1,0,0,0,49465,2,16283695,206677,1,2000029456
1,97224355,97224741,386,1,1,223144,223144,1,0,0,0,206677,1,2000029456,48507,2,16183351
1,97229677,97230253,576,1,1,222984,222984,0,1,0,0,48374,2,16162481,49400,2,16282825
1,97236402,97236783,381,1,1,223002,223002,1,0,0,0,22397,1,5600580,8470,1,601714
1,97243831,97244212,381,1,1,223049,223049,1,0,0,0,199864,2,2000008996,49032,2,16252090
1,97247101,97247473,372,1,1,223175,223175,1,0,0,0,49015,2,16251214,48053,1,16104482
1,97250503,97250779,276,1,1,223151,223151,1,0,0,0,48110,2,16126780,49593,2,16323262
1,97255614,97255986,372,1,1,223148,223148,1,0,0,0,49852,2,16336639,49127,1,16254420
1,97258607,97259365,758,2,2,222943,223085,2,0,0,0,47684,2,16036277,49047,2,16253160
1,97269113,97269480,367,1,1,223154,223154,1,0,0,0,22482,1,5602958,22411,3,5600655
1,97271853,97272955,1102,2,2,225220,225221,0,2,0,0,48480,3,16179135,49198,1,16255242
1,97273849,97274233,384,1,1,223142,223142,1,0,0,0,48196,2,16145128,49034,2,16252108
1,97294034,97294420,386,1,1,223160,223160,1,0,0,0,49662,1,16333538,49851,2,16336638
1,97301666,97302052,386,1,1,223159,223159,1,0,0,0,48852,2,16204366,48708,2,16191689
1,97305300,97305686,386,1,1,223163,223163,1,0,0,0,49240,1,16255738,49473,2,16283752
1,97308683,97309064,381,1,1,223065,223065,1,0,0,0,49581,2,16320603,49471,2,16283749
1,97325479,97326030,551,1,1,225183,225183,0,1,0,0,50058,1,16340249,206595,2,2000029283
1,97330644,97332188,1544,4,4,223165,223173,4,0,0,0,22640,3,5609663,49949,2,16337258
1,97334811,97335197,386,1,1,223174,223174,1,0,0,0,49920,2,16336971,47805,2,16048965
1,97335802,97336188,386,1,1,222935,222935,1,0,0,0,47805,2,16048965,48006,2,16096858
1,97337493,97338044,551,1,1,225215,225215,0,1,0,0,22489,3,5603155,50109,1,16342321
1,97339927,97340294,367,1,1,223086,223086,1,0,0,0,50094,1,16341270,48079,2,16121058
1,97344239,97345011,772,2,2,223010,223100,2,0,0,0,49823,2,16336583,49223,1,16255441
1,97346950,97347717,767,2,2,222941,222979,2,0,0,0,22469,3,5602531,22682,1,5610310
1,97355278,97356596,1318,3,3,222292,225067,2,1,0,0,48064,2,16117382,49919,2,16336956
1,97357745,97358131,386,1,1,223143,223143,1,0,0,0,48954,2,16249811,48048,2,16104114
1,97359816,97360202,386,1,1,223087,223087,1,0,0,0,49915,2,16336948,47972,1,16094486
1,97362411,97363060,649,1,1,223943,223943,0,0,1,0,49935,2,16337127,49942,2,16337193
1,97375665,97376051,386,1,1,223006,223006,1,0,0,0,49563,3,16309258,49542,1,16305879
1,97376437,97376823,386,1,1,222983,222983,1,0,0,0,49542,1,16305879,49257,2,16259069
1,97377374,97377746,372,1,1,222974,222974,1,0,0,0,49257,2,16259069,49988,2,16337590
1,97380815,97381201,386,1,1,223171,223171,1,0,0,0,48855,2,16204448,49208,1,16255328
1,97382281,97382667,386,1,1,222946,222946,1,0,0,0,48265,3,16148258,48111,2,16127024
1,97384392,97384764,372,1,1,223059,223059,1,0,0,0,48600,2,16190698,49877,2,16336684
1,97386900,97387267,367,1,1,222978,222978,1,0,0,0,206589,2,2000029276,49227,1,16255504
1,97389768,97390454,686,1,1,223079,223079,0,0,1,0,22501,1,5603514,47468,1,16010202
1,97393628,97394014,386,1,1,223152,223152,1,0,0,0,49267,3,16259609,49028,1,16251845
1,97399238,97399624,386,1,1,223162,223162,1,0,0,0,48748,1,16197592,47378,3,16007471
1,97402863,97403249,386,1,1,222933,222933,1,0,0,0,49256,2,16259068,48598,2,16189943
1,97403859,97404240,381,1,1,223167,223167,1,0,0,0,48598,2,16189943,49589,2,16323000
1,97411088,97411744,656,1,1,224088,224088,0,0,1,0,22601,1,5607490,49422,2,16283362
1,97414511,97414897,386,1,1,223007,223007,1,0,0,0,3329,3,134503,199292,2,2000007053
1,97415478,97416245,767,2,2,223001,223168,2,0,0,0,199292,2,2000007053,48805,2,16202184
1,97424493,97424879,386,1,1,223169,223169,1,0,0,0,50124,3,16342789,48982,2,16250671
1,97425460,97425846,386,1,1,223307,223307,1,0,0,0,48982,2,16250671,49432,2,16283415
1,97431318,97431699,381,1,1,223164,223164,1,0,0,0,22684,1,5610328,50003,2,16337760
1,97436166,97436817,651,1,1,224087,224087,0,0,1,0,47549,3,16017604,49946,2,16337239
1,97437912,97438463,551,1,1,222290,222290,0,1,0,0,49938,2,16337144,47370,1,16006815
1,97439430,97439802,372,1,1,223187,223187,1,0,0,0,48217,2,16147454,49031,2,16251853
1,97442807,97443179,372,1,1,223067,223067,1,0,0,0,49261,2,16259300,49427,2,16283407
1,97443730,97444474,744,2,2,223066,223404,2,0,0,0,49427,2,16283407,49038,2,16252555
1,97445482,97445849,367,1,1,223924,223924,1,0,0,0,49962,2,16337330,47356,1,16006241
1,97450980,97451738,758,2,2,223413,223931,2,0,0,0,49115,2,16254244,49530,2,16305215
1,97455237,97455623,386,1,1,223170,223170,1,0,0,0,22672,2,5610171,49421,2,16283339
1,97460418,97461171,753,2,2,223380,223381,2,0,0,0,49575,2,16320413,48108,2,16126441
1,97462411,97462783,372,1,1,223302,223302,1,0,0,0,50089,1,16341218,47737,1,16043264
1,97465697,97466813,1116,3,3,224008,224040,3,0,0,0,48626,2,16191120,49197,1,16255236
1,97474553,97474925,372,1,1,224039,224039,1,0,0,0,49842,2,16336625,48508,2,16183352
1,97475977,97476725,748,2,2,223176,223835,2,0,0,0,206352,2,2000028705,49603,2,16324813
1,97482892,97483264,372,1,1,223844,223844,1,0,0,0,48713,2,16191697,48514,2,16184133
1,97485007,97485379,372,1,1,223791,223791,1,0,0,0,49640,2,16332018,208874,2,2000035729
1,97494243,97494615,372,1,1,224004,224004,1,0,0,0,49251,2,16258750,47491,1,16012406
1,97501670,97503346,1676,4,4,223177,225189,3,1,0,0,49387,2,16282748,49647,2,16332489
1,97505493,97506251,758,2,2,223306,223316,2,0,0,0,49092,2,16254126,48839,2,16202561
1,97509199,97509571,372,1,1,224215,224215,1,0,0,0,49509,2,16286395,50026,1,16339752
1,97509943,97510315,372,1,1,223975,223975,1,0,0,0,50026,1,16339752,49418,2,16283333
1,97511412,97512876,1464,3,3,223378,225108,1,2,0,0,49903,2,16336841,48989,2,16250723
1,97515002,97515374,372,1,1,223790,223790,1,0,0,0,49260,2,16259216,49983,2,16337497
1,97520344,97520716,372,1,1,223934,223934,1,0,0,0,49975,2,16337465,50117,1,16342540
1,97523635,97524007,372,1,1,223412,223412,1,0,0,0,50111,1,16342405,47743,2,16044510
1,97524981,97525367,386,1,1,223416,223416,1,0,0,0,49700,1,16333825,3364,1,134594
1,97526463,97526849,386,1,1,223332,223332,1,0,0,0,48097,3,16125301,49183,1,16255117
1,97527235,97527607,372,1,1,223976,223976,1,0,0,0,49183,1,16255117,49892,2,16336749
1,97528732,97529485,753,2,2,223789,223937,2,0,0,0,48177,2,16137622,48213,2,16147388
1,97530849,97531607,758,2,2,223321,224011,2,0,0,0,3324,1,134490,48463,1,16178110
1,97535756,97536500,744,2,2,224031,224216,2,0,0,0,47988,2,16096480,48798,2,16200789
1,97537081,97537453,372,1,1,224385,224385,1,0,0,0,48798,2,16200789,49040,2,16252625
1,97538004,97538653,649,1,1,224090,224090,0,0,1,0,49040,2,16252625,48070,1,16118284
1,97541213,97541957,744,2,2,223317,224007,2,0,0,0,49409,2,16282921,48114,2,16127235
1,97545631,97545998,367,1,1,224383,224383,1,0,0,0,49193,1,16255206,49051,2,16253200
1,97548504,97548876,372,1,1,224377,224377,1,0,0,0,47272,1,16003184,48887,2,16231923
1,97549457,97549824,367,1,1,223847,223847,1,0,0,0,48887,2,16231923,47583,2,16020455
1,97551686,97552058,372,1,1,224398,224398,1,0,0,0,22709,3,5610767,49515,2,16299042
1,97553043,97553415,372,1,1,224405,224405,1,0,0,0,48829,2,16202479,49557,1,16307630
1,97554063,97554435,372,1,1,224095,224095,1,0,0,0,49237,1,16255709,48020,1,16097951
1,97554821,97555565,744,2,2,224135,224308,2,0,0,0,48020,1,16097951,48467,2,16178308
1,97557113,97557485,372,1,1,224091,224091,1,0,0,0,22706,1,5610720,22681,1,5610304
1,97557879,97558623,744,2,2,224134,224384,2,0,0,0,22681,1,5610304,48725,2,16191726
1,97559169,97560285,1116,3,3,223794,223925,3,0,0,0,48725,2,16191726,48662,2,16191328
1,97560858,97561230,372,1,1,224379,224379,1,0,0,0,48662,2,16191328,48483,2,16179212
1,97562362,97562734,372,1,1,224263,224263,1,0,0,0,49864,2,16336658,3353,1,134560
1,97563010,97563382,372,1,1,224386,224386,1,0,0,0,3353,1,134560,49869,2,16336668
1,97565465,97565832,367,1,1,224217,224217,1,0,0,0,22628,1,5609229,47670,2,16026769
1,97569951,97571806,1855,5,5,224300,224391,5,0,0,0,47302,2,16004223,47582,2,16020454
1,97572945,97574345,1400,3,3,224261,224404,2,0,1,0,48195,2,16144666,47857,2,16064638
1,97574926,97576321,1395,3,3,223562,224378,2,0,1,0,47857,2,16064638,48328,2,16157712
1,97578851,97579218,367,1,1,224395,224395,1,0,0,0,49124,1,16254414,49556,1,16307549
1,97579900,97581016,1116,3,3,223500,224396,3,0,0,0,49217,1,16255369,47382,2,16007616
1,97583330,97583979,649,1,1,224401,224401,0,0,1,0,49430,2,16283413,50088,1,16341210
1,97738026,97738729,703,1,1,222222,222222,0,1,0,0,194303,2,95065931,194270,2,95058990
1,97739315,97739796,481,1,1,222246,222246,0,1,0,0,194270,2,95058990,176154,2,83233289
1,97740259,97742622,2363,4,4,222228,222253,0,4,0,0,176154,2,83233289,194310,2,95066832
1,97743210,97743850,640,1,1,222229,222229,0,1,0,0,194310,2,95066832,115271,1,47000770
1,97744276,97745614,1338,2,2,222319,222423,0,2,0,0,115271,1,47000770,194309,2,95066828
1,97746207,97747545,1338,2,2,222330,222416,0,2,0,0,194309,2,95066828,199716,2,2000008647
1,97748119,97749905,1786,3,3,222320,222424,0,3,0,0,199716,2,2000008647,194308,2,95066822
1,97757685,97758071,386,1,1,221314,221314,1,0,0,0,107095,2,43072400,8592,1,650067
1,97942513,97942909,396,1,1,223919,223919,1,0,0,0,94142,2,36131397,93263,2,36090517
1,97948094,97948663,569,1,1,222072,222072,0,1,0,0,92612,2,36059407,92450,2,36055466
1,97969045,97969615,570,1,1,224918,224918,0,1,0,0,52739,2,18089580,91792,2,36023631
1,97990421,97990979,558,1,1,221772,221772,0,1,0,0,219974,2,2000065697,199352,2,2000007299
1,97992374,97992913,539,1,1,220820,220820,0,1,0,0,18712,1,3601057,24591,1,5726561
1,97993302,97993860,558,1,1,221404,221404,0,1,0,0,24591,1,5726561,173670,1,82015127
1,98003269,98003546,277,1,1,225170,225170,1,0,0,0,115442,1,47069486,194921,1,96030183
1,98033372,98033666,294,1,1,223371,223371,1,0,0,0,19845,1,4400202,83084,1,29125299
1,98055189,98055592,403,1,1,221041,221041,1,0,0,0,185045,2,91018517,79492,2,28049331
1,98058198,98058475,277,1,1,223373,223373,1,0,0,0,185480,2,91126325,160509,1,72021796
1,98151646,98151940,294,1,1,225103,225103,1,0,0,0,160909,1,72044912,160502,1,72021726
1,98218216,98218510,294,1,1,225104,225104,1,0,0,0,14771,1,1201442,161225,1,72052002
1,98264099,98264471,372,1,1,225070,225070,1,0,0,0,160365,1,72006731,160718,2,72038752
1,98395350,98395902,552,1,1,223335,223335,0,1,0,0,160940,2,72045833,161372,2,72056129
1,98429401,98429945,544,1,1,224487,224487,0,1,0,0,160751,2,72039150,61930,3,20016260
1,98479103,98479666,563,1,1,223625,223625,0,1,0,0,161144,2,72051158,62314,2,20045106
1,98522805,98523349,544,1,1,220885,220885,0,1,0,0,62501,2,20048646,62215,2,20042300
1,98549848,98550417,569,1,1,222482,222482,0,1,0,0,62488,2,20048628,161290,2,72052913
1,98589518,98590062,544,1,1,220891,220891,0,1,0,0,62160,2,20041934,161401,2,72056162
1,98628851,98630558,1707,3,3,223336,223350,0,3,0,0,62351,2,20046457,62333,2,20046418
1,98632711,98633262,551,1,1,222774,222774,0,1,0,0,62305,2,20045083,62304,2,20045080
1,98682531,98683089,558,1,1,222759,222759,0,1,0,0,62121,2,20040228,14027,1,980484
1,98685204,98685760,556,1,1,224471,224471,0,1,0,0,125996,2,53126330,62486,2,20048626
1,98690871,98691429,558,1,1,223359,223359,0,1,0,0,62335,2,20046421,62311,2,20045098
1,98700309,98700860,551,1,1,222807,222807,0,1,0,0,160568,2,72023372,62682,2,20050376
1,98701441,98701875,434,1,1,222762,222762,0,1,0,0,62682,2,20050376,62510,2,20048728
1,98721249,98721807,558,1,1,223507,223507,0,1,0,0,208087,2,2000033184,176281,2,83240678
1,98724939,98725532,593,1,1,221157,221157,0,1,0,0,160642,2,72026271,62540,2,20048853
1,98730722,98731261,539,1,1,222439,222439,0,1,0,0,208101,2,2000033211,220331,2,2000066446
1,98744432,98744983,551,1,1,223351,223351,0,1,0,0,62362,2,20046475,62023,2,20031865
1,98756805,98757344,539,1,1,224492,224492,0,1,0,0,208462,2,2000034156,208080,2,2000033176
1,98760516,98761067,551,1,1,223358,223358,0,1,0,0,213567,2,2000049396,62218,2,20042308
1,98795367,98795918,551,1,1,220890,220890,0,1,0,0,212072,2,2000045420,161066,2,72048306
1,98804912,98805463,551,1,1,223360,223360,0,1,0,0,161434,2,72056265,160373,1,72006947
1,98830822,98831929,1107,2,2,222808,224486,0,2,0,0,81501,2,28127263,213738,2,2000049804
1,98837322,98837868,546,1,1,222764,222764,0,1,0,0,211908,2,2000044996,219771,2,2000065375
1,98841484,98842036,552,1,1,223213,223213,0,1,0,0,201943,2,2000015469,123966,2,52098101
1,98872248,98872787,539,1,1,225058,225058,0,1,0,0,62353,2,20046463,62248,2,20044693
1,98881936,98882517,581,1,1,224489,224489,0,1,0,0,212087,1,2000045457,62073,2,20034926
1,98892429,98892968,539,1,1,220892,220892,0,1,0,0,121582,2,51078308,62680,2,20050128
1,98908146,98908690,544,1,1,224491,224491,0,1,0,0,161344,2,72053584,62544,2,20049214
1,98910297,98910848,551,1,1,222763,222763,0,1,0,0,212069,2,2000045412,187156,2,91204529
1,98953885,98954466,581,1,1,224490,224490,0,1,0,0,62479,2,20048617,80476,2,28104008
1,98967831,98968412,581,1,1,221729,221729,0,1,0,0,62085,2,20034973,191157,2,93088775
1,99017753,99018209,456,1,1,223856,223856,0,1,0,0,77616,2,27136400,208848,2,2000035673
1,99024592,99025067,475,1,1,225266,225266,0,1,0,0,121189,2,51071753,175942,2,83227690
1,99057513,99057802,289,1,1,222508,222508,1,0,0,0,160621,1,72025506,160504,1,72021771
1,99062303,99062871,568,1,1,220945,220945,0,1,0,0,62429,1,20046765,84727,1,29183227
1,99072701,99073019,318,1,1,223735,223735,1,0,0,0,78500,1,27159082,153067,1,67260496
1,99084488,99085147,659,1,1,222805,222805,0,1,0,0,84988,1,29192080,14056,1,981894
1,99086468,99087294,826,3,3,222889,222894,3,0,0,0,14030,1,980769,84987,1,29192079
1,99088047,99088324,277,1,1,222895,222895,1,0,0,0,161092,4,72049705,86812,2,29242164
1,99215895,99216434,539,1,1,223774,223774,0,1,0,0,201878,2,2000015354,173467,2,80035875
1,99719326,99719870,544,1,1,224081,224081,0,1,0,0,119604,2,51008462,119763,1,51013086
1,99956697,99957069,372,1,1,223365,223365,1,0,0,0,120473,2,51054582,121188,2,51071752
1,99972593,99973174,581,1,1,224472,224472,0,1,0,0,121138,2,51069351,121108,1,51069277
1,99986210,99986784,574,1,1,225032,225032,0,1,0,0,122108,2,51080908,121134,2,51069338
1,99997249,99997800,551,1,1,225268,225268,0,1,0,0,151303,2,67199159,121107,2,51069276
1,100027469,100028050,581,1,1,225269,225269,0,1,0,0,120295,2,51043669,122096,2,51080722
1,100029200,100029781,581,1,1,225033,225033,0,1,0,0,120262,2,51042390,121141,2,51069357
1,100072300,100072869,569,1,1,225270,225270,0,1,0,0,121395,2,51074725,121041,2,51068258
1,100239569,100239941,372,1,1,223368,223368,1,0,0,0,120338,1,51048429,120491,2,51054789
1,100261275,100261647,372,1,1,223367,223367,1,0,0,0,218589,2,2000062281,120555,2,51055311
1,100322471,100323052,581,1,1,223988,223988,0,1,0,0,213457,2,2000049169,121096,2,51069228
1,100409030,100410148,1118,2,2,223592,224357,0,2,0,0,121736,2,51079022,120257,2,51042351
1,100461816,100462367,551,1,1,224368,224368,0,1,0,0,120330,2,51048092,122063,2,51080603
1,100481848,100483012,1164,2,2,224366,224441,0,2,0,0,217688,2,2000059939,216436,2,2000056982
1,100490412,100491000,588,1,1,223824,223824,0,1,0,0,122078,2,51080632,2300,1,116678
1,100508546,100509085,539,1,1,224355,224355,0,1,0,0,214777,2,2000052922,121070,2,51068431
1,100526051,100526639,588,1,1,223491,223491,0,1,0,0,210470,2,2000040198,121262,2,51072463
1,100533171,100533747,576,1,1,223502,223502,0,1,0,0,217682,2,2000059931,216243,2,2000056602
1,100543548,100544136,588,1,1,224372,224372,0,1,0,0,121800,2,51079380,216076,2,2000056367
1,100558389,100558977,588,1,1,224365,224365,0,1,0,0,121613,2,51078467,216728,2,2000057787
1,100580808,100581377,569,1,1,224448,224448,0,1,0,0,121472,2,51075194,200754,2,2000011880
1,100584485,100585068,583,1,1,224374,224374,0,1,0,0,120328,2,51047691,207718,2,2000032333
1,100590244,100590832,588,1,1,224371,224371,0,1,0,0,121477,2,51075199,122050,2,51080580
1,100597875,100598451,576,1,1,224369,224369,0,1,0,0,216572,2,2000057187,122055,2,51080585
1,100601162,100601706,544,1,1,224358,224358,0,1,0,0,216735,2,2000057796,121804,2,51079439
1,100607026,100607614,588,1,1,224375,224375,0,1,0,0,216238,2,2000056595,121759,2,51079204
1,100612863,100613451,588,1,1,224370,224370,0,1,0,0,121725,2,51078975,122005,2,51080390
1,100618963,100619509,546,1,1,224367,224367,0,1,0,0,122097,2,51080723,121832,2,51079632
1,100622229,100622803,574,1,1,224359,224359,0,1,0,0,217741,2,2000060019,121828,2,51079550
1,100627589,100628163,574,1,1,224450,224450,0,1,0,0,121918,2,51079976,121963,2,51080148
1,100628634,100629208,574,1,1,224449,224449,0,1,0,0,121963,2,51080148,121738,2,51079129
1,100634563,100635107,544,1,1,224194,224194,0,1,0,0,211596,2,2000044015,121778,2,51079282
1,100635688,100636239,551,1,1,223989,223989,0,1,0,0,121778,2,51079282,121954,2,51080040
1,100637879,100639031,1152,2,2,223825,223916,0,2,0,0,122066,2,51080606,121786,2,51079290
1,100645121,100646283,1162,2,2,223522,223523,0,2,0,0,216239,2,2000056596,121183,2,51071733
1,100647019,100648022,1003,2,2,223505,223519,0,2,0,0,120177,1,51041236,216244,2,2000056603
1,100660293,100660874,581,1,1,223364,223364,0,1,0,0,121724,2,51078974,120346,1,51048578
1,100664368,100664907,539,1,1,224493,224493,0,1,0,0,120342,1,51048487,120132,1,51039523
1,100681685,100682812,1127,2,2,224373,224542,0,2,0,0,122098,2,51080724,121802,2,51079437
1,100686612,100687188,576,1,1,224451,224451,0,1,0,0,121815,2,51079470,217246,2,2000059022
1,100709947,100710528,581,1,1,225029,225029,0,1,0,0,121785,2,51079289,121849,2,51079711
1,100741580,100742156,576,1,1,224997,224997,0,1,0,0,121844,2,51079706,216229,2,2000056579
1,100753557,100754138,581,1,1,223923,223923,0,1,0,0,216240,2,2000056597,121945,2,51080031
1,100755996,100756577,581,1,1,223501,223501,0,1,0,0,211581,2,2000043948,121930,2,51079998
1,100759272,100759818,546,1,1,223483,223483,0,1,0,0,121682,2,51078768,217739,2,2000060017
1,100760950,100761531,581,1,1,225003,225003,0,1,0,0,211570,2,2000043919,211567,2,2000043915
1,100764698,100765274,576,1,1,223922,223922,0,1,0,0,121702,2,51078846,121704,2,51078848
1,100766640,100767186,546,1,1,223917,223917,0,1,0,0,121362,2,51074533,215041,2,2000053578
1,100770586,100771160,574,1,1,223827,223827,0,1,0,0,120695,1,51056832,210093,2,2000039223
1,100789534,100790073,539,1,1,225001,225001,0,1,0,0,121607,2,51078453,121599,2,51078411
1,100797958,100798497,539,1,1,225028,225028,0,1,0,0,121827,2,51079546,121923,2,51079981
1,100802574,100803118,544,1,1,225027,225027,0,1,0,0,122031,2,51080455,122041,2,51080465
1,100805953,100806534,581,1,1,225002,225002,0,1,0,0,121977,2,51080170,121850,2,51079712
1,100815152,100815726,574,1,1,225000,225000,0,1,0,0,121973,2,51080166,211599,2,2000044020
1,100819745,100820296,551,1,1,224999,224999,0,1,0,0,122020,2,51080431,121992,2,51080185
1,100821428,100822002,574,1,1,224998,224998,0,1,0,0,210736,2,2000041129,210187,2,2000039472
1,100866886,100867253,367,1,1,223581,223581,1,0,0,0,121617,1,51078473,121633,1,51078566
1,100872474,100872846,372,1,1,223607,223607,1,0,0,0,23673,1,5660596,119500,1,51000438
1,100874094,100874461,367,1,1,223609,223609,1,0,0,0,121309,4,51074141,121821,1,51079538
1,100877290,100877562,272,1,1,223610,223610,1,0,0,0,23661,1,5660526,121203,1,51071983
1,100877932,100878481,549,2,2,223611,223617,2,0,0,0,121203,1,51071983,121310,4,51074144
1,100891471,100892669,1198,4,4,224348,224364,4,0,0,0,23616,1,5660236,212680,1,2000047022
1,100893327,100893966,639,2,2,224430,224440,2,0,0,0,212677,1,2000047019,218878,1,2000063023
1,100894789,100895433,644,2,2,224484,224540,2,0,0,0,217734,2,2000060008,120787,1,51062177
1,100920982,100921354,372,1,1,223369,223369,1,0,0,0,23820,1,5665089,120908,1,51064269
1,101050171,101050764,593,1,1,224992,224992,0,1,0,0,143348,2,63001452,181607,2,87040507
1,101081360,101082551,1191,2,2,221156,222219,0,2,0,0,62006,2,20030589,173677,2,82050203
1,101112500,101113063,563,1,1,225192,225192,0,0,1,0,20553,1,5113583,181557,2,87001000
1,101115743,101116426,683,1,1,224072,224072,0,1,0,0,212415,3,2000046297,104852,2,42061335
1,101155818,101156386,568,1,1,222438,222438,0,1,0,0,212250,2,2000045858,212252,2,2000045860
1,101192112,101192498,386,1,1,225253,225253,1,0,0,0,173437,2,80030846,62650,1,20049573
1,101255250,101255622,372,1,1,225140,225140,1,0,0,0,62174,2,20042016,61917,2,20015337
1,101365965,101366509,544,1,1,220889,220889,0,1,0,0,172029,2,78085086,206753,1,2000029634
1,101372264,101372820,556,1,1,224901,224901,0,1,0,0,62664,2,20049595,62757,2,20503083
1,101383540,101384114,574,1,1,221506,221506,0,1,0,0,179541,1,85044958,61926,2,20016222
1,101384594,101385728,1134,2,2,222414,223566,0,2,0,0,61926,2,20016222,62113,2,20040002
1,101387058,101387646,588,1,1,224907,224907,0,1,0,0,62376,2,20046501,161294,2,72052917
1,101394499,101395043,544,1,1,224898,224898,0,1,0,0,202837,2,2000017966,62802,2,20503441
1,101414311,101414855,544,1,1,220888,220888,0,1,0,0,206751,1,2000029631,206750,1,2000029630
1,101417964,101418538,574,1,1,224922,224922,0,1,0,0,219391,2,2000064509,62228,2,20042366
1,101424545,101425084,539,1,1,224931,224931,0,1,0,0,204896,2,2000024458,62754,2,20503060
1,101429134,101429678,544,1,1,224924,224924,0,1,0,0,206187,2,2000028279,187324,2,91206434
1,101436207,101436800,593,1,1,224928,224928,0,1,0,0,204892,2,2000024454,207286,1,2000031087
1,101448088,101448632,544,1,1,221507,221507,0,1,0,0,207858,2,2000032755,62099,2,20035076
1,101463121,101463665,544,1,1,220887,220887,0,1,0,0,210805,2,2000041523,207289,1,2000031093
1,101476395,101477047,652,1,1,220886,220886,0,1,0,0,208611,2,2000034717,62231,2,20042815
1,101646764,101647150,386,1,1,223864,223864,1,0,0,0,206658,2,2000029366,206702,1,2000029539
1,101685726,101686294,568,1,1,223091,223091,0,1,0,0,206351,2,2000028704,14021,2,979992
1,101740229,101741886,1657,6,6,223865,223871,6,0,0,0,61963,1,20020039,160297,1,72001019
1,101745245,101745617,372,1,1,225045,225045,1,0,0,0,183483,1,89024717,62110,2,20037210
1,101761253,101761814,561,1,1,224619,224619,0,1,0,0,62818,1,20503502,215198,1,2000054113
1,101792295,101792871,576,1,1,224904,224904,0,1,0,0,173710,2,82074378,173742,1,82085628
1,102096404,102096695,291,1,1,223845,223845,1,0,0,0,67993,2,23282365,65815,2,23106032
1,102627843,102628399,556,1,1,224268,224268,0,1,0,0,148325,2,66046983,148221,2,66044794
1,102981236,102981775,539,1,1,224643,224643,0,1,0,0,147850,2,66040305,147833,2,66040254
1,103056839,103057378,539,1,1,224737,224737,0,1,0,0,148054,4,66043357,148055,4,66043360
1,103057491,103057763,272,1,1,224730,224730,1,0,0,0,148055,4,66043360,148255,4,66045631
1,103063618,103064181,563,1,1,225155,225155,0,1,0,0,24360,1,5705689,148094,2,66044451
1,103069092,103070170,1078,2,2,224613,224614,0,2,0,0,148282,4,66045659,148134,2,66044510
1,103070716,103071255,539,1,1,224612,224612,0,1,0,0,148134,2,66044510,148135,1,66044511
1,103071622,103072168,546,1,1,224611,224611,0,1,0,0,148135,1,66044511,24405,1,5709020
1,103072525,103074142,1617,3,3,224608,224610,0,3,0,0,24405,1,5709020,24403,4,5708987
1,103077486,103079654,2168,4,4,224604,224607,0,4,0,0,201374,1,2000013966,148283,4,66045660
1,103080058,103083838,3780,7,7,224590,224597,0,7,0,0,148286,4,66045663,201373,1,2000013965
1,103084110,103084649,539,1,1,224589,224589,0,1,0,0,201373,1,2000013965,148287,4,66045664
1,103109281,103110898,1617,3,3,224850,224852,0,3,0,0,148244,1,66045522,147661,4,66036051
1,103111011,103111550,539,1,1,224849,224849,0,1,0,0,147661,4,66036051,147660,4,66036050
1,103111663,103112202,539,1,1,224846,224846,0,1,0,0,147660,4,66036050,147345,1,66012000
1,103113526,103116228,2702,5,5,224840,224845,0,5,0,0,147323,2,66011898,147659,4,66036049
1,103116329,103117953,1624,3,3,224837,224839,0,3,0,0,147659,4,66036049,201322,1,2000013847
1,103118482,103122113,3631,7,7,224829,224836,1,6,0,0,201324,1,2000013851,148245,4,66045605
1,103123232,103125388,2156,4,4,224805,224811,0,4,0,0,148247,4,66045617,24283,1,5703465
1,103126136,103126675,539,1,1,224803,224803,0,1,0,0,24255,1,5703027,24254,1,5703023
1,103127055,103128133,1078,2,2,224796,224797,0,2,0,0,148248,4,66045620,148249,4,66045625
1,103128234,103129856,1622,4,4,224780,224790,2,2,0,0,148249,4,66045625,24284,1,5703484
1,103130511,103131245,734,2,2,224775,224776,2,0,0,0,148250,4,66045626,24250,1,5702990
1,103132007,103134163,2156,4,4,224769,224772,0,4,0,0,24248,1,5702946,215403,4,2000054849
1,103135050,103135589,539,1,1,224768,224768,0,1,0,0,24246,1,5702093,24293,1,5703598
1,103135970,103139204,3234,6,6,224760,224767,0,6,0,0,24293,1,5703598,24244,1,5702055
1,103142554,103143093,539,1,1,224750,224750,0,1,0,0,86465,2,29236409,147572,4,66033493
1,103143319,103144397,1078,2,2,224747,224749,0,2,0,0,147573,4,66033495,147574,4,66033505
1,103145595,103146134,539,1,1,224746,224746,0,1,0,0,147580,4,66033538,147594,1,66034889
1,103152947,103153486,539,1,1,222410,222410,0,1,0,0,24305,1,5704035,24162,1,5701313
1,103153867,103154418,551,1,1,222411,222411,0,1,0,0,24162,1,5701313,147495,1,66030062
1,103170237,103171866,1629,3,3,223450,223457,0,3,0,0,24340,1,5704967,201375,1,2000013967
1,103174490,103175036,546,1,1,223459,223459,0,1,0,0,147828,1,66040240,8037,1,528589
1,103175995,103176534,539,1,1,223461,223461,0,1,0,0,147521,1,66032016,147853,1,66040310
1,103180154,103180965,811,2,2,223464,224740,1,1,0,0,147872,1,66040798,71223,1,23488423
1,103181351,103181890,539,1,1,223466,223466,0,1,0,0,71223,1,23488423,24344,1,5705053
1,103183960,103184499,539,1,1,220819,220819,0,1,0,0,24347,1,5705074,24269,1,5703149
1,103184871,103185506,635,1,1,220805,220805,0,1,0,0,24269,1,5703149,147952,1,66041013
1,103189354,103190432,1078,2,2,224522,224523,0,2,0,0,147160,4,66001302,24354,1,5705341
1,103440257,103440843,586,1,1,222053,222053,0,1,0,0,70118,2,23419000,65259,2,23036294
1,103441409,103441995,586,1,1,222052,222052,0,1,0,0,65259,2,23036294,217304,2,2000059091
1,103445742,103446291,549,1,1,224723,224723,0,1,0,0,71297,2,23494104,71276,2,23494000
1,103449723,103450304,581,1,1,222051,222051,0,1,0,0,71290,2,23494088,69261,2,23359377
1,103454972,103455516,544,1,1,224725,224725,0,1,0,0,71247,2,23493713,67333,2,23222431
1,103485469,103486020,551,1,1,221928,221928,0,1,0,0,71291,2,23494092,67958,2,23276789
1,103926195,103926776,581,1,1,222110,222110,0,1,0,0,69960,2,23406260,47009,2,15086556
1,104094872,104095453,581,1,1,222157,222157,0,1,0,0,14282,2,1015936,3866,1,141430
1,104117281,104117862,581,1,1,222191,222191,0,1,0,0,69940,2,23405843,69573,2,23378630
1,104181344,104181890,546,1,1,222120,222120,0,1,0,0,68426,1,23321926,67692,2,23257848
1,104195166,104196323,1157,2,2,222076,222077,0,2,0,0,64971,2,23013680,69563,2,23378420
1,104206175,104206756,581,1,1,222212,222212,0,1,0,0,66746,2,23171252,64870,2,23005480
1,104233791,104234342,551,1,1,222192,222192,0,1,0,0,70368,1,23423522,70385,2,23424586
1,104259555,104260136,581,1,1,222163,222163,0,1,0,0,68443,2,23322408,69590,2,23379086
1,104283298,104283849,551,1,1,222211,222211,0,1,0,0,67200,1,23204374,67887,2,23270365
1,104287009,104287555,546,1,1,222190,222190,0,1,0,0,70390,2,23425153,70349,2,23423252
1,104310963,104311514,551,1,1,222164,222164,0,1,0,0,67174,2,23203281,67121,1,23201743
1,104313339,104313885,546,1,1,222161,222161,0,1,0,0,211314,1,2000043270,68446,2,23322469
1,104329698,104330244,546,1,1,222160,222160,0,1,0,0,211950,1,2000045078,32434,1,8651201
1,104330515,104331061,546,1,1,222162,222162,0,1,0,0,32434,1,8651201,68444,2,23322410
1,104651446,104652002,556,1,1,224920,224920,0,1,0,0,67047,2,23190895,23024,2,5631651
1,104713127,104713683,556,1,1,221756,221756,0,1,0,0,4140,1,149621,7228,1,478379
1,104852440,104853013,573,1,1,225245,225245,0,1,0,0,205702,2,2000026762,11035,1,781569
1,104857674,104858228,554,1,1,225098,225098,0,1,0,0,206254,2,2000028475,46199,2,15071135
1,104863098,104863652,554,1,1,223236,223236,0,1,0,0,115197,2,45093050,211610,2,2000044076
1,104868684,104869268,584,1,1,223246,223246,0,1,0,0,19110,1,3900947,90046,2,33086761
1,104871648,104872202,554,1,1,223237,223237,0,1,0,0,115171,2,45084046,115214,2,45103209
1,104876820,104877404,584,1,1,223245,223245,0,1,0,0,217297,2,2000059084,203701,2,2000020453
1,104884084,104885251,1167,2,2,224718,224722,0,2,0,0,115258,2,45112596,115130,2,45054539
1,104891603,104892157,554,1,1,224726,224726,0,1,0,0,115213,2,45103197,220604,2,2000068063
1,104896449,104897003,554,1,1,224728,224728,0,1,0,0,67248,1,23218284,220024,1,2000065795
1,104897404,104897791,387,1,1,225132,225132,1,0,0,0,220024,1,2000065795,184529,1,90077980
1,104899494,104900368,874,2,2,221097,224854,1,1,0,0,161363,1,72054545,53714,1,18110700
1,104960032,104960634,602,1,1,224470,224470,0,1,0,0,85636,2,29218499,190823,2,93084012
1,104969515,104970088,573,1,1,221079,221079,0,1,0,0,199566,2,2000008320,192464,2,93124764
1,105139509,105139939,430,1,1,222121,222121,1,0,0,0,46281,2,15072884,68247,2,23309988
1,106263637,106264181,544,1,1,223476,223476,0,1,0,0,102225,2,40036710,102123,2,40030551
1,106283662,106284211,549,1,1,222716,222716,0,1,0,0,101877,2,40022500,102354,2,40038210
1,106299336,106299885,549,1,1,222582,222582,0,1,0,0,102056,2,40029012,102044,2,40028759
1,106305137,106306230,1093,2,2,223134,223297,0,2,0,0,101830,1,40010736,29066,2,7643207
1,106343146,106343695,549,1,1,222714,222714,0,1,0,0,102266,2,40037023,218775,2,2000062777
1,106344722,106345271,549,1,1,222440,222440,0,1,0,0,102246,2,40036878,102373,2,40038513
1,106356478,106357022,544,1,1,223473,223473,0,1,0,0,102072,2,40029843,218746,2,2000062667
1,106357571,106358120,549,1,1,223471,223471,0,1,0,0,218746,2,2000062667,215660,2,2000055377
1,106360980,106361529,549,1,1,222437,222437,0,1,0,0,101955,1,40025519,102393,2,40038762
1,106366420,106366964,544,1,1,223296,223296,0,1,0,0,102030,2,40028624,102138,2,40030863
1,106370219,106370768,549,1,1,223475,223475,0,1,0,0,102036,2,40028699,102107,2,40030302
1,106374212,106374761,549,1,1,223415,223415,0,1,0,0,215622,2,2000055309,201364,2,2000013932
1,106376851,106377400,549,1,1,222711,222711,0,1,0,0,102213,2,40035984,218769,2,2000062765
1,106384445,106385538,1093,2,2,223040,223696,0,2,0,0,29064,2,7643094,102295,2,40037800
1,106387342,106387896,554,1,1,223693,223693,0,1,0,0,102187,2,40035813,101801,2,40009752
1,106388487,106389036,549,1,1,223123,223123,0,1,0,0,101801,2,40009752,101829,2,40010704
1,106391560,106392104,544,1,1,223467,223467,0,1,0,0,102219,2,40036606,102310,2,40037839
1,106392543,106393092,549,1,1,223135,223135,0,1,0,0,102310,2,40037839,218774,2,2000062776
1,106393641,106394192,551,1,1,223463,223463,0,1,0,0,218774,2,2000062776,218739,2,2000062657
1,106398570,106399668,1098,2,2,223121,223465,0,2,0,0,215663,2,2000055382,3538,2,138418
1,106400261,106401903,1642,3,3,222581,222709,0,3,0,0,3538,2,138418,102360,2,40038276
1,106406781,106407325,544,1,1,223699,223699,0,1,0,0,102234,2,40036735,202851,2,2000017994
1,106413209,106413758,549,1,1,222710,222710,0,1,0,0,215644,2,2000055350,102057,2,40029032
1,106419528,106420077,549,1,1,223681,223681,0,1,0,0,102412,2,40038792,102408,2,40038781
1,106421127,106422225,1098,2,2,223125,223133,0,2,0,0,102267,2,40037024,202806,2,2000017881
1,106422774,106423323,549,1,1,223054,223054,0,1,0,0,202806,2,2000017881,102405,2,40038777
1,106426587,106427131,544,1,1,223451,223451,0,1,0,0,102353,2,40038208,218742,2,2000062662
1,106429288,106429837,549,1,1,223435,223435,0,1,0,0,3539,2,138422,218748,2,2000062673
1,106433358,106435005,1647,3,3,223057,223127,0,3,0,0,102177,2,40035762,102236,2,40036740
1,106435439,106435988,549,1,1,223436,223436,0,1,0,0,102236,2,40036740,102253,2,40037001
1,106436976,106438074,1098,2,2,223052,223136,0,2,0,0,219287,2,2000064277,102269,2,40037026
1,106438550,106439099,549,1,1,223298,223298,0,1,0,0,102269,2,40037026,102335,2,40038016
1,106439685,106440788,1103,2,2,223041,223682,0,2,0,0,102335,2,40038016,202856,2,2000018009
1,106441886,106443533,1647,3,3,223458,223709,0,3,0,0,202810,2,2000017885,102305,2,40037829
1,106445566,106446654,1088,2,2,222715,223470,0,2,0,0,102410,2,40038784,215645,2,2000055351
1,106448871,106449420,549,1,1,223697,223697,0,1,0,0,102311,2,40037841,102185,1,40035804
1,106449811,106450360,549,1,1,222713,222713,0,1,0,0,102185,1,40035804,102371,2,40038504
1,106452917,106453466,549,1,1,223124,223124,0,1,0,0,102327,2,40037935,215906,2,2000055891
1,106456008,106457106,1098,2,2,223129,223130,0,2,0,0,202858,2,2000018013,102286,2,40037503
1,106458999,106459543,544,1,1,223468,223468,0,1,0,0,102208,2,40035951,102372,2,40038511
1,106460551,106461100,549,1,1,223411,223411,0,1,0,0,102211,2,40035973,102252,2,40036998
1,106462095,106462644,549,1,1,222712,222712,0,1,0,0,102265,2,40037021,102313,2,40037845
1,106464340,106465438,1098,2,2,223698,223701,0,2,0,0,101900,2,40023376,102184,1,40035803
1,106467229,106468327,1098,2,2,223053,223454,0,2,0,0,102319,2,40037904,102241,2,40036764
1,106468878,106469422,544,1,1,223694,223694,0,1,0,0,102241,2,40036764,102137,2,40030862
1,106472838,106473382,544,1,1,223680,223680,0,1,0,0,102409,2,40038782,102303,2,40037824
1,106474409,106474953,544,1,1,222583,222583,0,1,0,0,102302,2,40037822,215617,2,2000055301
1,106477636,106478185,549,1,1,223132,223132,0,1,0,0,102190,2,40035819,102309,2,40037837
1,106479881,106480430,549,1,1,223417,223417,0,1,0,0,102336,2,40038020,218737,2,2000062653
1,106481308,106482401,1093,2,2,223056,223702,0,2,0,0,102257,2,40037005,219370,2,2000064456
1,106539769,106542490,2721,8,8,223299,223715,8,0,0,0,102235,1,40036737,84680,1,29181209
1,106542805,106544213,1408,4,4,222441,223058,4,0,0,0,84680,1,29181209,101908,4,40023640
1,106702812,106703356,544,1,1,222358,222358,0,1,0,0,67627,2,23251651,68257,2,23314617
1,106778126,106778675,549,1,1,222360,222360,0,1,0,0,69739,1,23390546,65508,1,23063526
1,106779000,106781209,2209,4,4,222361,223078,0,4,0,0,65508,1,23063526,22258,1,5441096
1,109074153,109074692,539,1,1,221360,221360,0,1,0,0,14347,2,1020303,200582,2,2000011277
1,109116687,109117260,573,1,1,220834,220834,0,1,0,0,67842,2,23268055,78097,2,27148734
1,109117892,109118455,563,1,1,221075,221075,0,1,0,0,78097,2,27148734,95053,1,37002937
1,109356357,109356913,556,1,1,223964,223964,0,1,0,0,52202,2,18075405,51287,2,18004450
1,109383135,109383764,629,1,1,224906,224906,0,1,0,0,54217,2,18116123,53562,2,18109062
1,109556240,109556808,568,1,1,224101,224101,0,1,0,0,44893,2,15018155,111271,2,43381601
1,109602485,109603041,556,1,1,222359,222359,0,1,0,0,145149,2,65010415,88198,2,33033162
1,109616588,109617146,558,1,1,221815,221815,0,1,0,0,12698,1,919959,34470,2,13148012
1,109674753,109675139,386,1,1,221423,221423,1,0,0,0,31256,1,8428691,31736,1,8448690
1,109711861,109712429,568,1,1,224485,224485,0,1,0,0,183795,2,89061783,33576,2,12006821
1,109713890,109714446,556,1,1,224923,224923,0,1,0,0,14266,1,1015540,81089,1,28116349
1,109966570,109967046,476,1,1,221482,221482,0,1,0,0,145530,2,65028568,2811,1,131377
1,110190394,110190950,556,1,1,224980,224980,0,1,0,0,146119,2,65036496,76511,2,27072841
1,110231020,110231576,556,1,1,224878,224878,0,1,0,0,145179,2,65011583,146947,2,65045386
1,110234561,110235112,551,1,1,224929,224929,0,1,0,0,146768,2,65043101,146046,2,65034288
1,110255373,110255929,556,1,1,224936,224936,0,1,0,0,146377,2,65039495,145160,2,65011429
1,110256515,110257071,556,1,1,224939,224939,0,1,0,0,145160,2,65011429,145380,2,65014126
1,110258126,110258682,556,1,1,224870,224870,0,1,0,0,145159,2,65011171,145683,2,65030474
1,110266688,110267239,551,1,1,224708,224708,0,1,0,0,145534,2,65028599,145653,2,65030400
1,110268889,110269445,556,1,1,224874,224874,0,1,0,0,146192,2,65036816,146115,2,65036464
1,110295138,110295694,556,1,1,224941,224941,0,1,0,0,145563,2,65028834,145398,2,65024910
1,110319739,110320295,556,1,1,224869,224869,0,1,0,0,145199,2,65011781,146706,2,65042578
1,110320876,110321432,556,1,1,224710,224710,0,1,0,0,146706,2,65042578,24067,2,5688153
1,110351729,110352285,556,1,1,224871,224871,0,1,0,0,145192,2,65011628,24058,2,5687765
1,110383134,110383690,556,1,1,224704,224704,0,1,0,0,146796,2,65043296,146471,2,65040242
1,110403052,110403613,561,1,1,224952,224952,0,1,0,0,146508,2,65041439,145839,2,65032543
1,110420697,110421253,556,1,1,224587,224587,0,1,0,0,145878,2,65032661,145678,2,65030465
1,110468775,110469326,551,1,1,224946,224946,0,1,0,0,146865,2,65045093,145341,2,65013762
1,110487772,110488323,551,1,1,224876,224876,0,1,0,0,146728,2,65042720,146063,2,65035868
1,110491771,110492327,556,1,1,223498,223498,0,1,0,0,147000,2,65045488,146850,2,65044489
1,110497467,110498023,556,1,1,223493,223493,0,1,0,0,146950,2,65045393,146450,2,65040029
1,110505265,110505821,556,1,1,222159,222159,0,1,0,0,145514,2,65026931,12718,1,925315
1,110510725,110511281,556,1,1,223488,223488,0,1,0,0,213395,2,2000048956,146987,2,65045474
1,110512413,110512964,551,1,1,224930,224930,0,1,0,0,145528,2,65028563,214179,2,2000051067
1,110516806,110517352,546,1,1,223497,223497,0,1,0,0,145716,2,65030594,146255,2,65037099
1,110552874,110553430,556,1,1,222275,222275,0,1,0,0,146978,2,65045460,145524,1,65028508
1,110572002,110572553,551,1,1,223399,223399,0,1,0,0,145845,2,65032557,146738,2,65042784
1,110595589,110596150,561,1,1,224937,224937,0,1,0,0,208538,2,2000034432,146499,2,65040942
1,110596726,110597282,556,1,1,223489,223489,0,1,0,0,146499,2,65040942,208579,2,2000034610
1,110603940,110604496,556,1,1,223474,223474,0,1,0,0,146977,2,65045459,147115,2,65045982
1,110608208,110608754,546,1,1,222187,222187,0,1,0,0,146993,2,65045480,145099,2,65010234
1,110633495,110634046,551,1,1,223385,223385,0,1,0,0,219472,2,2000064746,207904,2,2000032865
1,110647400,110647956,556,1,1,223386,223386,0,1,0,0,145980,2,65033866,146821,2,65043333
1,110648983,110649539,556,1,1,223496,223496,0,1,0,0,145445,2,65025953,145240,2,65013344
1,110654598,110655154,556,1,1,223442,223442,0,1,0,0,147001,2,65045490,146770,2,65043115
1,110655705,110656251,546,1,1,223444,223444,0,1,0,0,146770,2,65043115,147064,2,65045641
1,110662869,110663425,556,1,1,223485,223485,0,1,0,0,145913,2,65032730,146536,2,65041773
1,110695359,110695915,556,1,1,224711,224711,0,1,0,0,145997,2,65033896,146863,2,65045085
1,110732514,110733070,556,1,1,223389,223389,0,1,0,0,146482,2,65040471,146117,2,65036467
1,110791647,110792203,556,1,1,223387,223387,0,1,0,0,219562,2,2000064959,146788,3,65043282
1,110803437,110803993,556,1,1,223434,223434,0,1,0,0,147104,2,65045965,147099,2,65045957
1,110877197,110877753,556,1,1,223452,223452,0,1,0,0,146519,2,65041659,219563,2,2000064960
1,110950313,110950869,556,1,1,223446,223446,0,1,0,0,146904,2,65045288,145435,1,65025739
1,111008043,111009079,1036,3,3,224956,224985,3,0,0,0,219539,1,2000064899,146341,1,65039212
1,111010317,111010873,556,1,1,224875,224875,0,1,0,0,145244,1,65013415,219934,1,2000065653
1,111020136,111020885,749,2,2,224475,224476,2,0,0,0,144921,1,65002368,145281,1,65013606
1,111021834,111022211,377,1,1,224467,224467,1,0,0,0,145283,1,65013608,145284,1,65013609
1,111047491,111048245,754,2,2,223382,223383,2,0,0,0,145346,1,65013783,145512,1,65026917
1,111054833,111055205,372,1,1,222821,222821,1,0,0,0,145543,4,65028667,145544,4,65028670
1,111062817,111063189,372,1,1,222038,222038,1,0,0,0,146935,1,65045361,145129,1,65010351
1,111085905,111086187,282,1,1,223838,223838,1,0,0,0,2812,1,131378,213817,1,2000049973
1,111090175,111090547,372,1,1,220968,220968,1,0,0,0,146160,4,65036648,146159,4,65036646
1,111137410,111138057,647,1,1,223800,223800,0,1,0,0,160415,2,72011154,53631,2,18110497
1,111328085,111328629,544,1,1,223938,223938,0,1,0,0,34780,2,13181586,174012,2,83111073
1,111431263,111431851,588,1,1,224617,224617,0,1,0,0,117031,2,49038291,34122,2,13106873
1,111456982,111457538,556,1,1,222516,222516,0,1,0,0,112179,2,43424881,216916,2,2000058351
1,111460195,111460751,556,1,1,221529,221529,0,1,0,0,88928,2,33065725,174716,2,83156674
1,111648715,111649101,386,1,1,221894,221894,1,0,0,0,53475,2,18106174,34337,2,13129609
1,111727597,111728180,583,1,1,223339,223339,0,1,0,0,151802,2,67217646,62131,2,20041465
1,111754229,111754829,600,1,1,225075,225075,0,1,0,0,120546,2,51055262,194512,2,95078947
1,111768773,111769312,539,1,1,225259,225259,0,1,0,0,115273,2,47003943,78144,2,27150708
1,111776650,111777203,553,1,1,224881,224881,0,1,0,0,142873,2,62233521,129520,2,55072273
1,111792031,111792570,539,1,1,225057,225057,0,1,0,0,178384,2,84112221,146124,2,65036570
1,111819242,111819788,546,1,1,224515,224515,0,1,0,0,145988,2,65033885,142616,2,62220382
1,111820385,111820931,546,1,1,224541,224541,0,1,0,0,142616,2,62220382,8095,1,529750
1,111823394,111823940,546,1,1,224514,224514,0,1,0,0,213850,1,2000050061,93582,2,36102570
1,111841430,111841969,539,1,1,224668,224668,0,1,0,0,89598,2,33079714,178031,2,83328810
1,111853357,111853896,539,1,1,223591,223591,0,1,0,0,88043,2,33026177,67025,2,23189455
1,111877074,111877681,607,1,1,223828,223828,0,1,0,0,90028,2,33086371,122512,2,52040238
1,111885031,111885570,539,1,1,225137,225137,0,1,0,0,160108,2,71112700,33772,2,12034186
1,111900567,111901106,539,1,1,224625,224625,0,1,0,0,134046,2,57197505,102090,2,40030113
1,111908589,111909128,539,1,1,224228,224228,0,1,0,0,28485,2,7549837,157066,2,70110762
1,111916571,111917110,539,1,1,224637,224637,0,1,0,0,65472,2,23055940,101814,2,40010543
1,111919497,111920716,1219,2,2,222037,222901,0,2,0,0,214526,2,2000052132,112057,2,43424514
1,111926808,111927378,570,1,1,224644,224644,0,1,0,0,8547,1,616261,94647,2,36158505
1,111935078,111935629,551,1,1,224594,224594,0,1,0,0,122461,2,52036175,203755,2,2000020653
1,111939443,111940043,600,1,1,222186,222186,0,1,0,0,114880,2,43617557,85590,2,29218157
1,111945526,111946689,1163,2,2,221927,225071,0,2,0,0,71373,2,23496046,102059,2,40029070
1,111954732,111955810,1078,2,2,223620,224229,0,2,0,0,32408,2,8650899,86962,2,29244936
1,111956398,111956937,539,1,1,224230,224230,0,1,0,0,86962,2,29244936,123151,2,52080268
1,111961639,111962136,497,1,1,221657,221657,0,1,0,0,123385,2,52086872,65261,1,23036382
1,111962873,111963431,558,1,1,220922,220922,0,1,0,0,184079,2,89068572,22249,1,5410059
1,111964016,111964555,539,1,1,224416,224416,0,1,0,0,22249,1,5410059,146973,1,65045454
1,111964934,111965473,539,1,1,224417,224417,0,1,0,0,146973,1,65045454,35166,2,13225891
1,112033877,112034423,546,1,1,224945,224945,0,1,0,0,4647,2,224083,194254,2,95055927
1,112038561,112040211,1650,3,3,224943,224948,0,3,0,0,34967,2,13198615,177062,2,83279817
1,112040808,112042446,1638,3,3,224955,224959,0,3,0,0,177062,2,83279817,194250,2,95055360
1,112043022,112043580,558,1,1,224944,224944,0,1,0,0,194250,2,95055360,34966,2,13198597
1,112044156,112044702,546,1,1,224951,224951,0,1,0,0,34966,2,13198597,34995,2,13200196
1,112325994,112326560,566,1,1,223293,223293,0,1,0,0,179224,2,84161803,114961,2,43619137
1,112334118,112334775,657,1,1,221083,221083,0,1,0,0,85382,1,29211850,150025,2,67123855
1,112335744,112336317,573,1,1,221407,221407,0,1,0,0,95182,1,37007986,11780,1,851503
1,112366685,112367224,539,1,1,223738,223738,0,1,0,0,12562,1,917095,116638,2,48049929
1,112507590,112508153,563,1,1,223044,223044,0,1,0,0,119406,2,50084780,192504,2,93125945
1,112511866,112512429,563,1,1,224820,224820,0,1,0,0,107050,2,43068461,71245,2,23493704
1,112513463,112514021,558,1,1,221739,221739,0,1,0,0,203528,2,2000019916,31678,1,8443480
1,112569106,112569650,544,1,1,221324,221324,0,1,0,0,45557,2,15055055,34578,2,13162051
1,112604881,112605471,590,1,1,223940,223940,0,1,0,0,189759,2,93055277,123785,2,52095062
1,112621918,112622489,571,1,1,222754,222754,0,1,0,0,161127,2,72051124,160339,2,72005585
1,112867016,112867555,539,1,1,223324,223324,0,1,0,0,129487,2,55071037,78456,2,27155473
1,112993767,112994172,405,1,1,223255,223255,1,0,0,0,33537,1,12000682,151995,2,67225654
1,113021903,113022454,551,1,1,223234,223234,0,1,0,0,201034,2,2000012996,129401,2,55069503
1,113042333,113042928,595,1,1,224110,224110,0,1,0,0,176676,2,83261138,177737,2,83318552
1,113045282,113045833,551,1,1,224717,224717,0,1,0,0,194421,2,95077528,216752,2,2000057856
1,113176823,113177920,1097,2,2,222324,224014,0,2,0,0,138802,2,61089591,97151,2,37084948
1,113322343,113322887,544,1,1,222373,222373,0,1,0,0,34106,2,13106313,33789,2,12035984
1,113344610,113345156,546,1,1,223071,223071,0,1,0,0,34306,2,13128632,34219,2,13112977
1,113347992,113348531,539,1,1,224191,224191,0,1,0,0,118246,2,49060803,34801,2,13183095
1,113352726,113354394,1668,3,3,223070,225258,0,3,0,0,218425,2,2000061824,34346,2,13129829
1,113377236,113377782,546,1,1,223072,223072,0,1,0,0,174471,2,83137950,176404,2,83252154
1,113386311,113386857,546,1,1,223281,223281,0,1,0,0,179342,2,85011669,192160,2,93121938
1,113392960,113393536,576,1,1,223069,223069,0,1,0,0,106875,2,43057442,104091,2,42008607
1,113398621,113399160,539,1,1,224190,224190,0,1,0,0,87998,2,33024736,142035,2,62196185
1,113400219,113400765,546,1,1,223673,223673,0,1,0,0,160653,2,72026305,190106,2,93064027
1,113408856,113409402,546,1,1,223282,223282,0,1,0,0,213573,2,2000049412,205517,2,2000026211
1,113409960,113411124,1164,2,2,223254,224516,0,2,0,0,205517,2,2000026211,194528,2,95080975
1,113432212,113432751,539,1,1,224226,224226,0,1,0,0,144197,2,63036042,78476,2,27157500
1,113436067,113436643,576,1,1,222200,222200,0,1,0,0,191495,2,93100682,37937,2,14077409
1,113469180,113469719,539,1,1,224520,224520,0,1,0,0,113400,2,43486737,34329,2,13129482
1,113470933,113471472,539,1,1,224574,224574,0,1,0,0,93451,2,36098450,154286,2,67295224
1,113473741,113474299,558,1,1,224445,224445,0,1,0,0,191202,2,93089631,52884,2,18093509
1,113480729,113481314,585,1,1,221890,221890,0,1,0,0,198416,2,98062828,102279,2,40037065
1,113487141,113487687,546,1,1,222354,222354,0,1,0,0,78938,2,28010403,101781,2,40008395
1,113509303,113509861,558,1,1,220897,220897,0,1,0,0,144917,1,65002351,111011,2,43372270
1,113592397,113592955,558,1,1,221338,221338,0,1,0,0,77832,2,27142934,189661,2,93053719
1,113717106,113717790,684,1,1,220955,220955,0,1,0,0,33613,2,12009622,33832,2,12041702
1,113734485,113734767,282,1,1,223016,223016,1,0,0,0,162124,2,74057077,85411,1,29216807
1,114133361,114133919,558,1,1,222789,222789,0,1,0,0,65573,2,23073413,65510,2,23063756
1,114144191,114144759,568,1,1,224117,224117,0,1,0,0,134620,2,57214727,123031,2,52075621
1,114274868,114275463,595,1,1,222054,222054,0,1,0,0,117813,2,49053444,16831,1,2018558
1,114385169,114385762,593,1,1,224316,224316,0,1,0,0,88460,2,33051840,176888,2,83272138
1,114546066,114546468,402,1,1,223782,223782,1,0,0,0,178090,2,83334474,79762,1,28061024
2,5661406,5661542,136,1,1,223212,223212,0,1,0,0,,,,,,
3,5757506,5757649,143,1,1,222631,222631,0,1,0,0,,,,,,
4,5787732,5787868,136,1,1,223598,223598,0,1,0,0,,,,,,
5,5859447,5859583,136,1,1,222633,222633,0,1,0,0,,,,,,
6,5859986,5860129,143,1,1,222632,222632,0,1,0,0,,,,,,
7,30272605,30272748,143,1,1,222832,222832,0,1,0,0,,,,,,
8,31143471,31143607,136,1,1,224023,224023,0,1,0,0,,,,,,
9,31148779,31148915,136,1,1,223635,223635,0,1,0,0,,,,,,
10,35693728,35693898,170,1,1,223546,223546,0,1,0,0,,,,,,
11,35779563,35779721,158,1,1,223574,223574,0,1,0,0,,,,,,
12,97344856,97345011,155,1,1,223010,223010,0,1,0,0,,,,,,
