eid,uid,start,anchor,anchor_delta,component_type,flags3,type_flags_u32,position_pct,next_type02_delta,boundary_553,boundary_553_eid,boundary_553_type,boundary_556,boundary_556_eid,boundary_556_type
223334,2000078761,162632,163188,556,2,460041,1090536962,0.14197644353164396,22800,False,1711276032,104,False,223334,169
221229,2000070539,185432,185988,556,2,000000,2,0.1618806623355785,86168,False,754974720,96,False,221229,139
222481,2000076293,271600,272134,534,2,320032,838873602,0.23710464154160618,65760,False,1376338,82,False,1459638784,0
223011,2000077664,337360,337777,417,2,000000,2,0.29451259893400683,102489,False,132382751,0,False,4278190087,255
224654,2000082879,439849,440445,596,2,420042,1107313154,0.383984681433851,5643,False,4294967052,255,False,16908287,160
223590,2000079360,445492,446038,546,2,0a000a,167774722,0.38891097558782484,45225,False,919208055,119,False,88307510,3
224638,2000082847,490717,491303,586,2,370037,922760962,0.4283920411758924,4335,True,131073,0,False,3774873600,125
224346,2000082153,495052,495603,551,2,2d002d,754986242,0.43217646172479834,15205,False,3572039683,54,False,3916904148,212
221015,2000069697,510257,510909,652,2,000000,2,0.4454503058876854,1234,False,4294967295,255,False,4294967295,1
221304,2000070696,511491,512136,645,2,000000,2,0.44652757808084576,657,False,4294967295,255,False,4294967295,1
220941,2000069276,512148,512704,556,2,000000,2,0.44710113385953804,845,False,218103808,95,False,220941,156
221634,2000072019,512993,513645,652,2,000000,2,0.44783881214415755,215905,False,4294967295,255,False,4294967295,1
222029,2000073577,728898,729503,605,2,240047,1191191554,0.6363221613048368,78821,False,33554432,9,False,1348733186,0
221265,2000070592,807719,808299,580,2,000000,2,0.7051322678989124,86012,True,605,1,False,1179904,145
222775,2000077000,893731,894295,564,2,4b0064,1677740802,0.7802200603447026,7921,False,16777471,0,False,124518401,0
223582,2000079343,901652,902179,527,2,500055,1426083842,0.7871350303949642,34760,False,4294901760,0,False,255,255
224112,2000081317,936412,936968,556,2,410046,1174421762,0.8174802341504365,66933,False,1879048192,107,False,224112,165
222623,2000076610,1003345,1003891,546,2,000000,2,0.8759122112207763,22412,False,918504055,119,False,3302520630,2
222730,2000076887,1025757,1026174,417,2,000000,2,0.8954777091082229,859877,True,47360,0,True,0,0
224497,2000082535,1885634,1886168,534,2,3d003d,1023425794,1.6461434964972939,24808,False,1638469,89,False,1761630464,0
224974,2000083552,1910442,1911013,571,2,3a003a,973093378,1.6678006833432593,4957,False,235012096,1,False,33489166,255
222570,2000076467,1915399,1915933,534,2,3a003a,973093378,1.6721281049490093,136926,False,2293823,88,False,1677744128,0
223038,2000077735,2052325,2052857,532,2,300030,805318658,1.79166341477127,13570,False,5505029,98,False,25088,255
220833,2000068955,2065895,2066429,534,2,3b003b,989870850,1.8035099169278221,73223,False,327734,84,False,1627411456,0
222369,2000075968,2139118,2139652,534,2,3a003a,973093378,1.8674330140103002,45869,False,327733,83,False,1392530176,0
223805,2000079966,2184987,2185521,534,2,380038,939538434,1.9074762864803738,3106,False,655416,81,False,1560301824,0
222567,2000076461,2188093,2188627,534,2,380038,939538434,1.9101877997963832,96593,False,327731,81,False,1426084096,0
224801,2000083176,2284686,2285220,534,2,360036,905983490,1.9945127211528944,546,False,327734,79,False,4194324224,255
222611,2000076574,2285232,2285766,534,2,360036,905983490,1.9949893748137253,546,False,327725,79,False,1526746880,0
222097,2000073917,2285778,2286342,564,2,2d002d,754986242,1.9954660284745562,576,False,16777471,0,False,124518401,0
222096,2000073916,2286354,2286918,564,2,310031,822096130,1.9959688718969717,576,False,16777471,0,False,124518401,0
220832,2000068954,2286930,2287464,534,2,3b003b,989870850,1.9964717153193867,70808,False,655419,79,False,4194324224,255
223036,2000077731,2357738,2358270,532,2,2d002d,754986242,2.0582865365943426,76051,False,5111813,100,False,25600,255
222956,2000077483,2433789,2434328,539,2,2d002d,754986242,2.124678455202151,39452,False,872546306,0,True,3407924,5
224360,2000082202,2473241,2473812,571,2,2b002b,721431298,2.1591197376693803,28500,False,385941504,0,False,33488919,255
224362,2000082211,2501741,2502275,534,2,230023,587211522,2.184000011174298,16080,False,327725,75,False,1375750912,0
221550,2000071799,2517821,2518385,564,2,2d002d,754986242,2.198037723383389,10846,False,16777471,0,False,124518401,0
222951,2000077469,2528667,2529201,534,2,370037,922760962,2.207506195188103,41360,True,4915235,5,False,1258292480,0
222704,2000076813,2570027,2570591,564,2,280028,671098882,2.2436131464920823,7518,False,16777471,0,False,124518401,0
221730,2000072273,2577545,2578109,564,2,2c002c,738208770,2.2501763007450637,35193,False,16777471,0,False,124518401,0
223026,2000077703,2612738,2613265,527,2,2b002b,721431298,2.2808995100594,9375,False,4294901760,0,False,16777471,255
223804,2000079965,2622113,2622677,564,2,280028,671098882,2.289083810554439,7067,False,16777471,0,False,124518401,0
224499,2000082543,2629180,2629737,557,2,2b002b,721431298,2.295253245391606,20331,False,0,243,False,57471744,0
224501,2000082549,2649511,2650067,556,2,260026,637543938,2.313002046817167,1622,False,4110417920,108,False,224501,117
223031,2000077724,2651133,2651697,564,2,2a002a,704653826,2.3144180399268155,14486,False,16777471,0,False,124518401,0
222092,2000073899,2665619,2666183,564,2,230023,587211522,2.327064202803736,7177,False,16777471,0,False,124518401,0
221970,2000073241,2672796,2673360,564,2,240024,603988994,2.3333296667667116,22601,False,16777471,0,False,124518401,0
222955,2000077482,2695397,2695935,538,2,290029,687876354,2.353060160152138,9933,True,3342848,51,False,83899136,0
223039,2000077737,2705330,2705864,534,2,3d003d,1023425794,2.3617315902126417,56025,False,327721,71,False,1627408128,0
221971,2000073243,2761355,2761919,564,2,280028,671098882,2.4106409699709936,41622,False,16777471,0,False,124518401,0
223802,2000079948,2802977,2803541,564,2,270027,654321410,2.4469766451928083,56045,False,16777471,0,False,124518401,0
220956,2000069345,2859022,2859586,564,2,240024,603988994,2.4959034847922164,43953,False,16777471,0,False,124518401,0
222571,2000076468,2902975,2903539,564,2,1e001e,503324162,2.5342741044891173,34877,False,16777471,0,False,124518401,0
222091,2000073897,2937852,2938416,564,2,190019,419436802,2.564721448314767,26174,False,16777471,0,False,124518401,0
221875,2000072602,2964026,2964590,564,2,190019,419436802,2.587571142304863,3834,False,16777471,0,False,124518401,0
221901,2000072699,2967860,2968424,564,2,1d001d,486546690,2.5909181938353143,2576,False,16777471,0,False,124518401,0
221897,2000072689,2970436,2971000,564,2,1c001c,469769218,2.593167021363338,4406,False,16777471,0,False,124518401,0
222055,2000073778,2974842,2975369,527,2,1c001c,469769218,2.5970134243479928,7103,False,4294901760,0,False,255,255
220893,2000069154,2981945,2982509,564,2,1a001a,436214274,2.6032142868990604,2215,False,16777471,0,False,124518401,0
222093,2000073903,2984160,2984687,527,2,140014,335549442,2.605147964296022,13631,False,4294901760,0,False,255,255
222090,2000073892,2997791,2998355,564,2,160016,369104386,2.617047718967795,1152,False,16777471,0,False,124518401,0
221917,2000072815,2998943,2999507,564,2,140014,335549442,2.6180534058126255,4524,False,16777471,0,False,124518401,0
221899,2000072691,3003467,3004031,564,2,150015,352326914,2.6220028218595113,6206,False,16777471,0,False,124518401,0
221921,2000072829,3009673,3010237,564,2,140014,335549442,2.627420610539214,576,False,16777471,0,False,124518401,0
221918,2000072826,3010249,3010813,564,2,130013,318771970,2.627923453961629,1054,False,16777471,0,False,124518401,0
220840,2000068970,3011303,3011867,564,2,160016,369104386,2.6288435875852847,2136,False,16777471,0,False,124518401,0
221898,2000072690,3013439,3014003,564,2,140014,335549442,2.6307082986100747,1152,False,16777471,0,False,124518401,0
221900,2000072698,3014591,3015155,564,2,120012,301994498,2.6317139854549048,4597,False,16777471,0,False,124518401,0
221920,2000072828,3019188,3019752,564,2,100010,268439554,2.6357271299216456,2853,False,16777471,0,False,124518401,0
221919,2000072827,3022041,3022575,534,2,110011,285217026,2.638217776248296,394561,True,327695,45,False,4227869952,255
224575,2000082730,3416602,3417176,574,2,590059,1493195010,2.9826663935947524,586,True,7649536,0,False,151060480,0
224536,2000082637,3417188,3417732,544,2,590059,1493195010,2.983177966937696,309042,False,2893493974,143,True,167852,2
223632,2000079445,3726230,3726799,569,2,4c004c,1275087874,3.252969176920395,3861,False,4278192385,1,False,16712191,0
223437,2000078961,3730091,3730630,539,2,4c004c,1275087874,3.2563397992362715,78827,False,1275199490,0,True,4980812,6
224192,2000081582,3808918,3809450,532,2,4a004a,1241532930,3.325155143782664,78560,False,4849670,75,False,19200,255
221154,2000070322,3887478,3888047,569,2,480048,1207977986,3.393737399450958,178329,False,4278190337,1,False,16712191,0
224166,2000081470,4065807,4066339,532,2,430043,1124090626,3.549417199235468,110395,False,4390918,251,False,16775936,255
223157,2000078100,4176202,4176736,534,2,410041,1090535682,3.6457911569047825,36042,False,524348,65,False,4194320640,255
224616,2000082792,4212244,4212818,574,2,400040,1073758210,3.6772555364719497,308119,True,7667712,0,False,151060480,0
225267,2000084369,4520363,4520897,534,2,460046,1174423042,3.94624097478991,859854,False,655432,72,False,1409304576,0
222954,2000077479,5380217,5380756,539,2,460050,1342195202,4.696886683361766,281189,True,65539,0,True,0,0
223212,2000078254,5661406,5661530,124,2,230000,8962,4.942362445697712,5896,True,0,1,False,1811939584,7
224083,2000081136,5667302,5667836,534,2,4b0055,1426082562,4.947509606841045,66316,False,2621520,90,False,1929402880,0
223363,2000078824,5733618,5734152,534,2,550055,1426085122,5.0054029478148045,21351,False,655430,89,False,1560303872,0
224479,2000082490,5754969,5755503,534,2,580058,1476417538,5.024042201134226,2537,False,327768,88,False,3204470784,255
222631,2000076624,5757506,5757637,131,2,230000,8962,5.02625698197219,2307,False,12518662,0,True,0,10
222218,2000074810,5759813,5760340,527,2,580058,1476417538,5.028270974638009,2687,False,4294902015,0,False,255,255
222619,2000076606,5762500,5763034,534,2,580058,1476417538,5.030616704283894,25232,False,655440,88,False,3204470784,255
223598,2000079386,5787732,5787856,124,2,230000,8962,5.052644039760248,136,False,4294967040,255,True,65535,0
224122,2000081339,5787868,5788402,534,2,580058,1476417538,5.05276276667943,10388,False,655420,88,False,1677744128,0
224121,2000081336,5798256,5798783,527,2,580058,1476417538,5.061831408123959,4829,False,4294902015,0,False,255,255
222327,2000075691,5803085,5803619,534,2,580058,1476417538,5.06604708674695,546,False,327768,88,False,3204470784,255
222336,2000075722,5803631,5804165,534,2,580058,1476417538,5.066523740407781,8004,False,2293845,88,False,3204470784,255
222325,2000075662,5811635,5812169,534,2,580058,1476417538,5.073511168798426,3802,False,655445,88,False,3204470784,255
223863,2000080156,5815437,5815964,527,2,580058,1476417538,5.076830284583187,7071,False,4294901760,0,False,255,255
220867,2000069049,5822508,5823042,534,2,580058,1476417538,5.083003211388566,927,True,0,0,False,1476395008,0
223817,2000080039,5823435,5823969,534,2,580058,1476417538,5.0838124750215155,1558,False,655438,88,False,3204470784,255
220993,2000069647,5824993,5825410,417,2,580058,1476417538,5.085172596639784,429,True,0,0,True,0,0
220994,2000069651,5825422,5825956,534,2,580058,1476417538,5.085547110230436,546,False,327768,88,False,3204470784,255
220995,2000069652,5825968,5826502,534,2,580058,1476417538,5.0860237638912675,546,False,655448,88,False,3204470784,255
220996,2000069653,5826514,5827048,534,2,580058,1476417538,5.0865004175521,3781,False,655435,88,False,2013288448,0
222357,2000075881,5830295,5830829,534,2,550055,1426085122,5.089801200503751,17261,False,655438,88,False,3204470784,255
222625,2000076614,5847556,5848090,534,2,580058,1476417538,5.104869916327203,1363,True,0,0,False,1476395008,0
222957,2000077484,5848919,5849453,534,2,580058,1476417538,5.1060598044951755,3218,False,655435,88,False,3204470784,255
225136,2000084078,5852137,5852674,537,2,580058,1476417538,5.1088690929211,2589,False,1476417538,0,False,983128,88
222801,2000077103,5854726,5855260,534,2,580058,1476417538,5.111129269345809,4721,False,327750,88,False,1593858048,0
222633,2000076630,5859447,5859571,124,2,230000,8962,5.115250664827098,539,False,4294967040,255,True,65535,0
222632,2000076626,5859986,5860117,131,2,230000,8962,5.11572120754356,9143,True,0,0,False,184614912,0
221504,2000071493,5869129,5869752,623,2,580058,1476417538,5.123702973882348,1181,True,7,0,True,0,0
221788,2000072405,5870310,5870837,527,2,500050,1342197762,5.124733977496709,5140,False,4294901760,0,False,255,255
222126,2000074122,5875450,5875984,534,2,550055,1426085122,5.129221156648123,1129,False,655440,88,False,1677744128,0
222127,2000074123,5876579,5877113,534,2,550055,1426085122,5.130206764675738,1503,True,0,0,False,1476395008,0
222147,2000074290,5878082,5878609,527,2,580058,1476417538,5.131518871731103,1005,False,318701823,0,False,18,255
222167,2000074469,5879087,5879614,527,2,550055,1426085122,5.132396228744171,1661,False,4294902015,0,False,255,255
222199,2000074670,5880748,5881282,534,2,580058,1476417538,5.133846268543879,546,False,327768,88,False,4194326528,255
222621,2000076608,5881294,5881828,534,2,580058,1476417538,5.13432292220471,1551,False,655440,88,False,3204470784,255
224633,2000082841,5882845,5883379,534,2,580058,1476417538,5.135676932878609,17588,False,655438,88,False,3204470784,255
221001,2000069658,5900433,5900967,534,2,570057,1459640066,5.1510311171033285,10772,False,983105,87,False,1593857792,0
223920,2000080415,5911205,5911739,534,2,570057,1459640066,5.160434987496135,61616,False,983120,87,False,3204470528,255
222234,2000074925,5972821,5973355,534,2,550055,1426085122,5.214225265821716,2717,False,327754,85,False,4194325760,255
222235,2000074926,5975538,5976072,534,2,550055,1426085122,5.216597185229184,1673,False,655440,85,False,4177548544,255
222237,2000074946,5977211,5977738,527,2,550055,1426085122,5.218057700933525,15518,False,33585152,0,True,2,0
223116,2000078019,5992729,5993256,527,2,550055,1426085122,5.23160479160894,2903,False,33585152,0,True,2,0
222996,2000077633,5995632,5996164,532,2,550055,1426085122,5.23413908753823,3236,False,5570585,191,False,16760576,255
222800,2000077100,5998868,5999402,534,2,550055,1426085122,5.236964089821105,1029,False,655434,85,False,1677743360,0
225074,2000083929,5999897,6000431,534,2,550055,1426085122,5.23786239864344,9555,False,1310790,85,False,1593857280,0
225073,2000083928,6009452,6009979,527,2,550055,1426085122,5.246203837707983,4893,False,436233216,0,True,26,0
224632,2000082840,6014345,6014879,534,2,550055,1426085122,5.2504753878223545,6355,True,0,0,False,1426063360,0
224477,2000082482,6020700,6021234,534,2,550055,1426085122,5.256023252317925,6146,True,0,0,False,1426063360,0
224185,2000081556,6026846,6027380,534,2,550055,1426085122,5.261388661474459,9866,False,655430,85,False,4194325760,255
224085,2000081150,6036712,6037246,534,2,550055,1426085122,5.270001601067425,1400,False,983115,85,False,1811961088,0
224084,2000081149,6038112,6038646,534,2,550055,1426085122,5.2712237899413505,1019,False,1638475,85,False,1728075008,0
224076,2000081100,6039131,6039665,534,2,550055,1426085122,5.272113368843158,1153,False,983100,85,False,1593857280,0
223921,2000080417,6040284,6040835,551,2,550055,1426085122,5.273119928680041,1748,False,3458269187,54,False,561460942,206
223819,2000080041,6042032,6042566,534,2,550055,1426085122,5.274645918788343,1774,False,1310790,85,False,1677743360,0
223818,2000080040,6043806,6044340,534,2,550055,1426085122,5.276194606690018,26856,True,0,0,False,1426063360,0
222418,2000076078,6070662,6071196,534,2,550055,1426085122,5.299639681260126,3967,True,0,0,False,1426063360,0
223526,2000079187,6074629,6075175,546,2,550055,1426085122,5.3031028407336,558,False,919163767,119,False,1764063030,3
223525,2000079186,6075187,6075721,534,2,550055,1426085122,5.303589970299064,8859,False,1310795,85,False,1761629440,0
223524,2000079185,6084046,6084580,534,2,550055,1426085122,5.3113238068948565,4502,False,1048641,85,False,1677743360,0
222610,2000076569,6088548,6089075,527,2,550055,1426085122,5.3152540171165805,4447,False,352256255,0,False,20,255
222417,2000076077,6092995,6093522,527,2,550055,1426085122,5.319136212775401,539,False,4294902015,0,False,255,255
222618,2000076604,6093534,6094068,534,2,550055,1426085122,5.319606755491861,6737,False,655435,85,False,3204470016,255
223323,2000078699,6100271,6100805,534,2,550055,1426085122,5.325488102951604,13412,False,655445,85,False,4194325760,255
220997,2000069654,6113683,6114210,527,2,550055,1426085122,5.337196672363813,539,False,4294902015,0,False,255,255
220998,2000069655,6114222,6114756,534,2,550055,1426085122,5.337667215080274,546,False,327765,85,False,4194325760,255
220999,2000069656,6114768,6115302,534,2,550055,1426085122,5.338143868741105,546,False,524373,85,False,4194325760,255
221000,2000069657,6115314,6115848,534,2,550055,1426085122,5.3386205224019365,3665,False,655438,85,False,3204470016,255
221002,2000069659,6118979,6119513,534,2,550055,1426085122,5.341820038275463,546,False,327765,85,False,4194325760,255
221021,2000069714,6119525,6120059,534,2,550055,1426085122,5.342296691936295,1393,False,1310795,85,False,1862292736,0
222609,2000076567,6120918,6121452,534,2,550055,1426085122,5.343512769865851,2097,False,1310805,85,False,2097173760,0
221022,2000069727,6123015,6123549,534,2,550055,1426085122,5.345343434200581,546,False,327765,85,False,4194325760,255
222573,2000076474,6123561,6124088,527,2,550055,1426085122,5.345820087861412,1847,False,436238336,0,True,26,0
221025,2000069740,6125408,6125942,534,2,550055,1426085122,5.347432504182941,2673,False,655430,85,False,4194325760,255
222519,2000076393,6128081,6128608,527,2,550055,1426085122,5.349766011940087,8661,False,4294902015,0,False,255,255
222485,2000076313,6136742,6137276,534,2,550055,1426085122,5.357326996109424,2533,False,655430,85,False,3204470016,255
221026,2000069744,6139275,6139809,534,2,550055,1426085122,5.359538284979177,3921,False,983125,85,False,1677743360,0
222399,2000076050,6143196,6143723,527,2,550055,1426085122,5.362961286818221,4133,False,4294901760,0,False,255,255
221182,2000070422,6147329,6147863,534,2,550055,1426085122,5.366569362972461,5725,False,655440,85,False,3204470016,255
222397,2000076045,6153054,6153581,527,2,550055,1426085122,5.3715672424747645,3359,False,4294902015,0,False,255,255
222484,2000076312,6156413,6156947,534,2,550055,1426085122,5.374499622780133,3226,False,983110,85,False,2097173760,0
221185,2000070425,6159639,6160173,534,2,550055,1426085122,5.37731589514248,4697,False,655445,85,False,2013287680,0
225143,2000084098,6164336,6164870,534,2,550055,1426085122,5.3814163388145015,546,False,327765,85,False,1677743360,0
222483,2000076308,6164882,6165409,527,2,550055,1426085122,5.381892992475333,8104,False,4294901760,0,False,255,255
222470,2000076278,6172986,6173513,527,2,550055,1426085122,5.388967720071257,7692,False,33583872,0,True,2,0
222215,2000074784,6180678,6181205,527,2,550055,1426085122,5.3956827749414265,1466,False,33580032,0,True,2,0
222216,2000074786,6182144,6182685,541,2,550055,1426085122,5.396962581290837,3760,True,166355,2,False,5243392,75
222435,2000076139,6185904,6186431,527,2,550055,1426085122,5.400245031409382,1012,False,4294901760,0,False,255,255
222419,2000076080,6186916,6187443,527,2,550055,1426085122,5.401128499366819,3299,False,4294902015,0,False,255,255
222367,2000075960,6190215,6190742,527,2,550055,1426085122,5.40400850014902,13000,False,33582592,0,True,2,0
221183,2000070423,6203215,6203749,534,2,550055,1426085122,5.415357396835473,92189,False,655438,84,False,3204469760,255
221181,2000070413,6295404,6295938,534,2,500050,1342197762,5.495837661191435,112625,False,655440,80,False,4194324480,255
222179,2000074525,6408029,6408556,527,2,4c004c,1275087874,5.594158391138502,12229,False,4294901760,0,False,255,255
222601,2000076535,6420258,6420675,417,2,410041,1090535682,5.604834210952244,52781,True,45568,0,True,0,0
221891,2000072665,6473039,6473600,561,2,0f0032,838864642,5.6509116044912995,2129,False,124518401,0,True,7,0
224356,2000082193,6475168,6475695,527,2,000000,2,5.65277020457172,9990,False,4294901760,0,False,255,255
224996,2000083632,6485158,6485685,527,2,000000,2,5.661491395179233,596230,False,4294901760,0,False,255,255
223564,2000079314,7081388,7081939,551,2,410041,1090535682,6.18199544682265,88183,False,3385982979,54,False,3531028169,201
222209,2000074731,7169571,7170105,534,2,460046,1174423042,6.258978505015078,546,False,70,80,False,4194324480,255
223445,2000078987,7170117,7170651,534,2,460046,1174423042,6.259455158675909,67139,False,70,80,False,4194324480,255
222768,2000076984,7237256,7237790,534,2,460046,1174423042,6.3180669721091265,106821,False,65,78,False,4194323968,255
223462,2000079010,7344077,7344611,534,2,410041,1090535682,6.411320856181718,22980,True,4915275,0,False,1258291200,0
222208,2000074723,7367057,7367591,534,2,410041,1090535682,6.431382213555158,153295,False,40,75,False,1442859776,0
223472,2000079028,7520352,7520886,534,2,3c003c,1006648322,6.565207530289769,17944,False,45,70,False,1342195200,0
223785,2000079895,7538296,7538830,534,2,460046,1174423042,6.580872499685286,44629,True,3604535,0,False,1174405120,0
223449,2000078997,7582925,7583459,534,2,370037,922760962,6.619833262009883,3804,False,55,70,False,4194321920,255
223480,2000079040,7586729,7587263,534,2,3c003c,1006648322,6.623154123778749,1092,False,35,70,False,1442858496,0
223477,2000079037,7587821,7588355,534,2,3c003c,1006648322,6.624107431100413,546,False,60,70,False,3204466176,255
223448,2000078993,7588367,7588901,534,2,3c003c,1006648322,6.624584084761242,148332,False,50,70,False,3372238336,255
223469,2000079024,7736699,7737233,534,2,370037,922760962,6.754076741937788,913,True,3604535,0,False,1090519040,0
223481,2000079044,7737612,7738029,417,2,320032,838873602,6.754873783681997,181389,False,16732927,0,True,0,0
223456,2000079004,7919001,7919535,534,2,2d002d,754986242,6.9132249391480896,227274,True,3932160,0,False,1006632960,0
223119,2000078026,8146275,8146868,593,2,0f001e,503320322,7.111633334957099,35277,False,4278210660,177,True,45567,0
224325,2000082087,8181552,8182113,561,2,05001f,520094978,7.14242987560387,1099759,False,124518401,0,True,7,0
223294,2000078593,9281311,9281873,562,2,550055,1426085122,8.102510742603705,924451,False,1811939584,7,True,1900,0
221355,2000070854,10205762,10206306,544,2,610061,1627414786,8.909549118810551,546123,False,2205628072,218,True,55939,2
223037,2000077732,10751885,10752473,588,2,3f003f,1056980738,9.38631015766411,514435,True,4316160,0,False,218169344,0
223775,2000079854,11266320,11266884,564,2,580058,1476417538,9.835407824348412,191241,False,16777471,0,False,124518401,0
221954,2000073171,11457561,11458105,544,2,570057,1459640066,10.00235969751873,3787,False,846673585,213,True,54578,2
222171,2000074506,11461348,11461922,574,2,570057,1459640066,10.0056657184227,191194,True,45824,0,False,100728832,0
221947,2000073107,11652542,11653088,546,2,550055,1426085122,10.172576560966535,9136,False,917607287,119,False,3985798966,0
224721,2000083028,11661678,11662259,581,2,4b004b,1258310402,10.180552216360955,77819,True,1067776,0,False,687931392,0
223979,2000080755,11739497,11739919,422,2,550055,1426085122,10.24848758491812,6270,False,24991231,81,False,3053474049,0
223974,2000080737,11745767,11746306,539,2,550055,1426085122,10.253961245089203,7397,False,1426194432,0,True,5570645,1
221915,2000072793,11753164,11753708,544,2,550055,1426085122,10.260418767303793,144276,False,2742498992,239,True,61347,2
223495,2000079066,11897440,11897984,544,2,540054,1409307650,10.386370568714165,28912,False,4000790216,228,True,58606,2
224741,2000083064,11926352,11926909,557,2,540054,1409307650,10.411610514944838,93811,False,0,229,False,57533696,0
224729,2000083038,12020163,12020739,576,2,4b004b,1258310402,10.493506772410448,3219,False,3892314881,9,True,2536,1
221906,2000072706,12023382,12023964,582,2,530053,1392530178,10.496316933828425,3753,False,16777220,0,True,65537,0
221869,2000072571,12027135,12027698,563,2,530053,1392530178,10.4995932730026,101933,False,65536,108,True,486400,0
221709,2000072214,12129068,12129602,534,2,520052,1375752706,10.588579971921083,546,False,655442,82,False,3036697088,255
221774,2000072360,12129614,12130153,539,2,520052,1375752706,10.589056625581915,4657,False,1375862784,0,True,5374034,25
221965,2000073225,12134271,12134810,539,2,520052,1375752706,10.593122149571824,30303,False,1375862784,0,True,5374034,27
223568,2000079323,12164574,12165113,539,2,520052,1375752706,10.619576427747948,218679,False,1375862784,0,True,5374034,5
225178,2000084238,12383253,12383809,556,2,510051,1358975234,10.810481456863105,70624,False,2583691264,111,True,225178,14
224897,2000083400,12453877,12454409,532,2,500050,1342197762,10.872135647600345,16849,False,5242890,95,False,24320,255
222006,2000073455,12470726,12471143,417,2,500050,1342197762,10.886844690698043,150945,True,45567,0,True,0,0
221708,2000072213,12621671,12622252,581,2,4e004e,1308642818,11.018618476108564,49474,True,1018112,0,False,33619968,0
221953,2000073167,12671145,12671689,544,2,4d004d,1291865346,11.061808884928997,33407,False,2809607857,232,True,59559,2
223569,2000079325,12704552,12705086,534,2,4c004c,1275087874,11.090972930437024,123926,True,4980812,7,False,1275070208,0
223586,2000079353,12828478,12829010,532,2,4a004a,1241532930,11.199159343572832,17318,False,65610,74,False,1996507648,0
223570,2000079326,12845796,12846328,532,2,490049,1224755458,11.214277819943295,8145,False,655433,73,False,1644185856,0
224447,2000082429,12853941,12854475,534,2,490049,1224755458,11.221388340213384,23146,False,1179721,73,False,1761626368,0
224182,2000081549,12877087,12877619,532,2,480048,1207977986,11.241594614267589,107658,False,4718593,249,False,16775424,255
222015,2000073487,12984745,12985277,532,2,460046,1174423042,11.335579192688378,55782,False,4587521,191,False,16760576,255
225249,2000084344,13040527,13041101,574,2,450045,1157645570,11.384276435377897,68590,True,47104,0,False,33619968,0
224452,2000082436,13109117,13109656,539,2,430043,1124090626,11.444154960279734,25477,False,1124204547,0,True,4390979,5
221905,2000072703,13134594,13135145,551,2,420042,1107313154,11.466396178809026,1517,False,2952724483,54,False,4286002863,175
225022,2000083706,13136111,13136648,537,2,420042,1107313154,11.467720507753128,7913,False,1107313154,0,False,196674,66
224153,2000081425,13144024,13144573,549,2,420042,1107313154,11.47462849386697,6003,False,2000081425,17,False,919736695,119
224042,2000081001,13150027,13150571,544,2,420042,1107313154,11.479869065159951,14206,False,3027711696,12,True,199860,2
222135,2000074217,13164233,13164765,532,2,410041,1090535682,11.492270790262088,17449,False,4259845,201,False,16763136,255
224802,2000083177,13181682,13182214,532,2,410041,1090535682,11.507503628591467,2180,False,4259850,91,False,23296,255
224181,2000081544,13183862,13184394,532,2,410041,1090535682,11.50940675126658,28154,False,4259845,95,False,24320,255
224082,2000081122,13212016,13212560,544,2,410041,1090535682,11.533984969521228,16890,False,2306291408,129,True,33161,3
222137,2000074224,13228906,13229438,532,2,410041,1090535682,11.54872980529309,544,False,4259845,249,False,16775424,255
221937,2000072949,13229450,13230030,580,2,410041,1090535682,11.549204712969816,5921,False,33488975,0,False,1,181
222136,2000074222,13235371,13235903,532,2,410041,1090535682,11.55437369891447,39047,False,4259845,201,False,16763136,255
224041,2000080993,13274418,13274962,544,2,3f003f,1056980738,11.588461419600312,12699,False,2507618000,228,True,58517,2
224631,2000082839,13287117,13287661,544,2,3e003e,1040203266,11.599547545678874,43339,False,2876716759,177,True,176555,2
222189,2000074570,13330456,13331012,556,2,3c003c,1006648322,11.637382148255352,10840,False,3976200192,99,False,222189,74
224639,2000082848,13341296,13341845,549,2,3c003c,1006648322,11.646845382107749,4299,False,2000082848,160,False,920100983,119
224991,2000083605,13345595,13346134,539,2,3c003c,1006648322,11.650598374942755,4101,False,1006764035,0,True,3932220,5
225026,2000083721,13349696,13350228,532,2,320037,922759682,11.654178515351303,20478,False,3932161,201,False,16763136,255
224156,2000081432,13370174,13370748,574,2,3c003c,1006648322,11.672055646608626,6306,True,47872,0,False,67174400,0
221512,2000071609,13376480,13377024,544,2,3c003c,1006648322,11.67756073449361,17385,False,1903638187,59,True,211825,2
222366,2000075953,13393865,13394397,532,2,3c003c,1006648322,11.692737701331609,46267,False,3932162,78,False,19968,255
225021,2000083705,13440132,13440664,532,2,3a003a,973093378,11.733128424638698,41217,False,3801089,211,False,16765696,255
223184,2000078174,13481349,13481886,537,2,370037,922760962,11.769110538079127,14321,False,922760962,0,True,65591,55
223587,2000079356,13495670,13496244,574,2,370037,922760962,11.781612657267337,8080,True,1005568,0,False,33619968,0
224311,2000082049,13503750,13504289,539,2,370037,922760962,11.788666433053994,48393,False,838991873,0,True,3342386,1
221372,2000071099,13552143,13552682,539,2,320032,838873602,11.830913137465345,31827,False,838991872,0,True,3276850,1
225010,2000083670,13583970,13584497,527,2,320032,838873602,11.858697855529941,43515,False,4294901760,0,False,255,255
222363,2000075890,13627485,13628029,544,2,2d002d,754986242,11.896686104707713,4528,False,3480696508,78,True,216783,2
224314,2000082063,13632013,13632491,478,2,2c002c,738208770,11.900639012722811,8511,True,0,0,True,0,0
223860,2000080148,13640524,13641075,551,2,2a002a,704653826,11.908069048084228,563,False,3440640003,54,False,343357133,205
223849,2000080125,13641087,13641633,546,2,2a002a,704653826,11.908560542609957,168284,False,919403895,119,False,4048713526,0
222925,2000077364,13809371,13809793,422,2,000000,2,12.05547113722405,2496367,True,0,0,True,0,0
221435,2000071257,16305738,16306302,564,2,610061,1627414786,14.234779689106578,52687,False,16777471,0,False,124518401,0
225050,2000083817,16358425,16359013,588,2,500050,1342197762,14.28077502139267,13131,False,33554483,0,False,50397186,100
224353,2000082178,16371556,16372126,570,2,530053,1392530178,14.292238280038042,431468,False,2097408,255,False,4278320896,0
222747,2000076931,16803024,16803595,571,2,000000,2,14.66890641507734,40284,False,151060480,0,False,33488905,255
224582,2000082749,16843308,16843855,547,2,500050,1342197762,14.704074026932505,3467,False,3611129654,54,False,3245815511,155
223733,2000079695,16846775,16847321,546,2,5d005d,1560304898,14.707100690379576,148184,False,919293815,119,False,2678224694,0
223366,2000078829,16994959,16995523,564,2,000000,2,14.836464144732306,277176,False,16777471,0,False,124518401,0
222595,2000076527,17272135,17272706,571,2,550055,1426085122,15.078436589960347,1999,False,83951616,0,False,33488901,255
221455,2000071319,17274134,17274668,534,2,5a005a,1509972482,15.080181701073903,358697,False,983120,90,False,1593858560,0
225115,2000084019,17632831,17633365,534,2,280028,671098882,15.393321331438592,1736,False,2949209,89,False,1845516544,0
222921,2000077346,17634567,17635131,564,2,000000,2,15.39483684564226,25398,False,16777471,0,False,124518401,0
223752,2000079785,17659965,17660492,527,2,500050,1342197762,15.417009097799378,117504,False,4294901760,0,False,255,255
223675,2000079530,17777469,17778003,534,2,580058,1476417538,15.519589155972078,13501,False,655435,88,False,1610635264,0
224132,2000081374,17790970,17791504,534,2,460046,1174423042,15.531375421676985,170593,False,655445,88,False,1610635264,0
221453,2000071315,17961563,17962097,534,2,570057,1459640066,15.680301754941004,546,False,720983,87,False,4194326272,255
221457,2000071321,17962109,17962655,546,2,570057,1459640066,15.680778408601837,8716,False,917150071,119,False,881817398,0
222767,2000076982,17970825,17971389,564,2,000000,2,15.688387407334076,6481,False,16777471,0,False,124518401,0
225016,2000083691,17977306,17977840,534,2,570057,1459640066,15.6940452688283,546,False,524375,87,False,1476417280,0
225011,2000083679,17977852,17978416,564,2,570057,1459640066,15.69452192248913,1152,False,16777471,0,False,124518401,0
223033,2000077727,17979004,17979531,527,2,460046,1174423042,15.695527609333961,11604,False,4294901760,0,False,255,255
223584,2000079348,17990608,17991172,564,2,000000,2,15.705657809114701,10054,False,16777471,0,False,124518401,0
224124,2000081347,18000662,18001226,564,2,570057,1459640066,15.714434871213593,143535,False,16777471,0,False,124518401,0
221051,2000069800,18144197,18144761,564,2,320032,838873602,15.839739785512835,6883,False,16777471,0,False,124518401,0
223029,2000077718,18151080,18151614,534,2,460046,1174423042,15.845748589812287,4334,False,655435,86,False,1543525888,0
223260,2000078444,18155414,18155985,571,2,500050,1342197762,15.84953213736914,1183,False,134283264,0,False,33488904,255
223676,2000079534,18156597,18157155,558,2,560056,1442862594,15.850564886967607,168717,True,7,0,False,1773928448,3
222170,2000074482,18325314,18325848,534,2,4c004c,1275087874,15.997853487140565,8069,False,655445,85,False,1426085120,0
225112,2000084011,18333383,18333917,534,2,280028,671098882,16.00489766001464,6526,False,1310799,85,False,3372242176,255
225023,2000083708,18339909,18340473,564,2,550055,1426085122,16.01059480615124,1551,False,16777471,0,False,124518401,0
222953,2000077478,18341460,18341914,454,2,480048,1207977986,16.011948816825143,3918,True,0,0,True,0,0
223111,2000077996,18345378,18345949,571,2,500050,1342197762,16.015369199688028,3869,False,201392128,0,False,33488908,255
223181,2000078166,18349247,18349781,534,2,550055,1426085122,16.018746805940324,7784,False,1966155,85,False,1862292736,0
223183,2000078173,18357031,18357595,564,2,550055,1426085122,16.025542176079355,576,False,16777471,0,False,124518401,0
223189,2000078187,18357607,18358141,534,2,550055,1426085122,16.02604501950177,975,False,1310770,85,False,1778406656,0
223204,2000078235,18358582,18359146,564,2,460046,1174423042,16.026896186753252,576,False,16777471,0,False,124518401,0
223211,2000078252,18359158,18359692,534,2,460046,1174423042,16.02739903017567,1568,False,983115,85,False,1426085120,0
224580,2000082745,18360726,18361285,559,2,460046,1174423042,16.028767881714465,2330,True,1900,0,False,1140850688,109
223762,2000079816,18363056,18363590,534,2,550055,1426085122,16.0308019531975,4902,False,589909,85,False,4194325760,255
223807,2000079970,18367958,18368522,564,2,410041,1090535682,16.035081360240344,3741,False,16777471,0,False,124518401,0
223899,2000080302,18371699,18372226,527,2,4a004a,1241532930,16.038347223509884,354465,False,4294901760,0,False,255,255
223375,2000078845,18726164,18726764,600,2,000000,2,16.347792351507106,612,False,184549375,0,False,16973834,100
223112,2000077997,18726776,18727340,564,2,4b004b,1258310402,16.348326622643423,1164,False,16777471,0,False,124518401,0
223109,2000077990,18727940,18728504,564,2,4b004b,1258310402,16.34934278539289,576,False,16777471,0,False,124518401,0
223073,2000077882,18728516,18729080,564,2,460046,1174423042,16.349845628815302,1759,False,16777471,0,False,124518401,0
223032,2000077725,18730275,18730809,534,2,460046,1174423042,16.351381221836185,546,False,1179713,84,False,3204469760,255
223030,2000077720,18730821,18731355,534,2,410041,1090535682,16.351857875497018,546,False,786507,84,False,4194325504,255
222599,2000076532,18731367,18731937,570,2,4b004b,1258310402,16.352334529157847,113283,False,2359552,255,False,4278320896,0
223806,2000079967,18844650,18845214,564,2,3c003c,1006648322,16.45122968787566,9896,False,16777471,0,False,124518401,0
221456,2000071320,18854546,18855080,534,2,530053,1392530178,16.45986881723021,2048,False,655435,83,False,1409307392,0
223986,2000080794,18856594,18857128,534,2,4b004b,1258310402,16.461656704954354,7596,False,2293843,83,False,2013287168,0
223957,2000080646,18864190,18864724,534,2,3c002d,754990082,16.468287952587453,12553,False,655433,83,False,1660965632,0
222794,2000077068,18876743,18877277,534,2,530053,1392530178,16.479246621826302,2612,False,1114181,83,False,1493193472,0
223946,2000080609,18879355,18879919,564,2,3c0032,838876162,16.481526877068227,56616,False,16777471,0,False,124518401,0
224133,2000081379,18935971,18936505,534,2,400040,1073758210,16.530952195129785,21138,False,786512,83,False,4194325248,255
223209,2000078250,18957109,18957673,564,2,460046,1174423042,16.549405501141962,14134,False,16777471,0,False,124518401,0
223155,2000078092,18971243,18971697,454,2,460046,1174423042,16.561744370816296,1554,True,10,0,True,0,0
225109,2000084003,18972797,18973331,534,2,530053,1392530178,16.56310100046635,13048,False,917580,83,False,1660965632,0
223105,2000077983,18985845,18986409,564,2,4b004b,1258310402,16.57449180077134,22829,False,16777471,0,False,124518401,0
223063,2000077841,19008674,19009208,534,2,530053,1392530178,16.594421336344805,6389,False,917580,83,False,1476416256,0
223034,2000077728,19015063,19015590,527,2,400040,1073758210,16.599998882570173,49317,False,4294901760,0,False,255,255
224295,2000082012,19064380,19064907,527,2,520052,1375752706,16.643052231638315,80860,False,4294901760,0,False,255,255
224545,2000082660,19145240,19145804,564,2,520052,1375752706,16.713642369028058,2837,False,16777471,0,False,124518401,0
223201,2000078232,19148077,19148604,527,2,460046,1174423042,16.716119047481865,16346,False,4294902015,0,False,255,255
224546,2000082662,19164423,19164987,564,2,520052,1375752706,16.730388975577,1581,False,16777471,0,False,124518401,0
224556,2000082688,19166004,19166568,564,2,520052,1375752706,16.731769176012484,61650,False,16777471,0,False,124518401,0
222572,2000076469,19227654,19228188,534,2,520052,1375752706,16.78558913606786,2912,False,852043,82,False,1426084352,0
222677,2000076748,19230566,19231100,534,2,460046,1174423042,16.788131288925626,60599,False,655442,82,False,1560302080,0
222088,2000073876,19291165,19291716,551,2,460046,1174423042,16.841033734333504,3315,False,3029598211,54,False,2490840756,180
222908,2000077316,19294480,19295014,534,2,510051,1358975234,16.843927702988548,8802,False,589893,81,False,3372241152,255
223200,2000078231,19303282,19303846,564,2,460046,1174423042,16.85161177903733,8626,False,16777471,0,False,124518401,0
223064,2000077844,19311908,19312442,534,2,510051,1358975234,16.85914220848482,13494,False,983110,81,False,1426084096,0
223206,2000078243,19325402,19325966,564,2,460046,1174423042,16.87092236324536,2171,False,16777471,0,False,124518401,0
222927,2000077373,19327573,19328107,534,2,510051,1358975234,16.872817628991996,88735,False,1114192,81,False,3372241152,255
223803,2000079961,19416308,19416842,534,2,320032,838873602,16.95028257879757,2943,True,4915275,10,False,1342179840,0
224983,2000083568,19419251,19419785,534,2,460046,1174423042,16.952851794408975,3085,False,655433,80,False,1543524352,0
225243,2000084330,19422336,19422870,534,2,280028,671098882,16.955544974891875,834,True,4915275,20,False,1342182400,0
222089,2000073887,19423170,19423746,576,2,410041,1090535682,16.956273050263913,588,False,3841982464,27,True,7141,1
221147,2000070248,19423758,19424304,546,2,320032,838873602,16.95678636959096,75635,False,916875383,119,False,2086631222,2
223898,2000080297,19499393,19499920,527,2,440044,1140868098,17.022815123504806,71694,False,4294902015,0,False,255,255
221641,2000072056,19571087,19571658,571,2,2f002f,788541186,17.085403415738547,10168,False,100794368,1,False,33489158,255
224120,2000081335,19581255,19581672,417,2,460046,1174423042,17.09427999893146,189130,True,0,0,True,0,0
224389,2000082283,19770385,19770919,534,2,3b003b,989870850,17.259388985878306,72157,False,0,73,False,3372239104,255
225116,2000084027,19842542,19843100,558,2,280028,671098882,17.322381473432493,23427,True,7,0,False,1868300288,3
223529,2000079194,19865969,19866503,534,2,31002a,704655618,17.342833058253536,70926,False,393281,70,False,3372238336,255
222204,2000074706,19936895,19937459,564,2,3a003a,973093378,17.404750892590727,58259,False,16777471,0,False,124518401,0
222207,2000074713,19995154,19995688,534,2,370037,922760962,17.45561053659504,546,False,0,65,True,16640,0
222286,2000075364,19995700,19996241,541,2,000000,2,17.45608719025587,4394,True,43869,1,True,256,60
224635,2000082844,20000094,20000711,617,2,370037,922760962,17.459923117335894,4786,False,33554432,9,False,1348733186,0
222617,2000076603,20004880,20005414,534,2,320032,838873602,17.464101257300616,10215,False,983090,65,False,1342193920,0
223504,2000079107,20015095,20015646,551,2,000000,2,17.473018871120008,10192,False,3372417027,54,False,58144457,201
222205,2000074707,20025287,20025821,534,2,370037,922760962,17.48191640612219,103283,True,327731,60,False,1342192640,0
223879,2000080204,20128570,20128987,417,2,000000,2,17.57208164431196,1101617,False,132382721,0,False,4278190087,255
222722,2000076867,21230187,21230721,534,2,000000,2,18.533784530545905,12849,False,65583,64,False,1124089856,0
222637,2000076652,21243036,21243570,534,2,000000,2,18.545001605432386,1661,True,65556,63,False,1409302272,0
222385,2000076001,21244697,21245287,590,2,000000,2,18.546451645232093,8067,False,3774873600,113,True,29153,1
223279,2000078510,21252764,21253291,527,2,000000,2,18.553494072122064,25531,False,4294901760,0,False,255,255
223278,2000078504,21278295,21278853,558,2,000000,2,18.57578243222221,15939,True,7,0,False,1747845120,3
222489,2000076323,21294234,21294768,534,2,000000,2,18.589697052551852,31215,True,0,60,False,4194319360,255
222426,2000076101,21325449,21325983,534,2,000000,2,18.616947499480133,5531,True,0,58,False,3540007424,255
222636,2000076651,21330980,21331514,534,2,000000,2,18.621776018524194,8430,True,65591,58,False,989870592,0
222812,2000077146,21339410,21339944,534,2,000000,2,18.62913534152933,10060,True,65581,57,False,3540007168,255
222810,2000077141,21349470,21349904,434,2,000000,2,18.637917641580543,2145,True,2560007,0,False,655360000,0
222473,2000076281,21351615,21352196,581,2,000000,2,18.639790209533807,1176,False,4278210660,1,True,511,0
222726,2000076873,21352791,21353325,534,2,000000,2,18.640816848187907,1687,True,0,57,False,3540007168,255
222488,2000076321,21354478,21355042,564,2,000000,2,18.642289585780986,16822,False,16777471,0,False,124518401,0
222434,2000076135,21371300,21371834,534,2,000000,2,18.656975058093256,2280,True,0,56,False,3540006912,255
221547,2000071795,21373580,21374114,534,2,000000,2,18.65896547997365,9829,True,0,56,False,1023424512,0
222263,2000075141,21383409,21383943,534,2,000000,2,18.667546118860663,546,True,0,55,False,973092608,0
222386,2000076008,21383955,21384489,534,2,000000,2,18.668022772521493,2261,True,327720,55,False,905983744,0
222469,2000076277,21386216,21386750,534,2,000000,2,18.669996607552882,546,True,0,55,False,3540006656,255
222809,2000077140,21386762,21387296,534,2,000000,2,18.67047326121371,23711,True,65540,55,False,1090533120,0
222724,2000076870,21410473,21411007,534,2,000000,2,18.691172775777755,2120,True,0,54,False,3540006400,255
222384,2000075997,21412593,21413120,527,2,000000,2,18.693023518929696,1722,False,4294901760,0,False,255,255
222468,2000076275,21414315,21414849,534,2,000000,2,18.69452681124463,1092,True,0,54,False,1056978432,0
222811,2000077142,21415407,21415941,534,2,000000,2,18.695480118566287,16995,True,65584,54,False,3540006400,255
221544,2000071782,21432402,21432960,558,2,000000,2,18.710316618503693,27622,True,7,0,False,1634205696,3
221082,2000069957,21460024,21460611,587,2,000000,2,18.734430404986252,3489,True,0,2,False,1678311936,80
221131,2000070191,21463513,21464059,546,2,000000,2,18.737476274258487,26521,False,916860791,119,False,3402790710,2
222261,2000075123,21490034,21490568,534,2,000000,2,18.760628896490903,546,True,0,51,False,3540005632,255
222378,2000075984,21490580,21491114,534,2,000000,2,18.761105550151736,546,True,0,51,False,973091584,0
222425,2000076100,21491126,21491660,534,2,000000,2,18.761582203812566,546,True,0,51,False,3540005632,255
222634,2000076649,21491672,21492218,546,2,000000,2,18.762058857473395,23233,False,918514039,119,False,843413302,3
222429,2000076119,21514905,21515451,546,2,000000,2,18.782341081836197,6878,False,918378359,119,False,1517909814,3
222635,2000076650,21521783,21522317,534,2,000000,2,18.78834552117538,869,True,2621500,1,False,838861056,0
224064,2000081070,21522652,21523186,534,2,000000,2,18.78910415126927,2177,True,54,50,False,922759680,0
222479,2000076288,21524829,21525363,534,2,000000,2,18.791004654968223,4903,True,0,50,False,1006645760,0
221642,2000072063,21529732,21530266,534,2,000000,2,18.795284935003124,9882,True,655410,50,False,939536896,0
222471,2000076279,21539614,21540148,534,2,000000,2,18.803911842468935,11559,True,0,49,False,3540005120,255
221549,2000071797,21551173,21551707,534,2,000000,2,18.814002757607295,34311,True,65556,49,False,1157640448,0
222262,2000075131,21585484,21586018,534,2,000000,2,18.84395598793106,546,True,0,48,False,3707777024,255
222383,2000075993,21586030,21586564,534,2,000000,2,18.84443264159189,2319,True,655408,48,False,889204736,0
222432,2000076133,21588349,21588883,534,2,000000,2,18.846457110162344,10295,True,0,48,False,1476407296,0
222476,2000076285,21598644,21599178,534,2,000000,2,18.855444563345962,1551,True,65556,47,False,1174417152,0
222475,2000076284,21600195,21600729,534,2,000000,2,18.856798574019862,5423,True,65553,47,False,922758912,0
221132,2000070197,21605618,21606152,534,2,000000,2,18.861532809922217,13449,True,0,47,False,822095616,0
222433,2000076134,21619067,21619601,534,2,000000,2,18.87327368004038,47781,True,0,46,False,4227870208,255
221548,2000071796,21666848,21667382,534,2,000000,2,18.914986113315415,12316,True,65561,45,False,822095104,0
222445,2000076160,21679164,21679698,534,2,000000,2,18.92573788343775,1109,True,0,44,False,1006644224,0
221133,2000070198,21680273,21680807,534,2,000000,2,18.926706031624313,9603,True,0,44,False,1241525248,0
222472,2000076280,21689876,21690410,534,2,000000,2,18.93508937430739,15638,True,0,43,False,4227869440,255
221519,2000071676,21705514,21706072,558,2,000000,2,18.948741224029142,15841,True,7,0,False,1632567296,3
221130,2000070190,21721355,21721889,534,2,000000,2,18.962570291137613,939,True,1310740,5,False,671089920,0
221134,2000070201,21722294,21722828,534,2,000000,2,18.963390030675196,11375,True,20,40,False,872425472,0
222806,2000077127,21733669,21734203,534,2,000000,2,18.973320315275842,16111,True,0,38,False,771761664,0
222474,2000076282,21749780,21750331,551,2,000000,2,18.987385090238572,563,False,3187277827,54,False,4202116797,189
221135,2000070204,21750343,21750877,534,2,000000,2,18.987876584764297,8577,True,1310762,35,False,1174414080,0
221137,2000070206,21758920,21759454,534,2,000000,2,18.9953642376012,546,True,0,32,True,8192,0
221128,2000070188,21759466,21760000,534,2,000000,2,18.99584089126203,546,True,0,32,True,8192,0
221129,2000070189,21760012,21760546,534,2,000000,2,18.99631754492286,3012,True,2,32,False,3707772928,255
221127,2000070186,21763024,21763558,534,2,000000,2,18.998946996985907,663478,True,65546,30,False,520101376,0
222370,2000075969,22426502,22427100,598,2,380038,939538434,19.578158018196298,59622,False,33554432,9,False,1348733186,0
223208,2000078246,22486124,22486758,634,2,4c0053,1392528386,19.630207550368585,224088,False,33554432,9,False,1348733186,0
223362,2000078821,22710212,22710783,571,2,000000,2,19.825834593497362,112129,False,1543569408,0,False,33488988,255
223047,2000077787,22822341,22822868,527,2,000000,2,19.92372231938624,357814,False,4294901760,0,False,255,255
221518,2000071673,23180155,23180719,564,2,000000,2,20.2360910977683,294865,False,16777471,0,False,124518401,0
221552,2000071814,23475020,23475591,571,2,000000,2,20.493505899418395,583,False,352387072,0,False,33488917,255
224086,2000081153,23475603,23476186,583,2,000000,2,20.49401485378518,2303,False,3707764736,52,True,13533,1
221789,2000072409,23477906,23478467,561,2,190019,419436802,20.49602535448279,167082,False,124518401,0,True,7,0
222976,2000077574,23644988,23645539,551,2,140014,335549442,20.64188661264941,563,False,3271950339,54,False,108476099,195
223117,2000078024,23645551,23646107,556,2,280028,671098882,20.642378107175137,271519,False,2365587456,103,False,223117,200
222975,2000077571,23917070,23917604,534,2,230023,587211522,20.879412036360467,2188,True,0,52,False,1006646272,0
223252,2000078378,23919258,23919792,534,2,00002b,721420290,20.881322142972003,22606,True,0,52,False,1174418432,0
223929,2000080482,23941864,23942428,564,2,000000,2,20.901057001317692,81070,False,16777471,0,False,124518401,0
221991,2000073293,24022934,24023515,581,2,000000,2,20.971830467038526,22222,False,4278210660,1,True,511,0
221992,2000073294,24045156,24045720,564,2,000000,2,20.991230096435938,42922,False,16777471,0,False,124518401,0
221988,2000073286,24088078,24088635,557,2,000000,2,21.0287006613264,4514,True,0,36,False,56828928,0
222705,2000076815,24092592,24093143,551,2,230023,587211522,21.032641347452756,180373,False,3222208515,54,False,259471040,192
221983,2000073267,24272965,24273504,539,2,000000,2,21.1901055429932,4626,False,167903232,0,True,655370,1
221979,2000073263,24277591,24278155,564,2,000000,2,21.19414400422947,576,False,16777471,0,False,124518401,0
221993,2000073295,24278167,24278743,576,2,000000,2,21.19464684765189,34111,False,150994944,127,True,32521,1
221995,2000073300,24312278,24312849,571,2,000000,2,21.22442547956509,99280,False,302055424,0,False,33488914,255
221987,2000073279,24411558,24412134,576,2,000000,2,21.311096130567485,134507,False,1409286144,52,True,13396,1
222057,2000073780,24546065,24546629,564,2,000000,2,21.428519672614012,1145108,False,16777471,0,False,124518401,0
222398,2000076046,25691173,25691720,547,2,500050,1342197762,22.428189856216463,21553,False,3171841846,54,False,3799463613,34
222407,2000076066,25712726,25713280,554,2,500050,1342197762,22.44700545393055,7048,False,56936192,0,False,3173122051,54
222405,2000076063,25719774,25720328,554,2,4a004a,1241532930,22.453158301918712,48505,False,56935680,0,False,3172925443,54
222538,2000076419,25768279,25768826,547,2,50004e,1308643330,22.49550278143998,129696,False,3196286774,54,False,662124222,100
223377,2000078854,25897975,25898559,584,2,4e004e,1308642818,22.608726358720467,2129,True,1563392,0,True,65536,1
222408,2000076067,25900104,25900658,554,2,4a004a,1241532930,22.610584958800885,95578,False,56936448,0,False,3173187587,54
222413,2000076073,25995682,25996236,554,2,480048,1207977986,22.6940237932238,5888,False,56937728,0,False,3173580803,54
222598,2000076530,26001570,26002134,564,2,460046,1174423042,22.69916397043071,19599,False,16777471,0,False,124518401,0
223542,2000079245,26021169,26021716,547,2,460046,1174423042,22.71627374167362,5488,False,3381491510,54,False,3346478793,46
224909,2000083425,26026657,26027241,584,2,460046,1174423042,22.72106472205941,18017,True,1563392,0,True,65536,1
224864,2000083338,26044674,26045228,554,2,460046,1174423042,22.736793419874783,7344,False,57565184,0,False,3649699843,54
222403,2000076059,26052018,26052567,549,2,430043,1124090626,22.743204673510576,561,False,2000076059,27,False,918362999,119
222406,2000076064,26052579,26053128,549,2,460046,1174423042,22.7436944220522,1183,False,2000076064,32,False,918364279,119
222409,2000076068,26053762,26054316,554,2,4a004a,1241532930,22.744727171650666,207744,False,56936704,0,False,3173253123,54
224910,2000083427,26261506,26262090,584,2,410041,1090535682,22.92608603266841,1192,True,1563392,0,True,65536,1
224873,2000083354,26262698,26263247,549,2,440044,1140868098,22.927126639195354,561,False,2000083354,154,False,920230519,119
222604,2000076539,26263259,26263808,549,2,460046,1174423042,22.927616387736975,8885,False,2000076539,251,False,918485879,119
223911,2000080392,26272144,26272693,549,2,410041,1090535682,22.93537292212614,20349,False,2000080392,8,False,919472247,119
224862,2000083333,26292493,26293052,559,2,410041,1090535682,22.953137437408653,12600,True,1900,0,False,1577058304,110
224429,2000082395,26305093,26305647,554,2,000000,2,22.964137137273983,8821,False,57453824,0,False,3587899395,54
224151,2000081422,26313914,26314468,554,2,410041,1090535682,22.97183780017177,21608,False,57382656,0,False,3524132867,54
222606,2000076544,26335522,26336071,549,2,410041,1090535682,22.99070141244876,1054,False,2000076544,0,False,918487159,119
222603,2000076538,26336576,26337137,561,2,3c003c,1006648322,22.99162154607242,5531,False,124518401,0,True,7,0
222400,2000076052,26342107,26342649,542,2,3c003c,1006648322,22.996450065116477,9869,False,36260471,0,False,1057095682,0
224867,2000083346,26351976,26352525,549,2,3e003e,1040203266,23.005065623685603,36158,False,2000083346,146,False,920228471,119
224895,2000083393,26388134,26388683,549,2,3c003c,1006648322,23.036631270330894,57339,False,2000083393,193,False,920240503,119
224512,2000082580,26445473,26446037,564,2,000000,2,23.08668776164663,22621,False,16777471,0,False,124518401,0
224908,2000083423,26468094,26468689,595,2,370037,922760962,23.106435714873115,5056,False,33555265,0,False,16973826,100
224640,2000082849,26473150,26473763,613,2,370037,922760962,23.11084956269209,21507,True,0,0,True,0,0
221800,2000072441,26494657,26495212,555,2,2d002d,754986242,23.12962500277175,3368,False,1650982912,3,False,4177527650,174
225169,2000084181,26498025,26498587,562,2,280028,671098882,23.132565240005594,14104,False,1811939584,7,True,1900,0
220915,2000069207,26512129,26512695,566,2,000000,2,23.144877919918343,510155,False,16712191,0,False,65536,108
222315,2000075502,27022284,27022835,551,2,120012,301994498,23.590239180616642,270855,False,3136159747,54,False,4000790202,186
221045,2000069783,27293139,27293678,539,2,000000,2,23.826693443078913,1653,True,131075,0,True,0,0
221046,2000069786,27294792,27295331,539,2,000000,2,23.828136498942197,30088,True,131075,0,True,0,0
221047,2000069787,27324880,27325419,539,2,000000,2,23.854403083826966,551,True,131075,0,True,0,0
221048,2000069788,27325431,27325970,539,2,000000,2,23.85488410244806,3687,True,131075,0,True,0,0
221049,2000069790,27329118,27329657,539,2,000000,2,23.85810282414675,5613,True,131074,0,True,0,0
224128,2000081356,27334731,27335263,532,2,000000,2,23.86300292853914,762,True,0,0,True,0,0
221358,2000071049,27335493,27336027,534,2,000000,2,23.863668148483377,18322,True,0,0,True,0,0
221053,2000069813,27353815,27354354,539,2,000000,2,23.879663108874855,9607,True,131075,0,True,0,0
221054,2000069830,27363422,27363961,539,2,000000,2,23.888049943526145,11071,True,65536,0,True,0,0
222213,2000074778,27374493,27375032,539,2,000000,2,23.89771483854274,12182,True,65537,0,True,0,0
224397,2000082304,27386675,27387239,564,2,000000,2,23.90834962773,4984,False,16777471,0,False,124518401,0
224264,2000081950,27391659,27392193,534,2,000000,2,23.912700620121175,5228,True,0,0,True,0,0
224189,2000081571,27396887,27397433,546,2,000000,2,23.917264622573235,60971,False,919774071,119,False,310802230,0
222924,2000077357,27457858,27458415,557,2,000000,2,23.970491821024755,62242,False,0,204,False,57068544,0
223707,2000079585,27520100,27520627,527,2,000000,2,24.024828592375393,539,False,4294901760,0,False,255,255
223716,2000079604,27520639,27521166,527,2,000000,2,24.025299135091853,3319,False,4294901760,0,False,255,255
223751,2000079784,27523958,27524490,532,2,000000,2,24.02819659571511,140164,True,0,0,False,0,255
221027,2000069749,27664122,27664661,539,2,000000,2,24.150558653804353,1942,True,131075,0,True,0,0
221028,2000069750,27666064,27666615,551,2,000000,2,24.152254004370896,758218,False,2759196675,54,False,1987524260,164
225122,2000084050,28424282,28424858,576,2,320032,838873602,24.81417229266395,19977,False,2298478849,0,True,137,2
223388,2000078874,28444259,28444791,532,2,37003c,1006647042,24.83161205490282,75135,False,4521989,80,False,20480,255
224109,2000081313,28519394,28519970,576,2,320032,838873602,24.897204312790258,72256,False,1409286401,112,True,28756,1
225278,2000084397,28591650,28592225,575,2,000000,2,24.960283226557674,192539,False,11010064,0,False,33554432,16
224328,2000082103,28784189,28784735,546,2,2d002d,754986242,25.128368243412535,1244201,False,919910263,119,False,1901557558,2
222823,2000077179,30028390,30028924,534,2,4f004f,1325420290,26.214545828503503,3410,False,1572938,75,False,4211100416,255
222827,2000077192,30031800,30032346,546,2,520052,1375752706,26.21752273140357,128613,False,918653047,119,False,1790801718,2
222836,2000077207,30160413,30160947,534,2,490049,1224755458,26.32980085829087,1245,True,4587590,35,False,1174414080,0
222826,2000077189,30161658,30162192,534,2,4b004b,1258310402,26.330887733396608,3053,True,4587590,20,False,1174410240,0
221925,2000072841,30164711,30165268,557,2,460046,1174423042,26.333552978133817,71939,False,0,229,False,56812800,0
223274,2000078469,30236650,30237189,539,2,480048,1207977986,26.396355153420497,5653,False,1124204546,0,True,4390979,28
224247,2000081873,30242303,30242837,534,2,4a004a,1241532930,26.401290177494996,9609,False,1245253,65,False,3372237056,255
224706,2000083000,30251912,30252439,527,2,000000,2,26.409678758130394,539,False,4294902015,0,False,255,255
225134,2000084073,30252451,30252985,534,2,3f003f,1056980738,26.410149300846854,20154,False,327748,65,False,1593852160,0
222832,2000077202,30272605,30272736,131,2,0d0000,3330,26.42774358267907,10115,True,0,0,False,184614912,0
222848,2000077225,30282720,30283254,534,2,480048,1207977986,26.43657389729318,19677,False,3276867,65,False,4211097856,255
222838,2000077209,30302397,30302931,534,2,450045,1157645570,26.453751761916212,927,True,3604535,1,False,1090519296,0
223267,2000078459,30303324,30303851,527,2,430043,1124090626,26.45456102554916,5442,False,285211136,0,True,16,0
222842,2000077214,30308766,30309293,527,2,430043,1124090626,26.45931184830052,18342,False,4294902015,0,False,255,255
223963,2000080708,30327108,30327652,544,2,430043,1124090626,26.47532426853305,4821,False,2423731919,105,True,158096,2
224020,2000080924,30331929,30332492,563,2,400040,1073758210,26.479532963219622,40587,False,65536,108,True,486400,0
222830,2000077199,30372516,30373050,534,2,3f003f,1056980738,26.514965091666788,11999,True,1704001,60,False,3372235776,255
222840,2000077212,30384515,30385049,534,2,410041,1090535682,26.525440123308382,546,True,68,60,False,4194319360,255
222844,2000077217,30385061,30385595,534,2,440044,1140868098,26.52591677696921,24902,True,1572932,60,False,4194319360,255
223269,2000078462,30409963,30410497,534,2,440044,1140868098,26.54765602506814,13583,True,458799,60,False,1006648320,0
223264,2000078456,30423546,30424080,534,2,3f003f,1056980738,26.559513876121382,4560,True,983095,60,False,3372235776,255
222859,2000077241,30428106,30428640,534,2,3c003c,1006648322,26.56349471988217,18109,True,1245242,60,False,4227873792,255
224236,2000081850,30446215,30446742,527,2,440044,1140868098,26.579303732966398,4890,False,4294901760,0,False,255,255
224245,2000081870,30451105,30451639,534,2,3f003f,1056980738,26.58357266410461,2890,True,1900612,60,False,4194319360,255
224531,2000082622,30453995,30454529,534,2,3c003c,1006648322,26.58609561113721,28898,True,1703996,60,False,3540007936,255
222837,2000077208,30482893,30483427,534,2,3e003e,1040203266,26.61132333547915,14390,True,0,0,False,922746880,0
223971,2000080723,30497283,30497817,534,2,430043,1124090626,26.623885691119,18028,False,48007426,53,False,683554050,0
224532,2000082623,30515311,30515845,534,2,400040,1073758210,26.63962399184695,20317,True,3604535,20,False,922752000,0
222824,2000077180,30535628,30536162,534,2,3b003b,989870850,26.657360571383776,6530,True,983094,55,False,4227872512,255
223742,2000079736,30542158,30542692,534,2,3b003b,989870850,26.663061209488585,18284,True,131114,55,False,1308636928,0
224255,2000081899,30560442,30560969,527,2,350035,889206018,26.679022996182056,539,False,4294902015,0,False,255,255
224260,2000081923,30560981,30561513,532,2,320032,838873602,26.67949353889852,544,False,3276800,211,False,16765696,255
224529,2000082620,30561525,30562059,534,2,350035,889206018,26.67996844657524,23614,True,3276850,25,False,838867200,0
223271,2000078464,30585139,30585673,534,2,3c003c,1006648322,26.700583280910163,2695,True,917557,50,False,1258304000,0
223266,2000078458,30587834,30588361,527,2,320032,838873602,26.702935994492467,1352,False,268454656,0,True,16,0
223739,2000079723,30589186,30589713,527,2,320032,838873602,26.704116279747858,539,False,4294902015,0,False,255,255
223850,2000080126,30589725,30590252,527,2,320032,838873602,26.70458682246432,22335,False,4294902015,0,False,255,255
222860,2000077242,30612060,30612594,534,2,350035,889206018,26.724085099963702,40259,True,1179698,50,False,4227871232,255
224418,2000082359,30652319,30652853,534,2,2c002c,738208770,26.759230887017544,6729,True,852015,45,False,4227869952,255
224250,2000081892,30659048,30659592,544,2,310031,822096130,26.76510525054086,1924,False,2138519251,107,True,158591,2
224242,2000081862,30660972,30661499,527,2,2f002f,788541186,26.766784887250456,539,False,4294902015,0,False,255,255
223268,2000078460,30661511,30662038,527,2,2f002f,788541186,26.76725542996692,539,False,4294902015,0,False,255,255
223741,2000079735,30662050,30662584,534,2,360036,905983490,26.767725972683383,3772,True,2818100,45,False,4211092736,255
223272,2000078466,30665822,30666349,527,2,310031,822096130,26.771018898706554,1425,False,4294902015,0,False,255,255
222852,2000077231,30667247,30667781,534,2,2f002f,788541186,26.772262912381805,24583,True,262188,45,False,3372231936,255
223736,2000079715,30691830,30692362,532,2,2f002f,788541186,26.79372367601589,8176,False,2949121,253,False,16776448,255
222833,2000077203,30700006,30700540,534,2,310031,822096130,26.800861259039614,1909,True,720940,45,False,3707776256,255
222828,2000077195,30701915,30702449,534,2,360036,905983490,26.80252780086842,10458,True,458799,45,False,4227869952,255
222680,2000076764,30712373,30712919,546,2,2f002f,788541186,26.811657551756646,14151,False,918543479,119,False,623933238,3
223973,2000080729,30726524,30727051,527,2,2f002f,788541186,26.824011262295876,8781,False,4294902015,0,False,255,255
223966,2000080712,30735305,30735832,527,2,2f002f,788541186,26.83167700551155,8674,False,4294902015,0,False,255,255
223737,2000079716,30743979,30744511,532,2,2f002f,788541186,26.83924933857757,8341,True,1638445,45,False,1509960960,0
223743,2000079740,30752320,30752854,534,2,280028,671098882,26.84653096529001,5182,True,65569,40,False,4227868672,255
223967,2000080714,30757502,30758036,534,2,000000,2,26.851054810107644,1136,True,262187,40,False,4227868672,255
222857,2000077236,30758638,30759172,534,2,2b002b,721431298,26.852046529079626,4119,True,786475,40,False,4227868672,255
223273,2000078468,30762757,30763291,534,2,300030,805318658,26.85564238334513,1394,True,65574,40,False,4211091456,255
223970,2000080720,30764151,30764678,527,2,2b002b,721431298,26.856859334266737,10755,False,4294902015,0,False,255,255
222843,2000077215,30774906,30775433,527,2,2b002b,721431298,26.866248363794643,1357,False,4294902015,0,False,255,255
223261,2000078450,30776263,30776797,534,2,260026,637543938,26.8674330140103,15121,True,393261,40,False,3540002816,255
223972,2000080728,30791384,30791911,527,2,2b002b,721431298,26.880633526840754,6845,False,4294902015,0,False,255,255
223740,2000079731,30798229,30798756,527,2,2b002b,721431298,26.886609157442198,1379,False,1342188800,0,True,80,0
222849,2000077227,30799608,30800142,534,2,2b002b,721431298,26.887813013483015,1661,True,262187,40,False,4227868672,255
222850,2000077228,30801269,30801803,534,2,2b002b,721431298,26.88926305328272,10887,True,65564,40,False,4244645888,255
222853,2000077232,30812156,30812690,534,2,2b002b,721431298,26.898767317761603,2364,True,0,0,False,671088640,0
222856,2000077235,30814520,30815054,534,2,2b002b,721431298,26.90083107097443,2268,True,65569,40,False,4227868672,255
223968,2000080718,30816788,30817322,534,2,2b002b,721431298,26.90281101695019,16427,True,4259905,20,False,671093760,0
222829,2000077196,30833215,30833749,534,2,280028,671098882,26.9171516574016,546,True,43,40,False,4227868672,255
222858,2000077237,30833761,30834295,534,2,2b002b,721431298,26.91762831106243,4123,True,0,0,False,671088640,0
222825,2000077182,30837884,30838418,534,2,2b002b,721431298,26.921227657296143,1085,True,196651,40,False,4227868672,255
222854,2000077233,30838969,30839503,534,2,2b002b,721431298,26.922174853673436,5214,True,65576,40,False,3707774976,255
222855,2000077234,30844183,30844717,534,2,2b002b,721431298,26.926726634236758,2558,True,65579,40,False,4227868672,255
224239,2000081857,30846741,30847268,527,2,2b002b,721431298,26.928959747907832,8593,False,4294902015,0,False,255,255
224259,2000081917,30855334,30855861,527,2,2b002b,721431298,26.936461368617575,1895,False,4294902015,0,False,255,255
224258,2000081913,30857229,30857763,534,2,2b002b,721431298,26.93811568855764,546,True,45,40,False,3540002816,255
224254,2000081898,30857775,30858302,527,2,2d002d,754986242,26.93859234221847,539,False,4294902015,0,False,255,255
224252,2000081894,30858314,30858858,544,2,2b002b,721431298,26.939062884934934,1102,False,2088187603,107,True,158588,2
224251,2000081893,30859416,30859943,527,2,2b002b,721431298,26.940024922177123,539,False,4294902015,0,False,255,255
224240,2000081859,30859955,30860482,527,2,2b002b,721431298,26.940495464893583,1778,False,4294902015,0,False,255,255
224248,2000081885,30861733,30862260,527,2,2d002d,754986242,26.942047644763473,2170,False,4294902015,0,False,255,255
224244,2000081868,30863903,30864430,527,2,2b002b,721431298,26.943942037518053,3047,False,4294902015,0,False,255,255
222851,2000077229,30866950,30867484,534,2,270027,654321410,26.94660204430295,4082,True,65573,35,False,3707773696,255
222847,2000077224,30871032,30871566,534,2,270027,654321410,26.950165597862497,546,True,39,35,False,4227867392,255
222846,2000077223,30871578,30872112,534,2,270027,654321410,26.950642251523327,546,True,39,35,False,4227867392,255
222845,2000077222,30872124,30872658,534,2,270027,654321410,26.951118905184156,4797,True,131111,35,False,4227867392,255
222839,2000077211,30876921,30877455,534,2,270027,654321410,26.955306648061462,1521,True,65565,35,False,4227867392,255
224237,2000081852,30878442,30878969,527,2,270027,654321410,26.95663446897377,2060,False,4294902015,0,False,255,255
223744,2000079750,30880502,30881029,527,2,270027,654321410,26.958432832602554,5594,False,4294901760,0,False,255,255
222861,2000077243,30886096,30886630,534,2,250025,620766466,26.963316350145938,9925,True,131106,35,False,4244644608,255
223853,2000080130,30896021,30896548,527,2,270027,654321410,26.971980796270017,4564,False,4294902015,0,False,255,255
223265,2000078457,30900585,30901119,534,2,220022,570434050,26.97596513199902,15780,True,131109,35,False,3707773696,255
224253,2000081895,30916365,30916892,527,2,270027,654321410,26.989740946592267,5312,False,4294902015,0,False,255,255
224246,2000081872,30921677,30922204,527,2,270027,654321410,26.994378280376765,3219,False,4294902015,0,False,255,255
224232,2000081842,30924896,30925423,527,2,270027,654321410,26.99718844179474,3226,False,4294902015,0,False,255,255
222834,2000077205,30928122,30928656,534,2,1e001e,503324162,27.000004714157082,2409,True,65561,30,False,4227866112,255
222831,2000077201,30930531,30931065,534,2,210021,553656578,27.00210775201229,7900,True,65569,30,False,3707772416,255
223262,2000078451,30938431,30938958,527,2,210021,553656578,27.00900438922944,539,False,4294902015,0,False,255,255
222841,2000077213,30938970,30939504,534,2,230023,587211522,27.009474931945903,546,True,35,30,False,4227866112,255
223854,2000080132,30939516,30940043,527,2,230023,587211522,27.009951585606736,2978,False,4294902015,0,False,255,255
223275,2000078471,30942494,30943028,534,2,260026,637543938,27.012551355939983,1434,True,65564,30,False,3540000256,255
223745,2000079751,30943928,30944462,534,2,210021,553656578,27.013803226543708,15209,True,131092,30,False,4244643328,255
224243,2000081864,30959137,30959664,527,2,230023,587211522,27.027080562674804,15193,False,4294902015,0,False,255,255
222835,2000077206,30974330,30974864,534,2,1b001b,452991746,27.04034393093306,169141,True,131101,25,False,3707771136,255
224023,2000080936,31143471,31143595,124,2,0d0000,3330,27.188002679736407,136,False,4294967040,255,True,65535,0
223969,2000080719,31143607,31144134,527,2,000000,2,27.188121406655586,539,False,4294901760,0,False,255,255
223965,2000080710,31144146,31144673,527,2,000000,2,27.18859194937205,539,False,4294901760,0,False,255,255
223852,2000080129,31144685,31145219,534,2,000000,2,27.18906249208851,546,True,0,0,True,0,0
223851,2000080128,31145231,31145758,527,2,000000,2,27.189539145749343,3548,False,771751936,0,True,46,0
223635,2000079448,31148779,31148903,124,2,0d0000,3330,27.19263652155269,136,False,4294967040,255,True,65535,0
223270,2000078463,31148915,31149449,534,2,000000,2,27.192755248471872,546,True,0,0,True,0,0
223263,2000078453,31149461,31149995,534,2,000000,2,27.193231902132702,2514,True,0,0,True,0,0
221835,2000072525,31151975,31152615,640,2,000000,2,27.19542660415345,652,False,131071,108,True,486400,0
221809,2000072477,31152627,31153173,546,2,000000,2,27.19599579497188,880,False,917446007,119,False,1269856054,1
221341,2000070801,31153507,31154053,546,2,000000,2,27.196764027978347,558,False,917016951,119,False,1620670262,3
221337,2000070797,31154065,31154616,551,2,000000,2,27.19725115754381,563,False,2827812867,54,False,2373400232,168
221263,2000070590,31154628,31155268,640,2,000000,2,27.19774265206954,1038,False,131071,108,True,486400,0
220987,2000069587,31155666,31156313,647,2,000000,2,27.198648817820352,659,False,131071,108,True,486400,0
220973,2000069558,31156325,31156876,551,2,000000,2,27.19922411958315,38406,False,2746613763,54,False,3061266083,163
224227,2000081833,31194731,31195258,527,2,000000,2,27.232752252363145,539,False,4294901760,0,False,255,255
224231,2000081840,31195270,31195797,527,2,000000,2,27.23322279507961,539,False,4294901760,0,False,255,255
224233,2000081843,31195809,31196336,527,2,000000,2,27.233693337796065,539,False,4294901760,0,False,255,255
224234,2000081844,31196348,31196875,527,2,000000,2,27.23416388051253,539,False,4294901760,0,False,255,255
224235,2000081847,31196887,31197414,527,2,000000,2,27.234634423228993,539,False,4294901760,0,False,255,255
224238,2000081856,31197426,31197953,527,2,000000,2,27.23510496594545,539,False,4294901760,0,False,255,255
224241,2000081860,31197965,31198492,527,2,000000,2,27.235575508661913,539,False,4294901760,0,False,255,255
224249,2000081889,31198504,31199031,527,2,000000,2,27.236046051378377,539,False,4294901760,0,False,255,255
224256,2000081902,31199043,31199577,534,2,000000,2,27.23651659409484,546,True,0,0,True,0,0
224257,2000081911,31199589,31200116,527,2,000000,2,27.23699324775567,539,False,4294901760,0,False,255,255
224413,2000082353,31200128,31200672,544,2,000000,2,27.237463790472127,556,False,2658612949,108,True,224414,2
224414,2000082354,31200684,31201228,544,2,000000,2,27.23794917405349,556,False,2675390165,108,True,224415,2
224415,2000082355,31201240,31201784,544,2,000000,2,27.23843455763485,556,False,309802709,109,True,224530,2
224530,2000082621,31201796,31202330,534,2,000000,2,27.238919941216206,573429,True,0,0,True,0,0
223490,2000079057,31775225,31775843,618,2,4c004c,1275087874,27.739518901063636,101307,False,17698304,255,False,4294967041,255
223772,2000079833,31876532,31877106,574,2,480048,1207977986,27.827959106957067,179338,True,937728,0,False,67174400,0
224810,2000083188,32055870,32056458,588,2,370037,922760962,27.984519755722854,97854,True,8199680,0,False,117506048,0
224817,2000083202,32153724,32154298,574,2,320032,838873602,28.069945520057953,47456,True,8249600,0,False,402718720,0
224552,2000082681,32201180,32201766,586,2,2d002d,754986242,28.111374230915825,132268,False,16777472,3,False,1329332993,0
224154,2000081427,32333448,32334022,574,2,3d003d,1023425794,28.226843143756124,63824,True,8189952,0,False,604045312,0
225015,2000083689,32397272,32397887,615,2,370037,922760962,28.282560988534293,22056,False,12518145,0,True,0,0
224080,2000081106,32419328,32419882,554,2,3c003c,1006648322,28.301815701250945,1152,False,57364480,0,False,3503423491,54
223884,2000080211,32420480,32421047,567,2,3c003c,1006648322,28.30282138809578,11835,False,4278320896,0,False,16777471,0
224111,2000081316,32432315,32432906,591,2,3a003a,973093378,28.313153249040713,2975,False,11141377,0,True,0,0
224021,2000080927,32435290,32435864,574,2,370037,922760962,28.315750400397803,56585,True,8225024,0,False,536936448,0
224104,2000081301,32491875,32492412,537,2,3c003c,1006648322,28.36514865570573,46599,False,973096706,0,True,393274,58
224815,2000083200,32538474,32539048,574,2,2d002d,754986242,28.40582921237435,1142,True,8249600,0,False,436273152,0
224634,2000082843,32539616,32540190,574,2,370037,922760962,28.40682616929865,9466,True,8249600,0,False,369164288,0
222274,2000075212,32549082,32549680,598,2,370037,922760962,28.415089912070496,44463,True,65793,0,True,0,0
224051,2000081034,32593545,32594089,544,2,370037,922760962,28.453905757714328,16118,False,376911568,6,True,198166,2
224343,2000082143,32609663,32610207,544,2,2d002d,754986242,28.467976643621423,556,False,746010324,110,True,224812,2
224812,2000083194,32610219,32610763,544,2,2d002d,754986242,28.46846202720278,45532,False,2876716760,186,True,178859,2
224818,2000083204,32655751,32656332,581,2,320032,838873602,28.508211101351062,43730,True,8198400,0,False,134283264,0
220843,2000068973,32699481,32700025,544,2,2d002d,754986242,28.546387043820186,10696,False,3631691425,3,True,197592,2
220841,2000068971,32710177,32710721,544,2,2d002d,754986242,28.555724566816977,1691,False,1953969825,50,True,209524,2
224347,2000082156,32711868,32712412,544,2,2d002d,754986242,28.557200796378268,6540,False,4101453524,88,True,219380,2
224813,2000083198,32718408,32718982,574,2,2d002d,754986242,28.56291016440361,2850,True,8249600,0,False,234946560,0
224056,2000081048,32721258,32721802,544,2,320032,838873602,28.5653981917541,1691,False,2188850896,6,True,198274,2
224054,2000081040,32722949,32723493,544,2,320032,838873602,28.56687442131539,3236,False,410466000,186,True,178712,2
224550,2000082676,32726185,32726729,544,2,2d002d,754986242,28.569699423598266,1745,False,293025494,188,True,48145,2
224549,2000082673,32727930,32728474,544,2,2d002d,754986242,28.57122279473041,28571,False,3480696534,88,True,219343,2
224757,2000083092,32756501,32757055,554,2,1e001e,503324162,28.59616505067108,1150716,False,57537792,0,False,3633577987,54
223955,2000080628,33907217,33907837,620,2,440044,1140868098,29.60073097370565,103177,True,0,0,False,2030043136,1
221889,2000072662,34010394,34010967,573,2,370037,922760962,29.690803674737825,360797,True,976,1,False,3670272,255
222494,2000076349,34371191,34371782,591,2,3b003b,989870850,30.005776588413408,61132,False,16777472,3,True,5243649,0
222878,2000077267,34432323,34432902,579,2,3a003a,973093378,30.05914433858543,5676,True,65537,0,False,301989888,123
222402,2000076057,34437999,34438600,601,2,390039,956315906,30.064099441477143,32438,True,0,0,False,1879048192,1
222778,2000077006,34470437,34471047,610,2,380038,939538434,30.09241755768601,109262,False,1715470849,3,False,167773030,0
224444,2000082422,34579699,34580248,549,2,370037,922760962,30.187802415359492,87724,False,2000082422,246,False,919991927,119
222904,2000077311,34667423,34668002,579,2,360036,905983490,30.264384770199683,42031,True,65537,0,False,301989888,123
222152,2000074331,34709454,34710045,591,2,340034,872428546,30.301077499171093,5629,False,3846373633,2,False,33555173,0
224302,2000082024,34715083,34715674,591,2,340034,872428546,30.30599157143633,30145,False,28442881,0,False,16777217,0
223310,2000078631,34745228,34745817,589,2,310034,872427778,30.33230791686811,33212,True,0,0,False,738197504,22
222771,2000076992,34778440,34779014,574,2,330033,855651074,30.361301728925845,33362,True,8065536,0,False,1510014976,0
222404,2000076060,34811802,34812351,549,2,320032,838873602,30.390426489791494,5863,False,2000076060,28,False,918363255,119
222695,2000076788,34817665,34818207,542,2,320032,838873602,30.39554484219708,7213,False,57024631,0,True,65539,0
222870,2000077258,34824878,34825457,579,2,320032,838873602,30.401841733873958,74678,True,65537,0,False,2348810240,7
224276,2000081985,34899556,34900152,596,2,320032,838873602,30.46703503439327,2008,False,4294967040,255,False,16908287,173
224376,2000082237,34901564,34902113,549,2,320032,838873602,30.4687880024353,957,False,2000082237,61,False,919944567,119
224423,2000082377,34902521,34903063,542,2,320032,838873602,30.46962345582983,1346,False,48509559,0,True,65538,0
224424,2000082381,34903867,34904421,554,2,320032,838873602,30.470798503132908,128177,False,57452544,0,False,3586981891,54
221180,2000070403,35032044,35032593,549,2,320032,838873602,30.582696005485182,44690,False,2000070403,3,False,916915063,119
222912,2000077320,35076734,35077313,579,2,310031,822096130,30.621710020325,27112,True,65537,0,False,301989888,123
221940,2000073034,35103846,35104449,603,2,32003a,973091330,30.645378580860626,13031,True,1799168,0,False,16842752,13
222012,2000073482,35116877,35117470,593,2,300030,805318658,30.656754540300717,10915,True,196609,0,False,3003121664,31
222784,2000077024,35127792,35128402,610,2,300030,805318658,30.666283248557075,19298,False,1715077633,3,False,167773030,0
222719,2000076847,35147090,35147676,586,2,2f002f,788541186,30.683130249192093,10055,True,131073,0,False,234881024,5
222788,2000077030,35157145,35157736,591,2,2f002f,788541186,30.691908184283033,6658,False,2064777473,0,False,33554555,0
222916,2000077325,35163803,35164394,591,2,2f002f,788541186,30.697720565370606,22955,False,28442881,0,False,16777217,0
222238,2000074950,35186758,35187337,579,2,2d002d,754986242,30.717760097942726,2127,True,65537,0,False,3472883712,31
222247,2000075011,35188885,35189498,613,2,2d002d,754986242,30.719616952039036,13078,True,0,0,True,0,0
222449,2000076165,35201963,35202537,574,2,2d002d,754986242,30.73103394210561,2170,True,2077440,0,False,1577123840,0
222446,2000076161,35204133,35204722,589,2,2d002d,754986242,30.732928334860198,22033,True,0,0,False,4278190080,255
221516,2000071653,35226166,35226738,572,2,2d002d,754986242,30.752162968759627,9041,True,1,0,False,4278190080,1
221515,2000071652,35235207,35235786,579,2,2d002d,754986242,30.760055689909034,3701,True,65537,0,False,2432696320,7
221508,2000071554,35238908,35239487,579,2,2d002d,754986242,30.763286633496463,2060,True,65537,0,False,3791650816,7
222226,2000074887,35240968,35241510,542,2,2d002d,754986242,30.765084997125236,3065,False,49472119,0,True,65538,0
221503,2000071459,35244033,35244607,574,2,2d002d,754986242,30.767760717767086,1592,True,503808,0,False,520159232,0
222227,2000074888,35245625,35246197,572,2,2d002d,754986242,30.769150521115147,1424,True,1,0,False,4278190080,1
221939,2000073032,35247049,35247652,603,2,1e002d,754982402,30.77039366179834,1096,False,4294902273,255,False,167772159,0
222203,2000074700,35248145,35248682,537,2,2d002d,754986242,30.771350461088215,1424,False,754986242,0,True,65581,45
223812,2000079984,35249569,35250148,579,2,2d002d,754986242,30.772593601771405,10551,True,65537,0,False,3036676096,7
224092,2000081208,35260120,35260699,579,2,2d002d,754986242,30.781804540920543,591,True,65537,0,False,3321888768,7
224094,2000081224,35260711,35261270,559,2,2d002d,754986242,30.782320479223753,15203,True,1900,0,False,1577058304,107
223580,2000079340,35275914,35276463,549,2,2d002d,754986242,30.79559257740253,4307,False,2000079340,236,False,919202935,119
223578,2000079337,35280221,35280807,586,2,2d002d,754986242,30.799352554173957,5605,True,131073,0,False,3355443200,7
222224,2000074885,35285826,35286368,542,2,2d002d,754986242,30.804245674629925,2634,False,48817783,0,True,65538,0
223492,2000079061,35288460,35289002,542,2,2d002d,754986242,30.80654513569701,17405,False,49335159,0,False,755105794,0
222914,2000077322,35305865,35306475,610,2,2d002d,754986242,30.821739562376067,6168,False,4294967040,255,False,16908287,204
224443,2000082420,35312033,35312612,579,2,2d002d,754986242,30.827124177357764,5374,True,65537,0,False,3556769792,28
224667,2000082942,35317407,35317956,549,2,2d002d,754986242,30.831815636649534,561,False,2000082942,254,False,920125047,119
224669,2000082944,35317968,35318517,549,2,2d002d,754986242,30.832305385191155,561,False,2000082944,0,False,920125559,119
224670,2000082946,35318529,35319078,549,2,2d002d,754986242,30.83279513373278,561,False,2000082946,2,False,920126071,119
224671,2000082947,35319090,35319634,544,2,2d002d,754986242,30.833284882274402,1433,False,3497473752,244,True,193744,2
224865,2000083339,35320523,35321072,549,2,2d002d,754986242,30.834535879886072,14343,False,2000083339,139,False,920226679,119
222153,2000074333,35334866,35335452,586,2,2c002c,738208770,30.847057204899443,13206,True,131073,0,False,2046820352,7
224823,2000083211,35348072,35348621,549,2,2c002c,738208770,30.858585937948774,13262,False,2000083211,11,False,920193911,119
222772,2000076994,35361334,35361920,586,2,2b002b,721431298,30.87016355855306,18258,False,16777472,3,False,1315177217,0
222888,2000077284,35379592,35380178,586,2,2b002b,721431298,30.88610264745316,6346,True,131073,0,False,838860800,123
222128,2000074157,35385938,35386517,579,2,2a002a,704653826,30.891642655020252,10541,True,65537,0,False,1828716544,7
223814,2000080028,35396479,35397058,579,2,2a002a,704653826,30.90084486424886,13989,True,65537,0,False,3976200192,28
222150,2000074329,35410468,35411047,579,2,2a002a,704653826,30.91305715007554,3584,True,65537,0,False,1828716544,7
222896,2000077299,35414052,35414624,572,2,2a002a,704653826,30.91618595359279,22048,True,1,0,False,4278190080,1
222243,2000074958,35436100,35436649,549,2,280028,671098882,30.935433682373016,6523,False,2000074958,206,False,918081143,119
222242,2000074956,35442623,35443209,586,2,280028,671098882,30.94112820953346,1134,True,131073,0,False,1895825408,45
222241,2000074955,35443757,35444301,544,2,280028,671098882,30.942118182521337,1543,False,897005240,119,True,30517,1
222240,2000074954,35445300,35445849,549,2,280028,671098882,30.943465209258814,2410,False,2000074954,202,False,918080119,119
222239,2000074953,35447710,35448289,579,2,280028,671098882,30.94556912010607,1072,True,65537,0,False,3925868544,28
221193,2000070448,35448782,35449331,549,2,280028,671098882,30.94650496758668,561,False,2000070448,48,False,916926583,119
221196,2000070460,35449343,35449892,549,2,280028,671098882,30.9469947161283,5951,False,2000070460,60,False,916929655,119
221373,2000071130,35455294,35455836,542,2,280028,671098882,30.952189891834536,554,False,56671863,0,False,671219715,0
221374,2000071131,35455848,35456429,581,2,280028,671098882,30.95267352943179,975,True,482816,0,False,50397184,0
222118,2000074008,35456823,35457402,579,2,280028,671098882,30.953524696683278,8022,True,65537,0,False,2717908992,31
221923,2000072839,35464845,35465389,544,2,280028,671098882,30.960527838930872,2397,False,1551316656,238,True,192092,1
222099,2000073921,35467242,35467814,572,2,280028,671098882,30.96262040088144,1788,True,1,0,False,4278190080,1
225255,2000084351,35469030,35469609,579,2,280028,671098882,30.964181310671858,1182,True,65537,0,False,2785017856,7
225257,2000084353,35470212,35470791,579,2,280028,671098882,30.965213187278273,925,True,65537,0,False,2785017856,7
225260,2000084357,35471137,35471674,537,2,280028,671098882,30.966020704927118,549,False,671098882,0,True,65576,40
225261,2000084358,35471686,35472228,542,2,280028,671098882,30.966499977564105,1534,True,7848823,0,True,65536,0
222206,2000074708,35473220,35473799,579,2,280028,671098882,30.967839147373105,2092,True,65537,0,False,3489660928,7
225262,2000084359,35475312,35475854,542,2,280028,671098882,30.969665446747573,15765,False,49063031,0,False,671219714,0
223499,2000079076,35491077,35491649,572,2,280028,671098882,30.98342816646003,1028,True,1,0,False,4278190080,1
223309,2000078630,35492105,35492684,579,2,280028,671098882,30.984325602290312,892,True,65537,0,False,1325400064,40
223305,2000078623,35492997,35493466,469,2,280028,671098882,30.98510431120141,481,True,0,0,True,0,0
223137,2000078055,35493478,35494057,579,2,280028,671098882,30.985524220378814,5530,True,65537,0,False,2852126720,21
222967,2000077540,35499008,35499575,567,2,280028,671098882,30.99035186643082,2037,False,4278320896,0,False,16777471,0
223816,2000080037,35501045,35501624,579,2,280028,671098882,30.99213015124238,1970,True,65537,0,False,637534208,5
222899,2000077304,35503015,35503557,542,2,280028,671098882,30.993849945586405,3273,False,48930935,0,False,671219714,0
223895,2000080289,35506288,35506898,610,2,280028,671098882,30.996707248575234,2998,True,8716801,0,True,0,0
223954,2000080622,35509286,35509828,542,2,280028,671098882,30.99932447874954,39327,False,56876151,0,True,65539,0
222067,2000073815,35548613,35549192,579,2,280028,671098882,31.033656637210168,18388,True,65537,0,False,1862270976,45
222770,2000076989,35567001,35567592,591,2,280028,671098882,31.049709215077133,11689,True,8257793,0,True,0,0
222741,2000076922,35578690,35579269,579,2,280028,671098882,31.05991361918236,4763,True,65537,0,False,3774873600,28
222005,2000073450,35583453,35584032,579,2,280028,671098882,31.064071680329864,7491,True,65537,0,False,3003121664,31
222615,2000076595,35590944,35591393,449,2,280028,671098882,31.07061126379742,1455,True,1900,0,False,65536,108
222590,2000076519,35592399,35592978,579,2,280028,671098882,31.071881467234252,12162,True,65537,0,False,3003121664,31
222578,2000076479,35604561,35605140,579,2,280028,671098882,31.082498796580456,1733,True,65537,0,False,2852126720,21
222496,2000076352,35606294,35606843,549,2,280028,671098882,31.084011691807966,18984,False,2000076352,64,False,918438007,119
224338,2000082134,35625278,35625857,579,2,280028,671098882,31.1005845729384,1196,True,65537,0,False,1895825408,45
224388,2000082280,35626474,35627023,549,2,280028,671098882,31.101628671433552,2354,False,2000082280,104,False,919955575,119
222039,2000073649,35628828,35629400,572,2,280028,671098882,31.103683694725852,1691,True,1,0,False,4278190080,1
224428,2000082393,35630519,35631127,608,2,280028,671098882,31.105159924287147,1860,True,101376,0,False,33619968,120
222272,2000075202,35632379,35632928,549,2,280028,671098882,31.106783689505363,2144,False,2000075202,194,False,918143607,119
222271,2000075201,35634523,35635067,544,2,280028,671098882,31.108655384466573,3108,False,1819752121,235,True,191340,1
224478,2000082484,35637631,35638203,572,2,280028,671098882,31.11136864376669,1857,True,1,0,False,4278190080,1
222270,2000075200,35639488,35640037,549,2,280028,671098882,31.112989790008744,1601,False,2000075200,192,False,918143095,119
222073,2000073842,35641089,35641697,608,2,2d0028,671100162,31.114387450285285,1211,True,96512,0,False,33619968,219
224859,2000083330,35642300,35642842,542,2,280028,671098882,31.115444643661235,554,False,56898167,0,False,671219715,0
222258,2000075086,35642854,35643391,537,2,280028,671098882,31.115928281258487,549,False,671098882,0,True,65576,40
224861,2000083332,35643403,35643982,579,2,280028,671098882,31.116407553895474,591,True,65537,0,False,3590324224,28
222257,2000075085,35643994,35644536,542,2,28002d,754984962,31.116923492198683,2046,False,49159031,0,True,65538,0
224934,2000083489,35646040,35646589,549,2,280028,671098882,31.118709633938717,561,False,2000083489,33,False,920265079,119
225024,2000083709,35646601,35647180,579,2,280028,671098882,31.11919938248034,1268,True,65537,0,False,3489660928,7
225035,2000083773,35647869,35648418,549,2,280028,671098882,31.120306336403296,4039,False,2000083773,61,False,920337783,119
225051,2000083818,35651908,35652487,579,2,280028,671098882,31.123832351304575,1648,True,65537,0,False,1694498816,45
225061,2000083878,35653556,35654135,579,2,280028,671098882,31.125271042207594,591,True,65537,0,False,2852126720,7
222256,2000075072,35654147,35654714,567,2,280028,671098882,31.1257869805108,579,False,4278320896,0,False,16777471,0
225062,2000083879,35654726,35655275,549,2,280028,671098882,31.126292442909374,1633,False,2000083879,167,False,920364919,119
225072,2000083925,35656359,35656908,549,2,280028,671098882,31.127718038931608,962,False,2000083925,213,False,920376695,119
225079,2000083944,35657321,35657863,542,2,280028,671098882,31.128557857286403,554,False,56897399,0,False,671219715,0
222255,2000075069,35657875,35658417,542,2,280028,671098882,31.12904149488366,2050,False,48752759,0,False,671219714,0
225141,2000084093,35659925,35660474,549,2,280028,671098882,31.1308311285919,957,False,2000084093,125,False,920419703,119
222254,2000075068,35660882,35661456,574,2,280028,671098882,31.13166658198644,1177,True,330752,0,False,16842752,0
225163,2000084157,35662059,35662643,584,2,280028,671098882,31.13269409363259,596,False,28442881,0,False,16777217,0
225167,2000084176,35662655,35663234,579,2,280028,671098882,31.133214396896058,7094,True,65537,0,False,3036676096,7
222131,2000074176,35669749,35670335,586,2,2b0027,654322434,31.139407402518653,4653,True,131073,0,False,1996488704,45
224482,2000082498,35674402,35674988,586,2,270027,654321410,31.14346943454035,10438,True,131073,0,False,352321536,110
222040,2000073652,35684840,35685441,601,2,260026,637543938,31.15258172558752,8888,True,0,0,False,2449473536,29
223546,2000079253,35693728,35693886,158,2,070000,1794,31.16034087895284,3378,False,1811939839,7,True,1900,0
221344,2000070808,35697106,35697685,579,2,260026,637543938,31.16328984610722,1790,True,65537,0,False,2600468480,7
223894,2000080288,35698896,35699494,598,2,260026,637543938,31.164852501881736,12071,False,3946774785,2,False,33555179,0
224469,2000082469,35710967,35711546,579,2,260026,637543938,31.175390388951136,6829,True,65537,0,False,3154116608,31
222375,2000075977,35717796,35718375,579,2,260026,637543938,31.181352051679735,13439,True,65537,0,False,3489660928,7
223832,2000080076,35731235,35731814,579,2,260026,637543938,31.193084191877368,591,True,65537,0,False,4093640704,28
222279,2000075308,35731826,35732370,544,2,260026,637543938,31.193600130180577,1154,False,1568093882,237,True,191837,2
221966,2000073232,35732980,35733566,586,2,260026,637543938,31.194607563009512,16646,False,16777472,3,True,4915969,0
223286,2000078567,35749626,35750204,578,2,250025,620766466,31.209139388720487,1181,True,511,0,False,676265984,0
223815,2000080036,35750807,35751386,579,2,250025,620766466,31.210170392334852,12316,True,65537,0,False,3070230528,21
222062,2000073804,35763123,35763672,549,2,240024,603988994,31.22092216245719,14287,False,2000073804,76,False,917785719,119
223565,2000079315,35777410,35777989,579,2,230023,587211522,31.2333945999156,2153,True,65537,0,False,285212672,5
223574,2000079331,35779563,35779709,146,2,070000,1794,31.235274151805285,158,False,1811939591,7,True,198508,0
223674,2000079529,35779721,35780300,579,2,230023,587211522,31.23541208454963,591,True,65537,0,False,4009754624,28
223695,2000079571,35780312,35780854,542,2,230023,587211522,31.23592802285284,554,False,57275511,0,False,587333635,0
223732,2000079682,35780866,35781445,579,2,230023,587211522,31.23641166045009,1065,True,65537,0,False,2818572288,31
225191,2000084263,35781931,35782480,549,2,230023,587211522,31.23734139698633,561,False,2000084263,39,False,920463223,119
225196,2000084268,35782492,35783071,579,2,230023,587211522,31.23783114552795,31658,True,65537,0,False,201326592,5
223826,2000080062,35814150,35814692,542,2,230023,587211522,31.265468327935626,9426,False,49477239,0,False,587333634,0
223953,2000080620,35823576,35824118,542,2,230023,587211522,31.273697151025353,17955,False,49442679,0,False,587333634,0
221189,2000070433,35841531,35842097,566,2,230023,587211522,31.289371723333453,1467,False,16712191,0,False,65536,108
221190,2000070439,35842998,35843542,544,2,230023,587211522,31.29065240267492,1238,False,897005223,237,True,191797,1
221191,2000070443,35844236,35844785,549,2,230023,587211522,31.291733166836288,1152,False,2000070443,43,False,916925303,119
221198,2000070495,35845388,35845930,542,2,230023,587211522,31.29273885368112,21044,False,52360567,0,False,587333635,0
224394,2000082300,35866432,35867004,572,2,230023,587211522,31.31111009844033,3529,True,1,0,False,4278190080,1
222016,2000073498,35869961,35870503,542,2,2d0028,671100162,31.314190887394677,2327,False,52573559,0,False,587333635,0
222042,2000073659,35872288,35872867,579,2,230023,587211522,31.31622233990155,591,True,65537,0,False,3573547008,28
222044,2000073681,35872879,35873428,549,2,230023,587211522,31.31673827820476,561,False,2000073681,209,False,917754231,119
222046,2000073683,35873440,35873989,549,2,230023,587211522,31.31722802674638,561,False,2000073683,211,False,917754743,119
222047,2000073686,35874001,35874550,549,2,230023,587211522,31.317717775288006,2157,False,2000073686,214,False,917755511,119
224461,2000082453,35876158,35876700,542,2,230023,587211522,31.319600819145904,554,False,57462647,0,False,587333635,0
224463,2000082457,35876712,35877315,603,2,230023,587211522,31.320084456743157,4436,True,216832,0,False,16842752,146
222098,2000073919,35881148,35881720,572,2,230023,587211522,31.323957049489398,1670,True,1,0,False,4278190080,1
225182,2000084250,35882818,35883367,549,2,230023,587211522,31.325414946217577,2133,False,2000084250,26,False,920459895,119
222117,2000074007,35884951,35885488,537,2,230023,587211522,31.32727703826621,549,False,587211522,0,True,65571,35
222119,2000074009,35885500,35886074,574,2,230023,587211522,31.327756310903197,2052,True,502784,0,False,67174400,0
222140,2000074254,35887552,35888138,586,2,230023,587211522,31.329547690595554,598,True,131073,0,False,3976200192,28
222151,2000074330,35888150,35888780,630,2,230023,587211522,31.33006973984313,642,True,0,0,True,0,0
224860,2000083331,35888792,35889334,542,2,230023,587211522,31.330630200741034,2912,False,49254007,0,False,587333634,0
222202,2000074688,35891704,35892322,618,2,230023,587211522,31.333172353598798,2397,True,0,0,True,0,0
225025,2000083710,35894101,35894680,579,2,000000,2,31.335264915549367,2024,True,65537,0,False,3003121664,31
222244,2000074959,35896125,35896704,579,2,230023,587211522,31.337031851464243,1640,True,65537,0,False,3489660928,7
222276,2000075221,35897765,35898326,561,2,230023,587211522,31.33846355843084,4385,False,124518401,0,True,7,0
222415,2000076075,35902150,35902722,572,2,230023,587211522,31.342291628582387,3096,True,1,0,False,4278190080,1
222676,2000076737,35905246,35905842,596,2,230023,587211522,31.344994411977872,608,True,96512,0,False,16842752,176
222696,2000076790,35905854,35906433,579,2,230023,587211522,31.345525191145974,2728,True,65537,0,False,16777216,123
225105,2000083990,35908582,35909131,549,2,230023,587211522,31.347906713466024,561,False,2000083990,22,False,920393335,119
225106,2000083992,35909143,35909692,549,2,230023,587211522,31.34839646200765,6136,False,2000083992,24,False,920393847,119
222960,2000077511,35915279,35915858,579,2,230023,587211522,31.353753141243658,1182,True,65537,0,False,3573547008,28
223027,2000077710,35916461,35917027,566,2,230023,587211522,31.354785017850066,578,False,16712191,0,False,65536,108
223138,2000078057,35917039,35917618,579,2,230023,587211522,31.355289607256587,1030,True,65537,0,False,2852126720,21
225181,2000084249,35918069,35918611,542,2,230023,587211522,31.356188789070977,554,False,57185143,0,False,587333635,0
223379,2000078862,35918623,35919202,579,2,230023,587211522,31.35667242666823,591,True,65537,0,False,3137339392,31
223439,2000078966,35919214,35919805,591,2,230023,587211522,31.35718836497144,4559,False,28705025,0,False,16777217,0
223329,2000078725,35923773,35924322,549,2,220022,570434050,31.361168335740174,10491,False,2000078725,133,False,919045495,119
222577,2000076478,35934264,35934843,579,2,220022,570434050,31.37032689536614,8592,True,65537,0,False,3003121664,31
222070,2000073824,35942856,35943405,549,2,220022,570434050,31.377827643083833,18482,False,2000073824,96,False,917790839,119
221967,2000073234,35961338,35961887,549,2,200020,536879106,31.39396228220376,6001,False,2000073234,18,False,917639799,119
222043,2000073662,35967339,35967918,579,2,200020,536879106,31.399201107512635,1194,True,65537,0,False,3573547008,28
222455,2000076171,35968533,35969112,579,2,200020,536879106,31.400243460023685,591,True,65537,0,False,3003121664,31
222456,2000076177,35969124,35969698,574,2,200020,536879106,31.400759398326894,586,True,2077440,0,False,201392128,0
222115,2000074002,35969710,35970311,601,2,260020,536880642,31.401270971669838,1101,True,0,0,False,2030043136,1
224337,2000082133,35970811,35971360,549,2,200020,536879106,31.402232135919974,4758,False,2000082133,213,False,919917943,119
221375,2000071134,35975569,35976160,591,2,200020,536879106,31.406385832107215,2917,False,11337985,0,True,0,0
221474,2000071364,35978486,35979033,547,2,200020,536879106,31.408932349925244,7042,False,2865002294,54,False,578238122,237
222282,2000075311,35985528,35986107,579,2,200020,536879106,31.415079959961094,1651,True,65537,0,False,3003121664,31
222060,2000073799,35987179,35987738,559,2,200020,536879106,31.41652126984027,1015,True,1900,0,False,1812070400,99
224341,2000082139,35988194,35988743,549,2,200020,536879106,31.417407356773868,1737,False,2000082139,219,False,919919479,119
222068,2000073817,35989931,35990480,549,2,1f001f,520101634,31.41892374396959,2680,False,2000073817,89,False,917789047,119
222066,2000073814,35992611,35993177,566,2,1f001f,520101634,31.421263362671105,1645,False,16712191,0,False,65536,108
222412,2000076072,35994256,35994805,549,2,1e001e,503324162,31.422699434597966,4104,False,2000076072,40,False,918366327,119
222447,2000076162,35998360,35998958,598,2,1e001e,503324162,31.426282193982676,610,False,50333952,1,True,4915459,0
222448,2000076163,35998970,35999549,579,2,1e001e,503324162,31.42681471913489,4392,True,65537,0,False,3003121664,31
222149,2000074328,36003362,36003941,579,2,1e001e,503324162,31.4306489002308,4990,True,65537,0,False,1828716544,7
222688,2000076779,36008352,36008931,579,2,1e001e,503324162,31.435005130574297,591,True,65537,0,False,1828716544,7
222690,2000076781,36008943,36009522,579,2,1e001e,503324162,31.435521068877502,3919,True,65537,0,False,1828716544,7
222721,2000076855,36012862,36013441,579,2,1e001e,503324162,31.438942324732437,34000,True,65537,0,False,1828716544,7
222961,2000077512,36046862,36047441,579,2,1e001e,503324162,31.468624054527783,4799,True,65537,0,False,3573547008,28
223084,2000077899,36051661,36052205,544,2,1e001e,503324162,31.47281354338919,1117,False,611792580,245,True,193828,2
222154,2000074337,36052778,36053357,579,2,1e001e,503324162,31.47378867551217,1182,True,65537,0,False,587202560,123
223391,2000078879,36053960,36054573,613,2,1e001e,503324162,31.474820552118587,625,True,0,0,False,2013265920,1
223393,2000078881,36054585,36055159,574,2,1e001e,503324162,31.47536617215159,2295,True,2079488,0,False,268500992,0
223561,2000079302,36056880,36057459,579,2,1e001e,503324162,31.477369688912777,6930,True,65537,0,False,2432696320,7
222061,2000073801,36063810,36064396,586,2,1e001e,503324162,31.483419523838705,598,True,131073,0,False,1124073472,129
222116,2000074006,36064408,36064987,579,2,1e001e,503324162,31.483941573086284,10581,True,65537,0,False,2885681152,7
224334,2000082130,36074989,36075555,566,2,1e001e,503324162,31.493178701997003,3356,False,16712191,0,False,65536,108
224400,2000082314,36078345,36078919,574,2,1e001e,503324162,31.496108463326216,2354,True,2079744,0,False,151060480,0
224433,2000082400,36080699,36081288,589,2,1e001e,503324162,31.498163486618513,601,True,220160,0,False,16842752,82
221345,2000070812,36081300,36081908,608,2,1e001e,503324162,31.498688154842252,2551,True,0,0,False,2717908992,92
224465,2000082462,36083851,36084423,572,2,1e001e,503324162,31.500915157568954,30199,True,1,0,False,4278190080,1
223672,2000079517,36114050,36114599,549,2,1c001c,469769218,31.527278644571588,3806,False,2000079517,157,False,919248247,119
223664,2000079505,36117856,36118405,549,2,1c001c,469769218,31.53060125232456,1720,False,2000079505,145,False,919245175,119
223671,2000079515,36119576,36120125,549,2,1c001c,469769218,31.53210279865538,30651,False,2000079515,155,False,919247735,119
222720,2000076854,36150227,36150806,579,2,190019,419436802,31.558860878065882,10559,True,65537,0,False,1828716544,7
222011,2000073479,36160786,36161365,579,2,190018,402659586,31.56807880115144,1280002,True,65537,0,False,1493172224,7
224163,2000081462,37440788,37441364,576,2,650065,1694524674,32.68551037472485,464773,False,1644173057,24,True,6242,1
224466,2000082463,37905561,37906144,583,2,5d005d,1560304898,33.091253510082794,68967,False,1348733186,0,False,33488976,0
224336,2000082132,37974528,37975116,588,2,5b005b,1526749954,33.15146115298854,218158,False,4278210660,2,True,767,0
222513,2000076377,38192686,38193269,583,2,5a005a,1509972482,33.341911353244186,32999,False,1593835520,108,True,27743,1
224339,2000082135,38225685,38226273,588,2,590059,1493195010,33.37071921799467,60854,False,4278210660,2,True,767,0
222818,2000077171,38286539,38287071,532,2,580058,1476417538,33.423844276376016,265036,False,5767203,90,False,23040,255
224380,2000082259,38551575,38552114,539,2,550055,1426085122,33.65521859808302,2566,False,1342308354,0,True,5242960,35
224517,2000082594,38554141,38554712,571,2,550055,1426085122,33.657458695690515,7648,False,268500992,0,False,33488912,255
222537,2000076418,38561789,38562328,539,2,460046,1174423042,33.664135338910356,551,False,1426194435,0,True,5570645,10
224503,2000082559,38562340,38562940,600,2,550055,1426085122,33.66461635753145,42782,False,252513805,5,False,1369572623,0
224159,2000081444,38605122,38605710,588,2,000000,2,33.70196470353452,63509,False,4278210660,2,True,767,0
221197,2000070483,38668631,38669205,574,2,540054,1409307650,33.75740755581605,14082,False,4278210404,0,True,255,0
224310,2000082048,38682713,38683277,564,2,530053,1392530178,33.76970102990364,63184,False,16777471,0,False,124518401,0
224323,2000082085,38745897,38746466,569,2,520052,1375752706,33.82486015976802,10667,False,4278195201,1,False,16712191,0
222881,2000077272,38756564,38757103,539,2,520052,1375752706,33.834172365995286,13437,False,1375862786,0,True,5374034,20
223918,2000080412,38770001,38770577,576,2,460046,1174423042,33.845902760208816,24387,False,318771713,31,True,7955,1
224098,2000081272,38794388,38794957,569,2,520052,1375752706,33.867192417400545,10262,False,4278196993,1,True,262655,0
222524,2000076401,38804650,38805226,576,2,520052,1375752706,33.87615106184642,12924,False,671088640,31,True,7976,1
224342,2000082142,38817574,38818162,588,2,520052,1375752706,33.88743361113686,104266,False,4278210660,2,True,767,0
224345,2000082148,38921840,38922416,576,2,500050,1342197762,33.97845700051454,1386,False,3305111552,109,True,28101,1
222529,2000076406,38923226,38923790,564,2,500050,1342197762,33.979666967499725,6462,False,16777471,0,False,124518401,0
225043,2000083792,38929688,38930227,539,2,500050,1342197762,33.985308242144946,15819,False,1342308354,0,True,5242960,30
222885,2000077279,38945507,38946046,539,2,500050,1342197762,33.99911810342825,14942,True,65538,0,True,0,0
222453,2000076169,38960449,38961012,563,2,500050,1342197762,34.01216235068126,1156,False,65536,108,True,486400,0
222451,2000076167,38961605,38962180,575,2,500050,1342197762,34.013171529494294,16012,False,81854464,0,False,16777220,100
222526,2000076403,38977617,38978187,570,2,500050,1342197762,34.027149878243804,8849,False,4849920,255,False,4278320896,0
225126,2000084061,38986466,38987005,539,2,500050,1342197762,34.034874984919064,12553,True,65536,0,False,4915200,75
222223,2000074871,38999019,38999646,627,2,000000,2,34.04583365415792,5964,True,0,0,False,1409286144,4
223563,2000079313,39004983,39005571,588,2,500050,1342197762,34.051040178760836,43461,False,33554436,0,False,50397186,90
222521,2000076398,39048444,39048978,534,2,4f004f,1325420290,34.08898128636776,22089,False,655430,79,False,3372240640,255
222528,2000076405,39070533,39071072,539,2,4d004d,1291865346,34.108264807822145,38470,False,1308753922,0,True,5111886,20
222873,2000077261,39109003,39109537,534,2,4d004d,1291865346,34.14184881209352,7354,False,1769549,77,False,4211100928,255
222525,2000076402,39116357,39116896,539,2,4d004d,1291865346,34.14826879564984,28832,False,1291976706,0,True,5046349,7
222734,2000076891,39145189,39145723,534,2,000000,2,34.173438902516295,27062,False,1638476,76,False,1694518272,0
222865,2000077250,39172251,39172790,539,2,4b004b,1258310402,34.19706381344928,8449,False,1258422274,0,True,4915275,20
222880,2000077270,39180700,39181239,539,2,4b004b,1258310402,34.20443972330342,4536,False,1258422274,0,True,4915275,37
222886,2000077282,39185236,39185787,551,2,4b004b,1258310402,34.20839961525494,24729,False,3252813827,54,False,3799463617,193
224507,2000082565,39209965,39210535,570,2,4b004b,1258310402,34.229987835728735,6111,False,6553856,255,False,4278320896,0
222454,2000076170,39216076,39216654,578,2,4b004b,1258310402,34.23532269016342,1619,True,511,0,False,81854464,0
222452,2000076168,39217695,39218258,563,2,4b004b,1258310402,34.23673606429691,35363,False,65536,108,True,486400,0
222522,2000076399,39253058,39253597,539,2,4b004b,1258310402,34.26760768226023,31540,False,1258422274,0,True,4915275,25
222740,2000076900,39284598,39285137,539,2,000000,2,34.29514185160567,14083,False,1241645059,0,True,4849738,15
222530,2000076407,39298681,39299220,539,2,4a004a,1241532930,34.30743619868531,3802,False,1241645058,0,True,4849738,24
222532,2000076409,39302483,39303059,576,2,4a004a,1241532930,34.31075531447007,5465,False,1979720705,24,True,6262,1
222887,2000077283,39307948,39308482,534,2,4a004a,1241532930,34.31552621603864,19440,False,655434,74,False,3204467200,255
222531,2000076408,39327388,39327922,534,2,490049,1224755458,34.33249718154516,4448,False,655433,73,False,3372239104,255
222544,2000076426,39331836,39332370,534,2,490049,1224755458,34.33638025019603,12566,False,1507401,73,False,1677740288,0
222736,2000076894,39344402,39344941,539,2,000000,2,34.34735026833157,13426,False,1224867842,0,True,4784201,10
224480,2000082492,39357828,39358379,551,2,000000,2,34.35907105963252,2960,False,3594256387,54,False,1014445782,214
222816,2000077164,39360788,39361327,539,2,480048,1207977986,34.361655116108814,15854,False,1208090626,0,True,4718664,19
222460,2000076218,39376642,39377176,534,2,000000,2,34.37549553211397,4099,False,72,72,False,3372238848,255
222542,2000076424,39380741,39381275,534,2,470047,1191200514,34.37907392653842,9567,True,0,0,False,1191182336,0
222553,2000076435,39390308,39390847,539,2,470047,1191200514,34.38742584150759,20607,False,1191313410,0,True,4653127,10
224013,2000080886,39410915,39411461,546,2,460046,1174423042,34.40541558873973,17638,False,919598711,119,False,666203958,3
222539,2000076420,39428553,39429092,539,2,460046,1174423042,34.420813422567086,2492,False,251789315,0,True,983055,10
222533,2000076410,39431045,39431621,576,2,460046,1174423042,34.42298891876268,3476,False,2986345217,109,True,28082,1
222546,2000076428,39434521,39435055,534,2,460046,1174423042,34.42602343913823,3103,True,4587540,20,False,1174410240,0
222527,2000076404,39437624,39438200,576,2,460046,1174423042,34.428732333478074,31750,False,2013273601,24,True,6264,1
224326,2000082098,39469374,39469944,570,2,460046,1174423042,34.45644983115461,13479,False,6553856,255,False,4278320896,0
222872,2000077260,39482853,39483392,539,2,460046,1174423042,34.46821689103435,47342,False,1006764033,0,True,3604540,15
225042,2000083781,39530195,39530764,569,2,460046,1174423042,34.50954608079821,1169,False,4278190849,1,False,16712191,0
224488,2000082508,39531364,39531903,539,2,460046,1174423042,34.510566608507936,5992,False,1157758978,0,True,4522053,0
222554,2000076436,39537356,39537895,539,2,450045,1157645570,34.51579757688834,551,False,1157758979,0,True,4522053,29
222523,2000076400,39537907,39538488,581,2,450045,1157645570,34.516278595509434,17084,False,4278210404,1,True,511,0
225041,2000083780,39554991,39555547,556,2,450045,1157645570,34.53119279173954,2232,False,285212672,111,False,225041,68
224170,2000081479,39557223,39557792,569,2,410041,1090535682,34.5331413100014,3764,False,4278213633,1,False,16712191,0
222862,2000077245,39560987,39561526,539,2,440044,1140868098,34.53642725208815,1772,False,1090650114,0,True,4259905,20
223746,2000079752,39562759,39563298,539,2,000000,2,34.53797419400572,12080,True,131074,0,True,0,0
222863,2000077246,39574839,39575371,532,2,440044,1140868098,34.548519938003594,2869,False,4456476,211,False,16765696,255
222541,2000076422,39577708,39578242,534,2,440044,1140868098,34.55102455220309,12426,False,68,68,False,4194321408,255
222534,2000076411,39590134,39590673,539,2,440044,1140868098,34.561872351451235,10068,False,1057095682,0,True,4128831,10
222876,2000077265,39600202,39600736,534,2,440044,1140868098,34.57066163543887,9093,True,4456516,20,False,1140855808,0
222545,2000076427,39609295,39609834,539,2,430043,1124090626,34.578599752175016,4865,True,131074,0,True,0,0
222550,2000076432,39614160,39614699,539,2,430043,1124090626,34.58284685851191,13501,False,838991875,0,True,3276850,10
222556,2000076438,39627661,39628200,539,2,420042,1107313154,34.59463312421682,2729,False,1107427330,0,True,4325442,33
222549,2000076431,39630390,39630924,534,2,420042,1107313154,34.59701551952892,2782,False,655426,66,False,3372237312,255
222555,2000076437,39633172,39633706,534,2,420042,1107313154,34.59944418341982,29827,False,1179714,66,False,3204465152,255
222543,2000076425,39662999,39663538,539,2,410041,1090535682,34.62548291737881,5505,False,1006764035,0,True,3932220,10
222864,2000077247,39668504,39669043,539,2,410041,1090535682,34.630288738629496,5263,True,65536,0,False,4259840,65
222557,2000076439,39673767,39674306,539,2,410041,1090535682,34.634883295803405,1543,True,65536,0,False,4259840,65
222875,2000077264,39675310,39675844,534,2,410041,1090535682,34.63623032254088,49370,False,983105,65,False,4211097856,255
222627,2000076617,39724680,39725219,539,2,000000,2,34.67932994018783,15260,False,1006764034,0,True,3932220,10
222624,2000076612,39739940,39740479,539,2,000000,2,34.692651798913616,5129,False,1073872899,0,True,4194368,10
222520,2000076397,39745069,39745608,539,2,400040,1073758210,34.69712937515245,5104,False,1073872898,0,True,4194368,10
222551,2000076433,39750173,39750707,534,2,400040,1073758210,34.701585126589954,8895,False,0,64,False,3540008960,255
222552,2000076434,39759068,39759602,534,2,3f003f,1056980738,34.70935039089965,4476,True,131092,63,False,1593851648,0
222738,2000076898,39763544,39764078,534,2,000000,2,34.71325790332801,5115,True,3932220,5,False,1056965888,0
222517,2000076390,39768659,39769254,595,2,000000,2,34.717723257678095,4094,False,33554436,0,False,50397186,100
223820,2000080044,39772753,39773292,539,2,000000,2,34.72129728714228,10948,False,1057095682,0,True,4128831,0
222815,2000077162,39783701,39784270,569,2,3e003e,1040203266,34.73085480413637,5167,False,4278199297,1,False,16712191,0
222620,2000076607,39788868,39789407,539,2,000000,2,34.73536555407322,4464,False,1040318466,0,True,4063294,10
222670,2000076721,39793332,39793895,563,2,000000,2,34.73926259059693,5114,False,65536,108,True,486400,0
222628,2000076618,39798446,39798985,539,2,000000,2,34.74372707195497,3807,False,1040318466,0,True,4063294,6
222558,2000076441,39802253,39802787,534,2,3d003d,1023425794,34.747050552699996,26151,True,655420,61,False,4211096832,255
222547,2000076429,39828404,39828943,539,2,3c003c,1006648322,34.76988016787288,7480,False,922877954,0,True,3604535,11
222548,2000076430,39835884,39836418,534,2,3c003c,1006648322,34.77641014842786,1538,True,60,60,False,4211096576,255
222817,2000077167,39837422,39837980,558,2,3c003c,1006648322,34.777752810205065,8331,True,7,0,False,1717633024,3
224436,2000082406,39845753,39846292,539,2,3c003c,1006648322,34.78502570699698,17597,False,1006764034,0,True,3932220,10
222461,2000076220,39863350,39863889,539,2,000000,2,34.80038774815017,551,True,131075,0,True,0,0
224160,2000081445,39863901,39864435,534,2,000000,2,34.80086876677127,3297,True,983100,60,False,4211096576,255
222890,2000077286,39867198,39867737,539,2,3c003c,1006648322,34.803747021569365,6870,True,65538,0,True,3276800,40
224521,2000082602,39874068,39874602,534,2,3c003c,1006648322,34.80974447697213,6481,True,655420,60,False,3540007936,255
223813,2000080018,39880549,39881105,556,2,3c003c,1006648322,34.81540233846635,36628,False,1157627904,106,False,223813,146
222883,2000077276,39917177,39917716,539,2,3c003c,1006648322,34.847378291376465,14403,True,65538,0,True,3932160,60
222739,2000076899,39931580,39932119,539,2,000000,2,34.859951995913,9022,False,973209603,0,True,3801146,10
222540,2000076421,39940602,39941141,539,2,3a003a,973093378,34.867828130213404,3228,True,65539,0,True,0,0
222866,2000077251,39943830,39944369,539,2,3a003a,973093378,34.87064614855985,4742,False,1057095682,0,True,4128831,25
222892,2000077288,39948572,39949106,534,2,3a003a,973093378,34.87478587687425,30732,True,655418,58,False,4211096064,255
222879,2000077269,39979304,39979843,539,2,370037,922760962,34.901614668641024,1541,False,838991873,0,True,3276850,10
222626,2000076615,39980845,39981379,534,2,000000,2,34.90295994939439,5330,True,3604535,5,False,922748160,0
222867,2000077252,39986175,39986726,551,2,370037,922760962,34.90761299703584,2676,False,3250847747,54,False,3296147137,193
222869,2000077255,39988851,39989414,563,2,370037,922760962,34.909949123769145,34284,False,65536,108,True,486400,0
222737,2000076897,40023135,40023669,534,2,000000,2,34.939878783307485,8101,True,53,53,False,3707778304,255
222622,2000076609,40031236,40031775,539,2,000000,2,34.94695089192725,24823,False,872546306,0,True,3407924,26
222284,2000075360,40056059,40056593,534,2,000000,2,34.96862117365401,13128,True,50,50,False,4211094016,255
222729,2000076886,40069187,40069726,539,2,000000,2,34.980081813323224,8846,False,822214658,0,True,3211313,0
223099,2000077966,40078033,40078611,578,2,23002d,754983682,34.98780430102232,7829,False,453115904,1,False,346226971,0
222732,2000076889,40085862,40086401,539,2,000000,2,34.99463895580373,13688,False,788660226,0,True,3080239,0
222285,2000075362,40099550,40100089,539,2,000000,2,35.00658847102252,125680,True,65538,0,True,2621440,40
224473,2000082476,40225230,40225769,539,2,000000,2,35.116306112218936,2780,True,65539,0,True,0,0
224481,2000082496,40228010,40228586,576,2,000000,2,35.11873303012573,1287846,False,3472883712,29,True,7631,1
222602,2000076537,41515856,41516452,596,2,320032,838873602,36.243012353361344,608,True,1543680,0,False,16842752,238
222597,2000076529,41516464,41517011,547,2,320032,838873602,36.243543132529446,13462,False,3203495734,54,False,662124222,113
222600,2000076534,41529926,41530480,554,2,320032,838873602,36.2552953515443,570111,False,56985600,0,False,3203792899,54
225280,2000084400,42100037,42100574,537,2,000000,2,36.75299772376052,549,True,2,0,False,0,75
225279,2000084399,42100586,42101123,537,2,000000,2,36.75347699639751,108279,False,1174423042,0,False,70,75
225276,2000084394,42208865,42209392,527,2,000000,2,36.84800370288309,1115,False,4294902015,0,False,255,255
225282,2000084405,42209980,42210512,532,2,000000,2,36.848977089021965,27754,False,4587530,84,False,21504,255
224887,2000083380,42237734,42238280,546,2,430043,1124090626,36.87320611045549,14969,False,920237175,119,False,645887798,1
223045,2000077784,42252703,42253235,532,2,000000,2,36.88627392849392,12086,True,4259840,0,False,0,255
222095,2000073912,42264789,42265328,539,2,460046,1174423042,36.89682491044411,1102,True,131074,0,True,0,0
222265,2000075177,42265891,42266430,539,2,000000,2,36.8977869476863,43825,False,1174536195,0,True,4587590,0
223259,2000078417,42309716,42310255,539,2,000000,2,36.936045824400445,7333,False,838991874,0,True,3276850,0
225179,2000084247,42317049,42317588,539,2,3c003c,1006648322,36.94244747512366,24011,True,131074,0,True,0,0
222264,2000075176,42341060,42341587,527,2,3c003c,1006648322,36.96340888730354,27832,False,4294902015,0,False,255,255
224891,2000083386,42368892,42369432,540,2,000000,2,36.98770600211718,6067,False,33554995,0,True,2,0
223801,2000079941,42374959,42375528,569,2,000000,2,36.99300244490154,6909,False,4278190593,1,False,16712191,0
225034,2000083770,42381868,42382405,537,2,000000,2,36.999033946994366,30896,True,2,0,True,0,55
224155,2000081431,42412764,42413315,551,2,000000,2,37.0260059094578,1749,False,3524722691,54,False,393688786,210
224858,2000083328,42414513,42415052,539,2,000000,2,37.02753277255816,697060,False,671219714,0,True,2621480,0
221126,2000070184,43111573,43112156,583,2,4a004a,1241532930,37.63606061288582,211040,False,2097152000,67,True,17277,1
225005,2000083657,43322613,43323140,527,2,3c003c,1006648322,37.82029685570961,84561,False,4294902015,0,False,255,255
223945,2000080607,43407174,43407701,527,2,370037,922760962,37.894117936686776,126156,False,4294902015,0,False,255,255
224674,2000082951,43533330,43533864,534,2,000000,2,38.004251122100335,58857,True,65541,50,False,3540005376,255
224680,2000082957,43592187,43592714,527,2,000000,2,38.05563281535223,18386,False,4294901760,0,False,255,255
224677,2000082954,43610573,43611100,527,2,000000,2,38.07168364723509,2029,False,285211136,0,True,16,0
224676,2000082953,43612602,43613136,534,2,000000,2,38.073454948110225,1551,True,983098,50,False,1291858432,0
224675,2000082952,43614153,43614687,534,2,000000,2,38.074808958784125,225030,True,50,50,False,1409298944,0
220992,2000069640,43839183,43839747,564,2,280028,671098882,38.27125836042664,123287,False,16777471,0,False,124518401,0
224679,2000082956,43962470,43962997,527,2,000000,2,38.37888693164071,105050,False,4294902015,0,False,255,255
223961,2000080679,44067520,44068054,534,2,1e001e,503324162,38.47059474678778,23084,True,32,32,False,1040195584,0
220831,2000068947,44090604,44091131,527,2,1e001e,503324162,38.490746895334716,127858,False,4294902015,0,False,255,255
221323,2000070768,44218462,44218989,527,2,000000,2,38.602365913222144,4227,False,838860800,0,True,50,0
223318,2000078663,44222689,44223223,534,2,000000,2,38.60605605062935,546,True,0,0,False,3204448256,255
223315,2000078641,44223235,44223811,576,2,000000,2,38.60653270429018,2064,False,1828716544,4,True,1133,1
222997,2000077634,44225299,44225833,534,2,000000,2,38.60833455988717,1471,True,0,0,True,0,0
222966,2000077538,44226770,44227304,534,2,000000,2,38.609618731196846,68962,True,0,0,True,0,0
222757,2000076960,44295732,44296273,541,2,120012,301994498,38.66982200914232,2079,True,137095,2,True,1180160,18
222756,2000076959,44297811,44298352,541,2,120012,301994498,38.6716369596201,553,True,222760,2,True,1180160,18
222760,2000076964,44298364,44298905,541,2,120012,301994498,38.672119724225304,982,True,137089,2,True,1180160,18
222755,2000076956,44299346,44299887,541,2,120012,301994498,38.672977002421156,1106,True,216673,2,True,1180160,18
222758,2000076961,44300452,44300993,541,2,120012,301994498,38.67394253163155,676518,True,216665,2,True,1180160,18
223936,2000080555,44976970,44977497,527,2,3c003c,1006648322,39.26453736921051,63430,False,4294901760,0,False,255,255
224685,2000082963,45040400,45040934,534,2,410041,1090535682,39.319911255119884,134778,True,5242960,0,False,1258291200,0
224204,2000081693,45175178,45175705,527,2,2d002d,754986242,39.43757137801272,3960,False,4294901760,0,False,255,255
224144,2000081404,45179138,45179665,527,2,2d002d,754986242,39.44102842654183,23494,False,4294901760,0,False,255,255
224686,2000082964,45202632,45203166,534,2,2d002d,754986242,39.461538501830404,546,True,327725,63,False,4177542912,255
223683,2000079546,45203178,45203705,527,2,2d002d,754986242,39.46201515549123,8127,False,4294902015,0,False,255,255
223995,2000080852,45211305,45211832,527,2,280028,671098882,39.46910996190437,10487,False,4294901760,0,False,255,255
224419,2000082362,45221792,45222319,527,2,280028,671098882,39.47826502956213,6255,False,4294902015,0,False,255,255
224688,2000082966,45228047,45228581,534,2,280028,671098882,39.48372559485242,3669,True,0,0,False,1006632960,0
224140,2000081398,45231716,45232243,527,2,280028,671098882,39.486928602694164,539,False,4294902015,0,False,33554687,1
221734,2000072288,45232255,45232789,534,2,280028,671098882,39.48739914541062,13201,True,3932160,0,False,1006632960,0
224205,2000081694,45245456,45245983,527,2,280028,671098882,39.49892351349969,16220,True,0,0,True,0,0
222390,2000076019,45261676,45262203,527,2,14000a,167777282,39.51308344459617,4776,False,4294901760,0,False,255,255
224406,2000082327,45266452,45266979,527,2,280028,671098882,39.51725285464036,7414,False,4294902015,0,False,255,255
223996,2000080853,45273866,45274393,527,2,280028,671098882,39.52372521771985,6661,False,4294901760,0,False,255,255
224136,2000081393,45280527,45281098,571,2,280028,671098882,39.529540217783584,583,False,1241579520,0,False,33488970,255
223685,2000079553,45281110,45281637,527,2,280028,671098882,39.53004917215036,1654,False,4294902015,0,False,255,255
224284,2000081995,45282764,45283291,527,2,280028,671098882,39.53149310100571,2043,False,4294902015,0,False,255,255
224828,2000083234,45284807,45285410,603,2,230032,838869762,39.53327662376958,2735,False,10486273,0,True,0,0
224799,2000083173,45287542,45288088,546,2,3a003a,973093378,39.535664257034,2901,False,920184183,119,False,356677430,2
224219,2000081811,45290443,45290970,527,2,230023,587211522,39.53819680697919,6090,False,4294902015,0,False,255,255
224210,2000081700,45296533,45297060,527,2,230023,587211522,39.543513328580765,14242,False,4294902015,0,False,255,255
224690,2000082968,45310775,45311309,534,2,280028,671098882,39.5559464813968,1092,True,196638,55,False,3372234496,255
223729,2000079650,45311867,45312394,527,2,230023,587211522,39.55689978871846,1767,False,4294902015,0,False,255,255
224139,2000081396,45313634,45314161,527,2,230023,587211522,39.558442365675766,539,False,4294902015,0,False,255,255
224142,2000081400,45314173,45314700,527,2,230023,587211522,39.55891290839223,3049,False,335544320,0,True,20,0
224407,2000082330,45317222,45317749,527,2,230023,587211522,39.56157466116123,7646,False,4294901760,0,False,255,255
224681,2000082959,45324868,45325395,527,2,230023,587211522,39.568249558396964,1420,False,4294902015,0,False,255,255
223594,2000079373,45326288,45326822,534,2,230023,587211522,39.56948920711195,1012,True,589869,55,False,3540006656,255
223633,2000079446,45327300,45327827,527,2,230023,587211522,39.570372675069386,6412,False,4294901760,0,False,255,255
224408,2000082331,45333712,45334239,527,2,230023,587211522,39.57597030011197,3366,False,4294902015,0,False,255,255
223935,2000080553,45337078,45337605,527,2,230023,587211522,39.57890879136171,1551,False,4294902015,0,False,255,255
223766,2000079820,45338629,45339156,527,2,230023,587211522,39.58026280203561,2052,False,4294902015,0,False,255,255
224220,2000081813,45340681,45341208,527,2,230023,587211522,39.58205418172796,1085,False,4294902015,0,False,255,255
224286,2000081997,45341766,45342293,527,2,1e001e,503324162,39.58300137810525,13930,False,4294902015,0,False,255,255
224221,2000081815,45355696,45356235,539,2,1e001e,503324162,39.595162157400814,1090,False,503447554,0,True,1966110,3
224199,2000081688,45356786,45357313,527,2,1e001e,503324162,39.59611371873837,539,False,4294902015,0,False,255,255
223588,2000079358,45357325,45357852,527,2,1e001e,503324162,39.59658426145484,14128,False,4294902015,0,False,255,255
223370,2000078836,45371453,45371987,534,2,1e001e,503324162,39.60891789317685,4214,True,458792,50,False,4211094016,255
223991,2000080848,45375667,45376194,527,2,1e001e,503324162,39.612596681687364,2398,False,4294902015,0,False,255,255
224682,2000082960,45378065,45378592,527,2,1e001e,503324162,39.614690116629994,2549,False,4294902015,0,False,255,255
224409,2000082335,45380614,45381141,527,2,1e001e,503324162,39.61691537337259,2881,False,167792640,0,True,10,0
224145,2000081406,45383495,45384022,527,2,1e001e,503324162,39.61943046347672,3012,True,0,3,True,768,0
224687,2000082965,45386507,45387041,534,2,1e001e,503324162,39.622059915539765,1471,True,131107,50,False,4211094016,255
224222,2000081818,45387978,45388505,527,2,1e001e,503324162,39.623344086849436,539,False,4294902015,0,False,255,255
224223,2000081819,45388517,45389044,527,2,1e001e,503324162,39.6238146295659,539,False,4294902015,0,False,255,255
224224,2000081822,45389056,45389583,527,2,1e001e,503324162,39.62428517228236,10610,False,4294902015,0,False,255,255
223419,2000078921,45399666,45400193,527,2,1e001e,503324162,39.63354761796262,3567,False,4294902015,0,False,255,255
223809,2000079979,45403233,45403760,527,2,1e001e,503324162,39.63666158061497,2964,False,4294902015,0,False,255,255
223420,2000078922,45406197,45406724,527,2,1e001e,503324162,39.63924912905948,1631,False,4294902015,0,False,255,255
224202,2000081691,45407828,45408355,527,2,190019,419436802,39.6406729790976,2446,False,4294902015,0,False,255,255
223612,2000079404,45410274,45410801,527,2,190019,419436802,39.64280831765876,539,False,4294902015,0,False,255,255
224211,2000081701,45410813,45411340,527,2,1e001e,503324162,39.643278860375226,539,False,4294902015,0,False,255,255
224225,2000081825,45411352,45411879,527,2,1e001e,503324162,39.64374940309168,1078,False,4294902015,0,False,255,255
223730,2000079652,45412430,45412957,527,2,190019,419436802,39.64469048852461,2636,False,4294901760,0,False,255,255
224201,2000081690,45415066,45415593,527,2,190019,419436802,39.6469916955758,539,False,4294902015,0,False,255,255
223615,2000079409,45415605,45416168,563,2,190019,419436802,39.647462238292256,1138,False,65536,108,True,486400,0
224203,2000081692,45416743,45417270,527,2,190019,419436802,39.64845570324835,2244,False,4294902015,0,False,255,255
223811,2000079983,45418987,45419531,544,2,190019,419436802,39.650414697414845,1132,False,2071410380,20,True,136315,2
223422,2000078924,45420119,45420646,527,2,190019,419436802,39.65140292441862,539,False,4294902015,0,False,255,255
223728,2000079649,45420658,45421185,527,2,190019,419436802,39.651873467135076,539,False,4294902015,0,False,255,255
224147,2000081410,45421197,45421736,539,2,190019,419436802,39.65234400985154,980,False,419561474,0,True,1638425,2
224209,2000081699,45422177,45422704,527,2,190019,419436802,39.65319954206329,1078,False,4294902015,0,False,255,255
223717,2000079622,45423255,45423782,527,2,190019,419436802,39.65414062749621,13208,False,771751936,0,True,46,0
224262,2000081931,45436463,45437027,564,2,190019,419436802,39.66567110652965,1944,False,16777471,0,False,124518401,0
224148,2000081412,45438407,45438934,527,2,190019,419436802,39.6673682030803,539,False,301924607,0,False,17,255
224214,2000081720,45438946,45439510,564,2,190019,419436802,39.667838745796764,4141,False,16777471,0,False,124518401,0
224683,2000082961,45443087,45443614,527,2,190019,419436802,39.671453805887424,2603,False,4294901760,0,False,255,255
224689,2000082967,45445690,45446224,534,2,190019,419436802,39.67372620420087,546,True,131097,45,False,3372231936,255
223423,2000078925,45446236,45446763,527,2,190019,419436802,39.6742028578617,968,False,4294902015,0,False,255,255
223993,2000080850,45447204,45447731,527,2,190019,419436802,39.67504791416882,1151,False,4294901760,0,False,255,255
223424,2000078926,45448355,45448882,527,2,190019,419436802,39.676052728021595,539,False,4294902015,0,False,255,255
223425,2000078927,45448894,45449421,527,2,190019,419436802,39.67652327073806,4789,False,4294902015,0,False,255,255
223426,2000078928,45453683,45454210,527,2,190019,419436802,39.680704029678935,1085,False,4294902015,0,False,255,255
224198,2000081687,45454768,45455295,527,2,140014,335549442,39.68165122605623,1085,False,4294902015,0,False,255,255
224200,2000081689,45455853,45456380,527,2,140014,335549442,39.68259842243352,3792,False,4294902015,0,False,255,255
223427,2000078929,45459645,45460172,527,2,140014,335549442,39.685908808297754,539,False,4294902015,0,False,255,255
223428,2000078930,45460184,45460711,527,2,140014,335549442,39.68637935101422,539,False,4294902015,0,False,255,255
223430,2000078932,45460723,45461250,527,2,140014,335549442,39.68684989373068,2142,False,4294901760,0,False,255,255
223688,2000079564,45462865,45463392,527,2,140014,335549442,39.68871984270778,539,False,4294902015,0,False,255,255
224149,2000081416,45463404,45463975,571,2,140014,335549442,39.68919038542425,3781,False,1241579520,0,False,33488970,255
223725,2000079645,45467185,45467712,527,2,140014,335549442,39.692491168375895,1122,False,4294902015,0,False,255,255
223723,2000079643,45468307,45468834,527,2,140014,335549442,39.693470665459145,539,False,4294902015,0,False,255,255
223690,2000079566,45468846,45469373,527,2,140014,335549442,39.6939412081756,968,False,4294901760,0,False,255,255
223689,2000079565,45469814,45470341,527,2,140014,335549442,39.694786264482715,10117,False,4294902015,0,False,255,255
224287,2000082000,45479931,45480458,527,2,140014,335549442,39.70361832508094,539,False,4294902015,0,False,255,255
224212,2000081702,45480470,45480997,527,2,140014,335549442,39.7040888677974,539,False,4294902015,0,False,255,255
224197,2000081685,45481009,45481536,527,2,140014,335549442,39.70455941051386,6161,False,4294902015,0,False,255,255
224684,2000082962,45487170,45487697,527,2,140014,335549442,39.70993791455119,539,False,4294902015,0,False,255,255
223634,2000079447,45487709,45488236,527,2,140014,335549442,39.71040845726765,1397,False,4294902015,0,False,255,255
224096,2000081249,45489106,45489633,527,2,140014,335549442,39.71162802716542,2530,False,4294902015,0,False,255,255
223994,2000080851,45491636,45492163,527,2,140014,335549442,39.713836697059016,968,False,4294902015,0,False,255,255
223992,2000080849,45492604,45493131,527,2,140014,335549442,39.71468175336613,1085,False,4294902015,0,False,255,255
223773,2000079834,45493689,45494216,527,2,140014,335549442,39.71562894974342,2891,False,4294902015,0,False,255,255
224288,2000082002,45496580,45497107,527,2,140014,335549442,39.718152769768075,2409,False,4294902015,0,False,255,255
223431,2000078933,45498989,45499516,527,2,140014,335549442,39.720255807623275,539,False,4294902015,0,False,255,255
223731,2000079653,45499528,45500055,527,2,140014,335549442,39.72072635033974,539,False,4294902015,0,False,255,255
223722,2000079642,45500067,45500594,527,2,140014,335549442,39.7211968930562,539,False,4294902015,0,False,255,255
223718,2000079623,45500606,45501133,527,2,140014,335549442,39.721667435772666,2753,False,4294902015,0,False,255,255
223726,2000079646,45503359,45503886,527,2,0f000f,251662082,39.72407078289403,7773,False,4294902015,0,False,255,255
221483,2000071417,45511132,45511689,557,2,0f000f,251662082,39.73085655012048,1581,True,0,43,False,56699648,0
223724,2000079644,45512713,45513240,527,2,0f000f,251662082,39.73223675055596,2843,False,4294902015,0,False,255,255
224150,2000081418,45515556,45516144,588,2,0f000f,251662082,39.73471866696209,2908,False,4278210660,2,True,767,0
223432,2000078934,45518464,45518991,527,2,0f000f,251662082,39.737257327851644,2501,False,4294902015,0,False,255,255
223720,2000079638,45520965,45521492,527,2,0f000f,251662082,39.739440680975704,1973,False,4294902015,0,False,255,255
223721,2000079639,45522938,45523465,527,2,0f000f,251662082,39.74116309429589,539,False,4294902015,0,False,255,255
224207,2000081696,45523477,45524004,527,2,0f000f,251662082,39.74163363701235,539,False,4294902015,0,False,255,255
223719,2000079637,45524016,45524543,527,2,0f000f,251662082,39.74210417972881,539,False,4294902015,0,False,255,255
223727,2000079648,45524555,45525082,527,2,0a000a,167774722,39.742574722445276,3437,False,4294902015,0,False,255,255
224206,2000081695,45527992,45528519,527,2,0a000a,167774722,39.74557519613076,3113,False,4294902015,0,False,255,255
224152,2000081423,45531105,45531632,527,2,0a000a,167774722,39.74829282039114,14305,False,4294902015,0,False,255,255
223433,2000078935,45545410,45545937,527,2,0a000a,167774722,39.7607809717065,2267,False,4294902015,0,False,255,255
224196,2000081684,45547677,45548204,527,2,050005,83887362,39.76276004469021,2324,True,0,0,True,0,0
224208,2000081698,45550001,45550528,527,2,050005,83887362,39.76478887822093,103966,False,4294902015,0,False,255,255
221620,2000071975,45653967,45654513,546,2,000000,2,39.855550369982765,1536342,False,917317495,119,False,137328438,0
221077,2000069893,47190309,47190863,554,2,2b002b,721431298,41.196764726371995,250697,False,56595712,0,False,2768568323,54
225188,2000084258,47441006,47441538,532,2,320032,838873602,41.41562121503383,3269,False,3276815,251,False,16775936,255
225190,2000084260,47444275,47444814,539,2,320032,838873602,41.418475026054445,134154,False,872546306,0,True,3407924,12
223549,2000079262,47578429,47578956,527,2,320032,838873602,41.53559040190633,411417,False,4294902015,0,False,255,255
222515,2000076385,47989846,47990391,545,2,2b002b,721431298,41.89475417329486,250196,False,2000076385,55,False,34092919,0
223131,2000078048,48240042,48240579,537,2,270027,654321410,42.11317329293824,2759,False,452991746,0,True,1310747,40
221160,2000070338,48242801,48243340,539,2,260026,637543938,42.11558187801193,1102,False,620888066,0,True,2424869,12
221159,2000070337,48243903,48244447,544,2,260026,637543938,42.11654391525413,185339,False,1165440678,254,True,130629,1
222963,2000077527,48429242,48429789,547,2,260026,637543938,42.27834338932879,2285,False,3268900662,54,False,762787522,6
222962,2000077513,48431527,48432067,540,2,260026,637543938,42.280338176169444,6524,False,33554957,24,False,402659330,0
224853,2000083301,48438051,48438640,589,2,230023,587211522,42.28603357632194,1676,False,16777295,0,True,131073,0
223687,2000079563,48439727,48440301,574,2,270027,654321410,42.28749671100244,60550,True,6803200,0,False,16842752,0
225225,2000084305,48500277,48500814,537,2,230023,587211522,42.34035637979973,8544,False,486546690,0,True,262173,35
223952,2000080619,48508821,48509375,554,2,270027,654321410,42.34781522389889,25552,False,57331712,0,False,3471507459,54
224143,2000081401,48534373,48534917,544,2,220022,570434050,42.37012191683214,52412,False,2088187601,84,True,218236,2
224524,2000082610,48586785,48587322,537,2,1e001e,503324162,42.41587717630371,21892,False,553656578,0,True,262177,30
225229,2000084309,48608677,48609214,537,2,1e001e,503324162,42.4349887183237,5383,False,587211522,0,True,131107,30
223947,2000080612,48614060,48614599,539,2,1e001e,503324162,42.43968803454395,12392,False,469893122,0,True,1835036,4
222965,2000077536,48626452,48626991,539,2,1e001e,503324162,42.450506152062296,1032,False,302120962,0,True,1179666,3
222969,2000077551,48627484,48628028,544,2,1e001e,503324162,42.451407079860786,2000,False,242693826,8,True,133134,2
222970,2000077553,48629484,48630028,544,2,1e001e,503324162,42.4531530639664,20816,False,158807746,8,True,133129,2
223126,2000078038,48650300,48650881,581,2,1e001e,503324162,42.47132526653757,593,True,6721536,0,False,16842752,0
223128,2000078043,48650893,48651425,532,2,1e001e,503324162,42.471842950824886,544,False,1966082,253,False,16776448,255
223140,2000078061,48651437,48651981,544,2,1e001e,503324162,42.472317858501604,4871,False,2272736964,8,True,133255,2
224579,2000082744,48656308,48656840,532,2,1e001e,503324162,42.47657020279082,9732,False,1966081,65,False,16640,255
223779,2000079878,48666040,48666577,537,2,1e001e,503324162,42.48506616144871,6216,False,385881858,0,True,983063,30
220828,2000068927,48672256,48672795,539,2,210021,553656578,42.49049268004894,551,False,637665283,0,True,2490406,1
220829,2000068928,48672807,48673351,544,2,260026,637543938,42.49097369867003,13113,False,1131886241,57,True,211267,2
221161,2000070339,48685920,48686457,537,2,1e001e,503324162,42.50242124345846,549,False,503324162,0,True,65566,30
221162,2000070340,48686469,48687013,544,2,1e001e,503324162,42.502900516095444,556,False,3950458534,95,True,221163,2
221163,2000070341,48687025,48687564,539,2,1e001e,503324162,42.5033858996768,551,False,503447555,0,True,1966110,1
221164,2000070342,48687576,48688110,534,2,1e001e,503324162,42.503866918297895,546,True,65566,30,False,4244643328,255
221165,2000070343,48688122,48688661,539,2,1e001e,503324162,42.50434357195873,2239,True,65538,0,True,0,0
224006,2000080867,48690361,48690898,537,2,1e001e,503324162,42.50629820116495,6481,False,301994498,0,True,589842,30
224000,2000080857,48696842,48697369,527,2,1e001e,503324162,42.51195606265918,3294,False,4294902015,0,False,255,255
222457,2000076211,48700136,48700680,544,2,1e001e,503324162,42.51483169848112,5090,False,3984012989,12,True,134381,2
222458,2000076214,48705226,48705765,539,2,1e001e,503324162,42.51927522802989,551,False,503447555,0,True,1966110,4
222459,2000076216,48705777,48706321,544,2,1e001e,503324162,42.519756246650985,1137,False,494352061,13,True,134429,2
222462,2000076229,48706914,48707458,544,2,1e001e,503324162,42.52074883861503,18046,False,729233085,13,True,134443,2
223960,2000080678,48724960,48725505,545,2,1b001b,452991746,42.53650285319993,5582,False,2000080678,229,False,55305591,0
222499,2000076356,48730542,48731074,532,2,1b001b,452991746,42.54137589483868,4892,False,1638404,253,False,16776448,255
224410,2000082342,48735434,48735978,544,2,190019,419436802,42.545646571961,2682,False,1853306581,6,True,132718,2
224696,2000082980,48738116,48738696,580,2,190019,419436802,42.54798793664662,592,True,0,63,True,81664,0
225144,2000084102,48738708,48739240,532,2,190019,419436802,42.54850474794188,544,False,1638404,253,False,16776448,255
221717,2000072234,48739252,48739796,544,2,1b001b,452991746,42.5489796556186,5540,False,3614914222,93,True,220631,2
225230,2000084310,48744792,48745329,537,2,190019,419436802,42.55381603159114,1105,False,536879106,0,True,262176,25
225226,2000084306,48745897,48746429,532,2,190019,419436802,42.55478068780948,1095,False,1638401,253,False,16776448,255
224857,2000083318,48746992,48747542,550,2,190019,419436802,42.55573661410731,4106,False,920221184,119,False,3648419638,54
223959,2000080674,48751098,48751667,569,2,1b001b,452991746,42.559321119476124,581,False,4278190337,1,False,16712191,0
224411,2000082345,48751679,48752211,532,2,190019,419436802,42.5598283278588,10640,False,1638401,254,False,16776704,255
220963,2000069423,48762319,48762859,540,2,1b001b,452991746,42.56911696330064,5420,False,33555293,24,False,402659330,0
224715,2000083013,48767739,48768283,544,2,190019,419436802,42.57384858022684,556,False,3346478808,98,True,221895,2
221895,2000072684,48768295,48768887,592,2,250025,620766466,42.57433396380819,1155,False,3875471360,2,True,742,1
224701,2000082986,48769450,48769994,544,2,190019,419436802,42.57534226962918,556,False,2994157272,108,True,224434,2
224434,2000082401,48770006,48770543,537,2,190019,419436802,42.57582765321054,2809,False,369104386,0,True,65558,25
221542,2000071766,48772815,48773367,552,2,180018,402659330,42.578279887886865,1120,False,1442841441,172,False,2000071766,86
223048,2000077798,48773935,48774474,539,2,140014,335549442,42.57925763898601,551,False,335675395,0,True,1310740,1
223051,2000077809,48774486,48775037,551,2,140014,335549442,42.5797386576071,3888,False,3287351299,54,False,4051121859,195
224464,2000082460,48778374,48778913,539,2,140014,335549442,42.5831328507084,4511,False,335675395,0,True,1310740,3
224700,2000082985,48782885,48783462,577,2,140014,335549442,42.587070917858604,1726,False,1,167,True,6661888,0
224526,2000082613,48784611,48785148,537,2,140014,335549442,42.58857770214174,2810,False,301994498,0,True,65554,20
224781,2000083140,48787421,48787966,545,2,140014,335549442,42.59103080981013,557,False,2000083140,16,False,57479287,0
224528,2000082616,48787978,48788515,537,2,140014,335549442,42.59151706638354,2695,False,218107138,0,True,262157,20
224699,2000082984,48790673,48791220,547,2,140014,335549442,42.59386977996584,1667,False,3626530614,54,False,3312924376,73
224784,2000083143,48792340,48792904,564,2,140014,335549442,42.59532505771787,576,False,16777471,0,False,124518401,0
224698,2000082982,48792916,48793455,539,2,140014,335549442,42.59582790114029,4992,False,503447555,0,True,1966110,1
220964,2000069424,48797908,48798485,577,2,120012,301994498,42.60018587746789,49476,False,1,124,True,6847488,0
224938,2000083498,48847384,48847811,427,2,000000,2,42.64337803227242,487087,True,0,0,False,16777216,0
223118,2000078025,49334471,49335071,600,2,000000,2,43.06860111229663,12033,False,4278210660,177,True,45567,0
221454,2000071316,49346504,49347073,569,2,420042,1107313154,43.07910582566803,66318,False,4278190337,1,False,16712191,0
223441,2000078970,49412822,49413349,527,2,000000,2,43.13700091262589,5953,True,20480,32,True,1974272,0
223482,2000079045,49418775,49419309,534,2,3c003c,1006648322,43.142197834316235,5645,True,262204,60,False,1543519232,0
221458,2000071322,49424420,49424989,569,2,3c003c,1006648322,43.14712587445431,3568,False,4278190593,1,False,16712191,0
222185,2000074554,49427988,49428527,539,2,3b003b,989870850,43.15024071009872,1727,False,1157758977,0,True,4522053,1
222395,2000076039,49429715,49430249,534,2,3b003b,989870850,43.15174836737391,546,True,917563,59,False,3540007680,255
222396,2000076041,49430261,49430795,534,2,3b003b,989870850,43.152225021034745,1690,True,1245243,59,False,4211096320,255
220868,2000069059,49431951,49432490,539,2,3b003b,989870850,43.15370037760398,11232,False,1090650113,0,True,4259905,9
221522,2000071709,49443183,49443715,532,2,3a003a,973093378,43.16350582434108,23084,False,3801092,94,False,24064,255
224620,2000082812,49466267,49466806,539,2,370037,922760962,43.183657972888014,15934,True,65537,0,True,3276800,50
223478,2000079038,49482201,49482740,539,2,370037,922760962,43.197568228257396,1391,True,65539,0,True,3604480,55
224732,2000083044,49483592,49484126,534,2,370037,922760962,43.198782560202844,62595,True,3932220,4,False,922747904,0
224896,2000083394,49546187,49546726,539,2,320032,838873602,43.25342749774811,12641,False,587333633,0,True,2293795,4
224888,2000083381,49558828,49559367,539,2,320032,838873602,43.26446299028762,551,False,838991875,0,True,3276850,1
224885,2000083375,49559379,49559913,534,2,320032,838873602,43.26494400890871,25301,True,262194,50,False,3707777536,255
225254,2000084350,49584680,49585207,527,2,300030,805318658,43.287031580836704,3357,False,4294901760,0,False,83886335,255
225171,2000084185,49588037,49588569,532,2,300030,805318658,43.28996221515797,55528,False,3145732,221,False,16768256,255
224621,2000082815,49643565,49644104,539,2,2d002d,754986242,43.33843771786608,4659,False,755105793,0,True,2949165,1
220869,2000069060,49648224,49648763,539,2,2d002d,754986242,43.342504987840094,4811,False,1040318464,0,True,4063294,5
224894,2000083391,49653035,49653569,534,2,2d002d,754986242,43.34670495260614,546,True,65581,45,False,4244647168,255
221545,2000071788,49653581,49653998,417,2,2d002d,754986242,43.347181606266965,429,True,0,0,True,0,0
224889,2000083383,49654010,49654544,534,2,2d002d,754986242,43.347556119857614,9292,True,262194,45,False,973090048,0
220939,2000069271,49663302,49663841,539,2,2c002c,738208770,43.35566796201228,15615,False,503447553,0,True,1966110,1
225263,2000084360,49678917,49679376,459,2,2b002b,721431298,43.36929973291681,44686,True,0,0,True,0,0
220830,2000068929,49723603,49724172,569,2,290029,687876354,43.40831025578842,581,False,4278193153,1,False,16712191,0
221710,2000072219,49724184,49724718,534,2,280028,671098882,43.40881746417109,4654,True,65576,40,False,4244645888,255
221712,2000072221,49728838,49729377,539,2,280028,671098882,43.41288036918485,2049,False,671219713,0,True,2621480,1
221523,2000071712,49730887,49731421,534,2,280028,671098882,43.41466912990104,3694,True,65576,40,False,3875547136,255
221711,2000072220,49734581,49735137,556,2,280028,671098882,43.4178939625441,568,False,251658240,98,True,221711,28
221524,2000071714,49735149,49735688,539,2,280028,671098882,43.41838982203009,1761152,False,922877953,0,True,3604535,1
224932,2000083486,51496301,51496850,549,2,000000,2,44.95586152181022,349623,False,2000083486,30,False,920264311,119
222613,2000076590,51845924,51846492,568,2,420042,1107313154,45.26107962228777,75273,False,33488950,255,True,65281,1
223232,2000078342,51921197,51921734,537,2,410041,1090535682,45.326792353078496,114031,False,1090535682,0,False,655425,65
220911,2000069193,52035228,52035819,591,2,370037,922760962,45.426340509851805,22556,False,11272449,0,True,0,0
224309,2000082046,52057784,52058353,569,2,3e003e,1040203266,45.44603171859485,86438,False,4278193921,1,False,16712191,0
223595,2000079374,52144222,52144761,539,2,3c003c,1006648322,45.52149140565514,76756,True,65538,0,True,3932160,60
222450,2000076166,52220978,52221515,537,2,3c003c,1006648322,45.58849878366018,33127,False,1006632961,0,True,3932220,5
222250,2000075049,52254105,52254649,544,2,3a003a,973093378,45.617418391393414,12581,False,897005241,172,True,175157,2
223593,2000079369,52266686,52267260,574,2,3a003a,973093378,45.628401504409744,19494,True,3191040,0,False,83951616,0
223292,2000078576,52286180,52286741,561,2,390039,956315906,45.64541961148711,28867,False,124518401,0,True,7,0
224649,2000082865,52315047,52315579,532,2,380038,939538434,45.67062027307541,81437,False,3670017,78,False,19968,255
223098,2000077965,52396484,52397028,544,2,370037,922760962,45.741714126879614,1019,False,678901444,80,True,86056,2
222467,2000076274,52397503,52398047,544,2,370037,922760962,45.74260370578143,1152,False,3732354749,100,True,222430,1
222287,2000075366,52398655,52399212,557,2,370037,922760962,45.743609392626254,24928,False,0,79,False,56905472,0
223231,2000078341,52423583,52424120,537,2,370037,922760962,45.765371338518555,125145,False,922746881,0,True,3604535,1
223941,2000080595,52548728,52549267,539,2,340034,872428546,45.87462192896673,9743,True,65538,0,True,3407872,52
223285,2000078564,52558471,52559003,532,2,330033,855651074,45.8831274905372,2091,False,3342341,80,False,20480,255
223291,2000078575,52560562,52561138,576,2,330033,855651074,45.884952916919616,1763,False,956304129,7,True,1849,1
223872,2000080168,52562325,52562899,574,2,330033,855651074,45.88649200190871,1160,True,556800,0,False,167837696,0
222280,2000075309,52563485,52564029,544,2,330033,855651074,45.88750467268996,86350,False,2054633146,58,True,211578,2
222283,2000075348,52649835,52650367,532,2,320032,838873602,45.9628875364496,13926,False,3276801,70,False,17920,255
224301,2000082022,52663761,52664293,532,2,320032,838873602,45.97504482377695,21443,True,3276801,53,False,13568,255
223763,2000079817,52685204,52685743,539,2,320032,838873602,45.993764392365236,26582,True,65538,0,True,3276800,50
223090,2000077933,52711786,52712330,544,2,320032,838873602,46.016970267112875,1407,False,2138519236,59,True,211839,2
223942,2000080596,52713193,52713737,544,2,320032,838873602,46.01819856693117,14274,False,2205628110,30,True,204419,1
223083,2000077897,52727467,52728011,544,2,310031,822096130,46.0306596554929,1675,False,2222405316,175,True,176004,2
223093,2000077944,52729142,52729686,544,2,310031,822096130,46.03212191718134,556,False,1769420484,103,True,223081,2
223081,2000077895,52729698,52730237,539,2,310031,822096130,46.0326073007627,14976,False,822214658,0,True,3211313,1
224157,2000081433,52744674,52745208,534,2,300030,805318658,46.0456812297455,17849,True,3145776,1,False,805306624,0
223900,2000080307,52762523,52763060,537,2,2f002f,788541186,46.061263264896,2528,False,788529153,0,True,3080239,1
223859,2000080143,52765051,52765595,544,2,2f002f,788541186,46.06347018880548,16239,False,964114125,10,True,199225,2
223869,2000080164,52781290,52781864,574,2,2e002e,771763714,46.07764670675097,14857,True,1522944,0,False,201392128,0
223092,2000077935,52796147,52796691,544,2,2d002d,754986242,46.090616749679484,556,False,1903638212,103,True,223089,2
223089,2000077932,52796703,52797240,537,2,2d002d,754986242,46.09110213326084,2066,False,754986242,0,True,65581,45
223082,2000077896,52798769,52799313,544,2,2d002d,754986242,46.092905734841935,2832,False,1937192644,182,True,177779,2
223861,2000080151,52801601,52802145,544,2,2d002d,754986242,46.09537804833547,4231,False,2893493965,24,True,202924,2
223857,2000080139,52805832,52806364,532,2,2d002d,754986242,46.09907167771089,3108,True,65581,45,False,1174416640,0
223080,2000077894,52808940,52809479,539,2,2d002d,754986242,46.101784937011004,13784,True,65538,0,True,2949120,45
223764,2000079818,52822724,52823280,556,2,2d002d,754986242,46.11381825946685,19871,False,335544320,106,False,223764,202
224299,2000082020,52842595,52843134,539,2,2d002d,754986242,46.13116548454813,4365,False,755105794,0,True,2949165,1
224319,2000082078,52846960,52847499,539,2,2d002d,754986242,46.13497609485862,4078,False,755105793,0,True,2949165,1
224329,2000082111,52851038,52851575,537,2,2d002d,754986242,46.13853615644995,2454,False,754986242,0,True,65581,45
224335,2000082131,52853492,52854029,537,2,2d002d,754986242,46.140678478947535,6165,False,754986242,0,True,65581,45
223238,2000078350,52859657,52860201,544,2,2d002d,754986242,46.146060474953075,556,False,4135007942,103,True,223222,2
223222,2000078321,52860213,52860745,532,2,2d002d,754986242,46.14654585853443,544,False,2949121,65,False,16640,255
223221,2000078320,52860757,52861289,532,2,2d002d,754986242,46.147020766211156,12207,True,65581,45,False,956312832,0
224651,2000082870,52872964,52873501,537,2,2d002d,754986242,46.157677380199736,85413,False,754986242,0,True,65581,45
224318,2000082077,52958377,52958921,544,2,2c002c,738208770,46.232242250405896,20411,False,897005268,182,True,177717,2
223186,2000078178,52978788,52979362,574,2,2b002b,721431298,46.25006089119568,1165,True,7813376,0,False,67174400,0
224320,2000082079,52979953,52980492,539,2,2a002a,704653826,46.2510779269372,28492,False,704774146,0,True,2752554,1
224317,2000082076,53008445,53008984,539,2,2a002a,704653826,46.275951216505696,1702,False,704774146,0,True,2752554,1
221352,2000070841,53010147,53010681,534,2,290029,687876354,46.27743704897957,2035,True,65577,41,False,922757376,0
223858,2000080141,53012182,53012721,539,2,290029,687876354,46.27921358780702,949,True,65536,0,True,2686976,41
223873,2000080171,53013131,53013705,574,2,290029,687876354,46.280042057265135,12993,True,1522944,0,False,100728832,0
224305,2000082033,53026124,53026663,539,2,280028,671098882,46.29138484300722,1393,False,671219714,0,True,2621480,1
224330,2000082119,53027517,53028056,539,2,280028,671098882,46.29260092093678,93192,False,671219715,0,True,2621480,1
223233,2000078343,53120709,53121248,539,2,280028,671098882,46.3739567963217,5542,True,65536,0,True,2621440,40
223855,2000080133,53126251,53126795,544,2,280028,671098882,46.378794918278345,556,False,1987524301,106,True,223862,2
223862,2000080154,53126807,53127376,569,2,280028,671098882,46.3792803018597,14036,False,4278192897,1,False,16712191,0
224731,2000083041,53140843,53141380,537,2,260026,637543938,46.391533618312856,120647,False,637543938,0,True,65574,38
222614,2000076594,53261490,53262064,574,2,1e001e,503324162,46.49685749050752,16522,True,8422144,0,False,503382016,0
222749,2000076933,53278012,53278544,532,2,1b001b,452991746,46.51128106520395,3680,True,1966081,45,False,11520,255
224272,2000081978,53281692,53282236,544,2,1e001e,503324162,46.51449367595827,7699,False,3598137044,178,True,176854,2
222796,2000077077,53289391,53289928,537,2,1b001b,452991746,46.5212148417728,549,False,452991746,0,True,196635,29
222791,2000077043,53289940,53290514,574,2,1b001b,452991746,46.5216941144098,586,True,8422144,0,False,201392128,0
222616,2000076596,53290526,53291100,574,2,1d001d,486546690,46.522205687752745,1142,True,8422144,0,False,536936448,0
222699,2000076800,53291668,53292242,574,2,1b001b,452991746,46.52320264467704,586,True,8422144,0,False,302055424,0
222797,2000077082,53292254,53292803,549,2,1b001b,452991746,46.52371421801999,2288,False,2000077082,26,False,918624887,119
222744,2000076926,53294542,53295111,569,2,1b001b,452991746,46.5257116238368,581,False,4278203905,1,False,16712191,0
222586,2000076508,53295123,53295697,574,2,1a001a,436214274,46.526218832219485,586,True,8422144,0,False,906035200,0
222562,2000076449,53295709,53296290,581,2,1b001b,452991746,46.526730405562425,965,False,4278210148,1,True,511,0
222745,2000076929,53296674,53297206,532,2,1b001b,452991746,46.527572842893385,2890,True,65564,28,False,503323648,0
222588,2000076511,53299564,53300145,581,2,1b001b,452991746,46.53009578992599,593,False,4278210404,1,True,511,0
222585,2000076507,53300157,53300731,574,2,1b001b,452991746,46.5306134742133,586,True,8422144,0,False,536936448,0
222642,2000076662,53300743,53301317,574,2,1a001a,436214274,46.531125047556245,586,True,8422144,0,False,838926336,0
222748,2000076932,53301329,53301898,569,2,1b001b,452991746,46.531636620899185,1526,False,4278198785,1,False,16712191,0
222700,2000076801,53302855,53303429,574,2,1a001a,436214274,46.53296880677176,586,True,8422144,0,False,302055424,0
222795,2000077071,53303441,53303973,532,2,1b001b,452991746,46.5334803801147,544,False,1769475,221,False,16768256,255
222563,2000076451,53303985,53304559,574,2,1b001b,452991746,46.533955287791436,1167,True,8422144,0,False,67174400,0
222702,2000076806,53305152,53305738,586,2,1b001b,452991746,46.534974069517055,598,False,16777472,3,False,1315177217,0
222701,2000076803,53305750,53306317,567,2,1b001b,452991746,46.53549611876463,579,False,4278320896,0,False,16777471,0
222874,2000077262,53306329,53306915,586,2,1b001b,452991746,46.536001581163205,1142,False,33554432,9,False,1348733186,0
222703,2000076807,53307471,53307935,464,2,1a001a,436214274,46.53699853808751,1057,False,134938624,5,False,185074952,5
222564,2000076452,53308528,53309060,532,2,1a001a,436214274,46.53792129068732,5289,True,1703937,34,False,8704,255
221672,2000072139,53313817,53314251,434,2,190019,419436802,46.54253854565461,823277,True,0,0,False,133627904,0
223153,2000078090,54137094,54137628,534,2,4b004b,1258310402,47.26125282391104,37819,True,3932220,10,False,1342179840,0
223158,2000078104,54174913,54175447,534,2,4a004a,1241532930,47.29426851035604,34659,False,655440,79,False,3204468480,255
223447,2000078989,54209572,54210106,534,2,480048,1207977986,47.324525541914184,5963,False,655433,77,False,4194323712,255
223443,2000078981,54215535,54216069,534,2,470047,1191200514,47.329731193525056,17196,False,983110,76,False,1426082816,0
223455,2000079003,54232731,54233265,534,2,470047,1191200514,47.34474316486507,41204,False,655430,76,False,1426082816,0
223440,2000078967,54273935,54274469,534,2,470047,1191200514,47.38071392940881,1720,False,655430,75,False,1509968640,0
224146,2000081409,54275655,54276189,534,2,460046,1174423042,47.382215475739635,36404,False,983110,75,False,1593854720,0
224024,2000080937,54312059,54312635,576,2,3c003c,1006648322,47.41399587842992,10036,False,1778384896,124,True,31850,1
224315,2000082069,54322095,54322622,527,2,460046,1174423042,47.42275722667186,7414,False,4294901760,0,False,255,255
224322,2000082083,54329509,54330036,527,2,460046,1174423042,47.42922958975135,15752,False,4294901760,0,False,16777471,255
223308,2000078629,54345261,54345795,534,2,000000,2,47.44298096056712,12577,False,655430,72,False,3540011008,255
223392,2000078880,54357838,54358365,527,2,410041,1090535682,47.45396058161524,15924,False,4294902015,0,False,255,255
220938,2000069267,54373762,54374319,557,2,3c003c,1006648322,47.46786210706409,89848,True,0,10,False,56560128,0
220877,2000069080,54463610,54464144,534,2,3c003c,1006648322,47.54629869702444,58593,False,655425,69,False,4211098880,255
224439,2000082413,54522203,54522737,534,2,410041,1090535682,47.597449920374395,5091,False,327750,67,False,4177543936,255
222394,2000076032,54527294,54527858,564,2,400040,1073758210,47.60189432291522,13019,False,16777471,0,False,124518401,0
224173,2000081492,54540313,54540840,527,2,3c003c,1006648322,47.61325980645068,1631,False,4294901760,0,False,255,255
223927,2000080471,54541944,54542490,546,2,320037,922759682,47.6146836564888,56902,False,919492471,119,False,4235884342,2
224872,2000083353,54598846,54599410,564,2,3c003c,1006648322,47.664358650277464,15577,False,16777471,0,False,124518401,0
223538,2000079240,54614423,54614950,527,2,3c003c,1006648322,47.677957247483995,8725,False,335563520,0,True,20,0
223874,2000080182,54623148,54623682,534,2,320032,838873602,47.68557410314471,24544,True,0,0,False,1073741824,0
224070,2000081088,54647692,54648263,571,2,3c003c,1006648322,47.70700082008874,3171,False,469893120,1,False,33489180,255
223926,2000080469,54650863,54651390,527,2,320032,838873602,47.709769077888176,4285,False,4294902015,0,False,255,255
223876,2000080191,54655148,54655682,534,2,320032,838873602,47.71350984883444,5377,True,327740,62,False,4211097088,255
222260,2000075112,54660525,54661059,534,2,3c003c,1006648322,47.71820392710237,4030,True,0,62,False,4194319872,255
223889,2000080221,54664555,54665119,564,2,280028,671098882,47.72172208507517,3747,False,16777471,0,False,124518401,0
224431,2000082397,54668302,54668836,534,2,000000,2,47.72499318629703,1668,True,327735,61,False,4211096832,255
223288,2000078570,54669970,54670521,551,2,320032,838873602,47.7264493370411,11527,False,3337224195,54,False,3933681350,198
223881,2000080206,54681497,54682031,534,2,280028,671098882,47.736512316433775,101392,True,327740,60,False,4211096576,255
223891,2000080227,54782889,54783433,544,2,280028,671098882,47.8250267266517,1102,False,2843162317,48,True,209065,2
223289,2000078571,54783991,54784547,556,2,2d002d,754986242,47.82598876389388,1114,False,956301312,104,False,223289,235
223877,2000080195,54785105,54785639,534,2,280028,671098882,47.82696127704071,1092,True,327730,56,False,4211095552,255
223883,2000080210,54786197,54786731,534,2,280028,671098882,47.827914584362375,3286,True,327730,56,False,3540006912,255
223878,2000080202,54789483,54790017,534,2,280028,671098882,47.83078323624789,8667,True,3276850,15,False,922750720,0
223287,2000078569,54798150,54798711,561,2,32002d,754987522,47.83834945836954,1112,False,124518401,0,True,7,0
223885,2000080214,54799262,54799796,534,2,280028,671098882,47.83932022553226,2565,True,655410,55,False,3372234496,255
223290,2000078572,54801827,54802383,556,2,2d002d,754986242,47.841559450147706,2998,False,973078528,104,False,223290,236
224420,2000082366,54804825,54805359,534,2,320032,838873602,47.84417668032201,8961,True,3276850,10,False,922749440,0
224344,2000082147,54813786,54814320,534,2,370037,922760962,47.85199956210718,12441,True,655414,54,False,4211095040,255
224421,2000082369,54826227,54826761,534,2,320032,838873602,47.86286045623612,26593,True,3276850,5,False,838862080,0
223928,2000080472,54852820,54853347,527,2,1e001e,503324162,47.88607593389634,516091,False,4294902015,0,False,255,255
222971,2000077557,55368911,55369494,583,2,5a0041,1090542082,48.33661927542009,304809,True,252415,0,True,65536,1
222945,2000077445,55673720,55674299,579,2,4f004f,1325420290,48.60271511004326,5442,True,65537,0,False,3623878656,3
223980,2000080757,55679162,55679753,591,2,4b004b,1258310402,48.60746593279463,71978,False,65995009,0,False,33554435,0
221513,2000071620,55751140,55751748,608,2,520052,1375752706,48.67030215477136,6112,False,4294967040,255,False,33685503,5
221776,2000072370,55757252,55757855,603,2,4b004b,1258310402,48.6756378821981,13522,False,1234764289,0,False,100663369,0
222565,2000076455,55770774,55771377,603,2,4b004b,1258310402,48.687442480736124,37091,False,4294902273,255,False,50331647,0
222949,2000077464,55807865,55808414,549,2,4b004b,1258310402,48.71982262896668,41229,False,2000077464,152,False,918722679,119
222940,2000077431,55849094,55849673,579,2,4e004e,1308642818,48.755815218311746,50838,True,65537,0,False,3623878656,3
224049,2000081029,55899932,55900528,596,2,480048,1207977986,48.8001963882922,7731,True,918545,0,False,16842752,219
222480,2000076290,55907663,55908261,598,2,470047,1191200514,48.806945489852424,4857,False,1679687937,0,False,33554532,0
222697,2000076791,55912520,55913069,549,2,450045,1157645570,48.8111856122529,8461,False,2000076791,247,False,918550391,119
222948,2000077448,55920981,55921560,579,2,480048,1207977986,48.81857199801167,81465,True,65537,0,False,3623878656,3
221803,2000072451,56002446,56002927,481,2,440044,1140868098,48.88969029559336,33862,True,0,0,True,0,0
221806,2000072460,56036308,56036935,627,2,420042,1107313154,48.91925155248541,21719,False,1278477313,3,False,100664140,0
224274,2000081982,56058027,56058606,579,2,000000,2,48.93821206688027,26055,True,65537,0,False,3338665984,3
221782,2000072388,56084082,56084709,627,2,480048,1207977986,48.96095787481608,639,False,1234764801,0,False,100663369,0
221784,2000072391,56084721,56085331,610,2,480048,1207977986,48.96151571673782,3744,True,952592,0,False,16842752,29
222944,2000077443,56088465,56089014,549,2,480048,1207977986,48.96478419898352,51211,False,2000077443,131,False,918717303,119
222022,2000073515,56139676,56140225,549,2,370037,922760962,49.00949099499968,63087,False,2000073515,43,False,917711735,119
224165,2000081469,56202763,56203317,554,2,000000,2,49.06456544463494,1183,False,57386240,0,False,3527213059,54
221801,2000072446,56203946,56204525,579,2,3c003c,1006648322,49.0655981942334,21969,True,65537,0,False,3489660928,3
221791,2000072423,56225915,56226506,591,2,420042,1107313154,49.08477695664145,8122,False,407765249,0,False,33554456,0
221802,2000072447,56234037,56234616,579,2,3c003c,1006648322,49.09186739809433,8268,True,65537,0,False,3489660928,3
221194,2000070449,56242305,56242884,579,2,3c003c,1006648322,49.09908529638691,591,True,65537,0,False,2701131776,3
222023,2000073517,56242896,56243511,615,2,420042,1107313154,49.09960123469012,627,True,952590,0,False,33619968,59
222942,2000077438,56243523,56244102,579,2,450045,1157645570,49.10014860070723,1825,True,65537,0,False,3623878656,3
224053,2000081039,56245348,56245934,586,2,370037,922760962,49.101741811203595,11336,True,131073,0,False,1660944384,29
221781,2000072385,56256684,56257287,603,2,420042,1107313154,49.111638049114184,9034,False,158532097,0,False,33554441,0
221195,2000070452,56265718,56266297,579,2,2d002d,754986242,49.11952465931921,2898,True,65537,0,False,2701131776,3
222019,2000073506,56268616,56269202,586,2,420042,1107313154,49.12205459028824,1691,True,131073,0,False,1090519040,24
221805,2000072456,56270307,56270893,586,2,3c003c,1006648322,49.123530819849535,2767,True,131073,0,False,2181038080,3
224916,2000083445,56273074,56273667,593,2,3c003c,1006648322,49.125946388859646,2803,True,196609,0,False,2181038080,3
221956,2000073174,56275877,56276456,579,2,320032,838873602,49.12839338558365,20416,True,65537,0,False,419430400,9
221780,2000072383,56296293,56296886,593,2,420042,1107313154,49.1462163913337,5465,True,196609,0,False,2432696320,99
221795,2000072430,56301758,56302356,598,2,420042,1107313154,49.15098729290228,610,False,407765249,0,False,33554456,0
221792,2000072427,56302368,56302959,591,2,420042,1107313154,49.15151981805449,1101,False,407765249,0,False,33554456,0
221786,2000072394,56303469,56304096,627,2,420042,1107313154,49.152480982304624,12336,False,1234764801,0,False,100663369,0
222802,2000077104,56315805,56316391,586,2,3f003f,1056980738,49.16325021226802,8287,True,131073,0,False,654311424,99
223768,2000079823,56324092,56324641,549,2,370037,922760962,49.170484697409606,561,False,2000079823,207,False,919326583,119
224052,2000081035,56324653,56325232,579,2,370037,922760962,49.170974445951224,16172,True,65537,0,False,3019898880,23
221972,2000073245,56340825,56341404,579,2,320032,838873602,49.18509247342918,6274,True,65537,0,False,419430400,9
221790,2000072422,56347099,56347678,579,2,3c003c,1006648322,49.19056962556847,14717,True,65537,0,False,1308622848,24
222694,2000076787,56361816,56362377,561,2,370037,922760962,49.20341744960959,2347,False,124518401,0,True,7,0
222804,2000077115,56364163,56364712,549,2,3f003f,1056980738,49.20546636195752,1042,False,2000077115,59,False,918633335,119
221886,2000072647,56365205,56365784,579,2,3c003c,1006648322,49.20637601967654,4194,True,65537,0,False,3489660928,3
222928,2000077375,56369399,56369948,549,2,3f003f,1056980738,49.210037348346006,2446,False,2000077375,63,False,918699895,119
224071,2000081091,56371845,56372394,549,2,370037,922760962,49.21217268690717,2965,False,2000081091,195,False,919651191,119
222017,2000073502,56374810,56375389,579,2,370037,922760962,49.21476110834372,3088,True,65537,0,False,3170893824,3
221974,2000073253,56377898,56378477,579,2,320032,838873602,49.217456907802784,2452,True,65537,0,False,419430400,9
222020,2000073511,56380350,56380965,615,2,370037,922760962,49.21959748431626,5516,True,952589,0,False,33619968,29
223414,2000078912,56385866,56386445,579,2,000000,2,49.22441290847953,591,True,65537,0,False,1073741824,99
223384,2000078868,56386457,56387048,591,2,370037,922760962,49.22492884678273,12074,False,61604097,0,False,33554435,0
224975,2000083554,56398531,56399110,579,2,370037,922760962,49.23546935282829,7028,True,65537,0,False,3623878656,99
223821,2000080047,56405559,56406108,549,2,000000,2,49.241604740975404,49599,False,2000080047,175,False,919383927,119
221311,2000070721,56455158,56455744,586,2,2d002d,754986242,49.28490427380243,884,True,131073,0,False,2634022912,23
224048,2000081026,56456042,56456621,579,2,370037,922760962,49.28567599877711,3353,True,65537,0,False,3019898880,23
224068,2000081080,56459395,56459974,579,2,3c003c,1006648322,49.28860314113017,591,True,65537,0,False,2382364672,99
224069,2000081087,56459986,56460565,579,2,370037,922760962,49.28911907943338,3790,True,65537,0,False,3019898880,23
221798,2000072437,56463776,56464355,579,2,3f003f,1056980738,49.292427719313494,2093,True,65537,0,False,1308622848,24
223484,2000079047,56465869,56466430,561,2,370037,922760962,49.29425489168002,6425,False,124518401,0,True,7,0
221797,2000072436,56472294,56472880,586,2,3c003c,1006648322,49.29986386561929,12308,True,131073,0,False,0,100
221888,2000072658,56484602,56485212,610,2,320032,838873602,49.3106086518052,2419,False,4294902273,255,False,50331647,0
221882,2000072625,56487021,56487600,579,2,370037,922760962,49.31272041958093,8019,True,65537,0,False,3489660928,3
223748,2000079763,56495040,56495619,579,2,320032,838873602,49.31972094285237,4962,True,65537,0,False,1090519040,24
224340,2000082138,56500002,56500581,579,2,350035,889206018,49.32405272941838,5958,True,65537,0,False,3959422976,3
221779,2000072377,56505960,56506546,586,2,2d002d,754986242,49.329254016068994,598,True,131073,0,False,2181038080,3
223712,2000079592,56506558,56507149,591,2,410041,1090535682,49.329776065316565,9062,False,60555521,0,False,33554435,0
221794,2000072429,56515620,56516211,591,2,2d002d,754986242,49.337687119299076,603,False,407765249,0,False,33554456,0
224657,2000082886,56516223,56516802,579,2,370037,922760962,49.33821353350692,591,True,65537,0,False,3959422976,3
221880,2000072623,56516814,56517363,549,2,320032,838873602,49.338729471810126,1152,False,2000072623,175,False,917483383,119
221887,2000072650,56517966,56518515,549,2,3c003c,1006648322,49.33973515865496,4061,False,2000072650,202,False,917490295,119
221980,2000073264,56522027,56522606,579,2,370037,922760962,49.34328037938139,2995,True,65537,0,False,419430400,9
224171,2000081481,56525022,56525601,579,2,370037,922760962,49.345894990579545,2976,True,65537,0,False,3288334336,3
221785,2000072393,56527998,56528589,591,2,330033,855651074,49.34849301492869,1792,False,407765249,0,False,33554456,0
223510,2000079138,56529790,56530363,573,2,2d002d,754986242,49.350057416687314,15848,True,1002,1,False,4849920,255
224919,2000083461,56545638,56546224,586,2,370037,922760962,49.36389259474016,7732,True,131073,0,False,1929379840,23
224566,2000082710,56553370,56553956,586,2,3c003c,1006648322,49.370642569292436,6153,True,131073,0,False,452984832,99
224073,2000081093,56559523,56560072,549,2,2d002d,754986242,49.37601408939334,4988,False,2000081093,197,False,919651703,119
223843,2000080104,56564511,56565060,549,2,000000,2,49.380368573752726,1159,False,2000080104,232,False,919398519,119
224645,2000082856,56565670,56566249,579,2,370037,922760962,49.38138037154193,2370,True,65537,0,False,3959422976,3
224662,2000082900,56568040,56568619,579,2,370037,922760962,49.38344936270707,10259,True,65537,0,False,3959422976,3
221892,2000072666,56578299,56578848,549,2,370037,922760962,49.39240538817679,2968,False,2000072666,218,False,917494391,119
221903,2000072701,56581267,56581853,586,2,320032,838873602,49.39499642858951,10197,True,131073,0,False,1509949440,99
222761,2000076965,56591464,56592013,549,2,370037,922760962,49.40389832855195,2151,False,2000076965,165,False,918594935,119
223533,2000079218,56593615,56594194,579,2,3c003c,1006648322,49.40577613445753,3402,True,65537,0,False,3841982464,3
221936,2000072942,56597017,56597566,549,2,320032,838873602,49.408746053421176,14529,False,2000072942,238,False,917565047,119
223822,2000080048,56611546,56612095,549,2,000000,2,49.42142975495637,5852,False,2000080048,176,False,919384183,119
225069,2000083912,56617398,56618025,627,2,3c003c,1006648322,49.42653850444938,1845,False,3980133377,1,False,33554925,0
224656,2000082885,56619243,56619822,579,2,370037,922760962,49.4281491747868,12848,True,65537,0,False,3959422976,3
221998,2000073404,56632091,56632699,608,2,320032,838873602,49.43936537668123,1120,False,4294967052,255,False,33685503,219
222018,2000073505,56633211,56633760,549,2,320032,838873602,49.44034312778037,4627,False,2000073505,33,False,917709175,119
223487,2000079051,56637838,56638424,586,2,2d002d,754986242,49.4443824620087,598,True,131073,0,False,1073741824,99
221877,2000072618,56638436,56639015,579,2,2d002d,754986242,49.44490451125627,987,True,65537,0,False,3489660928,3
223486,2000079049,56639423,56639972,549,2,370037,922760962,49.44576615441239,2666,False,2000079049,201,False,919128439,119
221192,2000070446,56642089,56642668,579,2,330033,855651074,49.44809355122516,4578,True,65537,0,False,2415919104,3
221796,2000072434,56646667,56647282,615,2,2d002d,754986242,49.4520901088429,1225,True,952576,0,False,33619968,60
221896,2000072688,56647892,56648471,579,2,320032,838873602,49.45315952410759,1145,True,65537,0,False,1275068416,100
224827,2000083233,56649037,56649623,586,2,370037,922760962,49.45415910000805,3364,True,131073,0,False,3388997632,3
221884,2000072641,56652401,56652950,549,2,370037,922760962,49.45709584527368,561,False,2000072641,193,False,917487991,119
222478,2000076287,56652962,56653523,561,2,330033,855651074,49.45758559381531,573,False,124518401,0,True,7,0
224559,2000082692,56653535,56654114,579,2,2c002c,738208770,49.45808581826156,2376,True,65537,0,False,989855744,29
221309,2000070710,56655911,56656497,586,2,3c003c,1006648322,49.46016004737903,2975,True,131073,0,False,805306368,29
221984,2000073270,56658886,56659435,549,2,320032,838873602,49.46275719873612,1159,False,2000073270,54,False,917649015,119
224778,2000083136,56660045,56660594,549,2,320032,838873602,49.46376899652532,561,False,2000083136,192,False,920174711,119
224573,2000082720,56660606,56661185,579,2,2c002c,738208770,49.46425874506694,8920,True,65537,0,False,989855744,29
221885,2000072643,56669526,56670075,549,2,320032,838873602,49.472045834177955,40381,False,2000072643,195,False,917488503,119
224660,2000082894,56709907,56710486,579,2,370037,922760962,49.50729812626224,17496,True,65537,0,False,3959422976,3
222612,2000076585,56727403,56727945,542,2,000000,2,49.5225719952181,48418,False,53519223,0,True,131075,0
224569,2000082716,56775821,56776400,579,2,2c002c,738208770,49.56484052443077,2304,True,65537,0,False,989855744,29
224563,2000082699,56778125,56778674,549,2,2c002c,738208770,49.566851898120426,2365,False,2000082699,11,False,920062839,119
223770,2000079828,56780490,56781039,549,2,350035,889206018,49.56891652432531,3792,False,2000079828,212,False,919327863,119
221982,2000073266,56784282,56784831,549,2,2d002d,754986242,49.57222691018955,7567,False,2000073266,50,False,917647991,119
224178,2000081510,56791849,56792391,542,2,280028,671098882,49.578832841053114,2358,False,32433015,0,False,503447553,0
221985,2000073273,56794207,56794756,549,2,320032,838873602,49.58089135631363,2859,False,2000073273,57,False,917649783,119
224137,2000081394,56797066,56797652,586,2,310031,822096130,49.58338724059259,994,True,131073,0,False,738197504,99
221876,2000072616,56798060,56798609,549,2,2d002d,754986242,49.58425499469308,2158,False,2000072616,168,False,917481591,119
221881,2000072624,56800218,56800767,549,2,2d002d,754986242,49.58613891154303,4646,False,2000072624,176,False,917483639,119
221893,2000072667,56804864,56805413,549,2,370037,922760962,49.59019483262036,26357,False,2000072667,219,False,917494647,119
224555,2000082687,56831221,56831770,549,2,2c002c,738208770,49.61320428415612,8417,False,2000082687,255,False,920059767,119
224567,2000082712,56839638,56840187,549,2,2c002c,738208770,49.620552258264574,2731,False,2000082712,24,False,920066167,119
223534,2000079219,56842369,56842948,579,2,370037,922760962,49.62293639956078,2254,True,65537,0,False,3841982464,3
221978,2000073262,56844623,56845172,549,2,2d002d,754986242,49.6249041236478,2175,False,2000073262,46,False,917646967,119
224169,2000081477,56846798,56847347,549,2,2c002c,738208770,49.62680288136265,561,False,2000081477,69,False,919750007,119
221986,2000073274,56847359,56847908,549,2,2d002d,754986242,49.627292629904275,16406,False,2000073274,58,False,917650039,119
224774,2000083128,56863765,56864314,549,2,2c002c,738208770,49.641614937522576,9260,False,2000083128,184,False,920172663,119
221799,2000072440,56873025,56873586,561,2,2a002a,704653826,49.649698843931546,2389,False,124518401,0,True,7,0
224174,2000081493,56875414,56875963,549,2,2d002d,754986242,49.65178442194569,2241,False,2000081493,85,False,919754103,119
221879,2000072621,56877655,56878234,579,2,320032,838873602,49.653740797136024,1189,True,65537,0,False,3489660928,3
223771,2000079832,56878844,56879393,549,2,340034,872428546,49.65477878468681,13347,False,2000079832,216,False,919328887,119
221148,2000070282,56892191,56892770,579,2,2d002d,754986242,49.66643060961559,3413,True,65537,0,False,1308622848,24
221976,2000073258,56895604,56896183,579,2,320032,838873602,49.66941013149181,2791,True,65537,0,False,419430400,9
224352,2000082170,56898395,56898937,542,2,300030,805318658,49.67184665231119,2764,False,31881591,0,True,65537,0
224565,2000082708,56901159,56901745,586,2,350035,889206018,49.67425960234513,1189,True,131073,0,False,3556769792,23
224568,2000082715,56902348,56902897,549,2,210021,553656578,49.67529758989592,10676,False,2000082715,27,False,920066935,119
224748,2000083074,56913024,56913573,549,2,2c002c,738208770,49.68461765305165,1748,False,2000083074,130,False,920158839,119
224663,2000082902,56914772,56915321,549,2,2c002c,738208770,49.68614364315996,4607,False,2000082902,214,False,920114807,119
223511,2000079139,56919379,56919952,573,2,280028,671098882,49.69016551754723,585,True,1002,1,False,2359552,255
223520,2000079156,56919964,56920543,579,2,320032,838873602,49.690676217898115,2392,True,65537,0,False,2080374784,100
223760,2000079814,56922356,56922905,549,2,2d002d,754986242,49.69276441488842,1152,False,2000079814,198,False,919324279,119
224075,2000081098,56923508,56924057,549,2,2d002d,754986242,49.69377010173325,1627,False,2000081098,202,False,919652983,119
224560,2000082694,56925135,56925714,579,2,2c002c,738208770,49.695190459803165,2668,True,65537,0,False,989855744,29
224350,2000082165,56927803,56928352,549,2,280028,671098882,49.697519602600046,11961,False,2000082165,245,False,919926135,119
224078,2000081102,56939764,56940330,566,2,2d002d,754986242,49.70796146054364,578,False,16712191,0,False,65536,108
224571,2000082718,56940342,56940908,566,2,2c002c,738208770,49.70846604995016,4514,False,16712191,0,False,65536,108
224744,2000083070,56944856,56945405,549,2,250025,620766466,49.71240673607652,36078,False,2000083070,126,False,920157815,119
221977,2000073260,56980934,56981483,549,2,2d002d,754986242,49.743902543357585,2151,False,2000073260,44,False,917646455,119
221981,2000073265,56983085,56983634,549,2,2d002d,754986242,49.74578034926317,11506,False,2000073265,49,False,917647735,119
224562,2000082698,56994591,56995170,579,2,2c002c,738208770,49.755824995822735,987,True,65537,0,False,989855744,29
224141,2000081399,56995578,56996144,566,2,2c002c,738208770,49.756686638978856,578,False,16712191,0,False,65536,108
224138,2000081395,56996156,56996722,566,2,280028,671098882,49.75719122838537,1334,False,16712191,0,False,65536,108
224127,2000081355,56997490,56998039,549,2,2c002c,738208770,49.75835579978381,561,False,2000081355,203,False,919718775,119
223421,2000078923,56998051,56998642,591,2,000000,2,49.75884554832544,603,False,61604097,0,False,16777219,0
223418,2000078919,56998654,56999123,469,2,000000,2,49.75937196253328,26817,True,0,0,True,0,0
224079,2000081103,57025471,57026013,542,2,2c002c,738208770,49.782782990413324,1169,False,32466295,0,False,755105793,0
224125,2000081348,57026640,57027189,549,2,280028,671098882,49.78380351812305,1660,False,2000081348,196,False,919716983,119
224126,2000081351,57028300,57028849,549,2,2b002b,721431298,49.78525268493071,4138,False,2000081351,199,False,919717751,119
224658,2000082887,57032438,57033034,596,2,2c002c,738208770,49.78886512604521,4094,True,954639,0,False,16842752,219
224561,2000082697,57036532,57037081,549,2,260026,637543938,49.79243915550939,561,False,2000082697,9,False,920062327,119
224168,2000081475,57037093,57037635,542,2,280028,671098882,49.79292890405102,9975,False,55858807,0,False,822214659,0
224564,2000082707,57047068,57047654,586,2,320032,838873602,49.801636999777735,11662,True,131073,0,False,3825205248,99
224783,2000083142,57058730,57059279,549,2,210021,553656578,49.811817833097535,3289,False,2000083142,198,False,920176247,119
221878,2000072620,57062019,57062568,549,2,280028,671098882,49.81468910395921,3530,False,2000072620,172,False,917482615,119
223544,2000079248,57065549,57066098,549,2,2d002d,754986242,49.817770765905614,4179,False,2000079248,144,False,919179383,119
224572,2000082719,57069728,57070277,549,2,260026,637543938,49.82141899969428,15786,False,2000082719,31,False,920067959,119
224570,2000082717,57085514,57086063,549,2,210021,553656578,49.83520005223984,1765,False,2000082717,29,False,920067447,119
223767,2000079822,57087279,57087828,549,2,2c002c,738208770,49.83674088321305,18463,False,2000079822,206,False,919326327,119
221902,2000072700,57105742,57106291,549,2,1e001e,503324162,49.852858935483965,9640,False,2000072700,252,False,917503095,119
223545,2000079251,57115382,57115931,549,2,2d002d,754986242,49.861274578873,16877,False,2000079251,147,False,919180151,119
221904,2000072702,57132259,57132808,549,2,1e001e,503324162,49.876008065748174,2194,False,2000072702,254,False,917503607,119
224795,2000083163,57134453,57135002,549,2,210021,553656578,49.87792341031202,3619,False,2000083163,219,False,920181623,119
224558,2000082691,57138072,57138621,549,2,210021,553656578,49.881082768551124,1159,False,2000082691,3,False,920060791,119
224351,2000082169,57139231,57139780,549,2,210021,553656578,49.88209456634032,9017,False,2000082169,249,False,919927159,119
223896,2000080295,57148248,57148797,549,2,000000,2,49.889966335680455,87730,False,2000080295,167,False,919447415,119
223759,2000079811,57235978,57236527,549,2,260026,637543938,49.96655392847297,1066,False,2000079811,195,False,919323511,119
224659,2000082888,57237044,57237593,549,2,210021,553656578,49.96748453800126,5744,False,2000082888,200,False,920111223,119
224787,2000083147,57242788,57243337,549,2,210021,553656578,49.972499004352564,4061,False,2000083147,203,False,920177527,119
224792,2000083158,57246849,57247398,549,2,280028,671098882,49.976044225079,36259,False,2000083158,214,False,920180343,119
223543,2000079247,57283108,57283657,549,2,240024,603988994,50.00769804392162,14380,False,2000079247,143,False,919179127,119
224661,2000082898,57297488,57298037,549,2,260026,637543938,50.02025166964095,17412,False,2000082898,210,False,920113783,119
224739,2000083062,57314900,57315449,549,2,1e001e,503324162,50.03545220726438,8621,False,2000083062,118,False,920155767,119
223758,2000079809,57323521,57324070,549,2,210021,553656578,50.0429782717516,1134,False,2000079809,193,False,919322999,119
223757,2000079808,57324655,57325204,549,2,210021,553656578,50.04396824473948,18195,False,2000079808,192,False,919322743,119
224650,2000082869,57342850,57343429,579,2,210021,553656578,50.059852335140256,6217,True,65537,0,False,3959422976,3
224735,2000083054,57349067,57349616,549,2,1c001c,469769218,50.065279726732534,8286,False,2000083054,110,False,920153719,119
224785,2000083144,57357353,57357902,549,2,210021,553656578,50.072513338882075,31382,False,2000083144,200,False,920176759,119
224736,2000083055,57388735,57389284,549,2,1e001e,503324162,50.09990957548317,561,False,2000083055,111,False,920153975,119
224648,2000082860,57389296,57389845,549,2,210021,553656578,50.10039932402479,43327,False,2000082860,172,False,920104055,119
224647,2000082859,57432623,57433172,549,2,210021,553656578,50.13822345069664,104756,False,2000082859,171,False,920103799,119
222465,2000076240,57537379,57537979,600,2,000000,2,50.22967460618018,8882,True,262145,0,False,1241513984,24
222725,2000076871,57546261,57546810,549,2,000000,2,50.237428521593195,561,False,2000076871,71,False,918570871,119
222731,2000076888,57546822,57547371,549,2,000000,2,50.23791827013482,561,False,2000076888,88,False,918575223,119
222733,2000076890,57547383,57547932,549,2,000000,2,50.23840801867644,628206,False,2000076890,90,False,918575735,119
221622,2000071978,58175589,58176153,564,2,2b002b,721431298,50.78682686420033,128941,False,16777471,0,False,124518401,0
221639,2000072024,58304530,58305106,576,2,270027,654321410,50.899391332480945,7177,False,3707764736,11,True,3037,1
221659,2000072117,58311707,58312271,564,2,260026,637543938,50.90565679644392,56364,False,16777471,0,False,124518401,0
221656,2000072110,58368071,58368647,576,2,230023,587211522,50.95486212050817,7791,False,3707764736,11,True,3037,1
221596,2000071916,58375862,58376438,576,2,220022,570434050,50.96166360159157,58260,False,3707764736,11,True,3037,1
221674,2000072142,58434122,58434649,527,2,1e001e,503324162,51.01252411858794,2795,False,4294902015,0,False,255,255
221658,2000072115,58436917,58437451,534,2,1e001e,503324162,51.01496413137553,4861,True,0,30,False,4244643328,255
221640,2000072026,58441778,58442312,534,2,1d001d,486546690,51.01920774574421,1129,True,65561,28,False,4261420032,255
221660,2000072123,58442907,58443471,564,2,1c001c,469769218,51.02019335377182,20296,False,16777471,0,False,124518401,0
221661,2000072124,58463203,58463767,564,2,190019,419436802,51.03791160047554,256409,False,16777471,0,False,124518401,0
221554,2000071821,58719612,58720146,534,2,000000,2,51.261754619742995,845341,True,0,0,True,0,0
221376,2000071150,59564953,59565492,539,2,500050,1342197762,51.999730594652505,240422,False,1342308353,0,True,4915280,30
224043,2000081004,59805375,59805914,539,2,460046,1174423042,52.209617089971786,98301,False,1342308353,0,True,5242960,45
220959,2000069375,59903676,59904232,556,2,430043,1124090626,52.29543308175448,20080,False,520093696,95,False,220959,255
220960,2000069376,59923756,59924302,546,2,3f003f,1056980738,52.312962762174784,61919,False,916652151,119,False,2043377462,1
221378,2000071154,59985675,59986219,544,2,000000,2,52.36701755709237,22209,False,444020393,123,True,97050,2
221379,2000071155,60007884,60008428,544,2,000000,2,52.386405837593095,1663,False,561460905,123,True,97057,2
220862,2000069000,60009547,60010091,544,2,000000,2,52.38785762337691,13063,False,4067899041,123,True,97266,2
221380,2000071157,60022610,60023147,537,2,000000,2,52.39926151856269,9664,False,1006648322,0,True,524348,62
221381,2000071159,60032274,60032806,532,2,000000,2,52.40769811376099,12877,False,3932168,251,False,16775936,255
221377,2000071152,60045151,60045688,537,2,000000,2,52.41893963242495,7317,False,1006648322,0,True,983100,60
221382,2000071161,60052468,60053024,556,2,000000,2,52.42532731527532,13092,False,3321888768,96,False,221382,249
221773,2000072352,60065560,60066104,544,2,000000,2,52.436756527230635,7238,False,2071410350,57,True,211323,2
220861,2000068999,60072798,60073337,539,2,000000,2,52.443075243708826,2781,True,131075,0,True,0,0
220864,2000069002,60075579,60076123,544,2,000000,2,52.445503034607675,556,False,3212261025,94,True,220863,2
220863,2000069001,60076135,60076686,551,2,000000,2,52.44598841818904,7063,False,2710110211,54,False,2306291361,161
220865,2000069013,60083198,60083737,539,2,000000,2,52.45215436105799,1168,True,131075,0,True,0,0
221078,2000069896,60084366,60084915,549,2,2d002d,754986242,52.45317401577566,36587,False,2000069896,8,False,916785271,119
221414,2000071225,60120953,60121516,563,2,000000,2,52.485114176011606,159991,False,65536,108,True,486400,0
222780,2000077011,60280944,60281483,539,2,000000,2,52.624785047531795,2252,True,65537,0,True,0,0
222781,2000077016,60283196,60283747,551,2,000000,2,52.62675102563471,97673,False,3235381251,54,False,3631691456,192
223156,2000078094,60380869,60381435,566,2,460041,1090536962,52.71201877840825,37761,False,16712191,0,False,65536,108
224131,2000081365,60418630,60419174,544,2,0c000c,201329666,52.74498383131419,87005,False,1014445777,195,True,115516,2
222929,2000077384,60505635,60506172,537,2,46003c,1006650882,52.82093850486842,46228,False,1174423042,0,False,655430,70
221389,2000071177,60551863,60552520,657,2,000000,2,52.861295181485445,36129,False,124518401,255,False,4294967047,255
221579,2000071886,60587992,60588543,551,2,000000,2,52.892835511361206,2758540,False,2899181571,54,False,3463919276,172
222353,2000075868,63346532,63347066,534,2,450045,1157645570,55.301019008703555,44825,True,4522053,38,False,1157637632,0
224063,2000081069,63391357,63391950,593,2,440044,1140868098,55.340150877470506,74260,False,4278210660,145,True,37375,0
224804,2000083180,63465617,63466175,558,2,420042,1107313154,55.40497926731174,527808,True,7,0,False,1847853056,3
224800,2000083174,63993425,63994001,576,2,3c003c,1006648322,55.86575145671819,112059,False,2885687297,0,True,172,2
224432,2000082399,64105484,64106018,534,2,370037,922760962,55.96357807316337,12051,True,3604535,0,False,922746880,0
224291,2000082006,64117535,64118069,534,2,370037,922760962,55.97409850039171,6675,True,327735,55,False,4194318080,255
224074,2000081095,64124210,64124751,541,2,370037,922760962,55.979925722344184,88980,True,30228,1,True,256,32
222444,2000076148,64213190,64213729,539,2,300030,805318658,56.05760455520269,42498,False,889323523,0,True,3473461,18
224119,2000081334,64255688,64256252,564,2,340034,872428546,56.09470497146276,117384,False,16777471,0,False,124518401,0
222638,2000076653,64373072,64373616,544,2,2d0032,838872322,56.19718027058912,93417,False,947336895,191,True,114488,1
222323,2000075643,64466489,64467023,534,2,310031,822096130,56.27873256918593,30379,True,3211313,25,False,822089984,0
222334,2000075716,64496868,64497402,534,2,310031,822096130,56.305253194758066,217722,True,65585,49,False,3204460800,255
222566,2000076460,64714590,64715117,527,2,2d002d,754986242,56.495322770478694,12423,False,268448768,0,True,16,0
224551,2000082679,64727013,64727559,546,2,2d002d,754986242,56.50616795075067,242966,False,920057719,119,False,3243931446,1
222288,2000075367,64969979,64970513,534,2,2a002a,704653826,56.71827533785228,32877,True,327722,42,False,3204459008,255
222329,2000075704,65002856,65003390,534,2,290029,687876354,56.74697669757233,50852,True,2687017,4,False,687866880,0
222339,2000075727,65053708,65054242,534,2,280028,671098882,56.79137008944153,4302,True,2621480,0,False,671088640,0
222332,2000075714,65058010,65058544,534,2,280028,671098882,56.795125701252694,53215,True,2621480,1,False,671088896,0
222568,2000076464,65111225,65111759,534,2,270027,654321410,56.841581973342656,34764,True,852007,39,False,4211091200,255
222333,2000075715,65145989,65146523,534,2,260026,637543938,56.87193066906635,546,True,852006,38,False,4211090944,255
222331,2000075709,65146535,65147069,534,2,260026,637543938,56.872407322727184,20804,True,262182,38,False,3707774464,255
222561,2000076447,65167339,65167873,534,2,200020,536879106,56.89056904939371,23592,True,37,37,False,4227867904,255
221938,2000072981,65190931,65191465,534,2,240024,603988994,56.91116467790347,110424,True,2359332,15,False,603983616,0
222328,2000075692,65301355,65301889,534,2,220022,570434050,57.00756395234232,28871,True,2228258,14,False,570428928,0
222338,2000075726,65330226,65330760,534,2,210021,553656578,57.032768105898825,546,True,720929,33,False,4211089664,255
222335,2000075719,65330772,65331306,534,2,210021,553656578,57.03324475955965,46552,True,196641,33,False,4211089664,255
222322,2000075635,65377324,65377858,534,2,200020,536879106,57.07388428560179,59527,True,32,32,False,3707772928,255
222698,2000076796,65436851,65437409,558,2,0a000a,167774722,57.125850883529075,8456,True,7,0,False,1709834240,3
222326,2000075672,65445307,65445841,534,2,1e001e,503324162,57.13323290432758,247031,True,327710,30,False,3372228096,255
220895,2000069170,65692338,65692889,551,2,000000,2,57.34888900412384,563,False,2721185795,54,False,846673570,162
220896,2000069172,65692901,65693452,551,2,000000,2,57.34938049864957,563,False,2721316867,54,False,880228002,162
220948,2000069283,65693464,65694010,546,2,000000,2,57.34987199317529,558,False,916628343,119,False,1617983286,3
221296,2000070687,65694022,65694568,546,2,000000,2,57.350359122740755,475313,False,916987767,119,False,3002103606,1
224554,2000082686,66169335,66169906,571,2,410041,1090535682,57.76530359433526,112003,False,302055424,0,False,33488914,255
225264,2000084361,66281338,66281919,581,2,410041,1090535682,57.86308132322549,30884,False,4278255362,1,True,511,0
225037,2000083775,66312222,66312759,537,2,3c003c,1006648322,57.89004280978428,10096,False,1124090626,0,False,1769539,65
223141,2000078064,66322318,66322857,539,2,410041,1090535682,57.89885653754939,43055,False,1140981761,0,True,4456516,28
225065,2000083889,66365373,66365900,527,2,3c003c,1006648322,57.93644321038288,32594,False,4294902015,0,False,255,255
224949,2000083512,66397967,66398506,539,2,3c003c,1006648322,57.96489751335198,42842,False,889323521,0,True,3473461,13
224623,2000082821,66440809,66441348,539,2,320032,838873602,58.00229823887821,51743,False,1006764032,0,True,3932220,20
225172,2000084219,66492552,66493143,591,2,370037,922760962,58.047469466666456,603,False,4294902017,255,False,16777215,0
224866,2000083344,66493155,66493689,534,2,370037,922760962,58.0479958808743,155361,True,917558,55,False,4227872512,255
225063,2000083884,66648516,66649050,534,2,320032,838873602,58.18362479919001,24715,True,852021,50,False,3540005376,255
225054,2000083834,66673231,66673770,539,2,320032,838873602,58.205200797775056,214811,False,1325531136,0,True,5177423,39
225173,2000084221,66888042,66888603,561,2,280028,671098882,58.39272909362997,210369,False,124518401,0,True,7,2
225174,2000084223,67098411,67098950,539,2,1e001e,503324162,58.57637955878633,659104,False,469893121,0,True,1835036,1
224167,2000081474,67757515,67758047,532,2,000000,2,59.15177211275775,21508,False,4456458,70,False,17920,255
221035,2000069764,67779023,67779592,569,2,3c003c,1006648322,59.17054842582946,581,False,4278215681,1,False,16712191,0
221042,2000069779,67779604,67780173,569,2,3c003c,1006648322,59.171055634212145,581,False,4278209025,1,False,16712191,0
221125,2000070142,67780185,67780754,569,2,320032,838873602,59.17156284259482,581,False,4278192385,1,False,16712191,0
221150,2000070297,67780766,67781305,539,2,320032,838873602,59.172070050977496,551,False,838991875,0,True,3276850,2
221151,2000070303,67781317,67781856,539,2,320032,838873602,59.17255106959859,551,False,838991875,0,True,3276850,2
221152,2000070305,67781868,67782407,539,2,320032,838873602,59.17303208821969,178912,False,755105795,0,True,2949165,2
222049,2000073718,67960780,67961356,576,2,370037,922760962,59.32922084237099,13255,False,1291850241,80,True,20557,1
221050,2000069797,67974035,67974652,617,2,3c003c,1006648322,59.3407923520309,12305,False,4278210404,255,False,4294967295,255
224500,2000082544,67986340,67986936,596,2,230023,587211522,59.35153451924066,12511,True,15360,0,False,16842752,138
221052,2000069805,67998851,67999420,569,2,390039,956315906,59.36245652281329,6226,False,4278206977,1,False,16712191,0
225019,2000083702,68005077,68005616,539,2,280028,671098882,59.367891771334044,11837,True,65539,0,True,3276800,50
224788,2000083149,68016914,68017507,593,2,320032,838873602,59.378225378263096,14837,False,4278210379,206,True,184063,0
225018,2000083696,68031751,68032320,569,2,2d002d,754986242,59.39117796135055,8646,False,4278191617,1,False,16712191,0
223531,2000079196,68040397,68040929,532,2,200020,536879106,59.39872585063909,11080,True,3604488,55,False,14080,255
223532,2000079198,68051477,68052016,539,2,2f002f,788541186,59.40839860258416,36123,False,922877953,0,True,3604535,2
225049,2000083812,68087600,68088139,539,2,230023,587211522,59.43993369450761,2271,False,838991873,0,True,3276850,2
225048,2000083810,68089871,68090410,539,2,230023,587211522,59.441916259459525,27982,False,755105793,0,True,2949165,12
221108,2000069993,68117853,68118422,569,2,2d002d,754986242,59.46634432308109,3480,False,4278190593,1,False,16712191,0
225176,2000084235,68121333,68121902,569,2,1e001e,503324162,59.46938233542485,581,False,4278198785,1,False,16712191,0
225211,2000084284,68121914,68122483,569,2,1e001e,503324162,59.46988954380753,4591,False,4278197249,1,False,16712191,0
223530,2000079195,68126505,68127098,593,2,190019,419436802,59.47389745032196,905,False,4278210354,208,True,184575,0
222706,2000076824,68127410,68127985,575,2,230023,587211522,59.47468750812974,15456,False,725876736,0,False,16777259,37
224912,2000083432,68142866,68143435,569,2,1e001e,503324162,59.48818047329788,1052,False,4278209025,1,False,16712191,0
224925,2000083475,68143918,68144494,576,2,1e001e,503324162,59.48909886093743,49066,False,1157637377,80,True,20549,1
225009,2000083667,68192984,68193553,569,2,2d002d,754986242,59.53193308900032,581,False,4278190849,1,False,16712191,0
225168,2000084177,68193565,68194134,569,2,230023,587211522,59.53244029738299,6861,False,4278193153,1,False,16712191,0
224755,2000083088,68200426,68200995,569,2,230023,587211522,59.538429895857284,12041,False,4278201601,1,False,16712191,0
224518,2000082595,68212467,68213036,569,2,230023,587211522,59.548941593165104,1750,False,4278213121,1,False,16712191,0
225175,2000084234,68214217,68214786,569,2,1e001e,503324162,59.5504693292575,1557,False,4278209537,1,False,16712191,0
224535,2000082630,68215774,68216343,569,2,230023,587211522,59.551828577883725,12159,False,4278199041,1,False,16712191,0
224519,2000082600,68227933,68228509,576,2,230023,587211522,59.562443288253775,11921,False,738198273,80,True,20524,1
223528,2000079191,68239854,68240393,539,2,190019,419436802,59.57285022651525,10448,False,503447553,0,True,1966110,3
224533,2000082624,68250302,68250888,586,2,230023,587211522,59.58197124748295,6174,False,33554432,9,False,1348733186,0
224848,2000083285,68256476,68257069,593,2,1e001e,503324162,59.587361100416956,3848,False,4278210404,49,True,2830847,0
225164,2000084159,68260324,68260893,569,2,1e001e,503324162,59.59072037383615,4544,False,4278204673,1,False,16712191,0
225213,2000084287,68264868,68265449,581,2,1e001e,503324162,59.59468724972409,2836,False,4278210404,1,True,511,0
225177,2000084237,68267704,68268273,569,2,1e001e,503324162,59.597163055185845,4583,False,4278204673,1,False,16712191,0
223527,2000079189,68272287,68272826,539,2,190019,419436802,59.601163977763846,1034,False,419561473,0,True,1638425,3
225234,2000084317,68273321,68273890,569,2,190019,419436802,59.60206665154645,4142,False,4278193153,1,False,16712191,0
225118,2000084035,68277463,68278032,569,2,1e001e,503324162,59.60568258462916,11564,False,4278204673,1,False,16712191,0
224844,2000083281,68289027,68289620,593,2,1e001e,503324162,59.61577786472778,1076,False,4278210404,49,True,2830847,0
224547,2000082664,68290103,68290672,569,2,230023,587211522,59.61671720417661,870473,False,4278200321,1,False,16712191,0
223003,2000077644,69160576,69161110,534,2,410041,1090535682,60.37663321535719,237161,False,655400,70,False,1543521792,0
223005,2000077649,69397737,69398271,534,2,3c003c,1006648322,60.58367288359228,30805,False,68,68,False,4211098624,255
223008,2000077656,69428542,69429076,534,2,3c003c,1006648322,60.61056540377891,78170,False,55,67,False,1426080512,0
222999,2000077636,69506712,69507258,546,2,370037,922760962,60.6788071925466,57867,False,918766711,119,False,2131130166,1
225212,2000084285,69564579,69565113,534,2,3c003c,1006648322,60.72932462366622,6851,False,0,65,False,1258307840,0
224583,2000082751,69571430,69571994,564,2,3c003c,1006648322,60.73530549221998,2025,False,16777471,0,False,124518401,0
224527,2000082614,69573455,69574019,564,2,320032,838873602,60.73707330112691,115742,False,16777471,0,False,124518401,0
222931,2000077394,69689197,69689731,534,2,320032,838873602,60.83811514730256,22200,True,63,63,False,4211097344,255
222919,2000077336,69711397,69711961,564,2,320032,838873602,60.85749557087482,96564,False,16777471,0,False,124518401,0
225145,2000084105,69807961,69808488,527,2,320032,838873602,60.9417951754618,29617,False,4294902015,0,False,255,255
224538,2000082643,69837578,69838147,569,2,2d002d,754986242,60.96765058108971,12811,False,4278193921,1,False,16712191,0
223013,2000077673,69850389,69850923,534,2,320032,838873602,60.978834482278174,1712,True,20,60,False,4227873792,255
222934,2000077404,69852101,69852635,534,2,320032,838873602,60.98032904467258,15243,True,50,60,False,1174420480,0
224618,2000082809,69867344,69867878,534,2,230023,587211522,60.99363606253346,49291,True,0,59,False,1459632896,0
223017,2000077679,69916635,69917199,564,2,320032,838873602,61.03666671380824,17173,False,16777471,0,False,124518401,0
224539,2000082644,69933808,69934335,527,2,280028,671098882,61.05165860633104,46446,False,4294901760,0,False,255,255
223021,2000077685,69980254,69980788,534,2,2d002d,754986242,61.09220559521559,6893,True,0,55,False,3540006656,255
223018,2000077681,69987147,69987681,534,2,320032,838873602,61.09822312943556,22400,True,0,55,False,3372234496,255
222920,2000077344,70009547,70010093,546,2,320032,838873602,61.11777815141838,1104,False,918691959,119,False,2209773366,1
222932,2000077396,70010651,70011185,534,2,2d002d,754986242,61.118741934644675,30985,True,0,55,False,4227872512,255
224510,2000082575,70041636,70042170,534,2,300030,805318658,61.14579159340081,21595,True,0,53,False,3707778304,255
223020,2000077684,70063231,70063765,534,2,2d002d,754986242,61.16464385678111,1698,True,40,50,False,1476407808,0
224025,2000080944,70064929,70065463,534,2,000000,2,61.16612619728677,2772,True,0,50,False,4211094016,255
223019,2000077683,70067701,70068235,534,2,2d002d,754986242,61.16854613125715,1344950,True,327730,50,False,3707777536,255
225256,2000084352,71412651,71413192,541,2,320037,922759682,62.34267679267609,197075,True,94071,2,True,2949632,45
224304,2000082027,71609726,71610287,561,2,320032,838873602,62.514721701482465,1760,False,124518401,0,True,7,0
224392,2000082293,71611486,71612032,546,2,280028,671098882,62.516258167495394,11702,False,919958903,119,False,1773893430,1
224622,2000082820,71623188,71623764,576,2,280028,671098882,62.52647392049732,279284,False,251658240,78,True,19983,1
222080,2000073855,71902472,71903006,534,2,280028,671098882,62.77028663297266,48484,True,65576,55,False,1258305280,0
223846,2000080117,71950956,71951519,563,2,320032,838873602,62.812612779660824,73742,False,65536,108,True,486400,0
221958,2000073177,72024698,72025262,564,2,280028,671098882,62.87698895961871,87876,False,16777471,0,False,124518401,0
222078,2000073853,72112574,72113155,581,2,280028,671098882,62.95370400925092,25168,False,4278210660,1,True,511,0
224917,2000083455,72137742,72138276,534,2,280028,671098882,62.975675473235896,546,True,65576,50,False,4211094016,255
224880,2000083366,72138288,72138822,534,2,280028,671098882,62.97615212689672,17608,True,65561,50,False,1090531840,0
224588,2000082759,72155896,72156527,631,2,1e001e,503324162,62.9915237709625,22859,False,83886437,0,False,16973829,90
222105,2000073930,72178755,72179326,571,2,280028,671098882,63.011479496297554,10495,False,251723776,0,False,33488911,255
222174,2000074515,72189250,72190015,765,2,190019,419436802,63.02064154789173,33238,False,4294967055,255,True,458751,3
222643,2000076666,72222488,72223022,534,2,280028,671098882,63.04965805774284,93343,True,65576,50,False,1090531840,0
222645,2000076672,72315831,72316365,534,2,230023,587211522,63.13114575492773,546,True,65571,45,False,4227869952,255
222644,2000076671,72316377,72316911,534,2,230023,587211522,63.13162240858856,1129,True,65561,45,False,1006644480,0
222639,2000076654,72317506,72318040,534,2,230023,587211522,63.132608016616174,11602,True,65561,45,False,1090530560,0
222365,2000075942,72329108,72329696,588,2,190019,419436802,63.14273647041282,9982,False,16777218,0,False,50397185,95
222142,2000074265,72339090,72339624,534,2,230023,587211522,63.15145067708391,2796,True,65561,45,False,1090530560,0
222103,2000073926,72341886,72342450,564,2,230023,587211522,63.15389156286355,1176,False,16777471,0,False,124518401,0
222083,2000073859,72343062,72343613,551,2,230023,587211522,63.15491820151764,563,False,3028484099,54,False,2205628084,180
222082,2000073858,72343625,72344159,534,2,230023,587211522,63.15540969604337,546,True,65571,45,False,1090530560,0
222081,2000073856,72344171,72344742,571,2,230023,587211522,63.155886349704204,583,False,234946560,0,False,33488910,255
222079,2000073854,72344754,72345288,534,2,230023,587211522,63.15639530407099,1141,True,65561,45,False,922758400,0
222071,2000073835,72345895,72346459,564,2,230023,587211522,63.157391388003234,576,False,16777471,0,False,124518401,0
222069,2000073822,72346471,72347035,564,2,230023,587211522,63.15789423142565,2218,False,16777471,0,False,124518401,0
222033,2000073583,72348689,72349608,919,2,190019,419436802,63.159830527798775,6039,True,16166,1,False,4280025344,255
221996,2000073304,72354728,72355292,564,2,230023,587211522,63.16510252680566,4602,False,16777471,0,False,124518401,0
221957,2000073175,72359330,72359887,557,2,230023,587211522,63.16912003623266,7241,True,0,5,False,56820992,0
221916,2000072803,72366571,72367135,564,2,230023,587211522,63.175441371687015,576,False,16777471,0,False,124518401,0
224954,2000083519,72367147,72367807,660,2,190019,419436802,63.17594421510944,58264,False,167773037,0,False,16973834,100
221573,2000071858,72425411,72426282,871,2,190019,419436802,63.22680822407401,17188,False,117440511,0,False,16973830,95
224333,2000082124,72442599,72443170,571,2,190019,419436802,63.24181321147761,583,False,302055424,0,False,33488914,255
224331,2000082122,72443182,72443758,576,2,190019,419436802,63.2423221658444,36569,False,1392508928,78,True,20051,1
222102,2000073924,72479751,72480332,581,2,1e001e,503324162,63.27424661222339,1176,False,4278210660,1,True,511,0
221909,2000072736,72480927,72481454,527,2,140014,335549442,63.27527325087748,6046,False,4294902015,0,False,255,255
222104,2000073927,72486973,72487544,571,2,0f000f,251662082,63.28055136082874,4410,False,167837696,0,False,33488906,255
221910,2000072739,72491383,72491917,534,2,0f000f,251662082,63.28440125578161,546,True,65556,30,False,3707772416,255
222640,2000076659,72491929,72492456,527,2,140014,335549442,63.284877909442436,7333,False,4294901760,0,False,255,255
220807,2000068899,72499262,72499801,539,2,000000,2,63.29127956016565,486365,False,3976462337,22,False,5869,120
222221,2000074825,72985627,72986286,659,2,730073,1929409282,63.715872339927735,160619,False,131071,108,True,486400,0
224193,2000081610,73146246,73146822,576,2,4f004f,1325420290,63.856091450457086,193288,False,2013269761,0,True,120,2
221637,2000072022,73339534,73340090,556,2,550055,1426085122,64.0248303383595,1183996,False,3305111552,97,False,221637,86
221308,2000070709,74523530,74524106,576,2,520052,1375752706,65.05844943691139,10327,False,4026533633,26,True,6896,1
221109,2000070001,74533857,74534428,571,2,520052,1375752706,65.0674648258407,21394,False,335609856,0,False,33488916,255
221514,2000071631,74555251,74555820,569,2,510051,1358975234,65.0861416178184,4524,False,4278208769,1,False,16712191,0
221543,2000071771,74559775,74560370,595,2,510051,1358975234,65.09009103386528,607,False,67109598,0,False,16973828,75
221546,2000071793,74560382,74560975,593,2,510051,1358975234,65.09062094004133,2622,False,33554432,9,False,1348733186,0
221775,2000072368,74563004,74563597,593,2,510051,1358975234,65.09290992520378,32033,False,33554432,9,False,1348733186,0
221707,2000072209,74595037,74595606,569,2,510051,1358975234,65.12087447963127,581,False,4278199297,1,False,16712191,0
221726,2000072260,74595618,74596199,581,2,510051,1358975234,65.12138168801394,90298,False,4278210404,1,True,511,0
221396,2000071185,74685916,74686455,539,2,500050,1342197762,65.20021112439805,26057,True,65538,0,False,5242880,80
222201,2000074674,74711973,74712549,576,2,4f004f,1325420290,65.22295867831797,31734,False,1526726913,2,True,603,1
221968,2000073239,74743707,74744276,569,2,4f004f,1325420290,65.25066220812165,82547,False,4278196225,1,False,16712191,0
222030,2000073579,74826254,74826830,576,2,4c004c,1275087874,65.32272508310449,24860,False,4127197953,74,True,19190,1
221461,2000071335,74851114,74851653,539,2,4b004b,1258310402,65.34442766553718,8946,False,1258422275,0,True,4915275,37
220970,2000069555,74860060,74860616,556,2,460046,1174423042,65.35223745244157,3153,False,704643072,95,False,220970,179
221695,2000072167,74863213,74863747,534,2,480048,1207977986,65.35498999638408,22483,True,4915275,20,False,1258296320,0
221946,2000073105,74885696,74886260,564,2,4b004b,1258310402,65.37461747670726,1771,False,16777471,0,False,124518401,0
222028,2000073573,74887467,74888036,569,2,4b004b,1258310402,65.37616354563278,8082,False,4278199297,1,False,16712191,0
221922,2000072835,74895549,74896088,539,2,4a004a,1241532930,65.38321906740354,11980,False,1241645058,0,True,4849738,19
222008,2000073471,74907529,74908093,564,2,4a004a,1241532930,65.39367751219613,17663,False,16777471,0,False,124518401,0
224067,2000081078,74925192,74925761,569,2,490049,1224755458,65.40909717082482,7927,False,4278191105,1,False,16712191,0
225248,2000084338,74933119,74933659,540,2,480048,1207977986,65.41601737882739,4828,False,33555255,57,False,956315906,0
222007,2000073463,74937947,74938516,569,2,480048,1207977986,65.42023218445833,7430,False,4278199297,1,False,16712191,0
224066,2000081076,74945377,74945953,576,2,480048,1207977986,65.42671851541067,40148,False,4110418689,26,True,6901,1
221654,2000072090,74985525,74986059,534,2,460046,1174423042,65.46176740034664,11730,False,2293830,70,False,3204466176,255
221033,2000069761,74997255,74997794,539,2,440044,1140868098,65.47200759712604,18245,True,65538,0,False,4587520,70
221969,2000073240,75015500,75016069,569,2,450045,1157645570,65.48793533712946,36386,False,4278194177,1,False,16712191,0
222031,2000073581,75051886,75052462,576,2,440044,1140868098,65.51970002596278,6198,False,4127201025,74,True,19190,1
224065,2000081071,75058084,75058653,569,2,430043,1124090626,65.52511083070607,581,False,4278196737,1,False,16712191,0
223014,2000077675,75058665,75059241,576,2,430043,1124090626,65.52561803908874,15437,False,201331713,48,True,12300,1
222014,2000073484,75074102,75074666,564,2,430043,1124090626,65.53909441740788,10215,False,16777471,0,False,124518401,0
224019,2000080922,75084317,75084851,534,2,420042,1107313154,65.54801203122727,165351,True,4325442,11,False,1107299072,0
221301,2000070693,75249668,75250202,534,2,000000,2,65.6923621401505,651,False,4325375,100,False,1090544640,0
221300,2000070692,75250319,75250846,527,2,000000,2,65.69293045797687,955,True,0,0,True,0,0
221299,2000070690,75251274,75251813,539,2,000000,2,65.6937641653873,1090,False,553910274,2,False,545,130
221298,2000070689,75252364,75252896,532,2,000000,2,65.69471572672485,1582,True,0,0,True,0,0
221297,2000070688,75253946,75254480,534,2,000000,2,65.69609680015239,1374,True,0,0,True,0,0
221295,2000070686,75255320,75255852,532,2,000000,2,65.69729629123295,1183,True,6553660,60,True,15360,0
221294,2000070685,75256503,75257047,544,2,000000,2,65.69832904083141,556,False,1836529320,96,True,221293,2
221293,2000070684,75257059,75257615,556,2,000000,2,65.69881442441276,677,False,1828716544,96,True,221293,28
221292,2000070680,75257736,75258275,539,2,000000,2,65.69940544003252,995,False,2181300226,17,False,4482,65
221291,2000070679,75258731,75259280,549,2,000000,2,65.70027406712505,1171,False,2000070679,23,False,916985719,119
221290,2000070678,75259902,75260441,539,2,000000,2,65.7012963408189,2088,True,65539,0,True,0,0
221289,2000070676,75261990,75262522,532,2,000000,2,65.70311914822514,544,True,0,0,False,0,255
221288,2000070675,75262534,75263061,527,2,000000,2,65.70359405590187,539,False,4294901760,0,False,255,255
221287,2000070674,75263073,75263629,556,2,000000,2,65.70406459861833,1207,False,1728053248,96,True,221287,18
221286,2000070673,75264280,75264819,539,2,000000,2,65.70511830002607,551,True,131075,0,True,0,0
221285,2000070672,75264831,75265365,534,2,000000,2,65.70559931864717,546,True,0,0,True,0,0
221284,2000070671,75265377,75265916,539,2,000000,2,65.706075972308,828,True,65538,0,True,0,0
221283,2000070670,75266205,75266754,549,2,000000,2,65.70679880972772,838,False,2000070670,14,False,916983415,119
221268,2000070595,75267043,75267582,539,2,000000,2,65.70753037706797,923,True,65539,0,True,0,0
221267,2000070594,75267966,75268522,556,2,000000,2,65.7083361487327,798,False,1392508928,96,False,221267,194
221266,2000070593,75268764,75269308,544,2,000000,2,65.70903279639084,1670,False,2222405287,63,True,212868,1
221264,2000070591,75270434,75270973,539,2,000000,2,65.71049069311903,660,False,788791298,2,False,559,95
221262,2000070589,75271094,75271643,549,2,000000,2,65.71106686787388,1061,False,2000070589,189,False,916962679,119
221261,2000070587,75272155,75272694,539,2,000000,2,65.7119931124419,551,True,131075,0,True,0,0
221260,2000070586,75272706,75273245,539,2,000000,2,65.71247413106299,668,False,1979973632,91,False,23414,150
221259,2000070585,75273374,75273930,556,2,000000,2,65.71305728975427,677,False,1258291200,96,False,221259,185
221258,2000070583,75274051,75274590,539,2,000000,2,65.71364830537402,777,False,872677378,2,False,564,100
221257,2000070582,75274828,75275367,539,2,000000,2,65.71432662019905,777,False,2701393922,43,False,11169,95
221256,2000070581,75275605,75276144,539,2,000000,2,65.71500493502408,551,True,131075,0,True,0,0
221255,2000070580,75276156,75276700,544,2,000000,2,65.71548595364517,556,False,1182217895,96,True,221254,2
221254,2000070579,75276712,75277251,539,2,000000,2,65.71597133722653,551,True,131075,0,True,0,0
221253,2000070578,75277263,75277795,532,2,000000,2,65.71645235584762,1141,False,8519795,115,True,29440,13
221252,2000070577,75278404,75278967,563,2,000000,2,65.71744843977987,1756,False,65536,108,True,486400,0
221251,2000070576,75280160,75280692,532,2,000000,2,65.7189814138246,653,False,6553670,70,True,17920,13
221250,2000070575,75280813,75281347,534,2,000000,2,65.71955147763508,1204,True,0,0,True,0,0
221242,2000070562,75282017,75282544,527,2,000000,2,65.72060256006665,652,True,851968,0,True,0,0
221241,2000070561,75282669,75283208,539,2,000000,2,65.72117175088509,1053,True,65538,0,True,0,0
221240,2000070559,75283722,75284254,532,2,000000,2,65.72209101151668,1194,False,8847465,105,True,26880,14
221238,2000070557,75284916,75285443,527,2,000000,2,65.72313336402773,652,True,0,0,True,786432,0
221237,2000070556,75285568,75286107,539,2,000000,2,65.72370255484617,656,False,4161011714,5,False,1528,65
221236,2000070555,75286224,75286773,549,2,000000,2,65.7242752376328,945,False,2000070555,155,False,916953975,119
221235,2000070553,75287169,75287725,556,2,000000,2,65.7251002151227,568,False,855638016,96,False,221235,153
221234,2000070551,75287737,75288281,544,2,000000,2,65.72559607460869,1200,False,2809607847,65,True,213415,1
221233,2000070549,75288937,75289476,539,2,000000,2,65.72664366507206,1154,False,1543766018,43,False,11100,105
221232,2000070547,75290091,75290618,527,2,000000,2,65.727651097901,539,False,4294901760,0,False,255,255
221231,2000070541,75290630,75291277,647,2,000000,2,65.72812164061746,2306,False,131071,108,True,486400,0
221230,2000070540,75292936,75293475,539,2,000000,2,65.73013476029122,664,False,4228120578,16,False,4348,80
221228,2000070538,75293600,75294132,532,2,000000,2,65.73071442701428,1045,False,11468960,160,True,40960,13
221227,2000070537,75294645,75295184,539,2,000000,2,65.73162670370947,7423,True,65536,0,True,0,0
221224,2000070528,75302068,75302600,532,2,000000,2,65.73810692371744,4813,True,0,0,True,0,0
221223,2000070527,75306881,75307420,539,2,000000,2,65.74230863446758,1758,True,65539,0,True,0,0
221222,2000070526,75308639,75309274,635,2,000000,2,65.7438433544964,1193,False,131071,108,True,486400,0
221221,2000070524,75309832,75310371,539,2,000000,2,65.74488483401541,1039,True,65536,0,True,0,0
221220,2000070523,75310871,75311410,539,2,000000,2,65.74579187275826,2286,False,117702658,6,False,1543,90
221219,2000070521,75313157,75313691,534,2,000000,2,65.74778753259098,546,True,0,0,True,0,0
221218,2000070519,75313703,75314235,532,2,000000,2,65.7482641862518,544,True,0,0,False,0,255
221217,2000070518,75314247,75314798,551,2,000000,2,65.74873909392853,1491,False,2809528323,54,False,1987524263,167
221216,2000070517,75315738,75316277,539,2,000000,2,65.75004072507926,1805,False,3003383810,90,False,23219,80
221215,2000070516,75317543,75318082,539,2,000000,2,65.75161647573458,4746,False,2315517954,92,False,23690,75
221214,2000070515,75322289,75322828,539,2,000000,2,65.75575969601718,1199,True,65539,0,True,0,0
221213,2000070514,75323488,75324027,539,2,000000,2,65.7568064134885,932,True,65539,0,True,0,0
221212,2000070513,75324420,75324959,539,2,000000,2,65.75762004208171,3455,True,65539,0,True,0,0
221211,2000070511,75327875,75328414,539,2,000000,2,65.76063622962415,551,True,131075,0,True,0,0
221210,2000070510,75328426,75328975,549,2,000000,2,65.76111724824524,1319,False,2000070510,110,False,916942455,119
221209,2000070509,75329745,75330291,546,2,000000,2,65.76226872476289,935,False,916942199,119,False,3446241078,1
221208,2000070508,75330680,75331212,532,2,000000,2,65.76308497233227,2600,True,0,0,True,0,0
221178,2000070399,75333280,75333819,539,2,000000,2,65.76535475166956,551,True,131075,0,True,0,0
221177,2000070398,75333831,75334365,534,2,000000,2,65.76583577029065,546,True,0,0,True,0,0
221606,2000071945,75334377,75334916,539,2,000000,2,65.76631242395148,2589,True,65539,0,True,0,0
221176,2000070397,75336966,75337500,534,2,000000,2,65.76857260037619,1590,True,0,0,True,0,0
221175,2000070393,75338556,75339095,539,2,000000,2,65.76996065774014,551,True,131075,0,True,0,0
221174,2000070392,75339107,75339656,549,2,000000,2,65.77044167636124,561,False,2000070392,248,False,916912247,119
221173,2000070391,75339668,75340207,539,2,000000,2,65.77093142490287,2258,True,65539,0,True,0,0
221172,2000070390,75341926,75342460,534,2,000000,2,65.7729026409581,823,True,0,0,True,0,0
221171,2000070389,75342749,75343288,539,2,000000,2,65.77362111341756,551,True,131075,0,True,0,0
221170,2000070388,75343300,75343834,534,2,000000,2,65.77410213203865,546,True,0,0,True,0,0
221169,2000070387,75343846,75344390,544,2,000000,2,65.77457878569948,2426,False,7812774,81,True,217344,1
221142,2000070224,75346272,75346828,556,2,000000,2,65.77669666441959,1122,False,3590324224,95,False,221142,80
221141,2000070223,75347394,75347926,532,2,000000,2,65.77767616150282,544,True,0,0,False,0,255
221140,2000070220,75347938,75348477,539,2,000000,2,65.77815106917956,1685,True,65539,0,True,0,0
221139,2000070219,75349623,75350162,539,2,000000,2,65.77962206078854,2012,True,65539,0,True,0,0
221302,2000070694,75351635,75352174,539,2,000000,2,65.78137852079877,1250,True,65539,0,True,0,0
221303,2000070695,75352885,75353424,539,2,000000,2,65.78246976086479,551,True,131075,0,True,0,0
221138,2000070218,75353436,75353992,556,2,000000,2,65.78295077948587,568,False,3523215360,95,False,221138,74
221305,2000070699,75354004,75354536,532,2,000000,2,65.78344663897187,544,True,0,0,False,0,255
221124,2000070136,75354548,75355087,539,2,000000,2,65.7839215466486,551,True,131075,0,True,0,0
221122,2000070124,75355099,75355631,532,2,000000,2,65.78440256526969,544,True,0,0,False,0,255
221121,2000070121,75355643,75356170,527,2,000000,2,65.78487747294642,644,True,0,0,True,0,0
221120,2000070116,75356287,75356826,539,2,000000,2,65.78543967982841,551,True,131075,0,True,0,0
221306,2000070703,75356838,75357377,539,2,000000,2,65.78592069844952,551,True,131075,0,True,0,0
221119,2000070115,75357389,75357933,544,2,000000,2,65.7864017170706,669,False,1215772325,8,True,198728,4
221325,2000070779,75358058,75358592,534,2,000000,2,65.78698574875393,655,False,3932160,70,False,671106560,0
221326,2000070780,75358713,75359247,534,2,000000,2,65.78755755854853,546,True,0,0,True,0,0
221118,2000070114,75359259,75359815,556,2,000000,2,65.78803421220935,568,False,3187671040,95,False,221118,226
221327,2000070782,75359827,75360393,566,2,000000,2,65.78853007169535,578,False,16712191,0,False,65536,108
221328,2000070784,75360405,75360937,532,2,000000,2,65.78903466110187,544,True,0,0,False,0,255
221329,2000070785,75360949,75361481,532,2,000000,2,65.7895095687786,544,True,0,0,False,0,255
221330,2000070786,75361493,75362025,532,2,000000,2,65.78998447645532,544,True,0,0,False,0,255
221117,2000070113,75362037,75362593,556,2,000000,2,65.79045938413203,568,False,3170893824,95,False,221117,225
221332,2000070792,75362605,75363144,539,2,000000,2,65.79095524361803,551,True,131075,0,True,0,0
221333,2000070793,75363156,75363695,539,2,000000,2,65.79143626223913,551,True,131075,0,True,0,0
221334,2000070794,75363707,75364234,527,2,000000,2,65.79191728086022,539,False,4294901760,0,False,255,255
221335,2000070795,75364246,75364785,539,2,000000,2,65.79238782357669,551,True,131075,0,True,0,0
221336,2000070796,75364797,75365353,556,2,000000,2,65.79286884219778,568,False,2550136832,96,False,221336,140
221339,2000070799,75365365,75365892,527,2,000000,2,65.79336470168377,539,False,4294901760,0,False,255,255
221340,2000070800,75365904,75366460,556,2,000000,2,65.79383524440023,568,False,2617245696,96,False,221340,144
221116,2000070112,75366472,75367011,539,2,000000,2,65.79433110388622,932,True,65539,0,True,0,0
221383,2000071171,75367404,75367943,539,2,000000,2,65.79514473247944,551,True,131075,0,True,0,0
221384,2000071172,75367955,75368494,539,2,000000,2,65.79562575110054,551,True,131075,0,True,0,0
221385,2000071173,75368506,75369040,534,2,000000,2,65.79610676972163,546,True,0,0,True,0,0
221386,2000071174,75369052,75369591,539,2,000000,2,65.79658342338246,551,True,131075,0,True,0,0
221387,2000071175,75369603,75370142,539,2,000000,2,65.79706444200356,551,True,131075,0,True,0,0
221115,2000070111,75370154,75370686,532,2,000000,2,65.79754546062465,544,True,0,0,False,0,255
221114,2000070110,75370698,75371230,532,2,000000,2,65.79802036830138,544,True,0,0,False,0,255
221388,2000071176,75371242,75371776,534,2,000000,2,65.79849527597811,546,True,0,0,True,0,0
221390,2000071179,75371788,75372315,527,2,000000,2,65.79897192963894,539,False,4294901760,0,False,255,255
221391,2000071180,75372327,75372866,539,2,000000,2,65.7994424723554,551,True,131075,0,True,0,0
221392,2000071181,75372878,75373417,539,2,000000,2,65.7999234909765,551,True,131075,0,True,0,0
221393,2000071182,75373429,75373963,534,2,000000,2,65.80040450959758,546,True,0,0,True,0,0
221394,2000071183,75373975,75374524,549,2,000000,2,65.80088116325842,670,False,2000071183,15,False,917114743,119
221395,2000071184,75374645,75375189,544,2,000000,2,65.8014660679338,556,False,3581359786,96,True,221397,2
221397,2000071186,75375201,75375740,539,2,000000,2,65.80195145151517,954,True,65539,0,True,0,0
221107,2000069989,75376155,75376694,539,2,000000,2,65.80278428593354,1054,True,65539,0,True,0,0
221400,2000071210,75377209,75377748,539,2,000000,2,65.80370441955719,551,True,131075,0,True,0,0
221401,2000071211,75377760,75378299,539,2,000000,2,65.80418543817828,551,True,131075,0,True,0,0
221106,2000069988,75378311,75378850,539,2,000000,2,65.80466645679938,551,True,131075,0,True,0,0
221402,2000071212,75378862,75379401,539,2,000000,2,65.80514747542047,837,True,65537,0,True,0,0
221403,2000071213,75379699,75380238,539,2,000000,2,65.80587816976868,551,True,131075,0,True,0,0
221405,2000071215,75380250,75380806,556,2,000000,2,65.80635918838976,971,False,3707764736,96,True,221405,47
221406,2000071216,75381221,75381772,551,2,000000,2,65.80720686367304,563,False,2855272451,54,False,813119146,170
221408,2000071219,75381784,75382323,539,2,000000,2,65.80769835819876,551,True,131075,0,True,0,0
221409,2000071220,75382335,75382874,539,2,000000,2,65.80817937681987,551,True,131075,0,True,0,0
221105,2000069987,75382886,75383425,539,2,000000,2,65.80866039544095,551,True,131075,0,True,0,0
221410,2000071221,75383437,75383971,534,2,000000,2,65.80914141406205,546,True,0,0,True,0,0
221104,2000069986,75383983,75384527,544,2,000000,2,65.80961806772288,556,False,3816240805,96,True,221411,2
221411,2000071222,75384539,75385078,539,2,000000,2,65.81010345130423,551,True,131075,0,True,0,0
221412,2000071223,75385090,75385629,539,2,000000,2,65.81058446992533,551,True,131075,0,True,0,0
221103,2000069985,75385641,75386175,534,2,000000,2,65.81106548854643,546,True,0,0,True,0,0
221413,2000071224,75386187,75386731,544,2,000000,2,65.81154214220726,556,False,3883349674,96,True,221415,2
221415,2000071226,75386743,75387282,539,2,000000,2,65.81202752578862,551,True,131075,0,True,0,0
221416,2000071227,75387294,75387828,534,2,000000,2,65.81250854440972,546,True,0,0,True,0,0
221102,2000069984,75387840,75388384,544,2,000000,2,65.81298519807055,556,False,2910271141,95,True,221101,2
221101,2000069983,75388396,75388935,539,2,000000,2,65.81347058165191,551,True,131075,0,True,0,0
221417,2000071228,75388947,75389481,534,2,000000,2,65.813951600273,546,True,0,0,True,0,0
221419,2000071231,75389493,75390032,539,2,000000,2,65.81442825393383,551,True,131075,0,True,0,0
221100,2000069981,75390044,75390595,551,2,000000,2,65.81490927255493,563,False,2774335491,54,False,1568093861,165
221099,2000069980,75390607,75391146,539,2,000000,2,65.81540076708066,551,True,131075,0,True,0,0
221098,2000069979,75391158,75391690,532,2,000000,2,65.81588178570176,911,True,0,0,True,0,0
221420,2000071232,75392069,75392625,556,2,000000,2,65.81667708146186,673,False,3959422976,96,False,221420,64
221421,2000071233,75392742,75393298,556,2,000000,2,65.8172646051134,568,False,3976200192,96,False,221421,65
221096,2000069977,75393310,75393837,527,2,000000,2,65.81776046459939,539,False,4294901760,0,False,255,255
221095,2000069976,75393849,75394381,532,2,000000,2,65.81823100731586,544,True,0,0,False,0,255
221094,2000069975,75394393,75394920,527,2,000000,2,65.81870591499256,539,False,4294901760,0,False,255,255
221093,2000069973,75394932,75395471,539,2,000000,2,65.81917645770903,937,True,65539,0,True,0,0
221092,2000069972,75395869,75396418,549,2,000000,2,65.8199944512625,561,False,2000069972,84,False,916804727,119
221424,2000071241,75396430,75396969,539,2,000000,2,65.82048419980413,551,True,131075,0,True,0,0
221091,2000069971,75396981,75397515,534,2,000000,2,65.82096521842523,546,True,0,0,True,0,0
221090,2000069970,75397527,75398083,556,2,000000,2,65.82144187208606,568,False,2717908992,95,False,221090,82
221426,2000071244,75398095,75398634,539,2,000000,2,65.82193773157205,551,True,131075,0,True,0,0
221427,2000071245,75398646,75399185,539,2,000000,2,65.82241875019315,551,True,131075,0,True,0,0
221428,2000071246,75399197,75399736,539,2,000000,2,65.82289976881425,551,True,131075,0,True,0,0
221429,2000071247,75399748,75400282,534,2,000000,2,65.82338078743534,546,True,0,0,True,0,0
221089,2000069969,75400294,75400828,534,2,000000,2,65.82385744109617,546,True,0,0,True,0,0
221430,2000071248,75400840,75401374,534,2,000000,2,65.82433409475699,546,True,0,0,True,0,0
221431,2000071249,75401386,75401925,539,2,000000,2,65.82481074841783,4363,True,65538,0,True,0,0
221088,2000069968,75405749,75406283,534,2,000000,2,65.82861961274422,546,True,0,0,True,0,0
221087,2000069967,75406295,75406822,527,2,000000,2,65.82909626640505,539,False,4294901760,0,False,255,255
221432,2000071250,75406834,75407373,539,2,000000,2,65.8295668091215,551,True,131075,0,True,0,0
221433,2000071251,75407385,75407924,539,2,000000,2,65.8300478277426,551,True,131075,0,True,0,0
221436,2000071260,75407936,75408475,539,2,000000,2,65.8305288463637,1694,True,65538,0,True,0,0
221440,2000071277,75409630,75410169,539,2,000000,2,65.83200769490115,551,True,131075,0,True,0,0
221441,2000071278,75410181,75410720,539,2,000000,2,65.83248871352224,551,True,131075,0,True,0,0
221442,2000071279,75410732,75411271,539,2,000000,2,65.83296973214334,551,True,131075,0,True,0,0
221443,2000071280,75411283,75411822,539,2,000000,2,65.83345075076443,551,True,131075,0,True,0,0
221444,2000071281,75411834,75412373,539,2,000000,2,65.83393176938553,551,True,131075,0,True,0,0
221445,2000071283,75412385,75412924,539,2,000000,2,65.83441278800663,551,True,131075,0,True,0,0
221086,2000069966,75412936,75413487,551,2,000000,2,65.83489380662772,668,False,2773352451,54,False,1316435621,165
221446,2000071284,75413604,75414143,539,2,000000,2,65.83547696531899,656,False,268697601,2,False,528,80
221447,2000071285,75414260,75414799,539,2,000000,2,65.83604964810563,551,True,131075,0,True,0,0
221448,2000071286,75414811,75415350,539,2,000000,2,65.83653066672673,551,True,131075,0,True,0,0
221085,2000069965,75415362,75415896,534,2,000000,2,65.83701168534782,932,True,0,0,True,0,0
221449,2000071287,75416294,75416833,539,2,000000,2,65.83782531394104,551,True,131075,0,True,0,0
221450,2000071288,75416845,75417299,454,2,000000,2,65.83830633256214,466,True,0,0,True,0,0
221073,2000069884,75417311,75417845,534,2,000000,2,65.83871314685874,546,True,0,0,True,0,0
221451,2000071289,75417857,75418396,539,2,000000,2,65.83918980051958,1469,False,1661206529,43,False,11107,155
221072,2000069883,75419326,75419860,534,2,000000,2,65.84047222584513,861,True,0,0,True,0,0
221071,2000069882,75420187,75420738,551,2,000000,2,65.8412238720026,563,False,2767847427,54,False,4202116772,164
221070,2000069878,75420750,75421284,534,2,000000,2,65.84171536652833,546,True,0,0,True,0,0
221462,2000071336,75421296,75421835,539,2,000000,2,65.84219202018916,668,False,151257089,6,False,1545,115
221464,2000071339,75421964,75422498,534,2,000000,2,65.84277517888044,546,True,0,0,True,0,0
221069,2000069876,75422510,75423044,534,2,000000,2,65.84325183254127,546,True,0,0,True,0,0
221068,2000069871,75423056,75423590,534,2,000000,2,65.8437284862021,655,False,6225920,125,False,1593867520,0
221067,2000069868,75423711,75424257,546,2,000000,2,65.84430029599669,675,False,916778103,119,False,1662809910,1
221465,2000071342,75424386,75424920,534,2,000000,2,65.84488956563233,659,False,8192000,135,False,2097186560,0
221066,2000069866,75425045,75425572,527,2,000000,2,65.84546486739514,539,False,4294901760,0,False,255,255
221065,2000069865,75425584,75426118,534,2,000000,2,65.8459354101116,546,True,0,0,True,0,0
221064,2000069864,75426130,75426547,417,2,000000,2,65.84641206377242,538,False,16776960,0,False,4278190080,255
221466,2000071343,75426668,75427207,539,2,000000,2,65.84688173349683,773,False,335806465,17,False,4372,75
221467,2000071344,75427441,75427975,534,2,000000,2,65.84755655635365,546,True,0,0,True,0,0
221468,2000071345,75427987,75428521,534,2,000000,2,65.84803321001448,546,True,0,0,True,0,0
221063,2000069863,75428533,75429072,539,2,000000,2,65.8485098636753,918,True,65537,0,True,0,0
221469,2000071349,75429451,75429990,539,2,000000,2,65.84931127037979,551,True,131075,0,True,0,0
221470,2000071354,75430002,75430541,539,2,000000,2,65.84979228900087,551,True,131075,0,True,0,0
221062,2000069862,75430553,75431092,539,2,000000,2,65.85027330762198,551,True,131075,0,True,0,0
221061,2000069861,75431104,75431643,539,2,000000,2,65.85075432624306,551,True,131075,0,True,0,0
221060,2000069860,75431655,75432194,539,2,000000,2,65.85123534486415,551,True,131075,0,True,0,0
221471,2000071355,75432206,75432745,539,2,000000,2,65.85171636348525,932,True,65539,0,True,0,0
221484,2000071421,75433138,75433677,539,2,000000,2,65.85252999207847,2377,True,65538,0,True,0,0
221485,2000071422,75435515,75436054,539,2,000000,2,65.85460509418799,551,True,131075,0,True,0,0
221486,2000071423,75436066,75436605,539,2,000000,2,65.85508611280908,551,True,131075,0,True,0,0
221059,2000069859,75436617,75437156,539,2,000000,2,65.85556713143018,551,True,131075,0,True,0,0
221487,2000071424,75437168,75437707,539,2,000000,2,65.85604815005127,551,True,131075,0,True,0,0
221488,2000071425,75437719,75438258,539,2,000000,2,65.85652916867237,551,True,131075,0,True,0,0
221489,2000071426,75438270,75438809,539,2,000000,2,65.85701018729347,551,True,131075,0,True,0,0
221058,2000069858,75438821,75439355,534,2,000000,2,65.85749120591456,546,True,0,0,True,0,0
221057,2000069857,75439367,75439901,534,2,000000,2,65.85796785957538,546,True,0,0,True,0,0
221490,2000071428,75439913,75440452,539,2,000000,2,65.85844451323621,551,True,131075,0,True,0,0
221491,2000071429,75440464,75440998,534,2,000000,2,65.85892553185731,546,True,0,0,True,0,0
221492,2000071430,75441010,75441549,539,2,000000,2,65.85940218551815,551,True,131075,0,True,0,0
221493,2000071433,75441561,75442095,534,2,000000,2,65.85988320413924,927,True,0,0,True,0,0
221038,2000069768,75442488,75443039,551,2,000000,2,65.86069246777218,563,False,2760376323,54,False,2289514148,164
221494,2000071436,75443051,75443590,539,2,000000,2,65.86118396229791,551,True,131075,0,True,0,0
221037,2000069766,75443602,75444153,551,2,000000,2,65.86166498091902,563,False,2760245251,54,False,2255959716,164
221496,2000071439,75444165,75444699,534,2,000000,2,65.86215647544475,546,True,0,0,True,0,0
221497,2000071442,75444711,75445250,539,2,000000,2,65.86263312910557,1282,True,65538,0,True,0,0
221036,2000069765,75445993,75446532,539,2,000000,2,65.86375230491727,551,True,131075,0,True,0,0
221498,2000071444,75446544,75447083,539,2,000000,2,65.86423332353836,551,True,131075,0,True,0,0
221034,2000069762,75447095,75447634,539,2,000000,2,65.86471434215946,551,True,131075,0,True,0,0
221767,2000072346,75447646,75448197,551,2,000000,2,65.86519536078055,949,False,2929328131,54,False,2591504046,174
221032,2000069760,75448595,75449134,539,2,000000,2,65.86602383023866,2171,True,65539,0,True,0,0
221031,2000069757,75450766,75451305,539,2,000000,2,65.8679190959853,551,True,131075,0,True,0,0
221553,2000071820,75451317,75451856,539,2,000000,2,65.8684001146064,551,True,131075,0,True,0,0
221030,2000069756,75451868,75452407,539,2,000000,2,65.8688811332275,551,True,131075,0,True,0,0
221555,2000071823,75452419,75452951,532,2,000000,2,65.86936215184859,544,True,0,0,False,0,255
221556,2000071824,75452963,75453502,539,2,000000,2,65.86983705952531,551,True,131075,0,True,0,0
221557,2000071825,75453514,75454048,534,2,000000,2,65.87031807814641,932,True,0,0,True,0,0
221558,2000071826,75454446,75454985,539,2,000000,2,65.87113170673962,551,True,131075,0,True,0,0
221559,2000071827,75454997,75455546,549,2,000000,2,65.87161272536072,561,False,2000071827,147,False,917279607,119
221560,2000071828,75455558,75456090,532,2,000000,2,65.87210247390234,544,True,0,0,False,0,255
221768,2000072347,75456102,75456636,534,2,000000,2,65.87257738157906,546,True,0,0,True,0,0
221769,2000072348,75456648,75457180,532,2,000000,2,65.8730540352399,544,True,0,0,False,0,255
221561,2000071829,75457192,75457731,539,2,000000,2,65.87352894291662,551,True,131075,0,True,0,0
221562,2000071830,75457743,75458275,532,2,000000,2,65.87400996153772,925,True,0,0,True,0,0
221563,2000071831,75458668,75459207,539,2,000000,2,65.87481747918656,551,True,131075,0,True,0,0
221564,2000071832,75459219,75459758,539,2,000000,2,65.87529849780765,1049,True,65539,0,True,0,0
221770,2000072349,75460268,75460807,539,2,000000,2,65.87621426647104,551,True,131075,0,True,0,0
221565,2000071833,75460819,75461358,539,2,000000,2,65.87669528509214,551,True,131075,0,True,0,0
221566,2000071834,75461370,75461909,539,2,000000,2,65.87717630371324,551,True,131075,0,True,0,0
221771,2000072350,75461921,75462448,527,2,000000,2,65.87765732233433,539,False,4294901760,0,False,255,255
221567,2000071835,75462460,75462999,539,2,000000,2,65.8781278650508,551,True,131075,0,True,0,0
221568,2000071836,75463011,75463550,539,2,000000,2,65.87860888367189,551,True,131075,0,True,0,0
221017,2000069699,75463562,75464101,539,2,000000,2,65.87908990229299,551,True,131075,0,True,0,0
221016,2000069698,75464113,75464652,539,2,000000,2,65.87957092091408,551,True,131075,0,True,0,0
221014,2000069696,75464664,75465203,539,2,000000,2,65.88005193953518,551,True,131075,0,True,0,0
221810,2000072478,75465215,75465754,539,2,000000,2,65.88053295815627,551,True,131075,0,True,0,0
221569,2000071837,75465766,75466293,527,2,000000,2,65.88101397677735,539,False,4294901760,0,False,255,255
221013,2000069694,75466305,75466839,534,2,000000,2,65.88148451949382,546,True,0,0,True,0,0
221012,2000069693,75466851,75467390,539,2,000000,2,65.88196117315465,551,True,131075,0,True,0,0
221011,2000069692,75467402,75467958,556,2,000000,2,65.88244219177575,568,False,1392508928,95,True,221011,60
221010,2000069691,75467970,75468526,556,2,000000,2,65.88293805126175,568,False,1375731712,95,True,221010,59
221570,2000071853,75468538,75469094,556,2,000000,2,65.88343391074774,568,False,2181038080,97,False,221570,173
221811,2000072479,75469106,75469645,539,2,000000,2,65.88392977023373,551,True,131075,0,True,0,0
221571,2000071854,75469657,75470191,534,2,000000,2,65.88441078885484,546,True,0,0,True,0,0
221572,2000071855,75470203,75470735,532,2,000000,2,65.88488744251566,544,True,0,0,False,0,255
221009,2000069689,75470747,75471303,556,2,000000,2,65.88536235019238,568,False,1358954496,95,True,221009,57
221008,2000069687,75471315,75471866,551,2,000000,2,65.88585820967837,563,False,2755067907,54,False,930559652,164
221007,2000069686,75471878,75472412,534,2,000000,2,65.88634970420411,546,True,0,0,True,0,0
221006,2000069685,75472424,75472958,534,2,000000,2,65.88682635786493,546,True,0,0,True,0,0
221005,2000069684,75472970,75473509,539,2,000000,2,65.88730301152577,551,True,131075,0,True,0,0
221575,2000071882,75473521,75474060,539,2,000000,2,65.88778403014686,551,True,131075,0,True,0,0
221576,2000071883,75474072,75474606,534,2,000000,2,65.88826504876796,546,True,0,0,True,0,0
221577,2000071884,75474618,75475152,534,2,000000,2,65.88874170242879,546,True,0,0,True,0,0
221812,2000072480,75475164,75475696,532,2,000000,2,65.88921835608961,544,True,0,0,False,0,255
221578,2000071885,75475708,75476247,539,2,000000,2,65.88969326376635,551,True,131075,0,True,0,0
221004,2000069682,75476259,75476786,527,2,000000,2,65.89017428238743,539,False,4294901760,0,False,255,255
221580,2000071887,75476798,75477342,544,2,000000,2,65.89064482510389,556,False,1266103980,95,True,221003,2
221003,2000069681,75477354,75477888,534,2,000000,2,65.89113020868525,546,True,0,0,True,0,0
221581,2000071888,75477900,75478439,539,2,000000,2,65.89160686234608,551,True,131075,0,True,0,0
221582,2000071889,75478451,75478990,539,2,000000,2,65.89208788096718,551,True,131075,0,True,0,0
220988,2000069588,75479002,75479541,539,2,000000,2,65.89256889958828,551,True,131075,0,True,0,0
221583,2000071890,75479553,75480087,534,2,000000,2,65.89304991820939,546,True,0,0,True,0,0
221584,2000071891,75480099,75480638,539,2,000000,2,65.89352657187021,551,True,131075,0,True,0,0
221585,2000071892,75480650,75481184,534,2,000000,2,65.8940075904913,546,True,0,0,True,0,0
220986,2000069585,75481196,75481735,539,2,000000,2,65.89448424415212,551,True,131075,0,True,0,0
221586,2000071894,75481747,75482281,534,2,000000,2,65.89496526277323,546,True,0,0,True,0,0
220985,2000069583,75482293,75482844,551,2,000000,2,65.89544191643407,563,False,2748252163,54,False,3480696483,163
220984,2000069581,75482856,75483395,539,2,000000,2,65.89593341095978,551,True,131075,0,True,0,0
220983,2000069580,75483407,75483946,539,2,000000,2,65.89641442958089,551,True,131075,0,True,0,0
221587,2000071896,75483958,75484497,539,2,000000,2,65.89689544820197,551,True,131075,0,True,0,0
220982,2000069579,75484509,75485161,652,2,000000,2,65.89737646682308,664,False,4294967295,255,False,4294967295,1
221588,2000071899,75485173,75485712,539,2,000000,2,65.89795613354613,551,True,131075,0,True,0,0
221589,2000071900,75485724,75486256,532,2,000000,2,65.89843715216723,544,True,0,0,False,0,255
220981,2000069578,75486268,75486807,539,2,000000,2,65.89891205984395,551,True,131075,0,True,0,0
220980,2000069577,75486819,75487353,534,2,000000,2,65.89939307846505,546,True,0,0,True,0,0
221813,2000072481,75487365,75487904,539,2,000000,2,65.89986973212588,551,True,131075,0,True,0,0
220979,2000069573,75487916,75488455,539,2,000000,2,65.90035075074697,551,True,131075,0,True,0,0
220978,2000069571,75488467,75489001,534,2,000000,2,65.90083176936807,1199,True,0,0,True,0,0
220977,2000069570,75489666,75490205,539,2,000000,2,65.90187848683938,551,True,131075,0,True,0,0
220976,2000069569,75490217,75490751,534,2,000000,2,65.90235950546047,651,False,4259840,100,False,1090544640,0
221814,2000072482,75490868,75491400,532,2,000000,2,65.90292782328684,1323,True,0,0,True,0,0
220974,2000069559,75492191,75492838,647,2,000000,2,65.90408279177271,1426,False,131071,108,True,486400,0
220972,2000069557,75493617,75494151,534,2,000000,2,65.90532767844,546,True,0,0,True,0,0
221597,2000071925,75494163,75494702,539,2,000000,2,65.90580433210084,551,True,131075,0,True,0,0
221599,2000071927,75494714,75495253,539,2,000000,2,65.90628535072194,551,True,131075,0,True,0,0
221600,2000071930,75495265,75495799,534,2,000000,2,65.90676636934303,546,True,0,0,True,0,0
221601,2000071931,75495811,75496350,539,2,000000,2,65.90724302300387,961,True,65536,0,True,0,0
220971,2000069556,75496772,75497311,539,2,000000,2,65.9080819683666,1240,True,65536,0,True,0,0
221602,2000071934,75498012,75498546,534,2,000000,2,65.90916447851208,546,True,0,0,True,0,0
221603,2000071937,75498558,75499085,527,2,000000,2,65.90964113217291,925,False,570425344,0,True,34,0
221604,2000071939,75499483,75500022,539,2,000000,2,65.91044864982176,551,True,131075,0,True,0,0
221816,2000072484,75500034,75500573,539,2,000000,2,65.91092966844285,551,True,131075,0,True,0,0
221817,2000072485,75500585,75501124,539,2,000000,2,65.91141068706395,551,True,131075,0,True,0,0
220969,2000069554,75501136,75501675,539,2,000000,2,65.91189170568505,551,True,131075,0,True,0,0
221605,2000071941,75501687,75502226,539,2,000000,2,65.91237272430615,937,True,65539,0,True,0,0
221607,2000071948,75502624,75503168,544,2,000000,2,65.91319071785962,556,False,2054633133,98,True,221818,2
221818,2000072486,75503180,75503712,532,2,000000,2,65.91367610144097,544,True,0,0,False,0,255
221819,2000072487,75503724,75504256,532,2,000000,2,65.9141510091177,1328,True,0,0,True,0,0
221608,2000071950,75505052,75505579,527,2,000000,2,65.91531034256383,925,False,335544320,0,True,20,0
221609,2000071953,75505977,75506511,534,2,000000,2,65.91611786021268,546,True,0,0,True,0,0
221610,2000071956,75506523,75507062,539,2,000000,2,65.9165945138735,551,True,131075,0,True,0,0
221611,2000071961,75507074,75507613,539,2,000000,2,65.9170755324946,551,True,131075,0,True,0,0
221612,2000071965,75507625,75508152,527,2,000000,2,65.9175565511157,539,False,4294901760,0,False,255,255
221613,2000071966,75508164,75508703,539,2,000000,2,65.91802709383215,808,True,65538,0,True,0,0
220952,2000069289,75508972,75509511,539,2,000000,2,65.91873247141082,551,True,131075,0,True,0,0
220951,2000069287,75509523,75510062,539,2,000000,2,65.91921349003191,551,True,131075,0,True,0,0
220950,2000069285,75510074,75510625,551,2,000000,2,65.91969450865301,563,False,2728722435,54,False,2776053410,162
221614,2000071967,75510637,75511176,539,2,000000,2,65.92018600317874,551,True,131075,0,True,0,0
221615,2000071968,75511188,75511727,539,2,000000,2,65.92066702179984,551,True,131075,0,True,0,0
220949,2000069284,75511739,75512273,534,2,000000,2,65.92114804042093,546,True,0,0,True,0,0
220947,2000069282,75512285,75512819,534,2,000000,2,65.92162469408176,546,True,0,0,True,0,0
220946,2000069281,75512831,75513365,534,2,000000,2,65.9221013477426,932,True,0,0,True,0,0
221616,2000071971,75513763,75514302,539,2,000000,2,65.9229149763358,551,True,131075,0,True,0,0
220944,2000069279,75514314,75514853,539,2,000000,2,65.9233959949569,551,True,131075,0,True,0,0
221617,2000071972,75514865,75515399,534,2,000000,2,65.923877013578,546,True,0,0,True,0,0
221825,2000072514,75515411,75515943,532,2,000000,2,65.92435366723882,544,True,0,0,False,0,255
220943,2000069278,75515955,75516494,539,2,000000,2,65.92482857491555,551,True,131075,0,True,0,0
221618,2000071973,75516506,75517045,539,2,000000,2,65.92530959353664,551,True,131075,0,True,0,0
220942,2000069277,75517057,75517596,539,2,000000,2,65.92579061215774,668,False,201588738,2,False,524,135
221826,2000072515,75517725,75518264,539,2,000000,2,65.92637377084901,551,True,131075,0,True,0,0
220940,2000069275,75518276,75518810,534,2,000000,2,65.92685478947011,546,True,0,0,True,0,0
221619,2000071974,75518822,75519356,534,2,000000,2,65.92733144313094,663,False,9502720,160,False,2432737280,0
220932,2000069251,75519485,75520012,527,2,000000,2,65.92791023686195,925,False,570425344,0,True,34,0
220931,2000069248,75520410,75520944,534,2,000000,2,65.92871775451079,546,True,0,0,True,0,0
220930,2000069246,75520956,75521495,539,2,000000,2,65.92919440817163,551,True,131075,0,True,0,0
220929,2000069242,75521507,75522046,539,2,000000,2,65.92967542679273,551,True,131075,0,True,0,0
220928,2000069239,75522058,75522592,534,2,000000,2,65.93015644541381,546,True,0,0,True,0,0
221827,2000072516,75522604,75523136,532,2,000000,2,65.93063309907464,544,True,0,0,False,0,255
221828,2000072518,75523148,75523687,539,2,000000,2,65.93110800675137,551,True,131075,0,True,0,0
221626,2000072005,75523699,75524238,539,2,000000,2,65.93158902537246,551,True,131075,0,True,0,0
221627,2000072007,75524250,75524789,539,2,000000,2,65.93207004399356,551,True,131075,0,True,0,0
221628,2000072009,75524801,75525340,539,2,000000,2,65.93255106261465,551,True,131075,0,True,0,0
220927,2000069238,75525352,75525879,527,2,000000,2,65.93303208123575,539,False,4294901760,0,False,255,255
220926,2000069237,75525891,75526430,539,2,000000,2,65.93350262395221,551,True,131075,0,True,0,0
221629,2000072010,75526442,75526981,539,2,000000,2,65.93398364257331,551,True,131075,0,True,0,0
220925,2000069234,75526993,75527532,539,2,000000,2,65.9344646611944,551,True,131075,0,True,0,0
220924,2000069233,75527544,75528078,534,2,000000,2,65.9349456798155,546,True,0,0,True,0,0
220923,2000069232,75528090,75528624,534,2,000000,2,65.93542233347634,546,True,0,0,True,0,0
221630,2000072013,75528636,75529170,534,2,000000,2,65.93589898713716,546,True,0,0,True,0,0
220921,2000069229,75529182,75529721,539,2,000000,2,65.93637564079799,551,True,131075,0,True,0,0
221631,2000072015,75529733,75530272,539,2,000000,2,65.93685665941908,551,True,131075,0,True,0,0
221632,2000072016,75530284,75530823,539,2,000000,2,65.93733767804018,551,True,131075,0,True,0,0
221830,2000072520,75530835,75531362,527,2,000000,2,65.93781869666128,539,False,4294901760,0,False,255,255
221831,2000072521,75531374,75531908,534,2,000000,2,65.93828923937774,546,True,0,0,True,0,0
221633,2000072018,75531920,75532454,534,2,000000,2,65.93876589303856,546,True,0,0,True,0,0
220920,2000069228,75532466,75533005,539,2,000000,2,65.9392425466994,668,False,553910274,2,False,545,135
221832,2000072522,75533134,75533666,532,2,000000,2,65.93982570539067,544,True,0,0,False,0,255
220919,2000069225,75533678,75534212,534,2,000000,2,65.94030061306741,1318,True,0,0,True,0,0
220916,2000069210,75534996,75535552,556,2,000000,2,65.941451216593,568,False,4093640704,94,False,220916,90
220914,2000069206,75535564,75536110,546,2,000000,2,65.94194707607899,558,False,916608631,119,False,1653176118,3
221833,2000072523,75536122,75536678,556,2,000000,2,65.94243420564445,568,False,2298478592,98,False,221833,75
220913,2000069205,75536690,75537229,539,2,000000,2,65.94293006513044,551,True,131075,0,True,0,0
220912,2000069201,75537241,75537780,539,2,000000,2,65.94341108375154,551,True,131075,0,True,0,0
221834,2000072524,75537792,75538324,532,2,000000,2,65.94389210237264,544,True,0,0,False,0,255
221635,2000072020,75538336,75538870,534,2,000000,2,65.94436701004936,932,True,0,0,True,0,0
221636,2000072021,75539268,75539824,556,2,000000,2,65.94518063864257,568,False,3288334336,97,False,221636,85
221836,2000072527,75539836,75540370,534,2,000000,2,65.94567649812856,546,True,0,0,True,0,0
221643,2000072070,75540382,75540914,532,2,000000,2,65.9461531517894,544,True,0,0,False,0,255
221837,2000072529,75540926,75541460,534,2,000000,2,65.94662805946612,546,True,0,0,True,0,0
221644,2000072071,75541472,75542006,534,2,000000,2,65.94710471312696,546,True,0,0,True,0,0
221645,2000072075,75542018,75542557,539,2,000000,2,65.94758136678779,937,True,65539,0,True,0,0
221646,2000072078,75542955,75543489,534,2,000000,2,65.94839936034126,546,True,0,0,True,0,0
221647,2000072081,75543501,75544040,539,2,000000,2,65.9488760140021,551,True,131075,0,True,0,0
220908,2000069190,75544052,75544603,551,2,000000,2,65.9493570326232,563,False,2722496515,54,False,1182217890,162
220907,2000069189,75544615,75545154,539,2,000000,2,65.94984852714892,551,True,131075,0,True,0,0
220906,2000069187,75545166,75545722,556,2,000000,2,65.95032954577002,568,False,3925868544,94,False,220906,67
220905,2000069186,75545734,75546273,539,2,000000,2,65.95082540525601,551,True,131075,0,True,0,0
221838,2000072530,75546285,75546824,539,2,000000,2,65.9513064238771,551,True,131075,0,True,0,0
220904,2000069185,75546836,75547387,551,2,000000,2,65.9517874424982,563,False,2722168835,54,False,1098331810,162
220903,2000069184,75547399,75547950,551,2,000000,2,65.95227893702392,563,False,2722103299,54,False,1081554594,162
220902,2000069182,75547962,75548501,539,2,000000,2,65.95277043154965,551,True,131075,0,True,0,0
221648,2000072083,75548513,75549052,539,2,000000,2,65.95325145017074,551,True,131075,0,True,0,0
221839,2000072531,75549064,75549620,556,2,000000,2,65.95373246879184,568,False,2399141888,98,False,221839,83
221840,2000072532,75549632,75550171,539,2,000000,2,65.95422832827784,551,True,131075,0,True,0,0
221841,2000072533,75550183,75550722,539,2,000000,2,65.95470934689894,551,True,131075,0,True,0,0
221649,2000072084,75550734,75551261,527,2,000000,2,65.95519036552002,539,False,4294901760,0,False,255,255
221843,2000072536,75551273,75551800,527,2,000000,2,65.9556609082365,539,False,4294901760,0,False,255,255
220901,2000069181,75551812,75552351,539,2,000000,2,65.95613145095295,551,True,131075,0,True,0,0
220900,2000069177,75552363,75552902,539,2,000000,2,65.95661246957405,551,True,131075,0,True,0,0
220899,2000069176,75552914,75553448,534,2,000000,2,65.95709348819514,546,True,0,0,True,0,0
221650,2000072085,75553460,75553999,539,2,000000,2,65.95757014185597,551,True,131075,0,True,0,0
221844,2000072537,75554011,75554538,527,2,000000,2,65.95805116047705,539,False,4294901760,0,False,255,255
220898,2000069175,75554550,75555084,534,2,000000,2,65.95852170319353,546,True,0,0,True,0,0
221845,2000072539,75555096,75555635,539,2,000000,2,65.95899835685437,551,True,131075,0,True,0,0
220894,2000069168,75555647,75556181,534,2,000000,2,65.95947937547545,546,True,0,0,True,0,0
220884,2000069096,75556193,75556727,534,2,000000,2,65.95995602913628,546,True,0,0,True,0,0
221651,2000072086,75556739,75557266,527,2,000000,2,65.9604326827971,539,False,4294901760,0,False,255,255
221652,2000072087,75557278,75557817,539,2,000000,2,65.96090322551358,551,True,131075,0,True,0,0
220883,2000069093,75557829,75558363,534,2,000000,2,65.96138424413466,768,False,7536640,130,False,1929413120,0
220881,2000069088,75558597,75559136,539,2,000000,2,65.96205470203122,551,True,131075,0,True,0,0
221653,2000072089,75559148,75559704,556,2,000000,2,65.96253572065231,568,False,3573547008,97,False,221653,153
221662,2000072125,75559716,75560255,539,2,000000,2,65.9630315801383,676,False,788791298,2,False,559,130
220880,2000069086,75560392,75560931,539,2,000000,2,65.963621722766,551,True,131075,0,True,0,0
220879,2000069083,75560943,75561477,534,2,000000,2,65.96410274138711,546,True,0,0,True,0,0
221663,2000072126,75561489,75562028,539,2,000000,2,65.96457939504793,656,False,503578627,2,False,542,65
221851,2000072549,75562145,75562701,556,2,000000,2,65.96515207783457,568,False,2600468480,98,False,221851,101
220878,2000069081,75562713,75563252,539,2,000000,2,65.96564793732057,551,True,131075,0,True,0,0
221852,2000072550,75563264,75563791,527,2,000000,2,65.96612895594166,539,False,4294901760,0,False,255,255
220876,2000069079,75563803,75564337,534,2,000000,2,65.96659949865813,546,True,0,0,True,0,0
220875,2000069077,75564349,75564888,539,2,000000,2,65.96707615231895,551,True,131075,0,True,0,0
220874,2000069075,75564900,75565439,539,2,000000,2,65.96755717094005,551,True,131075,0,True,0,0
221853,2000072551,75565451,75565990,539,2,000000,2,65.96803818956114,551,True,131075,0,True,0,0
221854,2000072552,75566002,75566534,532,2,000000,2,65.96851920818224,649,False,7864415,95,True,24320,12
221855,2000072553,75566651,75567185,534,2,000000,2,65.9690857800245,546,True,0,0,True,0,0
221856,2000072555,75567197,75567736,539,2,000000,2,65.96956243368534,668,False,3120824322,17,False,4538,115
220873,2000069070,75567865,75568404,539,2,000000,2,65.97014559237661,551,True,131075,0,True,0,0
221857,2000072557,75568416,75568955,539,2,000000,2,65.97062661099771,551,True,131075,0,True,0,0
221858,2000072558,75568967,75569501,534,2,000000,2,65.97110762961881,546,True,0,0,True,0,0
220872,2000069069,75569513,75570040,527,2,000000,2,65.97158428327964,539,False,4294901760,0,False,255,255
221860,2000072560,75570052,75570586,534,2,000000,2,65.9720548259961,879,True,0,0,True,0,0
221861,2000072561,75570931,75571470,539,2,000000,2,65.97282218601052,825,True,65537,0,True,0,0
220871,2000069068,75571756,75572283,527,2,000000,2,65.97354240445408,849,True,0,0,True,0,0
221862,2000072562,75572605,75573139,534,2,000000,2,65.9742835747069,546,True,0,0,True,0,0
221863,2000072563,75573151,75573690,539,2,000000,2,65.97476022836773,551,True,131075,0,True,0,0
221865,2000072565,75573702,75574236,534,2,000000,2,65.97524124698883,889,False,5242880,110,False,1342205440,0
220870,2000069066,75574591,75575130,539,2,000000,2,65.97601733692377,1054,True,65539,0,True,0,0
221665,2000072129,75575645,75576184,539,2,000000,2,65.97693747054743,551,True,131075,0,True,0,0
221866,2000072566,75576196,75576730,534,2,000000,2,65.97741848916853,927,True,0,0,True,0,0
221666,2000072132,75577123,75577657,534,2,000000,2,65.97822775280147,546,True,0,0,True,0,0
221867,2000072567,75577669,75578208,539,2,000000,2,65.97870440646231,1318,True,65539,0,True,0,0
221868,2000072568,75578987,75579514,527,2,000000,2,65.9798550099879,539,False,4294901760,0,False,255,255
221667,2000072133,75579526,75580082,556,2,000000,2,65.98032555270437,568,False,3808428032,97,False,221667,197
221668,2000072134,75580094,75580628,534,2,000000,2,65.98082141219037,546,True,0,0,True,0,0
221669,2000072136,75580640,75581179,539,2,000000,2,65.98129806585119,551,True,131075,0,True,0,0
221670,2000072137,75581191,75581730,539,2,000000,2,65.98177908447228,551,True,131075,0,True,0,0
220854,2000068989,75581742,75582274,532,2,000000,2,65.98226010309338,544,True,0,0,False,0,255
221870,2000072572,75582286,75582818,532,2,000000,2,65.9827350107701,544,True,0,0,False,0,255
221671,2000072138,75582830,75583369,539,2,000000,2,65.98320991844683,551,True,131075,0,True,0,0
220853,2000068987,75583381,75583913,532,2,000000,2,65.98369093706792,544,True,0,0,False,0,255
221871,2000072574,75583925,75584457,532,2,000000,2,65.98416584474465,1235,True,0,0,True,0,0
221873,2000072580,75585160,75585699,539,2,000000,2,65.98524398992987,965,True,65536,0,True,0,0
220852,2000068985,75586125,75586659,534,2,000000,2,65.98608642726082,1612,True,0,0,True,0,0
220851,2000068984,75587737,75588271,534,2,000000,2,65.98749369044994,546,True,0,0,True,0,0
221683,2000072153,75588283,75588822,539,2,000000,2,65.98797034411076,652,False,419692546,17,True,4377,50
220850,2000068983,75588935,75589469,534,2,000000,2,65.9885395349292,546,True,0,0,True,0,0
221685,2000072155,75589481,75590020,539,2,000000,2,65.98901618859003,1036,False,939786242,91,False,23352,75
220849,2000068982,75590517,75591056,539,2,000000,2,65.98992060835673,551,True,131075,0,True,0,0
220848,2000068981,75591068,75591607,539,2,000000,2,65.99040162697783,551,True,131075,0,True,0,0
220847,2000068979,75591619,75592158,539,2,000000,2,65.99088264559893,551,True,131075,0,True,0,0
221686,2000072156,75592170,75592709,539,2,000000,2,65.99136366422002,551,True,131075,0,True,0,0
220846,2000068978,75592721,75593248,527,2,000000,2,65.99184468284112,1469,True,0,0,True,0,0
220845,2000068977,75594190,75594729,539,2,000000,2,65.99312710816669,551,True,131075,0,True,0,0
220844,2000068975,75594741,75595280,539,2,000000,2,65.99360812678779,551,True,131075,0,True,0,0
220842,2000068972,75595292,75595826,534,2,000000,2,65.99408914540888,667,False,7536640,145,False,1929416960,0
221687,2000072157,75595959,75596498,539,2,000000,2,65.9946714311081,1335,True,65539,0,True,0,0
220823,2000068918,75597294,75597843,549,2,000000,2,65.9958368754986,561,False,2000068918,54,False,916534903,119
220822,2000068917,75597855,75598394,539,2,000000,2,65.99632662404021,551,True,131075,0,True,0,0
221688,2000072159,75598406,75598945,539,2,000000,2,65.99680764266131,551,True,131075,0,True,0,0
220821,2000068916,75598957,75599496,539,2,000000,2,65.99728866128241,551,True,131075,0,True,0,0
220818,2000068911,75599508,75600047,539,2,000000,2,65.9977696799035,551,True,131075,0,True,0,0
220817,2000068910,75600059,75600615,556,2,000000,2,65.9982506985246,568,False,2432696320,94,True,220817,46
220816,2000068909,75600627,75601166,539,2,000000,2,65.99874655801058,551,True,131075,0,True,0,0
221690,2000072162,75601178,75601705,527,2,000000,2,65.99922757663168,539,False,4294901760,0,False,255,255
220815,2000068908,75601717,75602251,534,2,000000,2,65.99969811934814,546,True,0,0,True,0,0
221691,2000072163,75602263,75602802,539,2,000000,2,66.00017477300896,551,True,131075,0,True,0,0
221692,2000072164,75602814,75603348,534,2,000000,2,66.00065579163007,546,True,0,0,True,0,0
221693,2000072165,75603360,75603894,534,2,000000,2,66.0011324452909,546,True,0,0,True,0,0
220814,2000068907,75603906,75604445,539,2,000000,2,66.00160909895173,668,False,2114191362,43,False,11134,120
220813,2000068906,75604574,75605113,539,2,000000,2,66.002192257643,551,True,131075,0,True,0,0
221694,2000072166,75605125,75605676,551,2,000000,2,66.0026732762641,563,False,2917531651,54,False,3866572461,173
220812,2000068905,75605688,75606237,549,2,000000,2,66.00316477078982,561,False,2000068905,41,False,916531575,119
221697,2000072171,75606249,75606783,534,2,000000,2,66.00365451933145,546,True,0,0,True,0,0
221698,2000072172,75606795,75607351,556,2,000000,2,66.00413117299227,959,False,33554432,98,False,221698,236
221700,2000072174,75607754,75608293,539,2,000000,2,66.00496837237093,551,True,131075,0,True,0,0
220811,2000068903,75608305,75608839,534,2,000000,2,66.00544939099201,546,True,0,0,True,0,0
221701,2000072175,75608851,75609503,652,2,000000,2,66.00592604465284,664,False,4294967295,255,False,4294967295,1
221702,2000072176,75609515,75610061,546,2,000000,2,66.00650571137591,1845,False,917368951,119,False,1646491446,3
220810,2000068902,75611360,75611894,534,2,000000,2,66.00811638171334,546,True,0,0,True,0,0
220809,2000068901,75611906,75612440,534,2,000000,2,66.00859303537416,663,False,8192000,135,False,2097186560,0
221737,2000072291,75612569,75613108,539,2,000000,2,66.00917182910517,551,True,131075,0,True,0,0
221738,2000072292,75613120,75613654,534,2,000000,2,66.00965284772626,1233,True,0,0,True,0,0
221740,2000072295,75614353,75614887,534,2,000000,2,66.01072924692737,546,True,0,0,True,0,0
221741,2000072297,75614899,75615433,534,2,000000,2,66.0112059005882,1699,True,0,0,True,0,0
221742,2000072299,75616598,75617137,539,2,000000,2,66.01268911408592,551,True,131075,0,True,0,0
221743,2000072300,75617149,75617688,539,2,000000,2,66.01317013270702,551,True,131075,0,True,0,0
221744,2000072301,75617700,75618249,549,2,000000,2,66.0136511513281,561,False,2000072301,109,False,917400951,119
221745,2000072302,75618261,75618800,539,2,000000,2,66.01414089986973,551,True,131075,0,True,0,0
220808,2000068900,75618812,75619339,527,2,000000,2,66.01462191849082,539,False,4294901760,0,False,255,255
221746,2000072304,75619351,75619878,527,2,000000,2,66.01509246120729,539,False,4294901760,0,False,255,255
221748,2000072307,75619890,75620429,539,2,000000,2,66.01556300392375,551,True,131075,0,True,0,0
221749,2000072308,75620441,75620968,527,2,000000,2,66.01604402254483,539,False,4294901760,0,False,255,255
221750,2000072309,75620980,75621514,534,2,000000,2,66.0165145652613,546,True,0,0,True,0,0
221751,2000072310,75621526,75622065,539,2,000000,2,66.01699121892214,551,True,131075,0,True,0,0
221752,2000072311,75622077,75622616,539,2,000000,2,66.01747223754323,551,True,131075,0,True,0,0
220806,2000068898,75622628,75623189,561,2,000000,2,66.01795325616433,573,False,124518401,0,True,7,0
220803,2000068895,75623201,75623750,549,2,000000,2,66.01845348061059,561,False,2000068895,31,False,916529015,119
221753,2000072312,75623762,75624313,551,2,000000,2,66.0189432291522,563,False,2927099907,54,False,2021078702,174
221754,2000072313,75624325,75624864,539,2,000000,2,66.01943472367793,551,True,131075,0,True,0,0
220802,2000068894,75624876,75625415,539,2,000000,2,66.01991574229903,551,True,131075,0,True,0,0
221762,2000072341,75625427,75625959,532,2,000000,2,66.02039676092014,544,True,0,0,False,0,255
221763,2000072342,75625971,75626505,534,2,000000,2,66.02087166859685,546,True,0,0,True,0,0
221764,2000072343,75626517,75627056,539,2,000000,2,66.02134832225768,551,True,131075,0,True,0,0
221765,2000072344,75627068,75627607,539,2,000000,2,66.02182934087878,1304,True,65537,0,True,0,0
221766,2000072345,75628372,75628911,539,2,000000,2,66.02296772251563,551,True,131075,0,True,0,0
220801,2000068893,75628923,75629455,532,2,000000,2,66.02344874113672,544,True,0,0,False,0,255
220800,2000068892,75629467,75629999,532,2,000000,2,66.02392364881345,2484,True,0,0,False,0,255
221331,2000070787,75631951,75632483,532,2,000000,2,66.02609216107263,27566,True,5570620,60,True,15360,0
221598,2000071926,75659517,75660056,539,2,000000,2,66.05015706000023,78043,True,65538,0,True,0,0
221846,2000072540,75737560,75738188,628,2,000000,2,66.11828797877722,2319376,False,131071,108,True,486400,0
223902,2000080310,78056936,78057463,527,2,500050,1342197762,68.14308479424189,19813,False,335569408,0,True,20,0
224642,2000082852,78076749,78077313,564,2,500050,1342197762,68.16038138578409,16919,False,16777471,0,False,124518401,0
224504,2000082560,78093668,78094232,564,2,500050,1342197762,68.17515153832548,576,False,16777471,0,False,124518401,0
224502,2000082558,78094244,78094808,564,2,500050,1342197762,68.17565438174789,176608,False,16777471,0,False,124518401,0
224506,2000082563,78270852,78271379,527,2,4e004e,1308642818,68.32983176220954,29080,False,4294902015,0,False,255,255
223903,2000080312,78299932,78300466,534,2,4e004e,1308642818,68.35521837110508,56280,False,1245262,78,False,4211101184,255
224509,2000082573,78356212,78356776,564,2,4d004d,1291865346,68.4043503638369,576,False,16777471,0,False,124518401,0
224505,2000082562,78356788,78357322,534,2,4d004d,1291865346,68.40485320725931,260329,False,1114189,77,False,4194323712,255
222074,2000073847,78617117,78617663,546,2,4a004a,1241532930,68.63211835537376,172585,False,917796727,119,False,3424548662,1
222143,2000074269,78789702,78790236,534,2,470047,1191200514,68.78278368880697,42403,False,786503,71,False,1342195456,0
222122,2000074083,78832105,78832639,534,2,460046,1174423042,68.81980117082203,11543,False,1310790,70,False,3372238336,255
225008,2000083662,78843648,78844182,534,2,460046,1174423042,68.82987811808754,180558,True,0,0,False,1174405120,0
222773,2000076995,79024206,79024740,534,2,440044,1140868098,68.98750381715774,11196,True,4456516,10,False,1140853248,0
224719,2000083025,79035402,79035929,527,2,440044,1140868098,68.99727783618094,188958,False,4294902015,0,False,255,255
223560,2000079299,79224360,79224894,534,2,410041,1090535682,69.16223666849471,546,False,983105,65,False,3204464896,255
223558,2000079294,79224906,79225440,534,2,410041,1090535682,69.16271332215554,3705,False,1048641,65,False,4194320640,255
223557,2000079292,79228611,79229145,534,2,410041,1090535682,69.16594775771118,3483,False,1048641,65,False,4194320640,255
223548,2000079261,79232094,79232628,534,2,410041,1090535682,69.1689883890311,546,False,983105,65,False,4194320640,255
223547,2000079259,79232640,79233174,534,2,410041,1090535682,69.16946504269194,70805,False,1048641,65,False,4177543424,255
224055,2000081046,79303445,79303979,534,2,3f003f,1056980738,69.23127724499074,4255,True,1048639,63,False,4194320128,255
222144,2000074270,79307700,79308251,551,2,3f003f,1056980738,69.2349918261754,6047,False,3055419395,54,False,511129270,182
224349,2000082160,79313747,79314325,578,2,3e003e,1040203266,69.24027080911873,33037,False,318898176,1,False,2050556179,0
223550,2000079264,79346784,79347318,534,2,000000,2,69.26911184756722,4371,True,1966110,0,False,1006632960,0
223887,2000080218,79351155,79351682,527,2,3c003c,1006648322,69.27292769583,14565,False,4294902015,0,False,255,255
223554,2000079279,79365720,79366254,534,2,3c003c,1006648322,69.28564282507911,2274,True,983100,60,False,1258306560,0
224942,2000083504,79367994,79368521,527,2,3c003c,1006648322,69.28762800900718,16600,False,4294902015,0,False,255,255
223553,2000079277,79384594,79385128,534,2,3c003c,1006648322,69.30211967708372,2355,True,983100,60,False,3540007936,255
223551,2000079269,79386949,79387483,534,2,3c003c,1006648322,69.30417557336808,37449,True,327740,60,False,1375747072,0
223892,2000080232,79424398,79424925,527,2,3c0039,956316674,69.33686825275355,10822,False,4294901760,0,False,255,255
222580,2000076483,79435220,79435792,572,2,370037,922760962,69.346315772749,135958,False,16777336,14,False,4278193665,1
220824,2000068919,79571178,79571717,539,2,000000,2,69.46500602626415,322449,True,65537,0,True,0,0
225208,2000084281,79893627,79894218,591,2,410048,1207976194,69.74650144069878,130758,False,11337985,0,True,0,0
225232,2000084314,80024385,80024966,581,2,3c0041,1090534402,69.86065213553935,96373,True,131072,0,False,167837696,0
225217,2000084291,80120758,80121302,544,2,3c003c,1006648322,69.94478499864424,5861,False,1735866077,92,True,89191,2
225066,2000083901,80126619,80127188,569,2,320037,922759682,69.94990160506572,2494,False,4278194945,1,False,16712191,0
225216,2000084290,80129113,80129650,537,2,3c003c,1006648322,69.95207884724543,3317,False,922760962,0,False,983095,65
225231,2000084312,80132430,80133011,581,2,3c003c,1006648322,69.95497456188457,1761,True,131072,0,False,302055424,0
225233,2000084315,80134191,80134767,576,2,37003c,1006647042,69.95651190088957,37157,True,5377,2,True,512,1
224438,2000082411,80171348,80171887,539,2,280028,671098882,69.9889496665956,35717,False,838991873,0,True,4259890,15
224455,2000082445,80207065,80207639,574,2,2d002d,754986242,70.0201303237456,32928,True,4839424,0,False,302055424,0
224442,2000082419,80239993,80240532,539,2,1e001e,503324162,70.04887620606036,8186,False,922877953,0,True,3932215,4
224460,2000082451,80248179,80248753,574,2,280028,671098882,70.0560225190046,16021,True,4839424,0,False,100728832,0
224653,2000082876,80264200,80264762,562,2,280028,671098882,70.07000872468258,975,False,1811939584,7,True,1900,0
224652,2000082874,80265175,80265712,537,2,280028,671098882,70.07085989193406,72970,False,922746881,0,True,3276855,1
225244,2000084332,80338145,80338677,532,2,320032,838873602,70.13456212202718,544,False,3932165,211,False,16765696,255
225240,2000084325,80338689,80339263,574,2,320037,922759682,70.13503702970391,586,True,1334528,0,False,100728832,0
225214,2000084288,80339275,80339817,542,2,370037,922760962,70.13554860304684,931,False,23021687,0,True,65537,0
225207,2000084279,80340206,80340750,544,2,370037,922760962,70.136361358648,1641,False,1182217949,93,True,89414,2
225195,2000084267,80341847,80342381,534,2,320037,922759682,70.13779393860666,1015,True,393271,60,False,1124088832,0
225194,2000084266,80342862,80343401,539,2,320037,922759682,70.13868002554025,1144,False,922877953,0,True,4063287,16
225193,2000084265,80344006,80344550,544,2,320037,922759682,70.13967872844866,1758,False,964114141,93,True,89401,2
225101,2000083980,80345764,80346303,539,2,320032,838873602,70.14121344847749,14810,False,503447553,0,True,1966110,3
222891,2000077287,80360574,80361150,576,2,370037,922760962,70.15414246077952,5655,False,1610616065,20,True,5216,1
222882,2000077273,80366229,80366800,571,2,370037,922760962,70.15907923083813,30340,False,117506048,0,False,33488903,255
221924,2000072840,80396569,80397138,569,2,1e001e,503324162,70.1855658097202,3811,False,4278190593,1,False,16712191,0
224753,2000083084,80400380,80400924,544,2,320032,838873602,70.18889278243344,46959,False,3061266136,125,True,32182,2
223303,2000078618,80447339,80447883,544,2,230023,587211522,70.22988761624107,13593,False,729233095,93,True,89387,2
224544,2000082659,80460932,80461520,588,2,320032,838873602,70.24175419721485,10420,False,4278210404,2,True,767,0
224458,2000082448,80471352,80471928,576,2,2d002d,754986242,70.25085077440507,1772,False,3623881729,73,True,18904,1
224437,2000082409,80473124,80473663,539,2,1e001e,503324162,70.25239771632263,9301,False,838991873,0,True,3276850,19
224058,2000081054,80482425,80482964,539,2,140014,335549442,70.26051741540577,9067,False,755105793,0,True,3276845,5
223577,2000079336,80491492,80492061,569,2,320032,838873602,70.26843283434854,3382,False,4278201601,1,False,16712191,0
223571,2000079328,80494874,80495455,581,2,000000,2,70.27138529347113,59228,True,1347328,0,False,83951616,0
224462,2000082455,80554102,80554666,564,2,1e001e,503324162,70.3230908667746,12509,False,16777471,0,False,124518401,0
224289,2000082004,80566611,80567180,569,2,0f000f,251662082,70.33401112436313,8652,False,4278197505,1,False,16712191,0
224046,2000081017,80575263,80575839,576,2,0a000a,167774722,70.341564251604,14553,False,184549633,11,True,2827,1
223567,2000079319,80589816,80590390,574,2,2d002d,754986242,70.35426890494844,24439,True,1345792,0,False,755040256,0
225100,2000083979,80614255,80614799,544,2,280028,671098882,70.37560395772692,14162,False,2121742044,125,True,32126,2
225218,2000084292,80628417,80628993,576,2,320032,838873602,70.38796727117874,1565,True,2305,2,True,512,1
225099,2000083978,80629982,80630526,544,2,280028,671098882,70.38933350374138,2365,False,1165440732,95,True,89925,2
225013,2000083681,80632347,80632879,532,2,320032,838873602,70.39139812994625,45203,False,3604485,70,False,17920,255
224285,2000081996,80677550,80678124,574,2,0a000a,167774722,70.43085998970918,9352,True,131584,0,False,117506048,0
222165,2000074439,80686902,80687441,539,2,190019,419436802,70.439024211387,1764,False,335675393,0,True,1310740,8
223576,2000079335,80688666,80689235,569,2,2d002d,754986242,70.44056416936813,1174,False,4278201601,1,False,16712191,0
223573,2000079330,80689840,80690404,564,2,2d002d,754986242,70.44158906203813,25448,False,16777471,0,False,124518401,0
224381,2000082266,80715288,80715857,569,2,1e001e,503324162,70.4638049637979,1633,False,4278191873,1,False,16712191,0
224282,2000081993,80716921,80717453,532,2,0a000a,167774722,70.46523055982013,1738,False,3407877,211,False,16765696,255
224050,2000081033,80718659,80719228,569,2,0a000a,167774722,70.4667478200079,41193,False,4278191617,1,False,16712191,0
224822,2000083209,80759852,80760389,537,2,2d002d,754986242,70.50270898163906,5429,False,754986242,0,True,262189,50
224703,2000082996,80765281,80765813,532,2,2d0028,671100162,70.50744845549373,1100,False,3276804,252,False,16776192,255
224702,2000082995,80766381,80766913,532,2,280028,671098882,70.50840874675181,1721,True,3276802,60,False,15360,255
224692,2000082975,80768102,80768641,539,2,2d002d,754986242,70.50991116607469,551,False,671219715,0,True,2621480,4
224691,2000082974,80768653,80769197,544,2,280028,671098882,70.51039218469577,30279,False,947336920,30,True,7736,3
224047,2000081025,80798932,80799476,544,2,140014,335549442,70.53682551106264,3393,False,4000790224,87,True,88046,2
223978,2000080753,80802325,80802901,576,2,140014,335549442,70.53978757309781,1293,False,2415919361,20,True,5264,1
223977,2000080752,80803618,80804194,576,2,190019,419436802,70.54091635182208,16264,False,2415922177,20,True,5264,1
223218,2000078308,80819882,80820456,574,2,230023,587211522,70.55511469456889,7017,True,1337600,0,False,251723776,0
223096,2000077961,80826899,80827480,581,2,1e001e,503324162,70.56124047980342,11612,True,4839424,0,False,67174400,0
222493,2000076346,80838511,80839085,574,2,280028,671098882,70.57137766352058,8923,True,4815616,0,False,939589632,0
224962,2000083538,80847434,80847973,539,2,2d002d,754986242,70.57916737160775,1137,False,838991873,0,True,3276850,5
224964,2000083540,80848571,80849110,539,2,2d002d,754986242,70.58015996357179,551,False,755105795,0,True,2949165,4
224966,2000083542,80849122,80849661,539,2,2d002d,754986242,70.58064098219289,1009,True,131073,0,True,0,0
224967,2000083543,80850131,80850675,544,2,2d002d,754986242,70.58152183117417,556,False,3363256026,110,True,224968,2
224968,2000083544,80850687,80851231,544,2,2d002d,754986242,70.58200721475552,1142,False,3715577562,125,True,32221,2
224969,2000083545,80851829,80852368,539,2,2d002d,754986242,70.58300417167982,871,True,65536,0,True,4587520,40
225102,2000083982,80852700,80853244,544,2,280028,671098882,70.58376454775782,556,False,1618425564,111,True,225120,2
225120,2000084043,80853256,80853795,539,2,2d002d,754986242,70.58424993133917,551,False,755105795,0,True,2949165,4
225205,2000084277,80853807,80854400,593,2,2d002d,754986242,70.58473094996027,605,False,33554432,9,False,1348733186,0
225206,2000084278,80854412,80854993,581,2,2d002d,754986242,70.58525911015222,4065,True,1333760,0,False,201392128,0
225238,2000084321,80858477,80859004,527,2,2d002d,754986242,70.58880782284686,539,False,4294902015,0,False,255,255
225239,2000084323,80859016,80859548,532,2,2d002d,754986242,70.58927836556333,114693,False,3276804,252,False,16776192,255
222689,2000076780,80973709,80974283,574,2,190019,419436802,70.68940444307559,8610,True,4839936,0,False,134283264,0
223220,2000078318,80982319,80982895,576,2,280028,671098882,70.69692090465024,2353,False,1761615617,20,True,5225,1
222681,2000076769,80984672,80985209,537,2,140014,335549442,70.69897505495048,12478,False,419436802,0,True,327705,47
221705,2000072182,80997150,80997731,581,2,280028,671098882,70.70986824978537,4010,True,721152,0,False,469827584,0
223219,2000078314,81001160,81001736,576,2,1e001e,503324162,70.71336894791712,1205,False,285226497,74,True,18961,1
223097,2000077963,81002365,81002941,576,2,1e001e,503324162,70.71442090334075,2948,False,3472884225,20,True,5327,1
222687,2000076778,81005313,81005867,554,2,140014,335549442,70.71699448391242,566,False,57007872,0,False,3219783683,54
222686,2000076777,81005879,81006411,532,2,140014,335549442,70.7174885974143,1830,False,2949124,84,False,21504,255
222684,2000076774,81007709,81008241,532,2,140014,335549442,70.71908617287093,1154,False,2949124,65,False,16640,255
222682,2000076771,81008863,81009390,527,2,140014,335549442,70.72009360569987,539,False,4294901760,0,False,255,255
222492,2000076344,81009402,81009983,581,2,280028,671098882,70.72056414841633,45786,True,1359104,0,False,100728832,0
225250,2000084345,81055188,81055727,539,2,280028,671098882,70.76053496254602,8018,False,587333635,0,True,2293795,5
225012,2000083680,81063206,81063743,537,2,280028,671098882,70.7675346128254,4408,False,419440642,0,True,655385,45
224965,2000083541,81067614,81068153,539,2,2d002d,754986242,70.77138276179417,4824,False,671219713,0,True,2949160,5
222683,2000076772,81072438,81072975,537,2,140014,335549442,70.7755940754569,27633,False,637543938,0,True,65574,45
223572,2000079329,81100071,81100645,574,2,190019,419436802,70.79971746485202,16707,True,1345792,0,False,218169344,0
221437,2000071264,81116778,81117352,574,2,1e001e,503324162,70.81430254307823,1755,True,1364224,0,False,100728832,0
222685,2000076776,81118533,81119065,532,2,140014,335549442,70.8158346441309,39760,False,20,105,False,26880,255
225121,2000084044,81158293,81158832,539,2,2d002d,754986242,70.85054480815039,42685,True,65536,0,True,655360,40
223939,2000080579,81200978,81201515,537,2,1e001e,503324162,70.88780847392434,7414,False,402659330,0,True,131096,32
221951,2000073130,81208392,81208988,596,2,1e001e,503324162,70.89428083700383,70648,False,4294967040,255,False,16908287,171
221434,2000071253,81279040,81279596,556,2,000000,2,70.95595597955034,6268,False,4194304000,96,False,221434,85
224970,2000083547,81285308,81285847,539,2,000000,2,70.96142789373732,551,True,131075,0,True,0,0
224971,2000083548,81285859,81286403,544,2,000000,2,70.96190891235841,556,False,3430364890,110,True,224972,2
224972,2000083549,81286415,81286959,544,2,000000,2,70.96239429593977,556,False,3447142106,110,True,224973,2
224973,2000083551,81286971,81287510,539,2,000000,2,70.96287967952112,551,True,131075,0,True,0,0
224977,2000083560,81287522,81288066,544,2,000000,2,70.96336069814222,556,False,3531028186,110,True,224978,2
224978,2000083561,81288078,81288617,539,2,000000,2,70.96384608172357,551,True,131075,0,True,0,0
224979,2000083562,81288629,81289168,539,2,000000,2,70.96432710034468,551,True,131075,0,True,0,0
224981,2000083564,81289180,81289719,539,2,000000,2,70.96480811896578,551,True,131075,0,True,0,0
224982,2000083565,81289731,81290270,539,2,000000,2,70.96528913758686,9339,True,65537,0,True,0,0
225219,2000084293,81299070,81299651,581,2,000000,2,70.973442010368,1771976,True,731904,0,False,100728832,0
221477,2000071391,83071046,83071603,557,2,530053,1392530178,72.52036297612769,52751,True,0,37,False,56698112,0
222368,2000075967,83123797,83124336,539,2,510051,1358975234,72.56641417990515,794437,False,1359085569,0,True,5308497,27
225222,2000084297,83918234,83918827,593,2,3c0046,1174420482,73.25995136735872,406254,False,4278210660,142,True,36607,0
225089,2000083954,84324488,84325049,561,2,380038,939538434,73.61460788077862,161545,False,124518401,0,True,7,0
221270,2000070600,84486033,84486567,534,2,1e001e,503324162,73.75563538194886,107515,True,1310770,52,False,3540005888,255
224963,2000083539,84593548,84594082,534,2,320032,838873602,73.8494951225061,2527,True,0,0,False,838860800,0
221994,2000073298,84596075,84596602,527,2,000000,2,73.85170117342354,43850,False,4294902015,0,False,16777471,255
222790,2000077038,84639925,84640471,546,2,000000,2,73.889981874939,116487,False,918613623,119,False,3432478518,2
224899,2000083403,84756412,84756946,534,2,2d002d,754986242,73.99167410019399,39473,True,1310765,45,True,11520,0
224176,2000081496,84795885,84796419,534,2,280028,671098882,74.02613371549434,81063,True,0,45,True,11520,0
221973,2000073252,84876948,84877499,551,2,000000,2,74.09690107027079,64668,False,2988703747,54,False,611792562,178
224172,2000081487,84941616,84942150,534,2,280028,671098882,74.15335572034154,2759,True,327720,40,False,4244645888,255
224158,2000081442,84944375,84944909,534,2,280028,671098882,74.15576430541522,546,True,327720,40,False,4227868672,255
223910,2000080378,84944921,84945448,527,2,280028,671098882,74.15624095907606,23113,True,19200,0,True,0,0
224108,2000081309,84968034,84968561,527,2,280028,671098882,74.17641842439252,4693,True,0,0,True,0,0
225064,2000083886,84972727,84973310,583,2,050028,671089922,74.18051537609632,10530,False,419430400,5,True,1305,1
221459,2000071332,84983257,84983791,534,2,0a000a,167774722,74.18970798241236,23099,True,65576,40,False,3707774976,255
224557,2000082689,85006356,85006883,527,2,280028,671098882,74.20987322584007,44869,False,4294902015,0,False,50331903,1
224115,2000081322,85051225,85051752,527,2,260026,637543938,74.24904350625735,40671,False,4294902015,0,False,255,255
224106,2000081303,85091896,85092423,527,2,230023,587211522,74.28454896603695,2356,False,268447744,0,True,16,0
224184,2000081555,85094252,85094779,527,2,230023,587211522,74.28660573531334,539,False,4294901760,0,True,255,7
224188,2000081565,85094791,85095318,527,2,230023,587211522,74.2870762780298,539,False,4294901760,0,True,255,28
224270,2000081966,85095330,85095864,534,2,230023,587211522,74.28754682074627,546,True,196643,35,False,1174414080,0
224278,2000081987,85095876,85096410,534,2,230023,587211522,74.28802347440711,83985,True,65566,35,False,3707773696,255
223606,2000079395,85179861,85180422,561,2,000000,2,74.36134171196186,15370,False,124518401,0,True,7,0
224183,2000081553,85195231,85195758,527,2,1e001e,503324162,74.37475959981346,539,False,4294901760,0,False,255,255
224186,2000081561,85195770,85196304,534,2,1e001e,503324162,74.37523014252993,2079,True,0,30,False,3707772416,255
224267,2000081956,85197849,85198376,527,2,1e001e,503324162,74.3770450930077,1526,False,4294902015,0,False,255,255
224281,2000081992,85199375,85199909,534,2,1e001e,503324162,74.37837727888028,68621,True,65566,30,False,4227866112,255
222316,2000075503,85267996,85268530,534,2,140014,335549442,74.43828286653576,15440,True,20,27,False,4261419776,255
221990,2000073291,85283436,85283987,551,2,000000,2,74.45176186383105,15020,False,2991259651,54,False,1266103986,178
224161,2000081450,85298456,85298983,527,2,190019,419436802,74.46487420446417,2794,False,4294901760,0,False,255,255
224187,2000081562,85301250,85301807,557,2,000000,2,74.4673133442597,1754,False,0,187,False,57391872,0
224269,2000081965,85303004,85303538,534,2,190019,419436802,74.46884457232032,546,True,131097,25,False,1090525440,0
224271,2000081968,85303550,85304084,534,2,190019,419436802,74.46932122598116,975,True,131097,25,False,838867200,0
224283,2000081994,85304525,85305059,534,2,190019,419436802,74.47017239323263,608033,True,0,25,False,3539998976,255
222936,2000077423,85912558,85913129,571,2,000000,2,75.0009803700753,12556,False,16908288,1,False,33489153,255
223247,2000078367,85925114,85925648,534,2,000000,2,75.01194165829031,29826,False,7536640,170,False,1929423360,0
223700,2000079576,85954940,85955474,534,2,000000,2,75.03797951925725,546,True,0,0,True,0,0
223703,2000079579,85955486,85956020,534,2,000000,2,75.03845617291807,546,True,0,0,True,0,0
223704,2000079580,85956032,85956566,534,2,000000,2,75.03893282657891,546,True,0,0,True,0,0
223705,2000079581,85956578,85957112,534,2,000000,2,75.03940948023974,546,True,0,0,True,0,0
223706,2000079582,85957124,85957658,534,2,000000,2,75.03988613390057,546,True,0,0,True,0,0
223708,2000079586,85957670,85958204,534,2,000000,2,75.04036278756139,19508,True,0,0,True,0,0
224027,2000080954,85977178,85977705,527,2,000000,2,75.0573931165275,539,False,4294901760,0,False,255,255
224028,2000080956,85977717,85978244,527,2,000000,2,75.05786365924396,539,False,4294901760,0,False,255,255
224029,2000080957,85978256,85978783,527,2,000000,2,75.05833420196043,539,False,4294901760,0,False,255,255
224030,2000080958,85978795,85979322,527,2,000000,2,75.05880474467689,539,False,4294901760,0,False,255,255
224032,2000080964,85979334,85979861,527,2,000000,2,75.05927528739335,539,False,4294901760,0,False,255,255
224033,2000080965,85979873,85980400,527,2,000000,2,75.05974583010982,539,False,4294901760,0,False,255,255
224034,2000080967,85980412,85980939,527,2,000000,2,75.06021637282628,539,False,4294901760,0,False,255,255
224035,2000080970,85980951,85981478,527,2,000000,2,75.06068691554273,539,False,4294901760,0,False,255,255
224036,2000080971,85981490,85982017,527,2,000000,2,75.0611574582592,539,False,4294901760,0,False,255,255
224037,2000080972,85982029,85982556,527,2,000000,2,75.06162800097566,173626,True,0,0,True,0,0
225147,2000084118,86155655,86156189,534,2,000000,2,75.21320211913583,546,True,0,0,True,0,0
225148,2000084119,86156201,86156735,534,2,000000,2,75.21367877279665,1019,True,0,0,True,0,0
225150,2000084122,86157220,86157754,534,2,000000,2,75.21456835169846,546,True,0,0,True,0,0
225151,2000084124,86157766,86158300,534,2,000000,2,75.21504500535929,546,True,0,0,True,0,0
225152,2000084126,86158312,86158846,534,2,000000,2,75.21552165902014,546,True,0,0,True,0,0
225153,2000084127,86158858,86159392,534,2,000000,2,75.21599831268097,546,True,0,0,True,0,0
225154,2000084128,86159404,86159938,534,2,000000,2,75.21647496634179,546,True,0,0,True,0,0
225156,2000084130,86159950,86160484,534,2,000000,2,75.21695162000263,546,True,0,0,True,0,0
225157,2000084131,86160496,86161030,534,2,000000,2,75.21742827366346,546,True,0,0,True,0,0
225158,2000084132,86161042,86161576,534,2,000000,2,75.21790492732428,546,True,0,0,True,0,0
225159,2000084133,86161588,86162122,534,2,000000,2,75.21838158098511,833089,True,0,0,True,0,0
222735,2000076892,86994677,86995238,561,2,460050,1342195202,75.94566165726367,96777,False,124518401,0,True,7,0
223503,2000079105,87091454,87092038,584,2,460046,1174423042,76.03014720915789,79746,False,1678639616,80,False,4278210660,1
222184,2000074541,87171200,87171779,579,2,000000,2,76.09976483340081,84787,True,65537,0,False,1107296256,1
221530,2000071736,87255987,87256536,549,2,000000,2,76.17378321058193,24322,False,2000071736,56,False,917256311,119
221418,2000071230,87280309,87280858,549,2,000000,2,76.19501612329023,31313,False,2000071230,62,False,917126775,119
222193,2000074618,87311622,87312201,579,2,000000,2,76.22235212343969,5487,True,65537,0,False,1107296256,1
224855,2000083304,87317109,87317651,542,2,350035,889206018,76.22714223083341,9579,False,19646839,0,False,1258422273,0
224734,2000083048,87326688,87327237,549,2,340034,872428546,76.23550462170724,35626,False,2000083048,104,False,920152183,119
221149,2000070292,87362314,87362863,549,2,000000,2,76.26660583658042,8583,False,2000070292,148,False,916886647,119
223512,2000079140,87370897,87371446,549,2,000000,2,76.27409872736965,119733,False,2000079140,36,False,919151735,119
223407,2000078899,87490630,87491179,549,2,000000,2,76.37862468482804,4012,False,2000078899,51,False,919090039,119
223508,2000079128,87494642,87495197,555,2,000000,2,76.38212712894389,2791,False,1762918400,3,False,402654057,201
223513,2000079142,87497433,87497988,555,2,000000,2,76.38456364976327,2157,False,1763246080,3,False,637535081,201
221184,2000070424,87499590,87500139,549,2,000000,2,76.38644669362117,561,False,2000070424,24,False,916920439,119
221186,2000070427,87500151,87500700,549,2,000000,2,76.38693644216279,45474,False,2000070427,27,False,916921207,119
221929,2000072888,87545625,87546167,542,2,280028,671098882,76.426634882772,56751,False,20065399,0,True,65537,0
223405,2000078896,87602376,87602920,544,2,000000,2,76.47617805476071,1403,False,3799463624,50,True,78562,2
221243,2000070564,87603779,87604323,544,2,000000,2,76.47740286261077,556,False,1014445735,96,True,221244,2
221244,2000070566,87604335,87604884,549,2,000000,2,76.47788824619214,1608,False,2000070566,166,False,916956791,119
221245,2000070568,87605943,87606521,578,2,000000,2,76.47929201741304,1545,True,511,0,False,18808832,0
221249,2000070573,87607488,87608037,549,2,000000,2,76.48064079013463,73441,False,2000070573,173,False,916958583,119
223409,2000078902,87680929,87681478,549,2,000000,2,76.54475419948461,1731,False,2000078902,54,False,919090807,119
223514,2000079147,87682660,87683209,549,2,000000,2,76.54626534872803,1449,False,2000079147,43,False,919153527,119
223539,2000079241,87684109,87684658,549,2,000000,2,76.54753031421254,561,False,2000079241,137,False,919177591,119
223540,2000079243,87684670,87685219,549,2,000000,2,76.54802006275416,5699,False,2000079243,139,False,919178103,119
221246,2000070570,87690369,87690913,544,2,000000,2,76.55299524446309,1852,False,2373400231,45,True,77197,1
221247,2000070571,87692221,87692770,549,2,000000,2,76.55461202574489,561,False,2000070571,171,False,916958071,119
221248,2000070572,87692782,87693331,549,2,000000,2,76.5551017742865,1719,False,2000070572,172,False,916958327,119
221273,2000070617,87694501,87695050,549,2,000000,2,76.55660244762528,561,False,2000070617,217,False,916969847,119
221274,2000070618,87695062,87695606,544,2,000000,2,76.55709219616689,48642,False,2474063527,50,True,78483,2
223589,2000079359,87743704,87744253,549,2,000000,2,76.5995562755994,29970,False,2000079359,255,False,919207799,119
223517,2000079153,87773674,87774223,549,2,000000,2,76.62571984742193,5232,False,2000079153,49,False,919155063,119
223585,2000079352,87778906,87779455,549,2,000000,2,76.6302873418422,1484,False,2000079352,248,False,919206007,119
223602,2000079391,87780390,87780939,549,2,000000,2,76.63158286204857,5141,False,2000079391,31,False,919215991,119
223799,2000079919,87785531,87786097,566,2,000000,2,76.63607091419205,7081,False,16712191,0,False,65536,108
221276,2000070620,87792612,87793173,561,2,000000,2,76.64225257091795,12693,False,124518401,0,True,7,0
223650,2000079487,87805305,87805854,549,2,000000,2,76.65333345904419,3143,False,2000079487,127,False,919240567,119
223516,2000079151,87808448,87808997,549,2,000000,2,76.65607727306615,2145,False,2000079151,47,False,919154551,119
223669,2000079513,87810593,87811142,549,2,000000,2,76.65794984101942,6032,False,2000079513,153,False,919247223,119
223647,2000079482,87816625,87817174,549,2,000000,2,76.66321572908194,1725,False,2000079482,122,False,919239287,119
223653,2000079490,87818350,87818899,549,2,000000,2,76.66472164037302,2964,False,2000079490,130,False,919241335,119
223600,2000079388,87821314,87821863,549,2,000000,2,76.66730918881754,16709,False,2000079388,28,False,919215223,119
223668,2000079512,87838023,87838572,549,2,000000,2,76.68189601302784,561,False,2000079512,152,False,919246967,119
223661,2000079502,87838584,87839133,549,2,000000,2,76.68238576156946,6973,False,2000079502,142,False,919244407,119
223515,2000079148,87845557,87846101,544,2,000000,2,76.68847313515366,7463,False,41367241,49,True,78082,2
223670,2000079514,87853020,87853569,549,2,000000,2,76.69498827484374,2555,False,2000079514,154,False,919247479,119
223646,2000079472,87855575,87856124,549,2,000000,2,76.69721876953865,99054,False,2000079472,112,False,919236727,119
221874,2000072601,87954629,87955202,573,2,000000,2,76.78369212433711,3659,True,18628,1,False,2359552,255
221541,2000071751,87958288,87958837,549,2,000000,2,76.78688640225832,561,False,2000071751,71,False,917260151,119
221540,2000071749,87958849,87959398,549,2,000000,2,76.78737615079994,1238,False,2000071749,69,False,917259639,119
221539,2000071748,87960087,87960653,566,2,000000,2,76.78845691496133,1200,False,16712191,0,False,65536,108
221538,2000071747,87961287,87961836,549,2,000000,2,76.78950450542469,561,False,2000071747,67,False,917259127,119
221537,2000071745,87961848,87962397,549,2,000000,2,76.78999425396631,943,False,2000071745,65,False,917258615,119
221536,2000071744,87962791,87963340,549,2,000000,2,76.7908174854721,561,False,2000071744,64,False,917258359,119
221535,2000071743,87963352,87963901,549,2,000000,2,76.79130723401373,1804,False,2000071743,63,False,917258103,119
221534,2000071741,87965156,87965705,549,2,000000,2,76.79288211167699,561,False,2000071741,61,False,917257591,119
221533,2000071740,87965717,87966261,544,2,000000,2,76.79337186021861,1154,False,3329701548,48,True,78022,1
221532,2000071739,87966871,87967420,549,2,000000,2,76.79437929304754,1696,False,2000071739,59,False,917257079,119
221531,2000071737,87968567,87969116,549,2,000000,2,76.7958598875691,74440,False,2000071737,57,False,917256567,119
222195,2000074634,88043007,88043556,549,2,000000,2,76.86084541597984,2527,False,2000074634,138,False,917998199,119
222296,2000075475,88045534,88046083,549,2,000000,2,76.86305146689728,561,False,2000075475,211,False,918213495,119
222297,2000075478,88046095,88046644,549,2,000000,2,76.8635412154389,561,False,2000075478,214,False,918214263,119
222298,2000075480,88046656,88047205,549,2,000000,2,76.86403096398053,561,False,2000075480,216,False,918214775,119
222299,2000075481,88047217,88047766,549,2,000000,2,76.86452071252215,561,False,2000075481,217,False,918215031,119
222301,2000075483,88047778,88048322,544,2,000000,2,76.86501046106376,556,False,1584871098,100,True,222302,2
222302,2000075484,88048334,88048883,549,2,000000,2,76.86549584464512,561,False,2000075484,220,False,918215799,119
222303,2000075485,88048895,88049444,549,2,000000,2,76.86598559318675,561,False,2000075485,221,False,918216055,119
222304,2000075486,88049456,88050005,549,2,000000,2,76.86647534172837,561,False,2000075486,222,False,918216311,119
222305,2000075487,88050017,88050566,549,2,000000,2,76.86696509027,561,False,2000075487,223,False,918216567,119
222306,2000075489,88050578,88051122,544,2,000000,2,76.86745483881162,556,False,1668757178,100,True,222307,2
222307,2000075490,88051134,88051683,549,2,000000,2,76.86794022239299,561,False,2000075490,226,False,918217335,119
222308,2000075491,88051695,88052244,549,2,000000,2,76.8684299709346,561,False,2000075491,227,False,918217591,119
222309,2000075493,88052256,88052805,549,2,000000,2,76.86891971947622,561,False,2000075493,229,False,918218103,119
222310,2000075494,88052817,88053366,549,2,000000,2,76.86940946801785,561,False,2000075494,230,False,918218359,119
222311,2000075496,88053378,88053927,549,2,000000,2,76.86989921655947,561,False,2000075496,232,False,918218871,119
222312,2000075497,88053939,88054488,549,2,000000,2,76.8703889651011,561,False,2000075497,233,False,918219127,119
222313,2000075500,88054500,88055049,549,2,000000,2,76.87087871364272,561,False,2000075500,236,False,918219895,119
222314,2000075501,88055061,88055605,544,2,000000,2,76.87136846218434,31626,False,1635202746,49,True,78177,1
222584,2000076506,88086687,88087236,549,2,000000,2,76.89897770884633,1525,False,2000076506,218,False,918477431,119
222589,2000076512,88088212,88088791,579,2,000000,2,76.90030902172686,24614,True,65537,0,False,1275068416,1
223190,2000078191,88112826,88113375,549,2,000000,2,76.92179684811458,561,False,2000078191,111,False,918908791,119
223191,2000078193,88113387,88113936,549,2,000000,2,76.92228659665619,561,False,2000078193,113,False,918909303,119
223192,2000078195,88113948,88114497,549,2,000000,2,76.92277634519782,561,False,2000078195,115,False,918909815,119
223193,2000078196,88114509,88115058,549,2,000000,2,76.92326609373944,561,False,2000078196,116,False,918910071,119
223194,2000078197,88115070,88115619,549,2,000000,2,76.92375584228105,561,False,2000078197,117,False,918910327,119
223195,2000078198,88115631,88116180,549,2,000000,2,76.9242455908227,561,False,2000078198,118,False,918910583,119
223196,2000078199,88116192,88116736,544,2,000000,2,76.92473533936432,556,False,3715577541,103,True,223197,2
223197,2000078200,88116748,88117297,549,2,000000,2,76.92522072294568,1086,False,2000078200,120,False,918911095,119
223239,2000078351,88117834,88118383,549,2,000000,2,76.92616879231502,666,False,2000078351,15,False,918949751,119
223243,2000078359,88118500,88119049,549,2,000000,2,76.92675020502219,666,False,2000078359,23,False,918951799,119
223258,2000078401,88119166,88119708,542,2,000000,2,76.92733161772935,554,False,57158775,0,True,131075,0
223276,2000078500,88119720,88120269,549,2,000000,2,76.9278152553266,561,False,2000078500,164,False,918987895,119
223277,2000078501,88120281,88120830,549,2,000000,2,76.92830500386822,561,False,2000078501,165,False,918988151,119
223280,2000078511,88120842,88121408,566,2,000000,2,76.92879475240984,960,False,16712191,0,False,65536,108
223337,2000078769,88121802,88122351,549,2,000000,2,76.92963282478054,3804,False,2000078769,177,False,919056759,119
223352,2000078798,88125606,88126155,549,2,000000,2,76.93295368654941,561,False,2000078798,206,False,919064183,119
223353,2000078799,88126167,88126716,549,2,000000,2,76.93344343509104,561,False,2000078799,207,False,919064439,119
223354,2000078800,88126728,88127277,549,2,000000,2,76.93393318363265,561,False,2000078800,208,False,919064695,119
223355,2000078801,88127289,88127838,549,2,000000,2,76.93442293217429,561,False,2000078801,209,False,919064951,119
223356,2000078802,88127850,88128394,544,2,000000,2,76.93491268071591,556,False,2104964807,104,True,223357,2
223357,2000078804,88128406,88128955,549,2,000000,2,76.93539806429726,666,False,2000078804,212,False,919065719,119
223395,2000078885,88129072,88129616,544,2,000000,2,76.93597947700442,556,False,2759276232,104,True,223396,2
223396,2000078886,88129628,88130177,549,2,000000,2,76.93646486058579,561,False,2000078886,38,False,919086711,119
223397,2000078887,88130189,88130738,549,2,000000,2,76.93695460912741,561,False,2000078887,39,False,919086967,119
223398,2000078888,88130750,88131299,549,2,000000,2,76.93744435766904,561,False,2000078888,40,False,919087223,119
223400,2000078890,88131311,88131860,549,2,000000,2,76.93793410621066,561,False,2000078890,42,False,919087735,119
223401,2000078891,88131872,88132421,549,2,000000,2,76.93842385475229,561,False,2000078891,43,False,919087991,119
223402,2000078893,88132433,88132982,549,2,000000,2,76.9389136032939,561,False,2000078893,45,False,919088503,119
223403,2000078894,88132994,88133543,549,2,000000,2,76.93940335183552,938,False,2000078894,46,False,919088759,119
223406,2000078898,88133932,88134481,549,2,000000,2,76.94022221838107,666,False,2000078898,50,False,919089783,119
223408,2000078900,88134598,88135147,549,2,000000,2,76.94080363108823,986,False,2000078900,52,False,919090295,119
223410,2000078903,88135584,88136128,544,2,000000,2,76.94166440125228,564606,False,1920415432,50,True,12914,1
224615,2000082791,88700190,88700771,581,2,510051,1358975234,77.43456095221782,65399,True,2501376,0,False,184614912,0
224933,2000083487,88765589,88766172,583,2,4e004e,1308642818,77.49165375947916,82120,False,4043310849,71,True,18417,1
224961,2000083531,88847709,88848283,574,2,4a004a,1241532930,77.56334386685543,97779,True,4717568,0,False,302055424,0
224826,2000083215,88945488,88946027,539,2,000000,2,77.64870415678658,11315,False,1174536193,0,True,4587590,10
220937,2000069265,88956803,88957391,588,2,460046,1174423042,77.65858206186405,42439,True,2495744,0,False,117506048,0
220967,2000069530,88999242,88999811,569,2,3c003c,1006648322,77.695630971593,3355,False,4278196737,1,False,16712191,0
224624,2000082823,89002597,89003136,539,2,440044,1140868098,77.69855985993017,12799,False,1140981763,0,True,4456516,10
224720,2000083026,89015396,89015940,544,2,430043,1124090626,77.70973328521401,1112,False,175584984,85,True,218378,2
224953,2000083517,89016508,89017052,544,2,430043,1124090626,77.71070405237673,556,False,3799463642,109,True,224738,2
224738,2000083061,89017064,89017603,539,2,430043,1124090626,77.71118943595809,2189,False,1124204545,0,True,4390979,10
224745,2000083071,89019253,89019821,568,2,430043,1124090626,77.71310041556167,1195,False,33488996,255,True,65281,1
224628,2000082835,89020448,89020987,539,2,430043,1124090626,77.71414364106478,15688,False,1208090627,0,True,4718664,10
225078,2000083943,89036136,89036710,574,2,420042,1107313154,77.72783914038916,92946,True,911616,0,False,134283264,0
224777,2000083135,89129082,89129619,537,2,3f003f,1056980738,77.8089802597291,5609,False,1056980738,0,True,1310783,63
224816,2000083201,89134691,89135235,544,2,3f003f,1056980738,77.81387687215329,1112,False,293025497,85,True,218385,2
224766,2000083111,89135803,89136342,539,2,3f003f,1056980738,77.814847639316,551,False,1040318467,0,True,4063294,10
224821,2000083208,89136354,89136886,532,2,3e003e,1040203266,77.8153286579371,544,False,4063242,251,False,16775936,255
225080,2000083945,89136898,89137437,539,2,3e003e,1040203266,77.81580356561382,3367,False,838991875,0,True,3276850,1
224779,2000083138,89140265,89140809,544,2,3e003e,1040203266,77.81874292985562,6945,False,2390177496,87,True,219022,2
224759,2000083094,89147210,89147754,544,2,3e003e,1040203266,77.82480585966233,1503,False,2239182552,87,True,219013,2
224814,2000083199,89148713,89149245,532,2,3d003d,1023425794,77.8261179667177,3184,False,3997711,84,False,21504,255
224950,2000083514,89151897,89152441,544,2,3d003d,1023425794,77.82889757341384,8252,False,2155296474,90,True,23168,2
220933,2000069253,89160149,89160723,574,2,370037,922760962,77.83610150383356,95388,True,859392,0,False,318832640,0
224913,2000083435,89255537,89256076,539,2,3b003b,989870850,77.91937446976645,1695,False,989986817,0,True,3866683,20
224958,2000083524,89257232,89257771,539,2,3b003b,989870850,77.92085419129594,1100,False,989986819,0,True,3866683,40
224754,2000083085,89258332,89258883,551,2,3b003b,989870850,77.92181448255404,563,False,3633119235,54,False,2373400280,216
224773,2000083127,89258895,89259439,544,2,3b003b,989870850,77.92230597707976,7124,False,2356623064,91,True,23436,2
224819,2000083206,89266019,89266558,539,2,390039,956315906,77.92852517246395,49551,False,956432385,0,True,3735609,10
220934,2000069257,89315570,89316134,564,2,320032,838873602,77.97178280167245,2738,False,16777471,0,False,124518401,0
220966,2000069529,89318308,89318859,551,2,280028,671098882,77.97417305391302,78019,False,2744713219,54,False,2574726819,163
220965,2000069511,89396327,89396891,564,2,280028,671098882,78.04228302088075,36310,False,16777471,0,False,124518401,0
224627,2000082833,89432637,89433181,544,2,2f002f,788541186,78.07398136231807,12100,False,360134359,89,True,219413,2
220935,2000069260,89444737,89445274,537,2,280028,671098882,78.08454456615699,4431,False,754986242,0,True,65581,45
220936,2000069263,89449168,89449707,539,2,280028,671098882,78.08841279394298,79886,False,755105793,0,True,2949165,1
221495,2000071437,89529054,89529605,551,2,000000,2,78.15815263707329,1031365,False,2869755907,54,False,225916587,171
223217,2000078300,90560419,90560973,554,2,4c004c,1275087874,79.05852608561364,169061,False,57143552,0,False,3319529475,54
225038,2000083776,90729480,90729954,474,2,470048,1207977730,79.20611499505276,15524,True,0,0,True,0,0
223216,2000078299,90745004,90745558,554,2,470048,1207977730,79.21966732368048,566,False,57143296,0,False,3319463939,54
223215,2000078298,90745570,90746124,554,2,470048,1207977730,79.22016143718237,72976,False,57143040,0,False,3319398403,54
224005,2000080865,90818546,90819100,554,2,420046,1174422018,79.2838689052278,1125,False,57345280,0,False,3487629315,54
225180,2000084248,90819671,90820225,554,2,420046,1174422018,79.28485102128721,43833,False,57646080,0,False,3709337603,54
223214,2000078274,90863504,90864058,554,2,420046,1174422018,79.32311688193778,3875,False,57142784,0,False,3317825539,54
222605,2000076543,90867379,90867970,591,2,3c003c,1006648322,79.3264997261424,35142,True,1480192,0,True,65536,2
223229,2000078339,90902521,90903075,554,2,420044,1140867586,79.35717841286204,566,False,57146624,0,False,3322085379,54
223228,2000078337,90903087,90903641,554,2,420044,1140867586,79.35767252636393,2287,False,57146368,0,False,3321954307,54
223205,2000078240,90905374,90905928,554,2,420044,1140867586,79.35966905918869,94846,False,57140480,0,False,3315597315,54
223203,2000078234,91000220,91000774,554,2,000000,2,79.44246886342896,2352,False,57139968,0,False,3315204099,54
225040,2000083779,91002572,91003119,547,2,3d0040,1073757442,79.44452214073713,6641,False,3678631734,54,False,3044488923,24
224886,2000083376,91009213,91009779,566,2,320046,1174417922,79.45031968095981,26225,False,16712191,0,False,65536,108
225039,2000083777,91035438,91035985,547,2,3d0040,1073757442,79.47321389754461,60313,False,3678500662,54,False,3111597787,30
223224,2000078328,91095751,91096305,554,2,3d003e,1040203010,79.52586666722539,44624,False,57145344,0,False,3321364483,54
223202,2000078233,91140375,91140929,554,2,38003c,1006647298,79.56482306458972,566,False,57139712,0,False,3315138563,54
223223,2000078327,91140941,91141495,554,2,38003c,1006647298,79.5653171780916,566,False,57145088,0,False,3321298947,54
223225,2000078329,91141507,91142061,554,2,38003c,1006647298,79.56581129159349,566,False,57145600,0,False,3321430019,54
223227,2000078336,91142073,91142627,554,2,38003c,1006647298,79.56630540509538,566,False,57146112,0,False,3321888771,54
223230,2000078340,91142639,91143193,554,2,38003c,1006647298,79.56679951859726,24766,False,57146880,0,False,3322150915,54
225271,2000084387,91167405,91167959,554,2,38003c,1006647298,79.588420039777,118033,False,57669376,0,False,3718447107,54
225273,2000084389,91285438,91285992,554,2,330037,922759938,79.69146191074564,18462,False,57669888,0,False,3718578179,54
223226,2000078334,91303900,91304454,554,2,330037,922759938,79.70757909002451,59933,False,57145856,0,False,3321757699,54
225274,2000084390,91363833,91364387,554,2,330034,872428290,79.75990012272523,1742,False,57670144,0,False,3718643715,54
225272,2000084388,91365575,91366129,554,2,330034,872428290,79.76142087488121,22205,False,57669632,0,False,3718512643,54
225275,2000084391,91387780,91388334,554,2,2e0032,838872578,79.78080566341373,43887,False,57670400,0,False,3718709251,54
224425,2000082384,91431667,91432238,571,2,2f002f,788541186,79.81911866563513,70069,False,604045312,0,False,33488932,255
221689,2000072160,91501736,91502319,583,2,000000,2,79.88028834578307,2269,False,1895825408,2,True,625,1
221864,2000072564,91504005,91504571,566,2,000000,2,79.88226916475088,578,False,16712191,0,False,65536,108
221425,2000071242,91504583,91505154,571,2,000000,2,79.88277375415741,491592,False,906035200,0,False,33488950,255
224213,2000081706,91996175,91996724,549,2,4c004d,1291865090,80.3119296633795,139907,False,2000081706,42,False,919808631,119
223831,2000080073,92136082,92136626,544,2,420045,1157644802,80.43406736251117,7250,False,1366767308,246,True,63057,2
222009,2000073472,92143332,92143871,539,2,440044,1140868098,80.440396554894,17237,False,1241645056,0,True,4849738,5
222210,2000074750,92160569,92161108,539,2,3e0044,1140866562,80.45544431890819,19033,False,1090650112,0,True,4259905,2
223506,2000079115,92179602,92180134,532,2,3c0041,1090534402,80.4720599766492,10896,False,4390922,201,False,16763136,255
223829,2000080069,92190498,92191042,544,2,410043,1124090114,80.48157209805656,18223,False,2289514188,251,True,64392,2
225165,2000084164,92208721,92209265,544,2,3c0041,1090534402,80.49748063223481,38155,False,3078043356,247,True,63415,2
225082,2000083947,92246876,92247408,532,2,3c0040,1073757186,80.53078964400956,36737,False,4194305,96,False,24576,255
224713,2000083010,92283613,92284152,539,2,3a003e,1040202242,80.56286075305343,35266,False,1090650112,0,True,4259905,6
223839,2000080093,92318879,92319423,544,2,36003b,989869570,80.5936476907876,3465,False,4084676300,251,True,64499,2
223836,2000080086,92322344,92322888,544,2,37003a,973092610,80.59667260825057,44250,False,3212261068,246,True,63167,1
225087,2000083952,92366594,92367131,537,2,31003a,973091074,80.63530250658715,23387,False,956315138,0,True,65593,59
225081,2000083946,92389981,92390550,569,2,370038,939538178,80.65571917172609,1057,False,4278191873,1,False,16712191,0
225086,2000083951,92391038,92391570,532,2,320039,956314114,80.65664192432591,14390,False,3801089,78,False,19968,255
223833,2000080080,92405428,92405972,544,2,320036,905982466,80.66920427996575,11979,False,2591504076,248,True,63642,2
223840,2000080096,92417407,92417951,544,2,310033,855650562,80.6796618517663,9377,False,2776053452,251,True,64421,2
223837,2000080089,92426784,92427323,539,2,320035,889205250,80.68784789824545,60846,False,838991872,0,True,3670066,1
223841,2000080097,92487630,92488174,544,2,2c0031,822094850,80.74096597269036,13926,False,2927048396,251,True,64430,2
223834,2000080084,92501556,92502095,539,2,310032,838873346,80.75312326001772,85548,False,922877952,0,True,3604535,5
223842,2000080100,92587104,92587648,544,2,2c0030,805317634,80.827805984151,22684,False,3161929420,250,True,64188,2
225085,2000083950,92609788,92610320,532,2,28002d,754984962,80.84760893587682,4332,False,3145729,74,False,18944,255
225091,2000083957,92614120,92614657,537,2,280032,838871042,80.85139073744956,39979,False,738207746,0,True,327724,48
222141,2000074259,92654099,92654636,537,2,2d002d,754986242,80.88629208672862,143373,False,838873602,0,True,393266,45
225083,2000083948,92797472,92798009,537,2,000000,2,81.0114555763153,973,True,1475588,0,False,4587520,88
225084,2000083949,92798445,92798982,537,2,000000,2,81.01230499758269,654,True,1476868,0,False,4259840,85
225090,2000083955,92799099,92799636,537,2,000000,2,81.01287593438522,188552,True,1,0,True,0,0
224498,2000082538,92987651,92988247,596,2,510052,1375752450,81.17748033192555,150197,False,4294967040,255,False,16908287,135
221463,2000071337,93137848,93138508,660,2,000000,2,81.30860111928057,3692,False,3825252096,7,False,16779236,0
221859,2000072559,93141540,93142214,674,2,000000,2,81.31182420593952,767046,False,3808474624,7,False,16779235,0
223893,2000080239,93908586,93909118,532,2,000000,2,81.98144926807474,6005,False,3932165,80,False,20480,255
224273,2000081979,93914591,93915128,537,2,000000,2,81.98669158535182,30154,False,167777282,0,True,327690,60
222646,2000076677,93944745,93945314,569,2,1e0014,335552002,82.01301578771208,14320,False,4278194433,1,False,16712191,0
223235,2000078345,93959065,93959634,569,2,1e0014,335552002,82.02551703390823,6331,False,4278204929,1,False,16712191,0
223043,2000077764,93965396,93965965,569,2,280014,335554562,82.03104394659454,40718,False,4278192385,1,False,16712191,0
221199,2000070497,94006114,94006653,539,2,0a0005,83888642,82.06659043700061,1095,True,131075,0,True,0,0
222776,2000077004,94007209,94007785,576,2,1e0014,335552002,82.06754636329843,8839,False,419433217,41,True,10521,1
222374,2000075974,94016048,94016624,576,2,0a0005,83888642,82.07526274005316,11565,False,671094273,127,True,32552,1
223042,2000077761,94027613,94028175,562,2,280014,335554562,82.08535889314386,1721,False,1811939584,7,True,1900,0
222641,2000076661,94029334,94029873,539,2,32001e,503329282,82.08686131246672,11396,True,131075,0,True,0,0
222785,2000077026,94040730,94041269,539,2,32001e,503329282,82.09680992990049,2124,True,131072,0,True,0,0
222820,2000077175,94042854,94043393,539,2,3c0028,671104002,82.09866416502064,23642,False,503447555,0,True,1310750,5
221201,2000070499,94066496,94067035,539,2,1e0014,335552002,82.11930344313303,22083,True,131072,0,True,0,0
221200,2000070498,94088579,94089111,532,2,1e0014,335552002,82.13858172663511,20134,False,3342346,65,False,16640,255
223241,2000078356,94108713,94109252,539,2,3c0028,671104002,82.15615854862627,13559,False,335675395,0,True,1310740,5
221793,2000072428,94122272,94122841,569,2,280014,335554562,82.16799544787024,2852,False,4278197761,1,False,16712191,0
222786,2000077028,94125124,94125663,539,2,000000,2,82.17048522120484,8088,False,838991874,0,True,3276850,0
222377,2000075979,94133212,94133751,539,2,14000a,167777282,82.17754598092792,551,False,335675395,0,True,655380,5
222376,2000075978,94133763,94134302,539,2,14000a,167777282,82.17802699954902,7486,True,131075,0,True,0,0
222819,2000077174,94141249,94141788,539,2,1e0014,335552002,82.1845622180563,13260,False,335675395,0,True,655380,5
221203,2000070501,94154509,94155048,539,2,32001e,503329282,82.19613809267649,8949,False,1006764035,0,True,2621500,20
223242,2000078358,94163458,94163997,539,2,14000a,167777282,82.20395049855703,9640,False,335675395,0,True,655380,5
221205,2000070503,94173098,94173637,539,2,32001e,503329282,82.21236614194606,3380,True,131075,0,True,0,0
221480,2000071405,94176478,94177017,539,2,14000a,167777282,82.21531685508454,10163,True,131075,0,True,0,0
222648,2000076681,94186641,94187180,539,2,28001e,503326722,82.22418907331719,1102,False,335675395,0,True,655380,5
222393,2000076028,94187743,94188326,583,2,14000a,167777282,82.22515111055938,5779,False,654312961,41,True,10535,1
222668,2000076712,94193522,94194061,539,2,000000,2,82.23019613163254,1653,False,335675395,0,True,655380,5
222380,2000075989,94195175,94195714,539,2,000000,2,82.23163918749582,1653,False,335675395,0,True,655380,5
221202,2000070500,94196828,94197367,539,2,32001e,503329282,82.2330822433591,5460,False,335675395,0,True,655380,5
221207,2000070505,94202288,94202827,539,2,1e0014,335552002,82.23784877996742,7968,False,838991875,0,True,1966130,10
224097,2000081251,94210256,94210795,539,2,000000,2,82.24480478064416,2868,True,131072,0,True,0,0
223909,2000080353,94213124,94213663,539,2,000000,2,82.24730852185161,551,False,671219715,0,True,1966120,10
221206,2000070504,94213675,94214214,539,2,28001e,503326722,82.2477895404727,3917,False,1006764035,0,True,1966140,10
224061,2000081059,94217592,94218131,539,2,000000,2,82.25120905034353,8765,False,335675392,0,True,655380,5
222671,2000076722,94226357,94226896,539,2,000000,2,82.25886082568637,1102,False,335675395,0,True,655380,5
222647,2000076680,94227459,94227998,539,2,32001e,503329282,82.25982286292854,5012,False,335675395,0,True,655380,5
222381,2000075990,94232471,94233010,539,2,0a0005,83888642,82.2641982990972,3733,True,131075,0,True,0,0
222388,2000076012,94236204,94236743,539,2,1e0014,335552002,82.26745717843032,2836,False,838991872,0,True,2621490,10
221204,2000070502,94239040,94239579,539,2,280014,335554562,82.26993298389206,6702,False,503447555,0,True,1310750,10
221481,2000071406,94245742,94246281,539,2,000000,2,82.27578377662996,551,True,131075,0,True,0,0
221479,2000071404,94246293,94246832,539,2,000000,2,82.27626479525107,551,True,131075,0,True,0,0
221478,2000071403,94246844,94247383,539,2,000000,2,82.27674581387215,2124,True,131072,0,True,0,0
222382,2000075991,94248968,94249507,539,2,0a0005,83888642,82.27860004899232,16950,False,503447555,0,True,1310750,10
224062,2000081067,94265918,94266457,539,2,000000,2,82.29339726428735,934142,True,131072,0,True,0,0
225166,2000084166,95200060,95200592,532,2,4c004c,1275087874,83.10889580647792,288340,False,4980756,250,False,16775680,255
221574,2000071872,95488400,95488937,537,2,320041,1090531842,83.36061433498347,80479,False,587202561,0,True,2293795,20
223537,2000079236,95568879,95569476,597,2,450045,1157645570,83.43087186240109,421405,True,2686976,0,False,16777216,1
225020,2000083704,95990284,95990821,537,2,3d003d,1023425794,83.79875507841302,109065,False,671088641,0,True,2621480,20
222422,2000076095,96099349,96099893,544,2,1e001e,503324162,83.8939679566521,95440,False,2893493949,205,True,52652,2
221239,2000070558,96194789,96195357,568,2,000000,2,83.97728631817174,1034888,False,33489170,255,True,65281,1
222984,2000077599,97229677,97230241,564,2,2d002d,754986242,84.88073531771411,42176,False,16777471,0,False,124518401,0
225220,2000084294,97271853,97272392,539,2,3a003a,973093378,84.91755463053317,551,False,973209603,0,True,3801146,29
225221,2000084296,97272404,97272943,539,2,3a003a,973093378,84.91803564915426,53075,True,65536,0,True,3801088,58
225183,2000084251,97325479,97326018,539,2,390039,956315906,84.96436970235686,12014,False,956432387,0,True,3735609,28
225215,2000084289,97337493,97338032,539,2,380038,939538434,84.97485782887924,7363,True,65536,0,True,3670016,56
223010,2000077660,97344856,97344999,143,2,3c0000,15362,84.98128566936404,11189,False,11994988,224,True,516096,0
222292,2000075434,97356045,97356584,539,2,280028,671098882,84.99105357744287,81867,False,755105792,0,True,2949165,5
222290,2000075432,97437912,97438451,539,2,280028,671098882,85.06252281782977,63758,True,65536,0,True,3276800,0
225189,2000084259,97501670,97502204,534,2,2f002f,788541186,85.11818304513247,10123,True,3080239,31,False,788537088,0
225107,2000083993,97511793,97512320,527,2,2e002e,771763714,85.127020343683,539,False,4294902015,0,False,255,255
225108,2000083995,97512332,97512864,532,2,2e002e,771763714,85.12749088639946,225694,False,3014661,65,False,16640,255
222222,2000074832,97738026,97738717,691,2,0f000f,251662082,85.32451995476504,1289,True,1280,0,True,0,0
222246,2000074972,97739315,97739784,469,2,0f000f,251662082,85.3256452415211,944,True,0,0,True,0,0
222230,2000074896,97740259,97740931,672,2,0c000c,201329666,85.32646934601895,684,True,1024,0,True,0,0
222228,2000074893,97740943,97741601,658,2,0a000a,167774722,85.32706647258307,670,True,768,0,True,0,0
222252,2000075063,97741613,97742159,546,2,0c000c,201329666,85.32765137725845,558,False,918108023,119,False,1680701238,3
222253,2000075066,97742171,97742610,439,2,0a000a,167774722,85.32813850682392,1039,False,11927552,221,False,268950784,39
222229,2000074894,97743210,97743838,628,2,050005,83887362,85.32904554556679,1066,False,131071,108,True,486400,0
222423,2000076096,97744276,97744948,672,2,040004,67109890,85.32997615509507,684,True,1280,0,True,0,0
222319,2000075576,97744960,97745602,642,2,070007,117442306,85.33057328165918,1247,False,131071,108,True,486400,0
222330,2000075708,97746207,97746879,672,2,050005,83887362,85.33166190274903,684,True,2560,0,True,0,0
222416,2000076076,97746891,97747533,642,2,050005,83887362,85.33225902931315,1228,False,131071,108,True,486400,0
222320,2000075578,97748119,97748695,576,2,030003,50332418,85.333331063554,588,False,2852127745,0,True,170,2
222424,2000076097,97748707,97749239,532,2,040004,67109890,85.33384438288104,544,False,1179650,221,False,16768256,255
222420,2000076081,97749251,97749893,642,2,030003,50332418,85.33431929055777,198843,False,131071,108,True,486400,0
222072,2000073840,97948094,97948651,557,2,280028,671098882,85.50790764931351,20951,False,0,120,False,56850432,0
224918,2000083458,97969045,97969603,558,2,230023,587211522,85.5261977058118,21376,True,7,0,False,1855324160,3
221772,2000072351,97990421,97990967,546,2,000000,2,85.54485878393254,1953,False,917413751,119,False,179861302,3
220820,2000068914,97992374,97992901,527,2,000000,2,85.54656373741167,928,True,0,0,True,0,0
221404,2000071214,97993302,97993848,546,2,000000,2,85.54737387403667,402048,False,917122679,119,False,2791733046,2
223335,2000078766,98395350,98395890,540,2,610061,1627414786,85.89835858288247,34051,False,33555062,95,False,1711300354,0
224487,2000082507,98429401,98429933,532,2,000000,2,85.92808483527251,49702,False,5963796,95,False,24320,255
223625,2000079431,98479103,98479654,551,2,1e001e,503324162,85.97147428628098,43702,False,3393650691,54,False,1198995146,202
220885,2000069099,98522805,98523337,532,2,4a004a,1241532930,86.00962578497263,27043,False,5767212,108,False,27648,255
222482,2000076296,98549848,98550405,557,2,590059,1493195010,86.03323410905661,39670,True,0,18,False,56955392,0
220891,2000069139,98589518,98590050,532,2,5c005c,1543527426,86.06786570379136,39333,False,5636131,108,False,27648,255
223350,2000078786,98628851,98629453,602,2,540054,1409307650,86.1022031002043,614,False,4278210660,4,True,1279,0
223340,2000078774,98629465,98629999,534,2,540054,1409307650,86.10273911732472,546,False,2949210,84,False,3372241920,255
223336,2000078767,98630011,98630546,535,2,5a005a,1509972482,86.10321577098556,2700,False,251679744,0,False,5505039,100
222774,2000076999,98632711,98633250,539,2,000000,2,86.10557284952812,49820,False,1409417216,0,True,5505108,10
222759,2000076963,98682531,98683077,546,2,000000,2,86.14906531359883,2673,False,918594423,119,False,919303990,0
224471,2000082472,98685204,98685748,544,2,000000,2,86.15139882135597,5667,False,376911574,244,True,62486,2
223359,2000078814,98690871,98691417,546,2,520052,1375752706,86.1563460673192,9438,False,919068279,119,False,4083644214,0
222807,2000077129,98700309,98700848,539,2,520052,1375752706,86.16458536631357,1132,False,1375862784,0,True,5374034,10
222762,2000076970,98701441,98701863,422,2,000000,2,86.16557359331735,19808,False,23024383,78,False,3120582145,0
223507,2000079120,98721249,98721795,546,2,000000,2,86.18286581989929,3690,False,919146615,119,False,2962847542,2
221157,2000070327,98724939,98725520,581,2,510051,1358975234,86.18608716057415,5783,False,4278210660,1,True,511,0
222439,2000076143,98730722,98731249,527,2,510051,1358975234,86.1911356736155,13710,False,4294902015,0,True,255,7
223351,2000078787,98744432,98744971,539,2,500050,1342197762,86.20310439465946,12373,False,1342308352,0,True,5242960,15
224492,2000082516,98756805,98757332,527,2,520052,1375752706,86.2139059253288,3711,False,4294901760,0,True,255,29
223358,2000078810,98760516,98761055,539,2,000000,2,86.21714559883675,34851,False,1325531136,0,True,5177423,15
220890,2000069136,98795367,98795906,539,2,4d004d,1291865346,86.24757024486904,9545,False,1375862786,0,True,5374034,41
223360,2000078817,98804912,98805451,539,2,000000,2,86.25590295401305,25910,True,65538,0,True,0,0
224486,2000082505,98830822,98831366,544,2,520052,1375752706,86.2785221781012,556,False,1484207830,102,True,222808,2
222808,2000077130,98831378,98831917,539,2,000000,2,86.27900756168256,5944,False,1275199491,0,True,4980812,10
222764,2000076974,98837322,98837856,534,2,000000,2,86.28419662644443,4162,False,2293835,75,False,4194323200,255
223213,2000078256,98841484,98842024,540,2,460046,1174423042,86.2878300193682,30764,False,33554916,75,False,1258310402,0
225058,2000083857,98872248,98872775,527,2,4a004a,1241532930,86.31468674688067,9688,False,4294901760,0,False,255,255
224489,2000082509,98881936,98882505,569,2,4f004f,1325420290,86.32314429388823,10493,False,4278197761,1,False,16712191,0
220892,2000069141,98892429,98892956,527,2,490049,1224755458,86.33230459949831,15717,False,4294902015,0,True,255,29
224491,2000082512,98908146,98908678,532,2,4b004b,1258310402,86.34602541559224,2151,False,4718602,78,False,19968,255
222763,2000076972,98910297,98910836,539,2,480048,1207977986,86.34790322149782,43588,False,1208090626,0,True,4718664,38
224490,2000082511,98953885,98954454,569,2,4b004b,1258310402,86.38595519909545,13946,False,4278193409,1,False,16712191,0
221729,2000072272,98967831,98968400,569,2,430043,1124090626,86.39812994626385,49922,False,4278190337,1,False,16712191,0
223856,2000080136,99017753,99018197,444,2,370037,922760962,86.44171145552394,6839,True,0,0,False,0,153
225266,2000084367,99024592,99025055,463,2,370037,922760962,86.44768184817306,37711,True,0,0,True,0,0
220945,2000069280,99062303,99062859,556,2,000000,2,86.48060325147637,22185,False,285212672,95,False,220945,160
222805,2000077125,99084488,99085135,647,2,000000,2,86.49997058016781,131407,False,131071,108,True,486400,0
223774,2000079847,99215895,99216422,527,2,43004d,1291862786,86.61468784685066,503431,False,4294902015,0,False,16777471,6
224081,2000081118,99719326,99719858,532,2,4d004d,1291865346,87.05417910898589,253267,False,655448,88,False,2013288448,0
224472,2000082475,99972593,99973162,569,2,000000,2,87.27527918722345,13617,False,4278191105,1,False,16712191,0
225032,2000083765,99986210,99986772,562,2,4a004a,1241532930,87.28716672000648,11039,False,1811939584,7,True,1900,0
225268,2000084379,99997249,99997788,539,2,4a004a,1241532930,87.29680367927739,30220,False,1308753921,0,True,5111886,8
225269,2000084380,100027469,100028038,569,2,490049,1224755458,87.32318549911314,1731,False,4278199297,1,False,16712191,0
225033,2000083766,100029200,100029769,569,2,480048,1207977986,87.32469664835654,43100,False,4278194689,1,False,16712191,0
225270,2000084382,100072300,100072857,557,2,430043,1124090626,87.36232260583239,250171,False,0,246,False,57669120,0
223988,2000080821,100322471,100323040,569,2,000000,2,87.58071990067445,86559,False,4278196225,1,False,16712191,0
224357,2000082195,100409030,100409592,562,2,000000,2,87.65628521977314,574,False,1811939584,7,True,1900,0
223592,2000079368,100409604,100410136,532,2,000000,2,87.65678631721144,52212,False,4194311,104,False,26624,255
224368,2000082221,100461816,100462355,539,2,000000,2,87.70236697827245,20032,True,131073,0,True,0,0
224441,2000082416,100481848,100482417,569,2,000000,2,87.71985475507422,581,False,4278190593,1,False,16712191,0
224366,2000082217,100482429,100483000,571,2,000000,2,87.72036196345691,7983,False,436273152,0,False,33488922,255
223824,2000080053,100490412,100490988,576,2,000000,2,87.72733105901443,18134,False,1124073729,97,True,24899,1
224355,2000082191,100508546,100509073,527,2,000000,2,87.74316189689999,17505,False,4294901760,0,False,255,255
223491,2000079058,100526051,100526627,576,2,000000,2,87.75844362278433,7120,False,4194305793,96,True,24826,1
223502,2000079102,100533171,100533735,564,2,000000,2,87.76465932620029,10377,False,16777471,0,False,124518401,0
224372,2000082225,100543548,100544124,576,2,000000,2,87.77371836473223,14841,False,3875547137,96,True,24807,1
224365,2000082216,100558389,100558965,576,2,000000,2,87.7866744397879,22419,False,3875538689,96,True,24807,1
224448,2000082430,100580808,100581365,557,2,000000,2,87.80624604861971,3677,False,0,192,False,57458688,0
224374,2000082227,100584485,100585056,571,2,000000,2,87.80945604039788,5759,False,16842752,0,False,33488897,255
224371,2000082224,100590244,100590820,576,2,000000,2,87.81448360162997,7631,False,2667590145,96,True,24735,1
224369,2000082222,100597875,100598439,564,2,000000,2,87.82114540398493,3287,False,16777471,0,False,124518401,0
224358,2000082197,100601162,100601694,532,2,000000,2,87.8240149288625,5864,False,3735552,251,False,16775936,255
224375,2000082228,100607026,100607602,576,2,000000,2,87.82913415426013,5837,False,2667593217,96,True,24735,1
224370,2000082223,100612863,100613439,576,2,000000,2,87.83422980887235,6100,False,2667590913,96,True,24735,1
224367,2000082220,100618963,100619497,534,2,000000,2,87.83955506039446,3266,True,327735,56,False,4211095552,255
224359,2000082200,100622229,100622791,562,2,000000,2,87.84240625243892,5360,False,1811939584,7,True,1900,0
224450,2000082432,100627589,100628151,562,2,000000,2,87.84708548984194,1045,False,1811939584,7,True,1900,0
224449,2000082431,100628634,100629196,562,2,000000,2,87.84799776653713,5929,False,1811939584,7,True,1900,0
224194,2000081613,100634563,100635095,532,2,000000,2,87.85317373641821,1125,False,3604480,251,False,16775936,255
223989,2000080826,100635688,100636227,539,2,000000,2,87.85415585247762,2191,True,131073,0,True,0,0
223916,2000080410,100637879,100638443,564,2,000000,2,87.8560685780653,576,False,16777471,0,False,124518401,0
223825,2000080060,100638455,100639019,564,2,000000,2,87.85657142148771,6666,False,16777471,0,False,124518401,0
223523,2000079168,100645121,100645690,569,2,000000,2,87.86239078651171,581,False,4278194689,1,False,16712191,0
223522,2000079164,100645702,100646271,569,2,000000,2,87.8628979948944,1317,False,4278193921,1,False,16712191,0
223519,2000079155,100647019,100647576,557,2,000000,2,87.86404772542794,569,True,0,31,False,57220864,0
223505,2000079113,100647588,100648010,422,2,000000,2,87.86454445790598,12705,False,16777471,66,False,2801811969,0
223364,2000078826,100660293,100660862,569,2,000000,2,87.87563582193685,4075,False,4278196993,1,False,16712191,0
224493,2000082523,100664368,100664895,527,2,000000,2,87.87919326455203,17317,False,67128064,0,True,4,0
224373,2000082226,100681685,100682261,576,2,000000,2,87.89431086793044,588,False,2667585025,96,True,24735,1
224542,2000082652,100682273,100682800,527,2,000000,2,87.8948241872575,4339,False,4294902015,0,False,255,255
224451,2000082433,100686612,100687176,564,2,000000,2,87.89861209977461,23335,False,16777471,0,False,124518401,0
225029,2000083733,100709947,100710516,569,2,000000,2,87.9189833693268,31633,False,4278197761,1,False,16712191,0
224997,2000083633,100741580,100742144,564,2,000000,2,87.94659872693315,11977,False,16777471,0,False,124518401,0
223923,2000080426,100753557,100754126,569,2,000000,2,87.95705455274958,2439,False,4278192385,1,False,16712191,0
223501,2000079093,100755996,100756565,569,2,000000,2,87.95918378036637,3276,False,4278196993,1,False,16712191,0
223483,2000079046,100759272,100759806,534,2,000000,2,87.96204370233136,1678,True,0,50,False,4211094016,255
225003,2000083639,100760950,100761519,569,2,000000,2,87.96350858299597,3748,False,4278191873,1,False,16712191,0
223922,2000080423,100764698,100765262,564,2,000000,2,87.96678055720987,1942,False,16777471,0,False,124518401,0
223917,2000080411,100766640,100767174,534,2,000000,2,87.96847590777642,3946,True,0,50,False,4211094016,255
223827,2000080063,100770586,100771148,562,2,000000,2,87.97192073441678,18948,False,1811939584,7,True,1900,0
225001,2000083637,100789534,100790061,527,2,000000,2,87.98846218783332,8424,False,4294902015,0,False,255,255
225028,2000083732,100797958,100798485,527,2,000000,2,87.99581627288615,4616,False,4294902015,0,False,255,255
225027,2000083731,100802574,100803106,532,2,000000,2,87.99984600420188,3379,False,2949124,211,False,16765696,255
225002,2000083638,100805953,100806522,569,2,000000,2,88.00279584434831,9199,False,4278196737,1,False,16712191,0
225000,2000083636,100815152,100815714,562,2,000000,2,88.01082649824205,4593,False,1811939584,7,True,1900,0
224999,2000083635,100819745,100820284,539,2,000000,2,88.01483615074058,1683,True,131073,0,True,0,0
224998,2000083634,100821428,100821990,562,2,000000,2,88.01630539636545,228743,False,1811939584,7,True,1900,0
224992,2000083606,101050171,101050752,581,2,000000,2,88.21599621750003,31189,False,4278190180,1,True,511,0
222219,2000074811,101081360,101081887,527,2,4e004e,1308642818,88.24322396663494,539,False,4294901760,0,True,255,1
221156,2000070326,101081899,101082539,640,2,4c004c,1275087874,88.2436945093514,33844,False,131071,108,True,486400,0
224072,2000081092,101115743,101116414,671,2,000000,2,88.2732400523865,40075,False,67436,108,False,4278676480,255
222438,2000076142,101155818,101156374,556,2,4c004c,1275087874,88.30822520890264,210147,False,3858759680,100,False,222438,110
220889,2000069118,101365965,101366497,532,2,500050,1342197762,88.49168186982327,6299,False,0,80,False,1593856000,0
224901,2000083409,101372264,101372808,544,2,000000,2,88.49718084676388,11276,False,628569817,245,True,62757,2
221506,2000071545,101383540,101384102,562,2,4e004e,1308642818,88.5070247051513,1054,False,1811939584,7,True,1900,0
222414,2000076074,101384594,101385153,559,2,000000,2,88.50794483877496,571,True,1900,0,False,3456106496,100
223566,2000079317,101385165,101385716,551,2,370037,922760962,88.50844331723711,1893,False,3386179587,54,False,3581359817,201
224907,2000083422,101387058,101387634,576,2,000000,2,88.51009589119306,7441,False,2013267713,0,True,120,2
224898,2000083402,101394499,101395031,532,2,000000,2,88.51659182505797,19812,False,4980746,85,False,21760,255
220888,2000069115,101414311,101414843,532,2,4d004d,1291865346,88.53388754360813,3653,False,327755,75,False,1509968640,0
224922,2000083470,101417964,101418526,562,2,000000,2,88.53707658357703,6581,False,1811939584,7,True,1900,0
224931,2000083485,101424545,101425072,527,2,000000,2,88.54282174427654,4589,False,4294901760,0,False,255,255
224924,2000083472,101429134,101429666,532,2,000000,2,88.54682790480685,7073,False,4784133,79,False,20224,255
224928,2000083480,101436207,101436788,581,2,000000,2,88.55300257759635,11881,False,4278210404,1,True,511,0
221507,2000071546,101448088,101448620,532,2,470047,1191200514,88.5633745961757,15033,False,4653066,80,False,20480,255
220887,2000069112,101463121,101463653,532,2,4b004b,1258310402,88.57649828570551,13274,False,0,70,True,17920,0
220886,2000069111,101476395,101477035,640,2,4b004b,1258310402,88.58808638221443,209331,False,131071,108,True,486400,0
223091,2000077934,101685726,101686282,556,2,320032,838873602,88.77083068161997,75527,False,1929379840,103,False,223091,110
224619,2000082810,101761253,101761802,549,2,000000,2,88.83676515239212,31042,False,2000082810,122,False,920091255,119
224904,2000083412,101792295,101792859,564,2,3e003e,1040203266,88.86386457169526,835548,False,16777471,0,False,124518401,0
224268,2000081963,102627843,102628387,544,2,550055,1426085122,89.59329133543166,353393,False,4252448468,66,True,148221,2
224643,2000082854,102981236,102981763,527,2,3a003a,973093378,89.90180061594828,75603,False,4294901760,0,False,255,255
224737,2000083059,103056839,103057366,527,2,000000,2,89.96780143411642,6779,True,2816,0,True,589824,0
225155,2000084129,103063618,103064169,551,2,000000,2,89.97371944724239,5474,False,3701538819,54,False,2708944604,220
224614,2000082788,103069092,103069619,527,2,000000,2,89.97849820573943,539,False,4294901760,0,False,255,255
224613,2000082787,103069631,103070158,527,2,000000,2,89.97896874845588,1085,False,4294902015,0,False,255,255
224612,2000082786,103070716,103071243,527,2,000000,2,89.9799159448332,906,True,0,0,True,0,0
224611,2000082785,103071622,103072156,534,2,000000,2,89.98070687563303,903,True,0,0,True,0,0
224610,2000082782,103072525,103073052,527,2,000000,2,89.9814951874567,539,False,4294901760,0,False,255,255
224609,2000082781,103073064,103073591,527,2,000000,2,89.98196573017317,539,False,4294901760,0,False,255,255
224608,2000082780,103073603,103074130,527,2,000000,2,89.98243627288963,3883,True,1792,0,True,589824,0
224607,2000082779,103077486,103078013,527,2,000000,2,89.98582610103068,539,False,4294901760,0,False,255,255
224606,2000082777,103078025,103078552,527,2,000000,2,89.98629664374714,539,False,4294901760,0,False,255,255
224605,2000082776,103078564,103079103,539,2,000000,2,89.9867671864636,551,True,131075,0,True,0,0
224604,2000082775,103079115,103079642,527,2,000000,2,89.9872482050847,943,True,2048,0,True,0,0
224597,2000082768,103080058,103080585,527,2,000000,2,89.98807143659049,539,False,4294902015,0,False,255,255
224596,2000082767,103080597,103081124,527,2,000000,2,89.98854197930694,539,False,4294901760,0,False,255,255
224595,2000082766,103081136,103081663,527,2,000000,2,89.9890125220234,539,False,4294901760,0,False,255,255
224593,2000082764,103081675,103082202,527,2,000000,2,89.98948306473987,539,False,4294901760,0,False,255,255
224592,2000082763,103082214,103082741,527,2,000000,2,89.98995360745633,539,False,4294901760,0,False,255,255
224591,2000082762,103082753,103083287,534,2,000000,2,89.99042415017279,546,True,0,0,True,0,0
224590,2000082761,103083299,103083826,527,2,000000,2,89.99090080383361,811,True,0,0,True,0,0
224589,2000082760,103084110,103084637,527,2,000000,2,89.99160880038845,25171,True,1536,0,True,0,0
224852,2000083296,103109281,103109808,527,2,000000,2,90.01358288334957,539,False,4294901760,0,False,255,255
224851,2000083293,103109820,103110347,527,2,000000,2,90.01405342606604,539,False,4294901760,0,False,255,255
224850,2000083289,103110359,103110886,527,2,000000,2,90.0145239687825,652,True,2816,0,True,589824,0
224849,2000083288,103111011,103111538,527,2,000000,2,90.01509315960094,652,True,1792,0,True,524288,0
224846,2000083283,103111663,103112190,527,2,000000,2,90.01566235041936,1863,True,0,0,True,0,0
224845,2000083282,103113526,103114060,534,2,000000,2,90.01728873461373,546,True,0,0,True,0,0
224843,2000083280,103114072,103114599,527,2,000000,2,90.01776538827457,539,False,4294901760,0,False,255,255
224842,2000083278,103114611,103115138,527,2,000000,2,90.01823593099103,539,False,4294901760,0,False,255,255
224841,2000083276,103115150,103115677,527,2,000000,2,90.01870647370748,539,False,4294901760,0,False,255,255
224840,2000083275,103115689,103116216,527,2,000000,2,90.01917701642395,640,True,2304,0,True,0,0
224839,2000083274,103116329,103116856,527,2,000000,2,90.01973573133775,539,False,4294901760,0,False,255,255
224838,2000083270,103116868,103117402,534,2,000000,2,90.0202062740542,546,True,0,0,True,0,0
224837,2000083269,103117414,103117941,527,2,000000,2,90.02068292771503,1068,True,0,0,True,0,0
224836,2000083268,103118482,103119009,527,2,000000,2,90.02161528322743,539,False,4294901760,0,False,255,255
224835,2000083267,103119021,103119548,527,2,000000,2,90.02208582594389,539,False,4294901760,0,False,255,255
224834,2000083264,103119560,103120087,527,2,000000,2,90.02255636866036,539,False,4294901760,0,False,255,255
224833,2000083262,103120099,103120626,527,2,000000,2,90.02302691137682,539,False,4294901760,0,False,255,255
224832,2000083260,103120638,103121195,557,2,000000,2,90.02349745409327,936,False,0,64,False,57556992,0
224829,2000083252,103121574,103122101,527,2,000000,2,90.0243145746547,1658,True,1792,0,True,524288,0
224811,2000083192,103123232,103123759,527,2,000000,2,90.02576199547825,539,False,4294901760,0,False,255,255
224808,2000083184,103123771,103124298,527,2,000000,2,90.02623253819472,539,False,4294901760,0,False,255,255
224807,2000083183,103124310,103124837,527,2,000000,2,90.02670308091118,539,False,4294901760,0,False,255,255
224805,2000083181,103124849,103125376,527,2,000000,2,90.02717362362763,1287,True,0,0,True,0,0
224803,2000083179,103126136,103126663,527,2,000000,2,90.02829716439959,919,False,33554432,0,True,2,0
224797,2000083166,103127055,103127582,527,2,000000,2,90.02909944409612,539,False,4294901760,0,False,255,255
224796,2000083164,103127594,103128121,527,2,000000,2,90.02956998681259,640,True,2560,0,True,0,0
224790,2000083154,103128234,103128761,527,2,000000,2,90.03012870172637,539,False,4294901760,0,False,255,255
224789,2000083151,103128773,103129300,527,2,000000,2,90.03059924444284,3234,True,0,0,True,0,0
224772,2000083126,103132007,103132534,527,2,000000,2,90.03342250074161,539,False,4294901760,0,False,255,255
224771,2000083124,103132546,103133073,527,2,000000,2,90.03389304345806,539,False,4294901760,0,False,255,255
224770,2000083123,103133085,103133612,527,2,000000,2,90.03436358617452,539,False,4294901760,0,False,255,255
224769,2000083122,103133624,103134151,527,2,000000,2,90.03483412889099,1426,True,0,0,True,720896,0
224768,2000083113,103135050,103135577,527,2,000000,2,90.03607901555829,920,False,570425344,0,True,34,0
224767,2000083112,103135970,103136497,527,2,000000,2,90.03688216824686,539,False,4294901760,0,False,255,255
224765,2000083110,103136509,103137036,527,2,000000,2,90.03735271096333,539,False,4294901760,0,False,255,255
224764,2000083103,103137048,103137575,527,2,000000,2,90.03782325367979,539,False,4294901760,0,False,255,255
224763,2000083102,103137587,103138114,527,2,000000,2,90.03829379639625,539,False,4294901760,0,False,255,255
224762,2000083101,103138126,103138653,527,2,000000,2,90.03876433911272,539,False,4294901760,0,False,255,255
224760,2000083095,103138665,103139192,527,2,000000,2,90.03923488182917,3889,False,134217728,0,True,8,0
224750,2000083077,103142554,103143081,527,2,000000,2,90.04262994792253,765,True,1536,0,True,655360,0
224749,2000083075,103143319,103143846,527,2,000000,2,90.04329778684293,539,False,4294901760,0,False,255,255
224747,2000083073,103143858,103144385,527,2,000000,2,90.0437683295594,1737,True,3328,0,True,196608,0
224746,2000083072,103145595,103146122,527,2,000000,2,90.04528471675512,7352,False,201326592,0,True,12,0
222410,2000076070,103152947,103153474,527,2,000000,2,90.05170295432733,920,False,234881024,0,True,14,0
222411,2000076071,103153867,103154406,539,2,000000,2,90.0525061070159,16370,True,65538,0,True,0,0
223450,2000078998,103170237,103170764,527,2,000000,2,90.06679698692031,539,False,4294901760,0,False,255,255
223453,2000079001,103170776,103171315,539,2,000000,2,90.06726752963678,551,True,131075,0,True,0,0
223457,2000079005,103171327,103171854,527,2,000000,2,90.06774854825787,3163,True,0,0,True,0,0
223459,2000079007,103174490,103175024,534,2,000000,2,90.07050982212088,1505,True,0,0,True,0,0
223461,2000079009,103175995,103176522,527,2,000000,2,90.07182367516036,4159,False,100663296,0,True,6,0
223464,2000079013,103180154,103180681,527,2,000000,2,90.07545444910797,1197,True,0,0,True,0,0
223466,2000079018,103181351,103181878,527,2,000000,2,90.07649942059518,2609,True,0,0,True,0,0
220819,2000068912,103183960,103184487,527,2,000000,2,90.07877705686094,911,False,335544320,0,True,20,0
220805,2000068897,103184871,103185494,623,2,000000,2,90.07957235262104,4483,True,7,0,True,0,0
224522,2000082603,103189354,103189881,527,2,000000,2,90.08348597599377,539,False,4294901760,0,False,255,255
224523,2000082604,103189893,103190420,527,2,000000,2,90.08395651871022,250364,True,0,0,True,0,0
222053,2000073771,103440257,103440831,574,2,00000f,251658242,90.30252230101848,1152,True,690944,0,False,100728832,0
222052,2000073770,103441409,103441983,574,2,000010,268435458,90.30352798786332,4333,True,690944,0,False,50397184,0
224723,2000083030,103445742,103446279,537,2,00000f,251658242,90.30731066242812,3981,False,251658242,0,True,65551,25
222051,2000073769,103449723,103450292,569,2,00000e,234881026,90.31078604379033,5249,False,4278190337,1,False,16712191,0
224725,2000083033,103454972,103455504,532,2,00000a,167772162,90.3153683790755,30497,False,1245185,231,False,16770816,255
221928,2000072877,103485469,103486008,539,2,000000,2,90.34199201770987,440726,True,131073,0,True,0,1
222110,2000073940,103926195,103926764,569,2,00002c,738197506,90.72674231317403,168677,False,4278195201,1,False,16712191,0
222157,2000074342,104094872,104095441,569,2,000023,587202562,90.87399599366486,22409,False,4278195201,1,False,16712191,0
222191,2000074573,104117281,104117850,569,2,00001f,520093698,90.89355887257616,64063,False,4278193153,1,False,16712191,0
222120,2000074015,104181344,104181878,534,2,000017,385875970,90.94948536245495,13822,True,65563,35,False,889201408,0
222077,2000073851,104195166,104195735,569,2,000019,419430402,90.96155185860881,581,False,4278190593,1,False,16712191,0
222076,2000073849,104195747,104196311,564,2,000019,419430402,90.96205906699149,10428,False,16777471,0,False,124518401,0
222212,2000074759,104206175,104206744,569,2,000018,402653186,90.97116262811812,27616,False,4278191617,1,False,16712191,0
222192,2000074577,104233791,104234330,539,2,000015,352321538,90.99527117664837,25764,True,131073,0,True,1376256,1
222163,2000074436,104259555,104260124,569,2,000015,352321538,91.01776294389681,23743,False,4278191617,1,False,16712191,0
222211,2000074755,104283298,104283837,539,2,000012,301989890,91.03849039420655,3711,True,131073,0,True,1048576,1
222190,2000074571,104287009,104287543,534,2,000012,301989890,91.0417300677145,23954,True,65554,28,False,4244642816,255
222164,2000074437,104310963,104311502,539,2,000011,285212674,91.06264171934737,2376,True,65537,0,True,0,21
222161,2000074432,104313339,104313873,534,2,00000d,218103810,91.06471594846484,16359,True,65555,26,False,4261419520,255
222160,2000074431,104329698,104330232,534,2,00000d,218103810,91.07899722545666,817,True,1114112,1,False,419430656,0
222162,2000074435,104330515,104331049,534,2,00000f,251658242,91.0797104599638,320931,True,65551,25,False,805312768,0
224920,2000083463,104651446,104651990,544,2,000000,2,91.3598806724623,61681,False,4034344666,89,True,23024,2
221756,2000072315,104713127,104713671,544,2,000000,2,91.41372769527129,139313,False,1014445742,28,True,7228,1
225245,2000084333,104852440,104853001,561,2,3c004b,1258306562,91.5353468371236,5234,False,124518401,0,True,7,0
225098,2000083977,104857674,104858216,542,2,000000,2,91.53991607752798,5424,False,11827063,0,False,1208090624,0
223236,2000078346,104863098,104863640,542,2,00003c,1006632962,91.54465118642239,5586,False,54172279,0,False,553779203,0
223246,2000078366,104868684,104869256,572,2,000039,956301314,91.54952772002936,2964,True,1,0,False,4278190080,1
223237,2000078348,104871648,104872190,542,2,000033,855638018,91.55211526847387,5172,False,29494903,0,True,131073,0
223245,2000078364,104876820,104877392,572,2,00002f,788529154,91.55663038337096,7264,True,1,0,False,4278190080,1
224718,2000083024,104884084,104884685,601,2,00002a,704643074,91.56297179764253,613,True,945664,0,False,33619968,139
224722,2000083029,104884697,104885239,542,2,000028,671088642,91.56350694177091,6906,False,29473399,0,True,131073,0
224726,2000083034,104891603,104892145,542,2,00001f,520093698,91.56953582488757,4846,False,56474743,0,True,131075,0
224728,2000083037,104896449,104896991,542,2,000000,2,91.57376634437546,3346,False,56326263,0,True,65539,0
221097,2000069978,104899795,104900356,561,2,000000,2,91.57668737578413,60237,False,124518401,0,True,7,0
224470,2000082471,104960032,104960622,590,2,410037,922763522,91.62927379806891,9483,False,2449473793,0,True,146,2
221079,2000069898,104969515,104970076,561,2,280028,671098882,91.63755238170565,1294122,False,124518401,0,True,7,0
223476,2000079034,106263637,106264169,532,2,1e001e,503324162,92.76731060306466,20025,True,2162689,34,False,8704,255
222716,2000076837,106283662,106284199,537,2,200020,536879106,92.78479226892206,15674,False,536879106,0,True,65568,32
222582,2000076496,106299336,106299873,537,2,1f001f,520101634,92.79847554635771,5801,False,536879106,0,True,65568,32
223134,2000078051,106305137,106305674,537,2,1d001d,486546690,92.80353977325603,549,False,520101634,0,True,65567,31
223297,2000078599,106305686,106306218,532,2,1f001f,520101634,92.80401904589301,37460,True,2031618,40,False,10240,255
222714,2000076835,106343146,106343683,537,2,1c001c,469769218,92.83672132819106,1576,False,486546690,0,True,65565,29
222440,2000076144,106344722,106345259,537,2,1d001d,486546690,92.83809716366628,11756,False,486546690,0,True,65565,29
223473,2000079029,106356478,106357010,532,2,1d001d,486546690,92.84836005823904,1093,True,1900545,45,False,11520,255
223471,2000079026,106357571,106358108,537,2,1d001d,486546690,92.84931423855276,3409,False,486546690,0,True,65565,29
222437,2000076141,106360980,106361517,537,2,1b001b,452991746,92.85229026846076,5440,False,486546690,0,True,65565,29
223296,2000078598,106366420,106366952,532,2,1d001d,486546690,92.85703934522802,3799,True,1900545,30,False,7680,255
223475,2000079032,106370219,106370756,537,2,1c001c,469769218,92.86035584203663,3993,False,469769218,0,True,131100,28
223415,2000078914,106374212,106374749,537,2,1c001c,469769218,92.86384169930348,2639,False,469769218,0,True,65564,28
222711,2000076832,106376851,106377388,537,2,1b001b,452991746,92.86614552533082,7594,False,469769218,0,True,65564,28
223040,2000077738,106384445,106384977,532,2,1b001b,452991746,92.87277502697981,544,False,1835008,253,False,16776448,255
223696,2000079572,106384989,106385526,537,2,1b001b,452991746,92.87324993465654,2353,False,452991746,0,True,65563,28
223693,2000079569,106387342,106387884,542,2,1c001c,469769218,92.8753040849568,1145,False,26061175,0,False,469893121,0
223123,2000078035,106388487,106389024,537,2,1c001c,469769218,92.87630366085725,3073,False,469769218,0,True,65564,28
223467,2000079019,106391560,106392092,532,2,1c001c,469769218,92.87898636543552,983,True,1835009,39,False,9984,255
223135,2000078052,106392543,106393080,537,2,1c001c,469769218,92.87984451662342,1098,False,469769218,0,True,65564,28
223463,2000079011,106393641,106394180,539,2,1c001c,469769218,92.88080306189741,4929,False,453115907,0,True,1769499,1
223121,2000078032,106398570,106399107,537,2,1b001b,452991746,92.88510603972567,549,False,469769218,0,True,65564,28
223465,2000079014,106399119,106399656,537,2,1c001c,469769218,92.88558531236268,1142,False,452991746,0,True,65563,27
222709,2000076830,106400261,106400793,532,2,1b001b,452991746,92.88658226928696,544,False,1769473,254,False,16776704,255
222708,2000076828,106400805,106401342,537,2,1b001b,452991746,92.8870571769637,549,False,419436802,0,True,65561,27
222581,2000076494,106401354,106401891,537,2,190019,419436802,92.88753644960069,5427,False,452991746,0,True,65563,27
223699,2000079575,106406781,106407313,532,2,1a001a,436214274,92.89227417747125,6428,True,1769473,39,False,9984,255
222710,2000076831,106413209,106413746,537,2,1b001b,452991746,92.89788577038668,6319,False,452991746,0,True,65563,27
223681,2000079543,106419528,106420065,537,2,1a001a,436214274,92.90340220716836,1599,False,452991746,0,True,65563,27
223133,2000078050,106421127,106421664,537,2,1a001a,436214274,92.90479812146079,549,False,452991746,0,True,65563,27
223125,2000078037,106421676,106422213,537,2,1b001b,452991746,92.90527739409778,1098,False,452991746,0,True,65563,27
223054,2000077812,106422774,106423311,537,2,190019,419436802,92.90623593937175,3813,False,452991746,0,True,65563,27
223451,2000078999,106426587,106427119,532,2,1a001a,436214274,92.90956465806909,2701,False,1769473,231,False,16770816,255
223435,2000078952,106429288,106429825,537,2,1b001b,452991746,92.91192260960372,4070,False,436214274,0,True,65562,27
223127,2000078040,106433358,106433895,537,2,190019,419436802,92.91547568725863,549,False,436214274,0,True,65562,26
223120,2000078031,106433907,106434444,537,2,1a001a,436214274,92.91595495989561,549,False,436214274,0,True,65562,26
223057,2000077816,106434456,106434993,537,2,1a001a,436214274,92.91643423253261,983,False,436214274,0,True,65562,26
223436,2000078955,106435439,106435976,537,2,1a001a,436214274,92.91729238372052,1537,False,436214274,0,True,65562,26
223052,2000077810,106436976,106437513,537,2,1a001a,436214274,92.91863417250568,549,False,419436802,0,True,65561,26
223136,2000078054,106437525,106438062,537,2,190019,419436802,92.91911344514267,1025,False,419436802,0,True,65561,26
223298,2000078600,106438550,106439087,537,2,1a001a,436214274,92.92000826199678,1135,False,436214274,0,True,65562,26
223682,2000079544,106439685,106440222,537,2,190019,419436802,92.92099910797673,549,False,436214274,0,True,65562,26
223041,2000077747,106440234,106440776,542,2,1a001a,436214274,92.9214783806137,1652,False,51931255,0,False,436338691,0
223709,2000079588,106441886,106442423,537,2,1a001a,436214274,92.92292056348495,549,False,436214274,0,True,65562,26
223458,2000079006,106442435,106442972,537,2,1a001a,436214274,92.92339983612193,549,False,419436802,0,True,65561,26
223460,2000079008,106442984,106443521,537,2,190019,419436802,92.92387910875892,2582,False,436214274,0,True,65562,26
222715,2000076836,106445566,106446103,537,2,1a001a,436214274,92.92613317423927,549,False,436214274,0,True,65562,26
223470,2000079025,106446115,106446642,527,2,1a001a,436214274,92.92661244687625,2756,False,4294901760,0,False,255,255
223697,2000079573,106448871,106449408,537,2,1a001a,436214274,92.92901841297378,940,False,419430401,0,True,1638425,1
222713,2000076834,106449811,106450348,537,2,1a001a,436214274,92.92983902550341,3106,False,419436802,0,True,65561,26
223124,2000078036,106452917,106453454,537,2,1a001a,436214274,92.93255053881943,3091,False,436214274,0,True,65562,26
223129,2000078044,106456008,106456545,537,2,190019,419436802,92.93524895725464,549,False,419436802,0,True,65561,25
223130,2000078047,106456557,106457094,537,2,190019,419436802,92.93572822989164,2442,False,419436802,0,True,65561,25
223468,2000079023,106458999,106459531,532,2,190019,419436802,92.93786007648458,1552,False,1638401,231,False,16770816,255
223411,2000078905,106460551,106461088,537,2,190019,419436802,92.93921496015052,1544,False,419436802,0,True,65561,25
222712,2000076833,106462095,106462632,537,2,190019,419436802,92.94056285988006,2245,False,419436802,0,True,65561,25
223701,2000079577,106464340,106464877,537,2,180018,402659330,92.94252272703861,549,False,385881858,0,True,65559,25
223698,2000079574,106464889,106465426,537,2,170017,385881858,92.9430019996756,2340,False,385875969,0,True,1507351,1
223454,2000079002,106467229,106467766,537,2,190019,419436802,92.94504480107916,549,False,419436802,0,True,65561,25
223053,2000077811,106467778,106468315,537,2,190019,419436802,92.94552407371614,1100,False,419436802,0,True,65561,25
223694,2000079570,106468878,106469410,532,2,180018,402659330,92.94648436497424,3960,True,1638401,30,False,7680,255
223680,2000079542,106472838,106473370,532,2,190019,419436802,92.94994141350334,1571,False,1638401,254,False,16776704,255
222583,2000076497,106474409,106474941,532,2,160016,369104386,92.9513128840183,3227,False,1638401,254,False,16776704,255
223132,2000078049,106477636,106478173,537,2,180018,402659330,92.95413002937269,2245,False,402659330,0,True,65560,24
223417,2000078918,106479881,106480418,537,2,180018,402659330,92.95608989653124,1427,False,402659330,0,True,65560,24
223702,2000079578,106481308,106481840,532,2,170017,385881858,92.9573356561906,544,False,1572865,254,False,16776704,255
223056,2000077814,106481852,106482389,537,2,180018,402659330,92.95781056386731,220960,False,402659330,0,True,65560,24
222358,2000075882,106702812,106703344,532,2,000017,385875970,93.15070688785492,75314,True,1900545,37,False,9472,255
222360,2000075884,106778126,106778663,537,2,000000,2,93.21645541131981,874,True,1,0,True,0,1
222361,2000075885,106779000,106779539,539,2,000000,2,93.21721840637396,551,True,131075,0,True,0,1
223076,2000077890,106779551,106780090,539,2,000000,2,93.21769942499506,551,True,131075,0,True,0,1
223077,2000077891,106780102,106780646,544,2,000000,2,93.21818044361615,556,False,1719088836,103,True,223078,2
223078,2000077892,106780658,106781197,539,2,000000,2,93.21866582719751,2293495,True,65536,0,True,0,0
221360,2000071063,109074153,109074680,527,2,570057,1459640066,95.22086873534356,42534,False,4294901760,0,False,255,255
220834,2000068957,109116687,109117248,561,2,190019,419436802,95.25800057931752,1205,False,124518401,0,True,7,0
221075,2000069888,109117892,109118443,551,2,000000,2,95.25905253474114,238465,False,2768240643,54,False,7812773,165
223964,2000080709,109356357,109356901,544,2,4f004f,1325420290,95.46723058461309,26778,False,1467430607,200,True,51287,2
224906,2000083417,109383135,109383752,617,2,3e003e,1040203266,95.49060756580309,173105,True,1536,0,False,16842752,172
224101,2000081289,109556240,109556796,556,2,000000,2,95.64172685510374,46245,False,1694498816,107,False,224101,137
222359,2000075883,109602485,109603029,544,2,500046,1174425602,95.68209837258567,14103,False,2255959740,88,True,88198,2
221815,2000072483,109616588,109617134,546,2,000000,2,95.69441017950638,95273,False,917447543,119,False,2259056438,0
224485,2000082503,109711861,109712417,556,2,550055,1426085122,95.77758275135318,2029,False,3841982464,108,False,224485,71
224923,2000083471,109713890,109714434,544,2,2c002c,738208770,95.77935405222831,252680,False,3245815514,60,True,81089,1
221482,2000071409,109966570,109967034,464,2,000000,2,95.99994168413087,223824,True,351999,0,False,4294901760,255
224980,2000083563,110190394,110190938,544,2,000000,2,96.1953382573577,40626,False,3749131994,42,True,76511,2
224878,2000083364,110231020,110231564,544,2,000000,2,96.23080443249493,3541,False,58144473,62,True,146947,2
224929,2000083482,110234561,110235100,539,2,000000,2,96.23389569735392,20812,True,131074,0,True,0,0
224936,2000083493,110255373,110255917,544,2,000000,2,96.25206440795687,1142,False,142030554,55,True,145160,2
224939,2000083499,110256515,110257059,544,2,000000,2,96.25306136488118,1611,False,3833018074,55,True,145380,2
224870,2000083349,110258126,110258670,544,2,000000,2,96.25446775507824,8562,False,326579929,57,True,145683,2
224708,2000083002,110266688,110267227,539,2,000000,2,96.26194231303434,2201,True,131074,0,True,0,0
224874,2000083357,110268889,110269433,544,2,000000,2,96.26386376854256,26249,False,3279369945,58,True,146115,2
224941,2000083503,110295138,110295682,544,2,000000,2,96.28677893693663,24601,False,4135007962,55,True,145398,2
224869,2000083348,110319739,110320283,544,2,000000,2,96.30825541442766,1137,False,309802713,61,True,146706,2
224710,2000083004,110320876,110321420,544,2,000000,2,96.3092480063917,30853,False,58144472,94,True,24067,2
224871,2000083351,110351729,110352273,544,2,000000,2,96.33618243019686,31405,False,4202116825,93,True,24058,2
224704,2000082998,110383134,110383678,544,2,000000,2,96.36359874561518,19918,False,662124248,60,True,146471,2
224952,2000083516,110403052,110403601,549,2,000000,2,96.38098700132294,17645,False,2000083516,60,False,920271991,119
224587,2000082758,110420697,110421241,544,2,000000,2,96.39639094609466,48078,False,242693847,57,True,145678,2
224946,2000083509,110468775,110469314,539,2,000000,2,96.43836265800938,18997,True,131074,0,True,0,0
224876,2000083362,110487772,110488311,539,2,000000,2,96.4549468880365,3999,True,131074,0,True,0,0
223498,2000079074,110491771,110492315,544,2,000000,2,96.45843798325566,5696,False,2725721800,61,True,146850,2
223493,2000079064,110497467,110498011,544,2,000000,2,96.46341054598844,7798,False,309802696,60,True,146450,2
222159,2000074383,110505265,110505809,544,2,000000,2,96.47021813801621,5460,False,2927048374,49,True,12718,1
223488,2000079052,110510725,110511269,544,2,000000,2,96.47498467462451,1688,False,729233096,62,True,146987,2
224930,2000083483,110512413,110512952,539,2,000000,2,96.47645828520965,4393,True,131075,0,True,0,0
223497,2000079073,110516806,110517340,534,2,000000,2,96.48029333929762,36068,False,0,73,False,1660963072,0
222275,2000075217,110552874,110553418,544,2,000000,2,96.51178041665815,19128,False,1953969849,56,True,145524,1
223399,2000078889,110572002,110572541,539,2,000000,2,96.5284790086442,23587,True,131074,0,True,0,0
224937,2000083496,110595589,110596138,549,2,000000,2,96.54907027219369,1137,False,2000083496,40,False,920266871,119
223489,2000079056,110596726,110597270,544,2,000000,2,96.55006286415772,7214,False,3279369928,46,True,208579,2
223474,2000079031,110603940,110604484,544,2,000000,2,96.55636062882665,4268,False,2876716744,62,True,147115,2
222187,2000074560,110608208,110608742,534,2,000000,2,96.56008655890803,25287,False,0,71,False,1342195456,0
223385,2000078870,110633495,110634034,539,2,000000,2,96.58216190894727,13905,True,131075,0,True,0,0
223386,2000078871,110647400,110647944,544,2,000000,2,96.59430086344152,1583,False,2239182536,61,True,146821,2
223496,2000079069,110648983,110649527,544,2,000000,2,96.5956828098611,5615,False,1484207816,55,True,145240,2
223442,2000078972,110654598,110655142,544,2,000000,2,96.60058466023762,1107,False,1383544520,61,True,146770,2
223444,2000078983,110655705,110656239,534,2,000000,2,96.60155106244007,7164,False,0,71,False,4211099392,255
223485,2000079048,110662869,110663413,544,2,000000,2,96.60780517750635,32490,False,1752643272,60,True,146536,2
224711,2000083006,110695359,110695903,544,2,000000,2,96.63616868930195,37155,False,2943825624,61,True,146863,2
223389,2000078876,110732514,110733058,544,2,000000,2,96.66860470902388,59133,False,3312924360,58,True,146117,2
223387,2000078872,110791647,110792191,544,2,000000,2,96.72022734808236,11790,False,1685534408,61,True,146788,3
223434,2000078951,110803437,110803981,544,2,000000,2,96.73051992438492,73760,False,2608281288,62,True,147099,2
223452,2000079000,110877197,110877741,544,2,000000,2,96.79491181819976,73116,False,2876716744,89,True,219563,2
223446,2000078988,110950313,110950857,544,2,000000,2,96.85874150513258,60004,False,460797640,56,True,145435,1
224875,2000083359,111010317,111010861,544,2,000000,2,96.91112452026904,127093,False,511129305,91,True,219934,1
223800,2000079920,111137410,111138045,635,2,4c004c,1275087874,97.02207569923608,190675,True,8388615,0,False,0,128
223938,2000080569,111328085,111328617,532,2,5c005c,1543527426,97.18853345890452,103178,False,6029364,104,False,26624,255
224617,2000082808,111431263,111431839,576,2,460046,1174423042,97.27860703292873,25719,False,2399143169,0,True,143,2
222516,2000076389,111456982,111457526,544,2,360036,905983490,97.3010595155348,3213,False,1417098942,79,True,216916,2
221529,2000071734,111460195,111460739,544,2,320032,838873602,97.30386443900046,267402,False,2088187564,170,True,174716,2
223339,2000078771,111727597,111728168,571,2,370058,1476409090,97.5373042599044,26632,False,50462720,1,False,33489155,255
225075,2000083934,111754229,111754817,588,2,510051,1358975234,97.56055378425468,14544,True,0,0,False,235012096,100
225259,2000084356,111768773,111769300,527,2,500050,1342197762,97.57325058067067,7877,False,4294902015,0,False,255,255
224881,2000083369,111776650,111777191,541,2,000000,2,97.58012713907061,15381,True,129520,2,False,5112320,78
225057,2000083856,111792031,111792558,527,2,4c004c,1275087874,97.59355462983478,27211,False,4294901760,0,False,255,255
224515,2000082590,111819242,111819776,534,2,3c003c,1006648322,97.61730961658364,1143,False,327735,70,False,1593853440,0
224541,2000082650,111820385,111820919,534,2,460046,1174423042,97.6183074465,3009,True,2621480,10,False,1174407680,0
224514,2000082588,111823394,111823928,534,2,3c0046,1174420482,97.62093427958688,18036,False,1310790,70,False,1342195200,0
224668,2000082943,111841430,111841957,527,2,320032,838873602,97.63667956425125,11927,False,4294902015,0,False,255,255
223591,2000079363,111853357,111853884,527,2,420042,1107313154,97.64709174046506,23717,False,4294901760,0,False,255,255
223828,2000080064,111877074,111877669,595,2,3f003f,1056980738,97.66779649298141,7957,False,4278210660,3,True,1023,0
225137,2000084088,111885031,111885558,527,2,140032,838865922,97.67474289074556,15536,False,4294901760,0,False,255,255
224625,2000082827,111900567,111901094,527,2,3a003a,973093378,97.68830569527793,8022,False,4294901760,0,False,255,255
224228,2000081835,111908589,111909116,527,2,000000,2,97.69530883752553,7982,False,4294902015,0,False,255,255
224637,2000082846,111916571,111917098,527,2,370037,922760962,97.70227706009102,2926,False,4294901760,0,False,255,255
222901,2000077308,111919497,111920085,588,2,340034,872428546,97.70483143483752,600,False,4278210660,2,True,767,0
222037,2000073601,111920097,111920704,607,2,2d0034,872426754,97.7053552300692,6711,False,4278190130,216,True,317695,0
224644,2000082855,111926808,111927366,558,2,320032,838873602,97.71121387973557,8270,True,7,0,False,1837367296,3
224594,2000082765,111935078,111935617,539,2,300030,805318658,97.71843352401226,4365,False,335675395,0,True,2621460,5
222186,2000074555,111939443,111940031,588,2,2d002d,754986242,97.72224413432275,6083,True,0,0,False,235012096,100
225071,2000083923,111945526,111946077,551,2,05002d,754976002,97.72755454497995,563,False,3688038403,54,False,3547805403,219
221927,2000072874,111946089,111946677,588,2,000027,654311426,97.72804603950568,8643,True,0,0,False,235012096,100
223620,2000079424,111954732,111955259,527,2,250025,620766466,97.73559130981808,539,False,4294902015,0,False,255,255
224229,2000081838,111955271,111955798,527,2,000000,2,97.73606185253453,1127,False,4294902015,0,False,16777471,255
224230,2000081839,111956398,111956925,527,2,000000,2,97.73704571457804,5241,False,4294901760,0,False,255,255
221657,2000072111,111961639,111962124,485,2,1e001e,503324162,97.7416210659268,1234,True,0,0,True,0,0
220922,2000069230,111962873,111963419,546,2,000000,2,97.74269833811995,1143,False,916614775,119,False,1458140982,0
224416,2000082356,111964016,111964543,527,2,000000,2,97.74369616803631,918,False,335544320,0,True,20,0
224417,2000082357,111964934,111965461,527,2,000000,2,97.74449757474078,68943,False,4294901760,0,False,255,255
224945,2000083508,112033877,112034411,534,2,480048,1207977986,97.80468426583725,4684,False,65608,72,False,1207977984,0
224948,2000083511,112038561,112039095,534,2,460046,1174423042,97.80877336061259,546,False,65606,70,False,1342195200,0
224947,2000083510,112039107,112039641,534,2,460046,1174423042,97.80925001427342,546,False,65606,70,False,3204466176,255
224943,2000083505,112039653,112040199,546,2,460046,1174423042,97.80972666793424,1155,False,920269175,119,False,3014031158,2
224959,2000083525,112040808,112041342,534,2,460046,1174423042,97.81073497375525,546,False,65606,70,False,3372238336,255
224957,2000083523,112041354,112041888,534,2,460046,1174423042,97.81121162741607,546,False,65606,70,False,4211099136,255
224955,2000083521,112041900,112042434,534,2,460046,1174423042,97.8116882810769,1122,False,65606,70,False,1224754688,0
224944,2000083507,112043022,112043568,546,2,460046,1174423042,97.81266777816015,1134,False,920269687,119,False,2291562294,0
224951,2000083515,112044156,112044690,534,2,410041,1090535682,97.81365775114803,281838,True,131139,62,False,1593851392,0
223293,2000078577,112325994,112326548,554,2,330033,855651074,98.05970008532624,8124,False,57163008,0,False,3337682947,54
221083,2000069961,112334118,112334763,645,2,000000,2,98.06679227276322,1626,False,4294967295,255,False,4294967295,1
221407,2000071218,112335744,112336305,561,2,000000,2,98.06821175784108,30941,False,124518401,0,True,7,0
223738,2000079718,112366685,112367212,527,2,000000,2,98.0952230049469,140905,False,4294901760,0,False,255,255
223044,2000077768,112507590,112508141,551,2,3f003f,1056980738,98.21823195014726,4276,False,3284664323,54,False,3363256003,195
224820,2000083207,112511866,112512417,551,2,340034,872428546,98.22196486416506,1597,False,3641114627,54,False,125253337,217
221739,2000072294,112513463,112514009,546,2,000000,2,98.22335903247338,55643,False,917399159,119,False,2076079926,0
221324,2000070769,112569106,112569638,532,2,000000,2,98.27193492926757,35775,False,7929951,130,False,33280,255
223940,2000080591,112604881,112605459,578,2,230023,587211522,98.30316621995662,17037,False,218234880,1,False,350814477,0
222754,2000076953,112621918,112622477,559,2,460062,1644185090,98.31803938556027,245098,True,1900,0,False,570425344,102
223324,2000078701,112867016,112867543,527,2,500050,1342197762,98.53200799171844,154887,False,4294902015,0,False,255,255
223234,2000078344,113021903,113022442,539,2,460046,1174423042,98.66722311180112,20430,False,1140981761,0,True,4456516,13
224110,2000081314,113042333,113042916,583,2,370037,922760962,98.68505833943992,2949,False,268435456,7,True,1808,1
224717,2000083021,113045282,113045821,539,2,340034,872428546,98.68763279300363,131541,False,889323523,0,True,3473461,1
222324,2000075645,113176823,113177369,546,2,2c002c,738208770,98.80246704062155,558,False,918257015,119,False,1796110134,3
224014,2000080902,113177381,113177908,527,2,28002a,704653314,98.80295417018701,144962,False,4294902015,0,False,255,255
222373,2000075972,113322343,113322875,532,2,000000,2,98.9295048441456,22267,False,6225945,110,False,28160,255
223071,2000077869,113344610,113345144,534,2,000000,2,98.9489437581854,3382,False,1507413,90,False,1828739584,0
224191,2000081578,113347992,113348519,527,2,000000,2,98.95189621730798,4734,False,4294902015,0,True,255,3
224578,2000082737,113352726,113353290,564,2,5a005a,1509972482,98.95602896168594,576,False,16777471,0,False,124518401,0
223070,2000077868,113353302,113353836,534,2,000000,2,98.95653180510836,546,False,3276890,90,False,4194327040,255
225258,2000084354,113353848,113354382,534,2,5f005a,1509973762,98.9570084587692,23388,False,2621527,90,False,1979734528,0
223072,2000077872,113377236,113377770,534,2,000000,2,98.97742599690018,9075,False,1966165,85,False,1979733248,0
223281,2000078524,113386311,113386845,534,2,000000,2,98.98534839977938,6649,False,327764,84,False,1929401344,0
223069,2000077867,113392960,113393524,564,2,530053,1392530178,98.99115292393847,5661,False,16777471,0,False,124518401,0
224190,2000081576,113398621,113399148,527,2,000000,2,98.9960949319494,1598,False,4294901760,0,False,255,255
223673,2000079527,113400219,113400753,534,2,000000,2,98.99748997324977,8637,False,1638481,81,False,1845514496,0
223282,2000078526,113408856,113409390,534,2,000000,2,99.00503000560985,1104,False,0,80,False,3204468736,255
223254,2000078391,113409960,113410517,557,2,500050,1342197762,99.00599378883615,569,True,0,22,False,57153024,0
224516,2000082593,113410529,113411112,583,2,500050,1342197762,99.00649052131418,21683,False,3825205248,24,True,6372,1
224226,2000081832,113432212,113432739,527,2,000000,2,99.02541960799513,3855,False,4294901760,0,False,255,255
222200,2000074673,113436067,113436631,564,2,4a004a,1241532930,99.0287849923587,33113,False,16777471,0,False,124518401,0
224520,2000082601,113469180,113469707,527,2,410041,1090535682,99.0576923782032,1753,False,4294901760,0,False,255,255
224574,2000082725,113470933,113471460,527,2,3c003c,1006648322,99.05922273327177,2808,False,4294902015,0,False,255,255
224445,2000082424,113473741,113474287,546,2,000000,2,99.06167409495605,6988,False,919992439,119,False,3465836342,0
221890,2000072663,113480729,113481302,573,2,320032,838873602,99.06777456342104,6412,True,976,1,False,590080,255
222354,2000075869,113487141,113487675,534,2,280037,922757122,99.07337218846362,22162,True,327730,55,False,1157641984,0
220897,2000069174,113509303,113509849,546,2,000000,2,99.09271943833787,83094,False,916600439,119,False,2980280118,1
221338,2000070798,113592397,113592943,546,2,000000,2,99.16525983997357,124709,False,917016183,119,False,3839719222,2
220955,2000069335,113717106,113717778,672,2,500050,1342197762,99.27412980588673,416255,True,2048,0,True,0,0
222789,2000077031,114133361,114133907,546,2,3c001e,503331842,99.63751711282671,10830,False,918611831,119,False,4293293878,0
224117,2000081327,114144191,114144747,556,2,250025,620766466,99.64697161675858,130677,False,1962934272,107,False,224117,175
222054,2000073776,114274868,114275451,583,2,1e001e,503324162,99.76105159924286,110301,False,1392508928,36,True,9299,1
224316,2000082075,114385169,114385750,581,2,2c002c,738208770,99.85734349565922,,True,7817984,0,False,201392128,0
